ISO-10303-21;
HEADER;
FILE_DESCRIPTION(('FreeCAD Model'),'2;1');
FILE_NAME('Open CASCADE Shape Model','2026-05-14T18:45:44',(''),(''),
  'Open CASCADE STEP processor 7.9','FreeCAD','Unknown');
FILE_SCHEMA(('AUTOMOTIVE_DESIGN { 1 0 10303 214 1 1 1 1 }'));
ENDSEC;
DATA;
#1 = APPLICATION_PROTOCOL_DEFINITION('international standard',
  'automotive_design',2000,#2);
#2 = APPLICATION_CONTEXT(
  'core data for automotive mechanical design processes');
#3 = SHAPE_DEFINITION_REPRESENTATION(#4,#10);
#4 = PRODUCT_DEFINITION_SHAPE('','',#5);
#5 = PRODUCT_DEFINITION('design','',#6,#9);
#6 = PRODUCT_DEFINITION_FORMATION('','',#7);
#7 = PRODUCT('Body001','Body001','',(#8));
#8 = PRODUCT_CONTEXT('',#2,'mechanical');
#9 = PRODUCT_DEFINITION_CONTEXT('part definition',#2,'design');
#10 = ADVANCED_BREP_SHAPE_REPRESENTATION('',(#11,#15),#4558);
#11 = AXIS2_PLACEMENT_3D('',#12,#13,#14);
#12 = CARTESIAN_POINT('',(0.,0.,0.));
#13 = DIRECTION('',(0.,0.,1.));
#14 = DIRECTION('',(1.,0.,-0.));
#15 = MANIFOLD_SOLID_BREP('',#16);
#16 = CLOSED_SHELL('',(#17,#89,#273,#313,#337,#370,#394,#473,#490,#502,
    #526,#550,#574,#614,#741,#781,#805,#845,#869,#909,#933,#973,#1100,
    #1140,#1164,#1188,#1205,#1389,#1401,#1426,#1451,#1476,#1501,#1526,
    #1584,#1596,#1627,#1651,#1699,#1725,#1750,#1774,#1784,#1801,#1818,
    #1830,#1888,#1900,#1931,#1955,#2003,#2029,#2054,#2078,#2088,#2105,
    #2239,#2263,#2287,#2304,#2335,#2359,#2383,#2407,#2431,#2455,#2479,
    #2496,#2630,#2654,#2678,#2695,#2740,#2783,#2828,#2873,#2918,#2949,
    #2973,#2997,#3014,#3026,#3062,#3078,#3110,#3122,#3153,#3177,#3201,
    #3218,#3230,#3266,#3282,#3314,#3326,#3357,#3381,#3429,#3460,#3508,
    #3533,#3557,#3567,#3584,#3634,#3665,#3689,#3737,#3768,#3816,#3841,
    #3865,#3875,#3892,#3928,#3944,#3960,#3988,#4019,#4043,#4067,#4084,
    #4120,#4136,#4152,#4180,#4192,#4204,#4216,#4247,#4271,#4295,#4312,
    #4343,#4367,#4391,#4408,#4420,#4451,#4475,#4499,#4516,#4534,#4546));
#17 = ADVANCED_FACE('',(#18),#84,.T.);
#18 = FACE_BOUND('',#19,.T.);
#19 = EDGE_LOOP('',(#20,#30,#38,#46,#54,#62,#70,#78));
#20 = ORIENTED_EDGE('',*,*,#21,.F.);
#21 = EDGE_CURVE('',#22,#24,#26,.T.);
#22 = VERTEX_POINT('',#23);
#23 = CARTESIAN_POINT('',(-5.,-5.,1.46));
#24 = VERTEX_POINT('',#25);
#25 = CARTESIAN_POINT('',(26.5,-5.,1.46));
#26 = LINE('',#27,#28);
#27 = CARTESIAN_POINT('',(-5.,-5.,1.46));
#28 = VECTOR('',#29,1.);
#29 = DIRECTION('',(1.,0.,0.));
#30 = ORIENTED_EDGE('',*,*,#31,.T.);
#31 = EDGE_CURVE('',#22,#32,#34,.T.);
#32 = VERTEX_POINT('',#33);
#33 = CARTESIAN_POINT('',(-5.,-5.,-15.));
#34 = LINE('',#35,#36);
#35 = CARTESIAN_POINT('',(-5.,-5.,1.46));
#36 = VECTOR('',#37,1.);
#37 = DIRECTION('',(-0.,-0.,-1.));
#38 = ORIENTED_EDGE('',*,*,#39,.T.);
#39 = EDGE_CURVE('',#32,#40,#42,.T.);
#40 = VERTEX_POINT('',#41);
#41 = CARTESIAN_POINT('',(68.,-5.,-15.));
#42 = LINE('',#43,#44);
#43 = CARTESIAN_POINT('',(-5.,-5.,-15.));
#44 = VECTOR('',#45,1.);
#45 = DIRECTION('',(1.,0.,0.));
#46 = ORIENTED_EDGE('',*,*,#47,.F.);
#47 = EDGE_CURVE('',#48,#40,#50,.T.);
#48 = VERTEX_POINT('',#49);
#49 = CARTESIAN_POINT('',(68.,-5.,1.46));
#50 = LINE('',#51,#52);
#51 = CARTESIAN_POINT('',(68.,-5.,1.46));
#52 = VECTOR('',#53,1.);
#53 = DIRECTION('',(-0.,-0.,-1.));
#54 = ORIENTED_EDGE('',*,*,#55,.F.);
#55 = EDGE_CURVE('',#56,#48,#58,.T.);
#56 = VERTEX_POINT('',#57);
#57 = CARTESIAN_POINT('',(36.5,-5.,1.46));
#58 = LINE('',#59,#60);
#59 = CARTESIAN_POINT('',(-5.,-5.,1.46));
#60 = VECTOR('',#61,1.);
#61 = DIRECTION('',(1.,0.,0.));
#62 = ORIENTED_EDGE('',*,*,#63,.T.);
#63 = EDGE_CURVE('',#56,#64,#66,.T.);
#64 = VERTEX_POINT('',#65);
#65 = CARTESIAN_POINT('',(36.5,-5.,-0.54));
#66 = LINE('',#67,#68);
#67 = CARTESIAN_POINT('',(36.5,-5.,1.46));
#68 = VECTOR('',#69,1.);
#69 = DIRECTION('',(-0.,-0.,-1.));
#70 = ORIENTED_EDGE('',*,*,#71,.F.);
#71 = EDGE_CURVE('',#72,#64,#74,.T.);
#72 = VERTEX_POINT('',#73);
#73 = CARTESIAN_POINT('',(26.5,-5.,-0.54));
#74 = LINE('',#75,#76);
#75 = CARTESIAN_POINT('',(26.5,-5.,-0.54));
#76 = VECTOR('',#77,1.);
#77 = DIRECTION('',(1.,0.,0.));
#78 = ORIENTED_EDGE('',*,*,#79,.F.);
#79 = EDGE_CURVE('',#24,#72,#80,.T.);
#80 = LINE('',#81,#82);
#81 = CARTESIAN_POINT('',(26.5,-5.,1.46));
#82 = VECTOR('',#83,1.);
#83 = DIRECTION('',(-0.,-0.,-1.));
#84 = PLANE('',#85);
#85 = AXIS2_PLACEMENT_3D('',#86,#87,#88);
#86 = CARTESIAN_POINT('',(-5.,-5.,1.46));
#87 = DIRECTION('',(0.,-1.,0.));
#88 = DIRECTION('',(1.,0.,0.));
#89 = ADVANCED_FACE('',(#90),#268,.T.);
#90 = FACE_BOUND('',#91,.T.);
#91 = EDGE_LOOP('',(#92,#100,#101,#109,#117,#125,#133,#141,#150,#158,
    #166,#174,#182,#190,#198,#206,#215,#223,#231,#239,#247,#253,#254,
    #262));
#92 = ORIENTED_EDGE('',*,*,#93,.T.);
#93 = EDGE_CURVE('',#94,#22,#96,.T.);
#94 = VERTEX_POINT('',#95);
#95 = CARTESIAN_POINT('',(-5.,90.,1.46));
#96 = LINE('',#97,#98);
#97 = CARTESIAN_POINT('',(-5.,90.,1.46));
#98 = VECTOR('',#99,1.);
#99 = DIRECTION('',(0.,-1.,0.));
#100 = ORIENTED_EDGE('',*,*,#21,.T.);
#101 = ORIENTED_EDGE('',*,*,#102,.F.);
#102 = EDGE_CURVE('',#103,#24,#105,.T.);
#103 = VERTEX_POINT('',#104);
#104 = CARTESIAN_POINT('',(26.5,0.,1.46));
#105 = LINE('',#106,#107);
#106 = CARTESIAN_POINT('',(26.5,0.5,1.46));
#107 = VECTOR('',#108,1.);
#108 = DIRECTION('',(0.,-1.,0.));
#109 = ORIENTED_EDGE('',*,*,#110,.F.);
#110 = EDGE_CURVE('',#111,#103,#113,.T.);
#111 = VERTEX_POINT('',#112);
#112 = CARTESIAN_POINT('',(0.,0.,1.46));
#113 = LINE('',#114,#115);
#114 = CARTESIAN_POINT('',(47.25,0.,1.46));
#115 = VECTOR('',#116,1.);
#116 = DIRECTION('',(1.,0.,0.));
#117 = ORIENTED_EDGE('',*,*,#118,.F.);
#118 = EDGE_CURVE('',#119,#111,#121,.T.);
#119 = VERTEX_POINT('',#120);
#120 = CARTESIAN_POINT('',(0.,72.,1.46));
#121 = LINE('',#122,#123);
#122 = CARTESIAN_POINT('',(0.,21.25,1.46));
#123 = VECTOR('',#124,1.);
#124 = DIRECTION('',(0.,-1.,0.));
#125 = ORIENTED_EDGE('',*,*,#126,.F.);
#126 = EDGE_CURVE('',#127,#119,#129,.T.);
#127 = VERTEX_POINT('',#128);
#128 = CARTESIAN_POINT('',(1.8,72.,1.46));
#129 = LINE('',#130,#131);
#130 = CARTESIAN_POINT('',(15.75,72.,1.46));
#131 = VECTOR('',#132,1.);
#132 = DIRECTION('',(-1.,0.,0.));
#133 = ORIENTED_EDGE('',*,*,#134,.T.);
#134 = EDGE_CURVE('',#127,#135,#137,.T.);
#135 = VERTEX_POINT('',#136);
#136 = CARTESIAN_POINT('',(1.8,74.9,1.46));
#137 = LINE('',#138,#139);
#138 = CARTESIAN_POINT('',(1.8,58.7,1.46));
#139 = VECTOR('',#140,1.);
#140 = DIRECTION('',(0.,1.,0.));
#141 = ORIENTED_EDGE('',*,*,#142,.T.);
#142 = EDGE_CURVE('',#135,#143,#145,.T.);
#143 = VERTEX_POINT('',#144);
#144 = CARTESIAN_POINT('',(17.2,74.9,1.46));
#145 = CIRCLE('',#146,8.5);
#146 = AXIS2_PLACEMENT_3D('',#147,#148,#149);
#147 = CARTESIAN_POINT('',(9.5,78.5,1.46));
#148 = DIRECTION('',(0.,0.,-1.));
#149 = DIRECTION('',(1.,0.,0.));
#150 = ORIENTED_EDGE('',*,*,#151,.T.);
#151 = EDGE_CURVE('',#143,#152,#154,.T.);
#152 = VERTEX_POINT('',#153);
#153 = CARTESIAN_POINT('',(17.2,72.,1.46));
#154 = LINE('',#155,#156);
#155 = CARTESIAN_POINT('',(17.2,51.95,1.46));
#156 = VECTOR('',#157,1.);
#157 = DIRECTION('',(0.,-1.,0.));
#158 = ORIENTED_EDGE('',*,*,#159,.F.);
#159 = EDGE_CURVE('',#160,#152,#162,.T.);
#160 = VERTEX_POINT('',#161);
#161 = CARTESIAN_POINT('',(26.5,72.,1.46));
#162 = LINE('',#163,#164);
#163 = CARTESIAN_POINT('',(15.75,72.,1.46));
#164 = VECTOR('',#165,1.);
#165 = DIRECTION('',(-1.,0.,0.));
#166 = ORIENTED_EDGE('',*,*,#167,.F.);
#167 = EDGE_CURVE('',#168,#160,#170,.T.);
#168 = VERTEX_POINT('',#169);
#169 = CARTESIAN_POINT('',(26.5,81.5,1.46));
#170 = LINE('',#171,#172);
#171 = CARTESIAN_POINT('',(26.5,81.5,1.46));
#172 = VECTOR('',#173,1.);
#173 = DIRECTION('',(0.,-1.,0.));
#174 = ORIENTED_EDGE('',*,*,#175,.F.);
#175 = EDGE_CURVE('',#176,#168,#178,.T.);
#176 = VERTEX_POINT('',#177);
#177 = CARTESIAN_POINT('',(36.5,81.5,1.46));
#178 = LINE('',#179,#180);
#179 = CARTESIAN_POINT('',(36.5,81.5,1.46));
#180 = VECTOR('',#181,1.);
#181 = DIRECTION('',(-1.,0.,0.));
#182 = ORIENTED_EDGE('',*,*,#183,.F.);
#183 = EDGE_CURVE('',#184,#176,#186,.T.);
#184 = VERTEX_POINT('',#185);
#185 = CARTESIAN_POINT('',(36.5,72.,1.46));
#186 = LINE('',#187,#188);
#187 = CARTESIAN_POINT('',(36.5,71.5,1.46));
#188 = VECTOR('',#189,1.);
#189 = DIRECTION('',(0.,1.,0.));
#190 = ORIENTED_EDGE('',*,*,#191,.F.);
#191 = EDGE_CURVE('',#192,#184,#194,.T.);
#192 = VERTEX_POINT('',#193);
#193 = CARTESIAN_POINT('',(45.8,72.,1.46));
#194 = LINE('',#195,#196);
#195 = CARTESIAN_POINT('',(15.75,72.,1.46));
#196 = VECTOR('',#197,1.);
#197 = DIRECTION('',(-1.,0.,0.));
#198 = ORIENTED_EDGE('',*,*,#199,.T.);
#199 = EDGE_CURVE('',#192,#200,#202,.T.);
#200 = VERTEX_POINT('',#201);
#201 = CARTESIAN_POINT('',(45.8,74.9,1.46));
#202 = LINE('',#203,#204);
#203 = CARTESIAN_POINT('',(45.8,58.7,1.46));
#204 = VECTOR('',#205,1.);
#205 = DIRECTION('',(0.,1.,0.));
#206 = ORIENTED_EDGE('',*,*,#207,.T.);
#207 = EDGE_CURVE('',#200,#208,#210,.T.);
#208 = VERTEX_POINT('',#209);
#209 = CARTESIAN_POINT('',(61.2,74.9,1.46));
#210 = CIRCLE('',#211,8.5);
#211 = AXIS2_PLACEMENT_3D('',#212,#213,#214);
#212 = CARTESIAN_POINT('',(53.5,78.5,1.46));
#213 = DIRECTION('',(0.,0.,-1.));
#214 = DIRECTION('',(1.,0.,0.));
#215 = ORIENTED_EDGE('',*,*,#216,.T.);
#216 = EDGE_CURVE('',#208,#217,#219,.T.);
#217 = VERTEX_POINT('',#218);
#218 = CARTESIAN_POINT('',(61.2,72.,1.46));
#219 = LINE('',#220,#221);
#220 = CARTESIAN_POINT('',(61.2,51.95,1.46));
#221 = VECTOR('',#222,1.);
#222 = DIRECTION('',(0.,-1.,0.));
#223 = ORIENTED_EDGE('',*,*,#224,.F.);
#224 = EDGE_CURVE('',#225,#217,#227,.T.);
#225 = VERTEX_POINT('',#226);
#226 = CARTESIAN_POINT('',(63.,72.,1.46));
#227 = LINE('',#228,#229);
#228 = CARTESIAN_POINT('',(15.75,72.,1.46));
#229 = VECTOR('',#230,1.);
#230 = DIRECTION('',(-1.,0.,0.));
#231 = ORIENTED_EDGE('',*,*,#232,.F.);
#232 = EDGE_CURVE('',#233,#225,#235,.T.);
#233 = VERTEX_POINT('',#234);
#234 = CARTESIAN_POINT('',(63.,0.,1.46));
#235 = LINE('',#236,#237);
#236 = CARTESIAN_POINT('',(63.,57.25,1.46));
#237 = VECTOR('',#238,1.);
#238 = DIRECTION('',(0.,1.,0.));
#239 = ORIENTED_EDGE('',*,*,#240,.F.);
#240 = EDGE_CURVE('',#241,#233,#243,.T.);
#241 = VERTEX_POINT('',#242);
#242 = CARTESIAN_POINT('',(36.5,0.,1.46));
#243 = LINE('',#244,#245);
#244 = CARTESIAN_POINT('',(47.25,0.,1.46));
#245 = VECTOR('',#246,1.);
#246 = DIRECTION('',(1.,0.,0.));
#247 = ORIENTED_EDGE('',*,*,#248,.F.);
#248 = EDGE_CURVE('',#56,#241,#249,.T.);
#249 = LINE('',#250,#251);
#250 = CARTESIAN_POINT('',(36.5,-5.,1.46));
#251 = VECTOR('',#252,1.);
#252 = DIRECTION('',(0.,1.,0.));
#253 = ORIENTED_EDGE('',*,*,#55,.T.);
#254 = ORIENTED_EDGE('',*,*,#255,.T.);
#255 = EDGE_CURVE('',#48,#256,#258,.T.);
#256 = VERTEX_POINT('',#257);
#257 = CARTESIAN_POINT('',(68.,90.,1.46));
#258 = LINE('',#259,#260);
#259 = CARTESIAN_POINT('',(68.,-5.,1.46));
#260 = VECTOR('',#261,1.);
#261 = DIRECTION('',(0.,1.,0.));
#262 = ORIENTED_EDGE('',*,*,#263,.T.);
#263 = EDGE_CURVE('',#256,#94,#264,.T.);
#264 = LINE('',#265,#266);
#265 = CARTESIAN_POINT('',(68.,90.,1.46));
#266 = VECTOR('',#267,1.);
#267 = DIRECTION('',(-1.,0.,0.));
#268 = PLANE('',#269);
#269 = AXIS2_PLACEMENT_3D('',#270,#271,#272);
#270 = CARTESIAN_POINT('',(31.5,42.5,1.46));
#271 = DIRECTION('',(0.,0.,1.));
#272 = DIRECTION('',(1.,0.,0.));
#273 = ADVANCED_FACE('',(#274),#308,.F.);
#274 = FACE_BOUND('',#275,.F.);
#275 = EDGE_LOOP('',(#276,#286,#294,#300,#301,#302));
#276 = ORIENTED_EDGE('',*,*,#277,.F.);
#277 = EDGE_CURVE('',#278,#280,#282,.T.);
#278 = VERTEX_POINT('',#279);
#279 = CARTESIAN_POINT('',(26.5,0.5,0.));
#280 = VERTEX_POINT('',#281);
#281 = CARTESIAN_POINT('',(26.5,0.,0.));
#282 = LINE('',#283,#284);
#283 = CARTESIAN_POINT('',(26.5,19.810819462228,0.));
#284 = VECTOR('',#285,1.);
#285 = DIRECTION('',(0.,-1.,0.));
#286 = ORIENTED_EDGE('',*,*,#287,.T.);
#287 = EDGE_CURVE('',#278,#288,#290,.T.);
#288 = VERTEX_POINT('',#289);
#289 = CARTESIAN_POINT('',(26.5,0.5,-0.54));
#290 = LINE('',#291,#292);
#291 = CARTESIAN_POINT('',(26.5,0.5,1.46));
#292 = VECTOR('',#293,1.);
#293 = DIRECTION('',(-0.,-0.,-1.));
#294 = ORIENTED_EDGE('',*,*,#295,.T.);
#295 = EDGE_CURVE('',#288,#72,#296,.T.);
#296 = LINE('',#297,#298);
#297 = CARTESIAN_POINT('',(26.5,0.5,-0.54));
#298 = VECTOR('',#299,1.);
#299 = DIRECTION('',(0.,-1.,0.));
#300 = ORIENTED_EDGE('',*,*,#79,.F.);
#301 = ORIENTED_EDGE('',*,*,#102,.F.);
#302 = ORIENTED_EDGE('',*,*,#303,.T.);
#303 = EDGE_CURVE('',#103,#280,#304,.T.);
#304 = LINE('',#305,#306);
#305 = CARTESIAN_POINT('',(26.5,0.,0.73));
#306 = VECTOR('',#307,1.);
#307 = DIRECTION('',(-0.,-0.,-1.));
#308 = PLANE('',#309);
#309 = AXIS2_PLACEMENT_3D('',#310,#311,#312);
#310 = CARTESIAN_POINT('',(26.5,0.5,1.46));
#311 = DIRECTION('',(-1.,0.,0.));
#312 = DIRECTION('',(0.,-1.,0.));
#313 = ADVANCED_FACE('',(#314),#332,.T.);
#314 = FACE_BOUND('',#315,.T.);
#315 = EDGE_LOOP('',(#316,#317,#325,#331));
#316 = ORIENTED_EDGE('',*,*,#71,.T.);
#317 = ORIENTED_EDGE('',*,*,#318,.T.);
#318 = EDGE_CURVE('',#64,#319,#321,.T.);
#319 = VERTEX_POINT('',#320);
#320 = CARTESIAN_POINT('',(36.5,0.5,-0.54));
#321 = LINE('',#322,#323);
#322 = CARTESIAN_POINT('',(36.5,-5.,-0.54));
#323 = VECTOR('',#324,1.);
#324 = DIRECTION('',(0.,1.,0.));
#325 = ORIENTED_EDGE('',*,*,#326,.T.);
#326 = EDGE_CURVE('',#319,#288,#327,.T.);
#327 = LINE('',#328,#329);
#328 = CARTESIAN_POINT('',(36.5,0.5,-0.54));
#329 = VECTOR('',#330,1.);
#330 = DIRECTION('',(-1.,0.,0.));
#331 = ORIENTED_EDGE('',*,*,#295,.T.);
#332 = PLANE('',#333);
#333 = AXIS2_PLACEMENT_3D('',#334,#335,#336);
#334 = CARTESIAN_POINT('',(31.5,42.116197183099,-0.54));
#335 = DIRECTION('',(0.,0.,1.));
#336 = DIRECTION('',(1.,0.,0.));
#337 = ADVANCED_FACE('',(#338),#365,.F.);
#338 = FACE_BOUND('',#339,.F.);
#339 = EDGE_LOOP('',(#340,#341,#342,#343,#351,#359));
#340 = ORIENTED_EDGE('',*,*,#248,.F.);
#341 = ORIENTED_EDGE('',*,*,#63,.T.);
#342 = ORIENTED_EDGE('',*,*,#318,.T.);
#343 = ORIENTED_EDGE('',*,*,#344,.F.);
#344 = EDGE_CURVE('',#345,#319,#347,.T.);
#345 = VERTEX_POINT('',#346);
#346 = CARTESIAN_POINT('',(36.5,0.5,0.));
#347 = LINE('',#348,#349);
#348 = CARTESIAN_POINT('',(36.5,0.5,1.46));
#349 = VECTOR('',#350,1.);
#350 = DIRECTION('',(-0.,-0.,-1.));
#351 = ORIENTED_EDGE('',*,*,#352,.F.);
#352 = EDGE_CURVE('',#353,#345,#355,.T.);
#353 = VERTEX_POINT('',#354);
#354 = CARTESIAN_POINT('',(36.5,0.,0.));
#355 = LINE('',#356,#357);
#356 = CARTESIAN_POINT('',(36.5,17.060819462228,0.));
#357 = VECTOR('',#358,1.);
#358 = DIRECTION('',(0.,1.,0.));
#359 = ORIENTED_EDGE('',*,*,#360,.T.);
#360 = EDGE_CURVE('',#353,#241,#361,.T.);
#361 = LINE('',#362,#363);
#362 = CARTESIAN_POINT('',(36.5,0.,0.73));
#363 = VECTOR('',#364,1.);
#364 = DIRECTION('',(0.,0.,1.));
#365 = PLANE('',#366);
#366 = AXIS2_PLACEMENT_3D('',#367,#368,#369);
#367 = CARTESIAN_POINT('',(36.5,-5.,1.46));
#368 = DIRECTION('',(1.,0.,0.));
#369 = DIRECTION('',(0.,1.,0.));
#370 = ADVANCED_FACE('',(#371),#389,.T.);
#371 = FACE_BOUND('',#372,.T.);
#372 = EDGE_LOOP('',(#373,#374,#382,#388));
#373 = ORIENTED_EDGE('',*,*,#47,.T.);
#374 = ORIENTED_EDGE('',*,*,#375,.T.);
#375 = EDGE_CURVE('',#40,#376,#378,.T.);
#376 = VERTEX_POINT('',#377);
#377 = CARTESIAN_POINT('',(68.,90.,-15.));
#378 = LINE('',#379,#380);
#379 = CARTESIAN_POINT('',(68.,-5.,-15.));
#380 = VECTOR('',#381,1.);
#381 = DIRECTION('',(0.,1.,0.));
#382 = ORIENTED_EDGE('',*,*,#383,.F.);
#383 = EDGE_CURVE('',#256,#376,#384,.T.);
#384 = LINE('',#385,#386);
#385 = CARTESIAN_POINT('',(68.,90.,1.46));
#386 = VECTOR('',#387,1.);
#387 = DIRECTION('',(-0.,-0.,-1.));
#388 = ORIENTED_EDGE('',*,*,#255,.F.);
#389 = PLANE('',#390);
#390 = AXIS2_PLACEMENT_3D('',#391,#392,#393);
#391 = CARTESIAN_POINT('',(68.,-5.,1.46));
#392 = DIRECTION('',(1.,0.,0.));
#393 = DIRECTION('',(0.,1.,0.));
#394 = ADVANCED_FACE('',(#395,#413,#424,#435,#446,#457),#468,.T.);
#395 = FACE_BOUND('',#396,.T.);
#396 = EDGE_LOOP('',(#397,#398,#406,#412));
#397 = ORIENTED_EDGE('',*,*,#39,.F.);
#398 = ORIENTED_EDGE('',*,*,#399,.F.);
#399 = EDGE_CURVE('',#400,#32,#402,.T.);
#400 = VERTEX_POINT('',#401);
#401 = CARTESIAN_POINT('',(-5.,90.,-15.));
#402 = LINE('',#403,#404);
#403 = CARTESIAN_POINT('',(-5.,90.,-15.));
#404 = VECTOR('',#405,1.);
#405 = DIRECTION('',(0.,-1.,0.));
#406 = ORIENTED_EDGE('',*,*,#407,.F.);
#407 = EDGE_CURVE('',#376,#400,#408,.T.);
#408 = LINE('',#409,#410);
#409 = CARTESIAN_POINT('',(68.,90.,-15.));
#410 = VECTOR('',#411,1.);
#411 = DIRECTION('',(-1.,0.,0.));
#412 = ORIENTED_EDGE('',*,*,#375,.F.);
#413 = FACE_BOUND('',#414,.T.);
#414 = EDGE_LOOP('',(#415));
#415 = ORIENTED_EDGE('',*,*,#416,.T.);
#416 = EDGE_CURVE('',#417,#417,#419,.T.);
#417 = VERTEX_POINT('',#418);
#418 = CARTESIAN_POINT('',(57.25,52.5,-15.));
#419 = CIRCLE('',#420,3.75);
#420 = AXIS2_PLACEMENT_3D('',#421,#422,#423);
#421 = CARTESIAN_POINT('',(53.5,52.5,-15.));
#422 = DIRECTION('',(0.,0.,1.));
#423 = DIRECTION('',(1.,0.,0.));
#424 = FACE_BOUND('',#425,.T.);
#425 = EDGE_LOOP('',(#426));
#426 = ORIENTED_EDGE('',*,*,#427,.T.);
#427 = EDGE_CURVE('',#428,#428,#430,.T.);
#428 = VERTEX_POINT('',#429);
#429 = CARTESIAN_POINT('',(34.6,52.45,-15.));
#430 = CIRCLE('',#431,3.1);
#431 = AXIS2_PLACEMENT_3D('',#432,#433,#434);
#432 = CARTESIAN_POINT('',(31.5,52.45,-15.));
#433 = DIRECTION('',(0.,0.,1.));
#434 = DIRECTION('',(1.,0.,0.));
#435 = FACE_BOUND('',#436,.T.);
#436 = EDGE_LOOP('',(#437));
#437 = ORIENTED_EDGE('',*,*,#438,.T.);
#438 = EDGE_CURVE('',#439,#439,#441,.T.);
#439 = VERTEX_POINT('',#440);
#440 = CARTESIAN_POINT('',(13.25,52.5,-15.));
#441 = CIRCLE('',#442,3.75);
#442 = AXIS2_PLACEMENT_3D('',#443,#444,#445);
#443 = CARTESIAN_POINT('',(9.5,52.5,-15.));
#444 = DIRECTION('',(0.,0.,1.));
#445 = DIRECTION('',(1.,0.,0.));
#446 = FACE_BOUND('',#447,.T.);
#447 = EDGE_LOOP('',(#448));
#448 = ORIENTED_EDGE('',*,*,#449,.T.);
#449 = EDGE_CURVE('',#450,#450,#452,.T.);
#450 = VERTEX_POINT('',#451);
#451 = CARTESIAN_POINT('',(57.25,78.5,-15.));
#452 = CIRCLE('',#453,3.75);
#453 = AXIS2_PLACEMENT_3D('',#454,#455,#456);
#454 = CARTESIAN_POINT('',(53.5,78.5,-15.));
#455 = DIRECTION('',(0.,0.,1.));
#456 = DIRECTION('',(1.,0.,0.));
#457 = FACE_BOUND('',#458,.T.);
#458 = EDGE_LOOP('',(#459));
#459 = ORIENTED_EDGE('',*,*,#460,.T.);
#460 = EDGE_CURVE('',#461,#461,#463,.T.);
#461 = VERTEX_POINT('',#462);
#462 = CARTESIAN_POINT('',(13.25,78.5,-15.));
#463 = CIRCLE('',#464,3.75);
#464 = AXIS2_PLACEMENT_3D('',#465,#466,#467);
#465 = CARTESIAN_POINT('',(9.5,78.5,-15.));
#466 = DIRECTION('',(0.,0.,1.));
#467 = DIRECTION('',(1.,0.,0.));
#468 = PLANE('',#469);
#469 = AXIS2_PLACEMENT_3D('',#470,#471,#472);
#470 = CARTESIAN_POINT('',(31.5,42.5,-15.));
#471 = DIRECTION('',(-0.,-0.,-1.));
#472 = DIRECTION('',(-1.,0.,0.));
#473 = ADVANCED_FACE('',(#474),#485,.T.);
#474 = FACE_BOUND('',#475,.T.);
#475 = EDGE_LOOP('',(#476,#482,#483,#484));
#476 = ORIENTED_EDGE('',*,*,#477,.T.);
#477 = EDGE_CURVE('',#94,#400,#478,.T.);
#478 = LINE('',#479,#480);
#479 = CARTESIAN_POINT('',(-5.,90.,1.46));
#480 = VECTOR('',#481,1.);
#481 = DIRECTION('',(-0.,-0.,-1.));
#482 = ORIENTED_EDGE('',*,*,#399,.T.);
#483 = ORIENTED_EDGE('',*,*,#31,.F.);
#484 = ORIENTED_EDGE('',*,*,#93,.F.);
#485 = PLANE('',#486);
#486 = AXIS2_PLACEMENT_3D('',#487,#488,#489);
#487 = CARTESIAN_POINT('',(-5.,90.,1.46));
#488 = DIRECTION('',(-1.,0.,0.));
#489 = DIRECTION('',(0.,-1.,0.));
#490 = ADVANCED_FACE('',(#491),#497,.T.);
#491 = FACE_BOUND('',#492,.T.);
#492 = EDGE_LOOP('',(#493,#494,#495,#496));
#493 = ORIENTED_EDGE('',*,*,#383,.T.);
#494 = ORIENTED_EDGE('',*,*,#407,.T.);
#495 = ORIENTED_EDGE('',*,*,#477,.F.);
#496 = ORIENTED_EDGE('',*,*,#263,.F.);
#497 = PLANE('',#498);
#498 = AXIS2_PLACEMENT_3D('',#499,#500,#501);
#499 = CARTESIAN_POINT('',(68.,90.,1.46));
#500 = DIRECTION('',(0.,1.,0.));
#501 = DIRECTION('',(-1.,0.,0.));
#502 = ADVANCED_FACE('',(#503),#521,.F.);
#503 = FACE_BOUND('',#504,.F.);
#504 = EDGE_LOOP('',(#505,#513,#519,#520));
#505 = ORIENTED_EDGE('',*,*,#506,.F.);
#506 = EDGE_CURVE('',#507,#353,#509,.T.);
#507 = VERTEX_POINT('',#508);
#508 = CARTESIAN_POINT('',(63.,0.,0.));
#509 = LINE('',#510,#511);
#510 = CARTESIAN_POINT('',(63.,0.,0.));
#511 = VECTOR('',#512,1.);
#512 = DIRECTION('',(-1.,0.,0.));
#513 = ORIENTED_EDGE('',*,*,#514,.T.);
#514 = EDGE_CURVE('',#507,#233,#515,.T.);
#515 = LINE('',#516,#517);
#516 = CARTESIAN_POINT('',(63.,0.,0.));
#517 = VECTOR('',#518,1.);
#518 = DIRECTION('',(0.,0.,1.));
#519 = ORIENTED_EDGE('',*,*,#240,.F.);
#520 = ORIENTED_EDGE('',*,*,#360,.F.);
#521 = PLANE('',#522);
#522 = AXIS2_PLACEMENT_3D('',#523,#524,#525);
#523 = CARTESIAN_POINT('',(63.,0.,0.));
#524 = DIRECTION('',(0.,-1.,0.));
#525 = DIRECTION('',(-1.,0.,0.));
#526 = ADVANCED_FACE('',(#527),#545,.F.);
#527 = FACE_BOUND('',#528,.F.);
#528 = EDGE_LOOP('',(#529,#537,#543,#544));
#529 = ORIENTED_EDGE('',*,*,#530,.F.);
#530 = EDGE_CURVE('',#531,#507,#533,.T.);
#531 = VERTEX_POINT('',#532);
#532 = CARTESIAN_POINT('',(63.,72.,0.));
#533 = LINE('',#534,#535);
#534 = CARTESIAN_POINT('',(63.,72.,0.));
#535 = VECTOR('',#536,1.);
#536 = DIRECTION('',(0.,-1.,0.));
#537 = ORIENTED_EDGE('',*,*,#538,.T.);
#538 = EDGE_CURVE('',#531,#225,#539,.T.);
#539 = LINE('',#540,#541);
#540 = CARTESIAN_POINT('',(63.,72.,0.));
#541 = VECTOR('',#542,1.);
#542 = DIRECTION('',(0.,0.,1.));
#543 = ORIENTED_EDGE('',*,*,#232,.F.);
#544 = ORIENTED_EDGE('',*,*,#514,.F.);
#545 = PLANE('',#546);
#546 = AXIS2_PLACEMENT_3D('',#547,#548,#549);
#547 = CARTESIAN_POINT('',(63.,72.,0.));
#548 = DIRECTION('',(1.,0.,0.));
#549 = DIRECTION('',(0.,-1.,0.));
#550 = ADVANCED_FACE('',(#551),#569,.F.);
#551 = FACE_BOUND('',#552,.F.);
#552 = EDGE_LOOP('',(#553,#561,#567,#568));
#553 = ORIENTED_EDGE('',*,*,#554,.F.);
#554 = EDGE_CURVE('',#555,#531,#557,.T.);
#555 = VERTEX_POINT('',#556);
#556 = CARTESIAN_POINT('',(61.2,72.,0.));
#557 = LINE('',#558,#559);
#558 = CARTESIAN_POINT('',(0.,72.,0.));
#559 = VECTOR('',#560,1.);
#560 = DIRECTION('',(1.,0.,0.));
#561 = ORIENTED_EDGE('',*,*,#562,.T.);
#562 = EDGE_CURVE('',#555,#217,#563,.T.);
#563 = LINE('',#564,#565);
#564 = CARTESIAN_POINT('',(61.2,72.,-4.635));
#565 = VECTOR('',#566,1.);
#566 = DIRECTION('',(0.,0.,1.));
#567 = ORIENTED_EDGE('',*,*,#224,.F.);
#568 = ORIENTED_EDGE('',*,*,#538,.F.);
#569 = PLANE('',#570);
#570 = AXIS2_PLACEMENT_3D('',#571,#572,#573);
#571 = CARTESIAN_POINT('',(0.,72.,0.));
#572 = DIRECTION('',(0.,1.,0.));
#573 = DIRECTION('',(1.,0.,0.));
#574 = ADVANCED_FACE('',(#575),#609,.T.);
#575 = FACE_BOUND('',#576,.T.);
#576 = EDGE_LOOP('',(#577,#587,#595,#601,#602,#603));
#577 = ORIENTED_EDGE('',*,*,#578,.F.);
#578 = EDGE_CURVE('',#579,#581,#583,.T.);
#579 = VERTEX_POINT('',#580);
#580 = CARTESIAN_POINT('',(61.2,61.4,-9.27));
#581 = VERTEX_POINT('',#582);
#582 = CARTESIAN_POINT('',(61.2,74.9,-9.27));
#583 = LINE('',#584,#585);
#584 = CARTESIAN_POINT('',(61.2,61.4,-9.27));
#585 = VECTOR('',#586,1.);
#586 = DIRECTION('',(0.,1.,0.));
#587 = ORIENTED_EDGE('',*,*,#588,.T.);
#588 = EDGE_CURVE('',#579,#589,#591,.T.);
#589 = VERTEX_POINT('',#590);
#590 = CARTESIAN_POINT('',(61.2,61.4,0.));
#591 = LINE('',#592,#593);
#592 = CARTESIAN_POINT('',(61.2,61.4,-9.27));
#593 = VECTOR('',#594,1.);
#594 = DIRECTION('',(0.,0.,1.));
#595 = ORIENTED_EDGE('',*,*,#596,.T.);
#596 = EDGE_CURVE('',#589,#555,#597,.T.);
#597 = LINE('',#598,#599);
#598 = CARTESIAN_POINT('',(61.2,48.7,0.));
#599 = VECTOR('',#600,1.);
#600 = DIRECTION('',(0.,1.,0.));
#601 = ORIENTED_EDGE('',*,*,#562,.T.);
#602 = ORIENTED_EDGE('',*,*,#216,.F.);
#603 = ORIENTED_EDGE('',*,*,#604,.F.);
#604 = EDGE_CURVE('',#581,#208,#605,.T.);
#605 = LINE('',#606,#607);
#606 = CARTESIAN_POINT('',(61.2,74.9,-9.27));
#607 = VECTOR('',#608,1.);
#608 = DIRECTION('',(0.,0.,1.));
#609 = PLANE('',#610);
#610 = AXIS2_PLACEMENT_3D('',#611,#612,#613);
#611 = CARTESIAN_POINT('',(61.2,61.4,-9.27));
#612 = DIRECTION('',(-1.,0.,0.));
#613 = DIRECTION('',(0.,1.,0.));
#614 = ADVANCED_FACE('',(#615),#736,.F.);
#615 = FACE_BOUND('',#616,.T.);
#616 = EDGE_LOOP('',(#617,#628,#636,#645,#653,#660,#661,#662,#670,#679,
    #687,#696,#704,#713,#721,#730));
#617 = ORIENTED_EDGE('',*,*,#618,.F.);
#618 = EDGE_CURVE('',#619,#621,#623,.T.);
#619 = VERTEX_POINT('',#620);
#620 = CARTESIAN_POINT('',(61.850236588295,76.911431802064,-13.57));
#621 = VERTEX_POINT('',#622);
#622 = CARTESIAN_POINT('',(61.850236588295,80.088568197936,-13.57));
#623 = CIRCLE('',#624,8.5);
#624 = AXIS2_PLACEMENT_3D('',#625,#626,#627);
#625 = CARTESIAN_POINT('',(53.5,78.5,-13.57));
#626 = DIRECTION('',(0.,0.,1.));
#627 = DIRECTION('',(1.,0.,0.));
#628 = ORIENTED_EDGE('',*,*,#629,.F.);
#629 = EDGE_CURVE('',#630,#619,#632,.T.);
#630 = VERTEX_POINT('',#631);
#631 = CARTESIAN_POINT('',(61.850236588295,76.911431802064,-10.57));
#632 = LINE('',#633,#634);
#633 = CARTESIAN_POINT('',(61.850236588295,76.911431802064,-10.57));
#634 = VECTOR('',#635,1.);
#635 = DIRECTION('',(-0.,-0.,-1.));
#636 = ORIENTED_EDGE('',*,*,#637,.F.);
#637 = EDGE_CURVE('',#638,#630,#640,.T.);
#638 = VERTEX_POINT('',#639);
#639 = CARTESIAN_POINT('',(59.713694553162,72.7,-10.57));
#640 = CIRCLE('',#641,8.5);
#641 = AXIS2_PLACEMENT_3D('',#642,#643,#644);
#642 = CARTESIAN_POINT('',(53.5,78.5,-10.57));
#643 = DIRECTION('',(0.,0.,1.));
#644 = DIRECTION('',(1.,0.,0.));
#645 = ORIENTED_EDGE('',*,*,#646,.F.);
#646 = EDGE_CURVE('',#647,#638,#649,.T.);
#647 = VERTEX_POINT('',#648);
#648 = CARTESIAN_POINT('',(59.713694553162,72.7,-9.27));
#649 = LINE('',#650,#651);
#650 = CARTESIAN_POINT('',(59.713694553162,72.7,-9.27));
#651 = VECTOR('',#652,1.);
#652 = DIRECTION('',(-0.,-0.,-1.));
#653 = ORIENTED_EDGE('',*,*,#654,.T.);
#654 = EDGE_CURVE('',#647,#581,#655,.T.);
#655 = CIRCLE('',#656,8.5);
#656 = AXIS2_PLACEMENT_3D('',#657,#658,#659);
#657 = CARTESIAN_POINT('',(53.5,78.5,-9.27));
#658 = DIRECTION('',(0.,0.,1.));
#659 = DIRECTION('',(1.,0.,0.));
#660 = ORIENTED_EDGE('',*,*,#604,.T.);
#661 = ORIENTED_EDGE('',*,*,#207,.F.);
#662 = ORIENTED_EDGE('',*,*,#663,.F.);
#663 = EDGE_CURVE('',#664,#200,#666,.T.);
#664 = VERTEX_POINT('',#665);
#665 = CARTESIAN_POINT('',(45.8,74.9,-9.27));
#666 = LINE('',#667,#668);
#667 = CARTESIAN_POINT('',(45.8,74.9,-9.27));
#668 = VECTOR('',#669,1.);
#669 = DIRECTION('',(0.,0.,1.));
#670 = ORIENTED_EDGE('',*,*,#671,.T.);
#671 = EDGE_CURVE('',#664,#672,#674,.T.);
#672 = VERTEX_POINT('',#673);
#673 = CARTESIAN_POINT('',(47.286305446838,72.7,-9.27));
#674 = CIRCLE('',#675,8.5);
#675 = AXIS2_PLACEMENT_3D('',#676,#677,#678);
#676 = CARTESIAN_POINT('',(53.5,78.5,-9.27));
#677 = DIRECTION('',(0.,0.,1.));
#678 = DIRECTION('',(1.,0.,0.));
#679 = ORIENTED_EDGE('',*,*,#680,.T.);
#680 = EDGE_CURVE('',#672,#681,#683,.T.);
#681 = VERTEX_POINT('',#682);
#682 = CARTESIAN_POINT('',(47.286305446838,72.7,-10.57));
#683 = LINE('',#684,#685);
#684 = CARTESIAN_POINT('',(47.286305446838,72.7,-9.27));
#685 = VECTOR('',#686,1.);
#686 = DIRECTION('',(-0.,-0.,-1.));
#687 = ORIENTED_EDGE('',*,*,#688,.F.);
#688 = EDGE_CURVE('',#689,#681,#691,.T.);
#689 = VERTEX_POINT('',#690);
#690 = CARTESIAN_POINT('',(47.286305446838,84.3,-10.57));
#691 = CIRCLE('',#692,8.5);
#692 = AXIS2_PLACEMENT_3D('',#693,#694,#695);
#693 = CARTESIAN_POINT('',(53.5,78.5,-10.57));
#694 = DIRECTION('',(0.,0.,1.));
#695 = DIRECTION('',(1.,0.,0.));
#696 = ORIENTED_EDGE('',*,*,#697,.F.);
#697 = EDGE_CURVE('',#698,#689,#700,.T.);
#698 = VERTEX_POINT('',#699);
#699 = CARTESIAN_POINT('',(47.286305446838,84.3,-9.27));
#700 = LINE('',#701,#702);
#701 = CARTESIAN_POINT('',(47.286305446838,84.3,-9.27));
#702 = VECTOR('',#703,1.);
#703 = DIRECTION('',(-0.,-0.,-1.));
#704 = ORIENTED_EDGE('',*,*,#705,.F.);
#705 = EDGE_CURVE('',#706,#698,#708,.T.);
#706 = VERTEX_POINT('',#707);
#707 = CARTESIAN_POINT('',(59.713694553162,84.3,-9.27));
#708 = CIRCLE('',#709,8.5);
#709 = AXIS2_PLACEMENT_3D('',#710,#711,#712);
#710 = CARTESIAN_POINT('',(53.5,78.5,-9.27));
#711 = DIRECTION('',(0.,0.,1.));
#712 = DIRECTION('',(1.,0.,0.));
#713 = ORIENTED_EDGE('',*,*,#714,.T.);
#714 = EDGE_CURVE('',#706,#715,#717,.T.);
#715 = VERTEX_POINT('',#716);
#716 = CARTESIAN_POINT('',(59.713694553162,84.3,-10.57));
#717 = LINE('',#718,#719);
#718 = CARTESIAN_POINT('',(59.713694553162,84.3,-9.27));
#719 = VECTOR('',#720,1.);
#720 = DIRECTION('',(-0.,-0.,-1.));
#721 = ORIENTED_EDGE('',*,*,#722,.F.);
#722 = EDGE_CURVE('',#723,#715,#725,.T.);
#723 = VERTEX_POINT('',#724);
#724 = CARTESIAN_POINT('',(61.850236588295,80.088568197936,-10.57));
#725 = CIRCLE('',#726,8.5);
#726 = AXIS2_PLACEMENT_3D('',#727,#728,#729);
#727 = CARTESIAN_POINT('',(53.5,78.5,-10.57));
#728 = DIRECTION('',(0.,0.,1.));
#729 = DIRECTION('',(1.,0.,0.));
#730 = ORIENTED_EDGE('',*,*,#731,.T.);
#731 = EDGE_CURVE('',#723,#621,#732,.T.);
#732 = LINE('',#733,#734);
#733 = CARTESIAN_POINT('',(61.850236588295,80.088568197936,-10.57));
#734 = VECTOR('',#735,1.);
#735 = DIRECTION('',(-0.,-0.,-1.));
#736 = CYLINDRICAL_SURFACE('',#737,8.5);
#737 = AXIS2_PLACEMENT_3D('',#738,#739,#740);
#738 = CARTESIAN_POINT('',(53.5,78.5,-9.27));
#739 = DIRECTION('',(-0.,-0.,-1.));
#740 = DIRECTION('',(1.,0.,0.));
#741 = ADVANCED_FACE('',(#742),#776,.T.);
#742 = FACE_BOUND('',#743,.T.);
#743 = EDGE_LOOP('',(#744,#752,#753,#754,#762,#770));
#744 = ORIENTED_EDGE('',*,*,#745,.F.);
#745 = EDGE_CURVE('',#664,#746,#748,.T.);
#746 = VERTEX_POINT('',#747);
#747 = CARTESIAN_POINT('',(45.8,61.4,-9.27));
#748 = LINE('',#749,#750);
#749 = CARTESIAN_POINT('',(45.8,74.9,-9.27));
#750 = VECTOR('',#751,1.);
#751 = DIRECTION('',(0.,-1.,0.));
#752 = ORIENTED_EDGE('',*,*,#663,.T.);
#753 = ORIENTED_EDGE('',*,*,#199,.F.);
#754 = ORIENTED_EDGE('',*,*,#755,.T.);
#755 = EDGE_CURVE('',#192,#756,#758,.T.);
#756 = VERTEX_POINT('',#757);
#757 = CARTESIAN_POINT('',(45.8,72.,0.));
#758 = LINE('',#759,#760);
#759 = CARTESIAN_POINT('',(45.8,72.,-4.635));
#760 = VECTOR('',#761,1.);
#761 = DIRECTION('',(0.,0.,-1.));
#762 = ORIENTED_EDGE('',*,*,#763,.T.);
#763 = EDGE_CURVE('',#756,#764,#766,.T.);
#764 = VERTEX_POINT('',#765);
#765 = CARTESIAN_POINT('',(45.8,61.4,0.));
#766 = LINE('',#767,#768);
#767 = CARTESIAN_POINT('',(45.8,55.45,0.));
#768 = VECTOR('',#769,1.);
#769 = DIRECTION('',(0.,-1.,0.));
#770 = ORIENTED_EDGE('',*,*,#771,.F.);
#771 = EDGE_CURVE('',#746,#764,#772,.T.);
#772 = LINE('',#773,#774);
#773 = CARTESIAN_POINT('',(45.8,61.4,-9.27));
#774 = VECTOR('',#775,1.);
#775 = DIRECTION('',(0.,0.,1.));
#776 = PLANE('',#777);
#777 = AXIS2_PLACEMENT_3D('',#778,#779,#780);
#778 = CARTESIAN_POINT('',(45.8,74.9,-9.27));
#779 = DIRECTION('',(1.,0.,0.));
#780 = DIRECTION('',(0.,-1.,0.));
#781 = ADVANCED_FACE('',(#782),#800,.F.);
#782 = FACE_BOUND('',#783,.F.);
#783 = EDGE_LOOP('',(#784,#792,#798,#799));
#784 = ORIENTED_EDGE('',*,*,#785,.F.);
#785 = EDGE_CURVE('',#786,#756,#788,.T.);
#786 = VERTEX_POINT('',#787);
#787 = CARTESIAN_POINT('',(36.5,72.,0.));
#788 = LINE('',#789,#790);
#789 = CARTESIAN_POINT('',(0.,72.,0.));
#790 = VECTOR('',#791,1.);
#791 = DIRECTION('',(1.,0.,0.));
#792 = ORIENTED_EDGE('',*,*,#793,.F.);
#793 = EDGE_CURVE('',#184,#786,#794,.T.);
#794 = LINE('',#795,#796);
#795 = CARTESIAN_POINT('',(36.5,72.,0.73));
#796 = VECTOR('',#797,1.);
#797 = DIRECTION('',(0.,0.,-1.));
#798 = ORIENTED_EDGE('',*,*,#191,.F.);
#799 = ORIENTED_EDGE('',*,*,#755,.T.);
#800 = PLANE('',#801);
#801 = AXIS2_PLACEMENT_3D('',#802,#803,#804);
#802 = CARTESIAN_POINT('',(0.,72.,0.));
#803 = DIRECTION('',(0.,1.,0.));
#804 = DIRECTION('',(1.,0.,0.));
#805 = ADVANCED_FACE('',(#806),#840,.F.);
#806 = FACE_BOUND('',#807,.F.);
#807 = EDGE_LOOP('',(#808,#816,#824,#832,#838,#839));
#808 = ORIENTED_EDGE('',*,*,#809,.F.);
#809 = EDGE_CURVE('',#810,#786,#812,.T.);
#810 = VERTEX_POINT('',#811);
#811 = CARTESIAN_POINT('',(36.5,71.5,0.));
#812 = LINE('',#813,#814);
#813 = CARTESIAN_POINT('',(36.5,55.310819462228,0.));
#814 = VECTOR('',#815,1.);
#815 = DIRECTION('',(0.,1.,0.));
#816 = ORIENTED_EDGE('',*,*,#817,.T.);
#817 = EDGE_CURVE('',#810,#818,#820,.T.);
#818 = VERTEX_POINT('',#819);
#819 = CARTESIAN_POINT('',(36.5,71.5,-0.54));
#820 = LINE('',#821,#822);
#821 = CARTESIAN_POINT('',(36.5,71.5,1.46));
#822 = VECTOR('',#823,1.);
#823 = DIRECTION('',(-0.,-0.,-1.));
#824 = ORIENTED_EDGE('',*,*,#825,.T.);
#825 = EDGE_CURVE('',#818,#826,#828,.T.);
#826 = VERTEX_POINT('',#827);
#827 = CARTESIAN_POINT('',(36.5,81.5,-0.54));
#828 = LINE('',#829,#830);
#829 = CARTESIAN_POINT('',(36.5,71.5,-0.54));
#830 = VECTOR('',#831,1.);
#831 = DIRECTION('',(0.,1.,0.));
#832 = ORIENTED_EDGE('',*,*,#833,.F.);
#833 = EDGE_CURVE('',#176,#826,#834,.T.);
#834 = LINE('',#835,#836);
#835 = CARTESIAN_POINT('',(36.5,81.5,1.46));
#836 = VECTOR('',#837,1.);
#837 = DIRECTION('',(-0.,-0.,-1.));
#838 = ORIENTED_EDGE('',*,*,#183,.F.);
#839 = ORIENTED_EDGE('',*,*,#793,.T.);
#840 = PLANE('',#841);
#841 = AXIS2_PLACEMENT_3D('',#842,#843,#844);
#842 = CARTESIAN_POINT('',(36.5,71.5,1.46));
#843 = DIRECTION('',(1.,0.,0.));
#844 = DIRECTION('',(0.,1.,0.));
#845 = ADVANCED_FACE('',(#846),#864,.F.);
#846 = FACE_BOUND('',#847,.F.);
#847 = EDGE_LOOP('',(#848,#849,#857,#863));
#848 = ORIENTED_EDGE('',*,*,#833,.T.);
#849 = ORIENTED_EDGE('',*,*,#850,.T.);
#850 = EDGE_CURVE('',#826,#851,#853,.T.);
#851 = VERTEX_POINT('',#852);
#852 = CARTESIAN_POINT('',(26.5,81.5,-0.54));
#853 = LINE('',#854,#855);
#854 = CARTESIAN_POINT('',(36.5,81.5,-0.54));
#855 = VECTOR('',#856,1.);
#856 = DIRECTION('',(-1.,0.,0.));
#857 = ORIENTED_EDGE('',*,*,#858,.F.);
#858 = EDGE_CURVE('',#168,#851,#859,.T.);
#859 = LINE('',#860,#861);
#860 = CARTESIAN_POINT('',(26.5,81.5,1.46));
#861 = VECTOR('',#862,1.);
#862 = DIRECTION('',(-0.,-0.,-1.));
#863 = ORIENTED_EDGE('',*,*,#175,.F.);
#864 = PLANE('',#865);
#865 = AXIS2_PLACEMENT_3D('',#866,#867,#868);
#866 = CARTESIAN_POINT('',(36.5,81.5,1.46));
#867 = DIRECTION('',(0.,1.,0.));
#868 = DIRECTION('',(-1.,0.,0.));
#869 = ADVANCED_FACE('',(#870),#904,.F.);
#870 = FACE_BOUND('',#871,.F.);
#871 = EDGE_LOOP('',(#872,#873,#874,#882,#890,#898));
#872 = ORIENTED_EDGE('',*,*,#167,.F.);
#873 = ORIENTED_EDGE('',*,*,#858,.T.);
#874 = ORIENTED_EDGE('',*,*,#875,.T.);
#875 = EDGE_CURVE('',#851,#876,#878,.T.);
#876 = VERTEX_POINT('',#877);
#877 = CARTESIAN_POINT('',(26.5,71.5,-0.54));
#878 = LINE('',#879,#880);
#879 = CARTESIAN_POINT('',(26.5,81.5,-0.54));
#880 = VECTOR('',#881,1.);
#881 = DIRECTION('',(0.,-1.,0.));
#882 = ORIENTED_EDGE('',*,*,#883,.F.);
#883 = EDGE_CURVE('',#884,#876,#886,.T.);
#884 = VERTEX_POINT('',#885);
#885 = CARTESIAN_POINT('',(26.5,71.5,0.));
#886 = LINE('',#887,#888);
#887 = CARTESIAN_POINT('',(26.5,71.5,1.46));
#888 = VECTOR('',#889,1.);
#889 = DIRECTION('',(-0.,-0.,-1.));
#890 = ORIENTED_EDGE('',*,*,#891,.F.);
#891 = EDGE_CURVE('',#892,#884,#894,.T.);
#892 = VERTEX_POINT('',#893);
#893 = CARTESIAN_POINT('',(26.5,72.,0.));
#894 = LINE('',#895,#896);
#895 = CARTESIAN_POINT('',(26.5,60.310819462228,0.));
#896 = VECTOR('',#897,1.);
#897 = DIRECTION('',(0.,-1.,0.));
#898 = ORIENTED_EDGE('',*,*,#899,.T.);
#899 = EDGE_CURVE('',#892,#160,#900,.T.);
#900 = LINE('',#901,#902);
#901 = CARTESIAN_POINT('',(26.5,72.,0.73));
#902 = VECTOR('',#903,1.);
#903 = DIRECTION('',(0.,0.,1.));
#904 = PLANE('',#905);
#905 = AXIS2_PLACEMENT_3D('',#906,#907,#908);
#906 = CARTESIAN_POINT('',(26.5,81.5,1.46));
#907 = DIRECTION('',(-1.,0.,0.));
#908 = DIRECTION('',(0.,-1.,0.));
#909 = ADVANCED_FACE('',(#910),#928,.F.);
#910 = FACE_BOUND('',#911,.F.);
#911 = EDGE_LOOP('',(#912,#920,#926,#927));
#912 = ORIENTED_EDGE('',*,*,#913,.F.);
#913 = EDGE_CURVE('',#914,#892,#916,.T.);
#914 = VERTEX_POINT('',#915);
#915 = CARTESIAN_POINT('',(17.2,72.,0.));
#916 = LINE('',#917,#918);
#917 = CARTESIAN_POINT('',(0.,72.,0.));
#918 = VECTOR('',#919,1.);
#919 = DIRECTION('',(1.,0.,0.));
#920 = ORIENTED_EDGE('',*,*,#921,.T.);
#921 = EDGE_CURVE('',#914,#152,#922,.T.);
#922 = LINE('',#923,#924);
#923 = CARTESIAN_POINT('',(17.2,72.,-4.635));
#924 = VECTOR('',#925,1.);
#925 = DIRECTION('',(0.,0.,1.));
#926 = ORIENTED_EDGE('',*,*,#159,.F.);
#927 = ORIENTED_EDGE('',*,*,#899,.F.);
#928 = PLANE('',#929);
#929 = AXIS2_PLACEMENT_3D('',#930,#931,#932);
#930 = CARTESIAN_POINT('',(0.,72.,0.));
#931 = DIRECTION('',(0.,1.,0.));
#932 = DIRECTION('',(1.,0.,0.));
#933 = ADVANCED_FACE('',(#934),#968,.T.);
#934 = FACE_BOUND('',#935,.T.);
#935 = EDGE_LOOP('',(#936,#946,#954,#960,#961,#962));
#936 = ORIENTED_EDGE('',*,*,#937,.F.);
#937 = EDGE_CURVE('',#938,#940,#942,.T.);
#938 = VERTEX_POINT('',#939);
#939 = CARTESIAN_POINT('',(17.2,61.4,-9.27));
#940 = VERTEX_POINT('',#941);
#941 = CARTESIAN_POINT('',(17.2,74.9,-9.27));
#942 = LINE('',#943,#944);
#943 = CARTESIAN_POINT('',(17.2,61.4,-9.27));
#944 = VECTOR('',#945,1.);
#945 = DIRECTION('',(0.,1.,0.));
#946 = ORIENTED_EDGE('',*,*,#947,.T.);
#947 = EDGE_CURVE('',#938,#948,#950,.T.);
#948 = VERTEX_POINT('',#949);
#949 = CARTESIAN_POINT('',(17.2,61.4,0.));
#950 = LINE('',#951,#952);
#951 = CARTESIAN_POINT('',(17.2,61.4,-9.27));
#952 = VECTOR('',#953,1.);
#953 = DIRECTION('',(0.,0.,1.));
#954 = ORIENTED_EDGE('',*,*,#955,.T.);
#955 = EDGE_CURVE('',#948,#914,#956,.T.);
#956 = LINE('',#957,#958);
#957 = CARTESIAN_POINT('',(17.2,48.7,0.));
#958 = VECTOR('',#959,1.);
#959 = DIRECTION('',(0.,1.,0.));
#960 = ORIENTED_EDGE('',*,*,#921,.T.);
#961 = ORIENTED_EDGE('',*,*,#151,.F.);
#962 = ORIENTED_EDGE('',*,*,#963,.F.);
#963 = EDGE_CURVE('',#940,#143,#964,.T.);
#964 = LINE('',#965,#966);
#965 = CARTESIAN_POINT('',(17.2,74.9,-9.27));
#966 = VECTOR('',#967,1.);
#967 = DIRECTION('',(0.,0.,1.));
#968 = PLANE('',#969);
#969 = AXIS2_PLACEMENT_3D('',#970,#971,#972);
#970 = CARTESIAN_POINT('',(17.2,61.4,-9.27));
#971 = DIRECTION('',(-1.,0.,0.));
#972 = DIRECTION('',(0.,1.,0.));
#973 = ADVANCED_FACE('',(#974),#1095,.F.);
#974 = FACE_BOUND('',#975,.T.);
#975 = EDGE_LOOP('',(#976,#987,#995,#1004,#1012,#1019,#1020,#1021,#1029,
    #1038,#1046,#1055,#1063,#1072,#1080,#1089));
#976 = ORIENTED_EDGE('',*,*,#977,.F.);
#977 = EDGE_CURVE('',#978,#980,#982,.T.);
#978 = VERTEX_POINT('',#979);
#979 = CARTESIAN_POINT('',(17.850236588295,76.911431802064,-13.57));
#980 = VERTEX_POINT('',#981);
#981 = CARTESIAN_POINT('',(17.850236588295,80.088568197936,-13.57));
#982 = CIRCLE('',#983,8.5);
#983 = AXIS2_PLACEMENT_3D('',#984,#985,#986);
#984 = CARTESIAN_POINT('',(9.5,78.5,-13.57));
#985 = DIRECTION('',(0.,0.,1.));
#986 = DIRECTION('',(1.,0.,0.));
#987 = ORIENTED_EDGE('',*,*,#988,.F.);
#988 = EDGE_CURVE('',#989,#978,#991,.T.);
#989 = VERTEX_POINT('',#990);
#990 = CARTESIAN_POINT('',(17.850236588295,76.911431802064,-10.57));
#991 = LINE('',#992,#993);
#992 = CARTESIAN_POINT('',(17.850236588295,76.911431802064,-10.57));
#993 = VECTOR('',#994,1.);
#994 = DIRECTION('',(-0.,-0.,-1.));
#995 = ORIENTED_EDGE('',*,*,#996,.F.);
#996 = EDGE_CURVE('',#997,#989,#999,.T.);
#997 = VERTEX_POINT('',#998);
#998 = CARTESIAN_POINT('',(15.713694553162,72.7,-10.57));
#999 = CIRCLE('',#1000,8.5);
#1000 = AXIS2_PLACEMENT_3D('',#1001,#1002,#1003);
#1001 = CARTESIAN_POINT('',(9.5,78.5,-10.57));
#1002 = DIRECTION('',(0.,0.,1.));
#1003 = DIRECTION('',(1.,0.,0.));
#1004 = ORIENTED_EDGE('',*,*,#1005,.F.);
#1005 = EDGE_CURVE('',#1006,#997,#1008,.T.);
#1006 = VERTEX_POINT('',#1007);
#1007 = CARTESIAN_POINT('',(15.713694553162,72.7,-9.27));
#1008 = LINE('',#1009,#1010);
#1009 = CARTESIAN_POINT('',(15.713694553162,72.7,-9.27));
#1010 = VECTOR('',#1011,1.);
#1011 = DIRECTION('',(-0.,-0.,-1.));
#1012 = ORIENTED_EDGE('',*,*,#1013,.T.);
#1013 = EDGE_CURVE('',#1006,#940,#1014,.T.);
#1014 = CIRCLE('',#1015,8.5);
#1015 = AXIS2_PLACEMENT_3D('',#1016,#1017,#1018);
#1016 = CARTESIAN_POINT('',(9.5,78.5,-9.27));
#1017 = DIRECTION('',(0.,0.,1.));
#1018 = DIRECTION('',(1.,0.,0.));
#1019 = ORIENTED_EDGE('',*,*,#963,.T.);
#1020 = ORIENTED_EDGE('',*,*,#142,.F.);
#1021 = ORIENTED_EDGE('',*,*,#1022,.F.);
#1022 = EDGE_CURVE('',#1023,#135,#1025,.T.);
#1023 = VERTEX_POINT('',#1024);
#1024 = CARTESIAN_POINT('',(1.8,74.9,-9.27));
#1025 = LINE('',#1026,#1027);
#1026 = CARTESIAN_POINT('',(1.8,74.9,-9.27));
#1027 = VECTOR('',#1028,1.);
#1028 = DIRECTION('',(0.,0.,1.));
#1029 = ORIENTED_EDGE('',*,*,#1030,.T.);
#1030 = EDGE_CURVE('',#1023,#1031,#1033,.T.);
#1031 = VERTEX_POINT('',#1032);
#1032 = CARTESIAN_POINT('',(3.286305446838,72.7,-9.27));
#1033 = CIRCLE('',#1034,8.5);
#1034 = AXIS2_PLACEMENT_3D('',#1035,#1036,#1037);
#1035 = CARTESIAN_POINT('',(9.5,78.5,-9.27));
#1036 = DIRECTION('',(0.,0.,1.));
#1037 = DIRECTION('',(1.,0.,0.));
#1038 = ORIENTED_EDGE('',*,*,#1039,.T.);
#1039 = EDGE_CURVE('',#1031,#1040,#1042,.T.);
#1040 = VERTEX_POINT('',#1041);
#1041 = CARTESIAN_POINT('',(3.286305446838,72.7,-10.57));
#1042 = LINE('',#1043,#1044);
#1043 = CARTESIAN_POINT('',(3.286305446838,72.7,-9.27));
#1044 = VECTOR('',#1045,1.);
#1045 = DIRECTION('',(-0.,-0.,-1.));
#1046 = ORIENTED_EDGE('',*,*,#1047,.F.);
#1047 = EDGE_CURVE('',#1048,#1040,#1050,.T.);
#1048 = VERTEX_POINT('',#1049);
#1049 = CARTESIAN_POINT('',(3.286305446838,84.3,-10.57));
#1050 = CIRCLE('',#1051,8.5);
#1051 = AXIS2_PLACEMENT_3D('',#1052,#1053,#1054);
#1052 = CARTESIAN_POINT('',(9.5,78.5,-10.57));
#1053 = DIRECTION('',(0.,0.,1.));
#1054 = DIRECTION('',(1.,0.,0.));
#1055 = ORIENTED_EDGE('',*,*,#1056,.F.);
#1056 = EDGE_CURVE('',#1057,#1048,#1059,.T.);
#1057 = VERTEX_POINT('',#1058);
#1058 = CARTESIAN_POINT('',(3.286305446838,84.3,-9.27));
#1059 = LINE('',#1060,#1061);
#1060 = CARTESIAN_POINT('',(3.286305446838,84.3,-9.27));
#1061 = VECTOR('',#1062,1.);
#1062 = DIRECTION('',(-0.,-0.,-1.));
#1063 = ORIENTED_EDGE('',*,*,#1064,.F.);
#1064 = EDGE_CURVE('',#1065,#1057,#1067,.T.);
#1065 = VERTEX_POINT('',#1066);
#1066 = CARTESIAN_POINT('',(15.713694553162,84.3,-9.27));
#1067 = CIRCLE('',#1068,8.5);
#1068 = AXIS2_PLACEMENT_3D('',#1069,#1070,#1071);
#1069 = CARTESIAN_POINT('',(9.5,78.5,-9.27));
#1070 = DIRECTION('',(0.,0.,1.));
#1071 = DIRECTION('',(1.,0.,0.));
#1072 = ORIENTED_EDGE('',*,*,#1073,.T.);
#1073 = EDGE_CURVE('',#1065,#1074,#1076,.T.);
#1074 = VERTEX_POINT('',#1075);
#1075 = CARTESIAN_POINT('',(15.713694553162,84.3,-10.57));
#1076 = LINE('',#1077,#1078);
#1077 = CARTESIAN_POINT('',(15.713694553162,84.3,-9.27));
#1078 = VECTOR('',#1079,1.);
#1079 = DIRECTION('',(-0.,-0.,-1.));
#1080 = ORIENTED_EDGE('',*,*,#1081,.F.);
#1081 = EDGE_CURVE('',#1082,#1074,#1084,.T.);
#1082 = VERTEX_POINT('',#1083);
#1083 = CARTESIAN_POINT('',(17.850236588295,80.088568197936,-10.57));
#1084 = CIRCLE('',#1085,8.5);
#1085 = AXIS2_PLACEMENT_3D('',#1086,#1087,#1088);
#1086 = CARTESIAN_POINT('',(9.5,78.5,-10.57));
#1087 = DIRECTION('',(0.,0.,1.));
#1088 = DIRECTION('',(1.,0.,0.));
#1089 = ORIENTED_EDGE('',*,*,#1090,.T.);
#1090 = EDGE_CURVE('',#1082,#980,#1091,.T.);
#1091 = LINE('',#1092,#1093);
#1092 = CARTESIAN_POINT('',(17.850236588295,80.088568197936,-10.57));
#1093 = VECTOR('',#1094,1.);
#1094 = DIRECTION('',(-0.,-0.,-1.));
#1095 = CYLINDRICAL_SURFACE('',#1096,8.5);
#1096 = AXIS2_PLACEMENT_3D('',#1097,#1098,#1099);
#1097 = CARTESIAN_POINT('',(9.5,78.5,-9.27));
#1098 = DIRECTION('',(-0.,-0.,-1.));
#1099 = DIRECTION('',(1.,0.,0.));
#1100 = ADVANCED_FACE('',(#1101),#1135,.T.);
#1101 = FACE_BOUND('',#1102,.T.);
#1102 = EDGE_LOOP('',(#1103,#1111,#1112,#1113,#1121,#1129));
#1103 = ORIENTED_EDGE('',*,*,#1104,.F.);
#1104 = EDGE_CURVE('',#1023,#1105,#1107,.T.);
#1105 = VERTEX_POINT('',#1106);
#1106 = CARTESIAN_POINT('',(1.8,61.4,-9.27));
#1107 = LINE('',#1108,#1109);
#1108 = CARTESIAN_POINT('',(1.8,74.9,-9.27));
#1109 = VECTOR('',#1110,1.);
#1110 = DIRECTION('',(0.,-1.,0.));
#1111 = ORIENTED_EDGE('',*,*,#1022,.T.);
#1112 = ORIENTED_EDGE('',*,*,#134,.F.);
#1113 = ORIENTED_EDGE('',*,*,#1114,.T.);
#1114 = EDGE_CURVE('',#127,#1115,#1117,.T.);
#1115 = VERTEX_POINT('',#1116);
#1116 = CARTESIAN_POINT('',(1.8,72.,0.));
#1117 = LINE('',#1118,#1119);
#1118 = CARTESIAN_POINT('',(1.8,72.,-4.635));
#1119 = VECTOR('',#1120,1.);
#1120 = DIRECTION('',(0.,0.,-1.));
#1121 = ORIENTED_EDGE('',*,*,#1122,.T.);
#1122 = EDGE_CURVE('',#1115,#1123,#1125,.T.);
#1123 = VERTEX_POINT('',#1124);
#1124 = CARTESIAN_POINT('',(1.8,61.4,0.));
#1125 = LINE('',#1126,#1127);
#1126 = CARTESIAN_POINT('',(1.8,55.45,0.));
#1127 = VECTOR('',#1128,1.);
#1128 = DIRECTION('',(0.,-1.,0.));
#1129 = ORIENTED_EDGE('',*,*,#1130,.F.);
#1130 = EDGE_CURVE('',#1105,#1123,#1131,.T.);
#1131 = LINE('',#1132,#1133);
#1132 = CARTESIAN_POINT('',(1.8,61.4,-9.27));
#1133 = VECTOR('',#1134,1.);
#1134 = DIRECTION('',(0.,0.,1.));
#1135 = PLANE('',#1136);
#1136 = AXIS2_PLACEMENT_3D('',#1137,#1138,#1139);
#1137 = CARTESIAN_POINT('',(1.8,74.9,-9.27));
#1138 = DIRECTION('',(1.,0.,0.));
#1139 = DIRECTION('',(0.,-1.,0.));
#1140 = ADVANCED_FACE('',(#1141),#1159,.F.);
#1141 = FACE_BOUND('',#1142,.F.);
#1142 = EDGE_LOOP('',(#1143,#1151,#1157,#1158));
#1143 = ORIENTED_EDGE('',*,*,#1144,.F.);
#1144 = EDGE_CURVE('',#1145,#1115,#1147,.T.);
#1145 = VERTEX_POINT('',#1146);
#1146 = CARTESIAN_POINT('',(0.,72.,0.));
#1147 = LINE('',#1148,#1149);
#1148 = CARTESIAN_POINT('',(0.,72.,0.));
#1149 = VECTOR('',#1150,1.);
#1150 = DIRECTION('',(1.,0.,0.));
#1151 = ORIENTED_EDGE('',*,*,#1152,.T.);
#1152 = EDGE_CURVE('',#1145,#119,#1153,.T.);
#1153 = LINE('',#1154,#1155);
#1154 = CARTESIAN_POINT('',(0.,72.,0.));
#1155 = VECTOR('',#1156,1.);
#1156 = DIRECTION('',(0.,0.,1.));
#1157 = ORIENTED_EDGE('',*,*,#126,.F.);
#1158 = ORIENTED_EDGE('',*,*,#1114,.T.);
#1159 = PLANE('',#1160);
#1160 = AXIS2_PLACEMENT_3D('',#1161,#1162,#1163);
#1161 = CARTESIAN_POINT('',(0.,72.,0.));
#1162 = DIRECTION('',(0.,1.,0.));
#1163 = DIRECTION('',(1.,0.,0.));
#1164 = ADVANCED_FACE('',(#1165),#1183,.F.);
#1165 = FACE_BOUND('',#1166,.F.);
#1166 = EDGE_LOOP('',(#1167,#1175,#1181,#1182));
#1167 = ORIENTED_EDGE('',*,*,#1168,.F.);
#1168 = EDGE_CURVE('',#1169,#1145,#1171,.T.);
#1169 = VERTEX_POINT('',#1170);
#1170 = CARTESIAN_POINT('',(0.,0.,0.));
#1171 = LINE('',#1172,#1173);
#1172 = CARTESIAN_POINT('',(0.,0.,0.));
#1173 = VECTOR('',#1174,1.);
#1174 = DIRECTION('',(0.,1.,0.));
#1175 = ORIENTED_EDGE('',*,*,#1176,.T.);
#1176 = EDGE_CURVE('',#1169,#111,#1177,.T.);
#1177 = LINE('',#1178,#1179);
#1178 = CARTESIAN_POINT('',(0.,0.,0.));
#1179 = VECTOR('',#1180,1.);
#1180 = DIRECTION('',(0.,0.,1.));
#1181 = ORIENTED_EDGE('',*,*,#118,.F.);
#1182 = ORIENTED_EDGE('',*,*,#1152,.F.);
#1183 = PLANE('',#1184);
#1184 = AXIS2_PLACEMENT_3D('',#1185,#1186,#1187);
#1185 = CARTESIAN_POINT('',(0.,0.,0.));
#1186 = DIRECTION('',(-1.,0.,0.));
#1187 = DIRECTION('',(0.,1.,0.));
#1188 = ADVANCED_FACE('',(#1189),#1200,.F.);
#1189 = FACE_BOUND('',#1190,.F.);
#1190 = EDGE_LOOP('',(#1191,#1197,#1198,#1199));
#1191 = ORIENTED_EDGE('',*,*,#1192,.F.);
#1192 = EDGE_CURVE('',#280,#1169,#1193,.T.);
#1193 = LINE('',#1194,#1195);
#1194 = CARTESIAN_POINT('',(63.,0.,0.));
#1195 = VECTOR('',#1196,1.);
#1196 = DIRECTION('',(-1.,0.,0.));
#1197 = ORIENTED_EDGE('',*,*,#303,.F.);
#1198 = ORIENTED_EDGE('',*,*,#110,.F.);
#1199 = ORIENTED_EDGE('',*,*,#1176,.F.);
#1200 = PLANE('',#1201);
#1201 = AXIS2_PLACEMENT_3D('',#1202,#1203,#1204);
#1202 = CARTESIAN_POINT('',(63.,0.,0.));
#1203 = DIRECTION('',(0.,-1.,0.));
#1204 = DIRECTION('',(-1.,0.,0.));
#1205 = ADVANCED_FACE('',(#1206,#1248,#1283,#1349),#1384,.T.);
#1206 = FACE_BOUND('',#1207,.T.);
#1207 = EDGE_LOOP('',(#1208,#1209,#1210,#1211,#1212,#1218,#1219,#1220,
    #1221,#1227,#1228,#1229,#1230,#1236,#1237,#1238,#1239,#1240,#1241,
    #1247));
#1208 = ORIENTED_EDGE('',*,*,#506,.F.);
#1209 = ORIENTED_EDGE('',*,*,#530,.F.);
#1210 = ORIENTED_EDGE('',*,*,#554,.F.);
#1211 = ORIENTED_EDGE('',*,*,#596,.F.);
#1212 = ORIENTED_EDGE('',*,*,#1213,.F.);
#1213 = EDGE_CURVE('',#764,#589,#1214,.T.);
#1214 = LINE('',#1215,#1216);
#1215 = CARTESIAN_POINT('',(38.65,61.4,0.));
#1216 = VECTOR('',#1217,1.);
#1217 = DIRECTION('',(1.,0.,0.));
#1218 = ORIENTED_EDGE('',*,*,#763,.F.);
#1219 = ORIENTED_EDGE('',*,*,#785,.F.);
#1220 = ORIENTED_EDGE('',*,*,#809,.F.);
#1221 = ORIENTED_EDGE('',*,*,#1222,.F.);
#1222 = EDGE_CURVE('',#884,#810,#1223,.T.);
#1223 = LINE('',#1224,#1225);
#1224 = CARTESIAN_POINT('',(29.,71.5,0.));
#1225 = VECTOR('',#1226,1.);
#1226 = DIRECTION('',(1.,0.,0.));
#1227 = ORIENTED_EDGE('',*,*,#891,.F.);
#1228 = ORIENTED_EDGE('',*,*,#913,.F.);
#1229 = ORIENTED_EDGE('',*,*,#955,.F.);
#1230 = ORIENTED_EDGE('',*,*,#1231,.F.);
#1231 = EDGE_CURVE('',#1123,#948,#1232,.T.);
#1232 = LINE('',#1233,#1234);
#1233 = CARTESIAN_POINT('',(16.65,61.4,0.));
#1234 = VECTOR('',#1235,1.);
#1235 = DIRECTION('',(1.,0.,0.));
#1236 = ORIENTED_EDGE('',*,*,#1122,.F.);
#1237 = ORIENTED_EDGE('',*,*,#1144,.F.);
#1238 = ORIENTED_EDGE('',*,*,#1168,.F.);
#1239 = ORIENTED_EDGE('',*,*,#1192,.F.);
#1240 = ORIENTED_EDGE('',*,*,#277,.F.);
#1241 = ORIENTED_EDGE('',*,*,#1242,.F.);
#1242 = EDGE_CURVE('',#345,#278,#1243,.T.);
#1243 = LINE('',#1244,#1245);
#1244 = CARTESIAN_POINT('',(34.,0.5,0.));
#1245 = VECTOR('',#1246,1.);
#1246 = DIRECTION('',(-1.,0.,0.));
#1247 = ORIENTED_EDGE('',*,*,#352,.F.);
#1248 = FACE_BOUND('',#1249,.T.);
#1249 = EDGE_LOOP('',(#1250,#1261,#1269,#1277));
#1250 = ORIENTED_EDGE('',*,*,#1251,.T.);
#1251 = EDGE_CURVE('',#1252,#1254,#1256,.T.);
#1252 = VERTEX_POINT('',#1253);
#1253 = CARTESIAN_POINT('',(1.8,48.9,0.));
#1254 = VERTEX_POINT('',#1255);
#1255 = CARTESIAN_POINT('',(17.2,48.9,0.));
#1256 = CIRCLE('',#1257,8.5);
#1257 = AXIS2_PLACEMENT_3D('',#1258,#1259,#1260);
#1258 = CARTESIAN_POINT('',(9.5,52.5,0.));
#1259 = DIRECTION('',(0.,0.,-1.));
#1260 = DIRECTION('',(1.,0.,0.));
#1261 = ORIENTED_EDGE('',*,*,#1262,.F.);
#1262 = EDGE_CURVE('',#1263,#1254,#1265,.T.);
#1263 = VERTEX_POINT('',#1264);
#1264 = CARTESIAN_POINT('',(17.2,35.4,0.));
#1265 = LINE('',#1266,#1267);
#1266 = CARTESIAN_POINT('',(17.2,35.7,0.));
#1267 = VECTOR('',#1268,1.);
#1268 = DIRECTION('',(0.,1.,0.));
#1269 = ORIENTED_EDGE('',*,*,#1270,.F.);
#1270 = EDGE_CURVE('',#1271,#1263,#1273,.T.);
#1271 = VERTEX_POINT('',#1272);
#1272 = CARTESIAN_POINT('',(1.8,35.4,0.));
#1273 = LINE('',#1274,#1275);
#1274 = CARTESIAN_POINT('',(16.65,35.4,0.));
#1275 = VECTOR('',#1276,1.);
#1276 = DIRECTION('',(1.,0.,0.));
#1277 = ORIENTED_EDGE('',*,*,#1278,.F.);
#1278 = EDGE_CURVE('',#1252,#1271,#1279,.T.);
#1279 = LINE('',#1280,#1281);
#1280 = CARTESIAN_POINT('',(1.8,42.45,0.));
#1281 = VECTOR('',#1282,1.);
#1282 = DIRECTION('',(0.,-1.,0.));
#1283 = FACE_BOUND('',#1284,.T.);
#1284 = EDGE_LOOP('',(#1285,#1295,#1303,#1311,#1319,#1327,#1335,#1343));
#1285 = ORIENTED_EDGE('',*,*,#1286,.T.);
#1286 = EDGE_CURVE('',#1287,#1289,#1291,.T.);
#1287 = VERTEX_POINT('',#1288);
#1288 = CARTESIAN_POINT('',(19.5,33.,0.));
#1289 = VERTEX_POINT('',#1290);
#1290 = CARTESIAN_POINT('',(19.5,70.,0.));
#1291 = LINE('',#1292,#1293);
#1292 = CARTESIAN_POINT('',(19.5,33.,0.));
#1293 = VECTOR('',#1294,1.);
#1294 = DIRECTION('',(0.,1.,0.));
#1295 = ORIENTED_EDGE('',*,*,#1296,.T.);
#1296 = EDGE_CURVE('',#1289,#1297,#1299,.T.);
#1297 = VERTEX_POINT('',#1298);
#1298 = CARTESIAN_POINT('',(43.5,70.,0.));
#1299 = LINE('',#1300,#1301);
#1300 = CARTESIAN_POINT('',(19.5,70.,0.));
#1301 = VECTOR('',#1302,1.);
#1302 = DIRECTION('',(1.,0.,0.));
#1303 = ORIENTED_EDGE('',*,*,#1304,.T.);
#1304 = EDGE_CURVE('',#1297,#1305,#1307,.T.);
#1305 = VERTEX_POINT('',#1306);
#1306 = CARTESIAN_POINT('',(43.5,33.,0.));
#1307 = LINE('',#1308,#1309);
#1308 = CARTESIAN_POINT('',(43.5,70.,0.));
#1309 = VECTOR('',#1310,1.);
#1310 = DIRECTION('',(0.,-1.,0.));
#1311 = ORIENTED_EDGE('',*,*,#1312,.T.);
#1312 = EDGE_CURVE('',#1305,#1313,#1315,.T.);
#1313 = VERTEX_POINT('',#1314);
#1314 = CARTESIAN_POINT('',(60.,33.,0.));
#1315 = LINE('',#1316,#1317);
#1316 = CARTESIAN_POINT('',(43.5,33.,0.));
#1317 = VECTOR('',#1318,1.);
#1318 = DIRECTION('',(1.,0.,0.));
#1319 = ORIENTED_EDGE('',*,*,#1320,.T.);
#1320 = EDGE_CURVE('',#1313,#1321,#1323,.T.);
#1321 = VERTEX_POINT('',#1322);
#1322 = CARTESIAN_POINT('',(60.,2.,0.));
#1323 = LINE('',#1324,#1325);
#1324 = CARTESIAN_POINT('',(60.,33.,0.));
#1325 = VECTOR('',#1326,1.);
#1326 = DIRECTION('',(0.,-1.,0.));
#1327 = ORIENTED_EDGE('',*,*,#1328,.T.);
#1328 = EDGE_CURVE('',#1321,#1329,#1331,.T.);
#1329 = VERTEX_POINT('',#1330);
#1330 = CARTESIAN_POINT('',(3.,2.,0.));
#1331 = LINE('',#1332,#1333);
#1332 = CARTESIAN_POINT('',(60.,2.,0.));
#1333 = VECTOR('',#1334,1.);
#1334 = DIRECTION('',(-1.,0.,0.));
#1335 = ORIENTED_EDGE('',*,*,#1336,.T.);
#1336 = EDGE_CURVE('',#1329,#1337,#1339,.T.);
#1337 = VERTEX_POINT('',#1338);
#1338 = CARTESIAN_POINT('',(3.,33.,0.));
#1339 = LINE('',#1340,#1341);
#1340 = CARTESIAN_POINT('',(3.,2.,0.));
#1341 = VECTOR('',#1342,1.);
#1342 = DIRECTION('',(0.,1.,0.));
#1343 = ORIENTED_EDGE('',*,*,#1344,.T.);
#1344 = EDGE_CURVE('',#1337,#1287,#1345,.T.);
#1345 = LINE('',#1346,#1347);
#1346 = CARTESIAN_POINT('',(3.,33.,0.));
#1347 = VECTOR('',#1348,1.);
#1348 = DIRECTION('',(1.,0.,0.));
#1349 = FACE_BOUND('',#1350,.T.);
#1350 = EDGE_LOOP('',(#1351,#1362,#1370,#1378));
#1351 = ORIENTED_EDGE('',*,*,#1352,.T.);
#1352 = EDGE_CURVE('',#1353,#1355,#1357,.T.);
#1353 = VERTEX_POINT('',#1354);
#1354 = CARTESIAN_POINT('',(45.8,48.9,0.));
#1355 = VERTEX_POINT('',#1356);
#1356 = CARTESIAN_POINT('',(61.2,48.9,0.));
#1357 = CIRCLE('',#1358,8.5);
#1358 = AXIS2_PLACEMENT_3D('',#1359,#1360,#1361);
#1359 = CARTESIAN_POINT('',(53.5,52.5,0.));
#1360 = DIRECTION('',(0.,0.,-1.));
#1361 = DIRECTION('',(1.,0.,0.));
#1362 = ORIENTED_EDGE('',*,*,#1363,.F.);
#1363 = EDGE_CURVE('',#1364,#1355,#1366,.T.);
#1364 = VERTEX_POINT('',#1365);
#1365 = CARTESIAN_POINT('',(61.2,35.4,0.));
#1366 = LINE('',#1367,#1368);
#1367 = CARTESIAN_POINT('',(61.2,35.7,0.));
#1368 = VECTOR('',#1369,1.);
#1369 = DIRECTION('',(0.,1.,0.));
#1370 = ORIENTED_EDGE('',*,*,#1371,.F.);
#1371 = EDGE_CURVE('',#1372,#1364,#1374,.T.);
#1372 = VERTEX_POINT('',#1373);
#1373 = CARTESIAN_POINT('',(45.8,35.4,0.));
#1374 = LINE('',#1375,#1376);
#1375 = CARTESIAN_POINT('',(38.65,35.4,0.));
#1376 = VECTOR('',#1377,1.);
#1377 = DIRECTION('',(1.,0.,0.));
#1378 = ORIENTED_EDGE('',*,*,#1379,.F.);
#1379 = EDGE_CURVE('',#1353,#1372,#1380,.T.);
#1380 = LINE('',#1381,#1382);
#1381 = CARTESIAN_POINT('',(45.8,42.45,0.));
#1382 = VECTOR('',#1383,1.);
#1383 = DIRECTION('',(0.,-1.,0.));
#1384 = PLANE('',#1385);
#1385 = AXIS2_PLACEMENT_3D('',#1386,#1387,#1388);
#1386 = CARTESIAN_POINT('',(31.5,39.121638924456,0.));
#1387 = DIRECTION('',(0.,0.,1.));
#1388 = DIRECTION('',(1.,0.,0.));
#1389 = ADVANCED_FACE('',(#1390),#1396,.F.);
#1390 = FACE_BOUND('',#1391,.F.);
#1391 = EDGE_LOOP('',(#1392,#1393,#1394,#1395));
#1392 = ORIENTED_EDGE('',*,*,#1242,.F.);
#1393 = ORIENTED_EDGE('',*,*,#344,.T.);
#1394 = ORIENTED_EDGE('',*,*,#326,.T.);
#1395 = ORIENTED_EDGE('',*,*,#287,.F.);
#1396 = PLANE('',#1397);
#1397 = AXIS2_PLACEMENT_3D('',#1398,#1399,#1400);
#1398 = CARTESIAN_POINT('',(36.5,0.5,1.46));
#1399 = DIRECTION('',(0.,1.,0.));
#1400 = DIRECTION('',(-1.,0.,0.));
#1401 = ADVANCED_FACE('',(#1402),#1421,.F.);
#1402 = FACE_BOUND('',#1403,.F.);
#1403 = EDGE_LOOP('',(#1404,#1413,#1419,#1420));
#1404 = ORIENTED_EDGE('',*,*,#1405,.F.);
#1405 = EDGE_CURVE('',#1406,#1406,#1408,.T.);
#1406 = VERTEX_POINT('',#1407);
#1407 = CARTESIAN_POINT('',(57.25,52.5,-11.22));
#1408 = CIRCLE('',#1409,3.75);
#1409 = AXIS2_PLACEMENT_3D('',#1410,#1411,#1412);
#1410 = CARTESIAN_POINT('',(53.5,52.5,-11.22));
#1411 = DIRECTION('',(0.,0.,1.));
#1412 = DIRECTION('',(1.,0.,0.));
#1413 = ORIENTED_EDGE('',*,*,#1414,.T.);
#1414 = EDGE_CURVE('',#1406,#417,#1415,.T.);
#1415 = LINE('',#1416,#1417);
#1416 = CARTESIAN_POINT('',(57.25,52.5,-11.22));
#1417 = VECTOR('',#1418,1.);
#1418 = DIRECTION('',(-0.,-0.,-1.));
#1419 = ORIENTED_EDGE('',*,*,#416,.T.);
#1420 = ORIENTED_EDGE('',*,*,#1414,.F.);
#1421 = CYLINDRICAL_SURFACE('',#1422,3.75);
#1422 = AXIS2_PLACEMENT_3D('',#1423,#1424,#1425);
#1423 = CARTESIAN_POINT('',(53.5,52.5,-11.22));
#1424 = DIRECTION('',(0.,0.,1.));
#1425 = DIRECTION('',(1.,0.,0.));
#1426 = ADVANCED_FACE('',(#1427),#1446,.F.);
#1427 = FACE_BOUND('',#1428,.F.);
#1428 = EDGE_LOOP('',(#1429,#1437,#1444,#1445));
#1429 = ORIENTED_EDGE('',*,*,#1430,.F.);
#1430 = EDGE_CURVE('',#1431,#428,#1433,.T.);
#1431 = VERTEX_POINT('',#1432);
#1432 = CARTESIAN_POINT('',(34.6,52.45,-10.9));
#1433 = LINE('',#1434,#1435);
#1434 = CARTESIAN_POINT('',(34.6,52.45,-10.9));
#1435 = VECTOR('',#1436,1.);
#1436 = DIRECTION('',(-0.,-0.,-1.));
#1437 = ORIENTED_EDGE('',*,*,#1438,.F.);
#1438 = EDGE_CURVE('',#1431,#1431,#1439,.T.);
#1439 = CIRCLE('',#1440,3.1);
#1440 = AXIS2_PLACEMENT_3D('',#1441,#1442,#1443);
#1441 = CARTESIAN_POINT('',(31.5,52.45,-10.9));
#1442 = DIRECTION('',(0.,0.,1.));
#1443 = DIRECTION('',(1.,0.,0.));
#1444 = ORIENTED_EDGE('',*,*,#1430,.T.);
#1445 = ORIENTED_EDGE('',*,*,#427,.T.);
#1446 = CYLINDRICAL_SURFACE('',#1447,3.1);
#1447 = AXIS2_PLACEMENT_3D('',#1448,#1449,#1450);
#1448 = CARTESIAN_POINT('',(31.5,52.45,-10.9));
#1449 = DIRECTION('',(0.,0.,1.));
#1450 = DIRECTION('',(1.,0.,0.));
#1451 = ADVANCED_FACE('',(#1452),#1471,.F.);
#1452 = FACE_BOUND('',#1453,.F.);
#1453 = EDGE_LOOP('',(#1454,#1463,#1469,#1470));
#1454 = ORIENTED_EDGE('',*,*,#1455,.F.);
#1455 = EDGE_CURVE('',#1456,#1456,#1458,.T.);
#1456 = VERTEX_POINT('',#1457);
#1457 = CARTESIAN_POINT('',(13.25,52.5,-11.22));
#1458 = CIRCLE('',#1459,3.75);
#1459 = AXIS2_PLACEMENT_3D('',#1460,#1461,#1462);
#1460 = CARTESIAN_POINT('',(9.5,52.5,-11.22));
#1461 = DIRECTION('',(0.,0.,1.));
#1462 = DIRECTION('',(1.,0.,0.));
#1463 = ORIENTED_EDGE('',*,*,#1464,.T.);
#1464 = EDGE_CURVE('',#1456,#439,#1465,.T.);
#1465 = LINE('',#1466,#1467);
#1466 = CARTESIAN_POINT('',(13.25,52.5,-11.22));
#1467 = VECTOR('',#1468,1.);
#1468 = DIRECTION('',(-0.,-0.,-1.));
#1469 = ORIENTED_EDGE('',*,*,#438,.T.);
#1470 = ORIENTED_EDGE('',*,*,#1464,.F.);
#1471 = CYLINDRICAL_SURFACE('',#1472,3.75);
#1472 = AXIS2_PLACEMENT_3D('',#1473,#1474,#1475);
#1473 = CARTESIAN_POINT('',(9.5,52.5,-11.22));
#1474 = DIRECTION('',(0.,0.,1.));
#1475 = DIRECTION('',(1.,0.,0.));
#1476 = ADVANCED_FACE('',(#1477),#1496,.F.);
#1477 = FACE_BOUND('',#1478,.F.);
#1478 = EDGE_LOOP('',(#1479,#1488,#1494,#1495));
#1479 = ORIENTED_EDGE('',*,*,#1480,.F.);
#1480 = EDGE_CURVE('',#1481,#1481,#1483,.T.);
#1481 = VERTEX_POINT('',#1482);
#1482 = CARTESIAN_POINT('',(57.25,78.5,-11.22));
#1483 = CIRCLE('',#1484,3.75);
#1484 = AXIS2_PLACEMENT_3D('',#1485,#1486,#1487);
#1485 = CARTESIAN_POINT('',(53.5,78.5,-11.22));
#1486 = DIRECTION('',(0.,0.,1.));
#1487 = DIRECTION('',(1.,0.,0.));
#1488 = ORIENTED_EDGE('',*,*,#1489,.T.);
#1489 = EDGE_CURVE('',#1481,#450,#1490,.T.);
#1490 = LINE('',#1491,#1492);
#1491 = CARTESIAN_POINT('',(57.25,78.5,-11.22));
#1492 = VECTOR('',#1493,1.);
#1493 = DIRECTION('',(-0.,-0.,-1.));
#1494 = ORIENTED_EDGE('',*,*,#449,.T.);
#1495 = ORIENTED_EDGE('',*,*,#1489,.F.);
#1496 = CYLINDRICAL_SURFACE('',#1497,3.75);
#1497 = AXIS2_PLACEMENT_3D('',#1498,#1499,#1500);
#1498 = CARTESIAN_POINT('',(53.5,78.5,-11.22));
#1499 = DIRECTION('',(0.,0.,1.));
#1500 = DIRECTION('',(1.,0.,0.));
#1501 = ADVANCED_FACE('',(#1502),#1521,.F.);
#1502 = FACE_BOUND('',#1503,.F.);
#1503 = EDGE_LOOP('',(#1504,#1513,#1519,#1520));
#1504 = ORIENTED_EDGE('',*,*,#1505,.F.);
#1505 = EDGE_CURVE('',#1506,#1506,#1508,.T.);
#1506 = VERTEX_POINT('',#1507);
#1507 = CARTESIAN_POINT('',(13.25,78.5,-11.22));
#1508 = CIRCLE('',#1509,3.75);
#1509 = AXIS2_PLACEMENT_3D('',#1510,#1511,#1512);
#1510 = CARTESIAN_POINT('',(9.5,78.5,-11.22));
#1511 = DIRECTION('',(0.,0.,1.));
#1512 = DIRECTION('',(1.,0.,0.));
#1513 = ORIENTED_EDGE('',*,*,#1514,.T.);
#1514 = EDGE_CURVE('',#1506,#461,#1515,.T.);
#1515 = LINE('',#1516,#1517);
#1516 = CARTESIAN_POINT('',(13.25,78.5,-11.22));
#1517 = VECTOR('',#1518,1.);
#1518 = DIRECTION('',(-0.,-0.,-1.));
#1519 = ORIENTED_EDGE('',*,*,#460,.T.);
#1520 = ORIENTED_EDGE('',*,*,#1514,.F.);
#1521 = CYLINDRICAL_SURFACE('',#1522,3.75);
#1522 = AXIS2_PLACEMENT_3D('',#1523,#1524,#1525);
#1523 = CARTESIAN_POINT('',(9.5,78.5,-11.22));
#1524 = DIRECTION('',(0.,0.,1.));
#1525 = DIRECTION('',(1.,0.,0.));
#1526 = ADVANCED_FACE('',(#1527,#1545),#1579,.T.);
#1527 = FACE_BOUND('',#1528,.T.);
#1528 = EDGE_LOOP('',(#1529,#1530,#1531,#1537,#1538,#1539));
#1529 = ORIENTED_EDGE('',*,*,#578,.T.);
#1530 = ORIENTED_EDGE('',*,*,#654,.F.);
#1531 = ORIENTED_EDGE('',*,*,#1532,.F.);
#1532 = EDGE_CURVE('',#672,#647,#1533,.T.);
#1533 = LINE('',#1534,#1535);
#1534 = CARTESIAN_POINT('',(47.286305446838,72.7,-9.27));
#1535 = VECTOR('',#1536,1.);
#1536 = DIRECTION('',(1.,0.,0.));
#1537 = ORIENTED_EDGE('',*,*,#671,.F.);
#1538 = ORIENTED_EDGE('',*,*,#745,.T.);
#1539 = ORIENTED_EDGE('',*,*,#1540,.T.);
#1540 = EDGE_CURVE('',#746,#579,#1541,.T.);
#1541 = LINE('',#1542,#1543);
#1542 = CARTESIAN_POINT('',(45.8,61.4,-9.27));
#1543 = VECTOR('',#1544,1.);
#1544 = DIRECTION('',(1.,0.,0.));
#1545 = FACE_BOUND('',#1546,.T.);
#1546 = EDGE_LOOP('',(#1547,#1557,#1565,#1573));
#1547 = ORIENTED_EDGE('',*,*,#1548,.F.);
#1548 = EDGE_CURVE('',#1549,#1551,#1553,.T.);
#1549 = VERTEX_POINT('',#1550);
#1550 = CARTESIAN_POINT('',(46.82,72.1,-9.27));
#1551 = VERTEX_POINT('',#1552);
#1552 = CARTESIAN_POINT('',(46.82,68.4,-9.27));
#1553 = LINE('',#1554,#1555);
#1554 = CARTESIAN_POINT('',(46.82,72.1,-9.27));
#1555 = VECTOR('',#1556,1.);
#1556 = DIRECTION('',(0.,-1.,0.));
#1557 = ORIENTED_EDGE('',*,*,#1558,.F.);
#1558 = EDGE_CURVE('',#1559,#1549,#1561,.T.);
#1559 = VERTEX_POINT('',#1560);
#1560 = CARTESIAN_POINT('',(60.2,72.1,-9.27));
#1561 = LINE('',#1562,#1563);
#1562 = CARTESIAN_POINT('',(60.2,72.1,-9.27));
#1563 = VECTOR('',#1564,1.);
#1564 = DIRECTION('',(-1.,0.,0.));
#1565 = ORIENTED_EDGE('',*,*,#1566,.F.);
#1566 = EDGE_CURVE('',#1567,#1559,#1569,.T.);
#1567 = VERTEX_POINT('',#1568);
#1568 = CARTESIAN_POINT('',(60.2,68.4,-9.27));
#1569 = LINE('',#1570,#1571);
#1570 = CARTESIAN_POINT('',(60.2,68.4,-9.27));
#1571 = VECTOR('',#1572,1.);
#1572 = DIRECTION('',(0.,1.,0.));
#1573 = ORIENTED_EDGE('',*,*,#1574,.F.);
#1574 = EDGE_CURVE('',#1551,#1567,#1575,.T.);
#1575 = LINE('',#1576,#1577);
#1576 = CARTESIAN_POINT('',(46.82,68.4,-9.27));
#1577 = VECTOR('',#1578,1.);
#1578 = DIRECTION('',(1.,0.,0.));
#1579 = PLANE('',#1580);
#1580 = AXIS2_PLACEMENT_3D('',#1581,#1582,#1583);
#1581 = CARTESIAN_POINT('',(53.5,72.555848118596,-9.27));
#1582 = DIRECTION('',(0.,0.,1.));
#1583 = DIRECTION('',(1.,0.,0.));
#1584 = ADVANCED_FACE('',(#1585),#1591,.T.);
#1585 = FACE_BOUND('',#1586,.T.);
#1586 = EDGE_LOOP('',(#1587,#1588,#1589,#1590));
#1587 = ORIENTED_EDGE('',*,*,#1540,.F.);
#1588 = ORIENTED_EDGE('',*,*,#771,.T.);
#1589 = ORIENTED_EDGE('',*,*,#1213,.T.);
#1590 = ORIENTED_EDGE('',*,*,#588,.F.);
#1591 = PLANE('',#1592);
#1592 = AXIS2_PLACEMENT_3D('',#1593,#1594,#1595);
#1593 = CARTESIAN_POINT('',(45.8,61.4,-9.27));
#1594 = DIRECTION('',(0.,1.,0.));
#1595 = DIRECTION('',(1.,0.,0.));
#1596 = ADVANCED_FACE('',(#1597),#1622,.T.);
#1597 = FACE_BOUND('',#1598,.T.);
#1598 = EDGE_LOOP('',(#1599,#1607,#1615,#1621));
#1599 = ORIENTED_EDGE('',*,*,#1600,.T.);
#1600 = EDGE_CURVE('',#621,#1601,#1603,.T.);
#1601 = VERTEX_POINT('',#1602);
#1602 = CARTESIAN_POINT('',(60.646659876658,79.887677155286,-13.57));
#1603 = LINE('',#1604,#1605);
#1604 = CARTESIAN_POINT('',(61.850236588295,80.088568197936,-13.57));
#1605 = VECTOR('',#1606,1.);
#1606 = DIRECTION('',(-0.986354701848,-0.164634146341,0.));
#1607 = ORIENTED_EDGE('',*,*,#1608,.T.);
#1608 = EDGE_CURVE('',#1601,#1609,#1611,.T.);
#1609 = VERTEX_POINT('',#1610);
#1610 = CARTESIAN_POINT('',(60.646659876658,77.112322844714,-13.57));
#1611 = LINE('',#1612,#1613);
#1612 = CARTESIAN_POINT('',(60.646659876658,79.887677155286,-13.57));
#1613 = VECTOR('',#1614,1.);
#1614 = DIRECTION('',(0.,-1.,0.));
#1615 = ORIENTED_EDGE('',*,*,#1616,.T.);
#1616 = EDGE_CURVE('',#1609,#619,#1617,.T.);
#1617 = LINE('',#1618,#1619);
#1618 = CARTESIAN_POINT('',(60.646659876658,77.112322844714,-13.57));
#1619 = VECTOR('',#1620,1.);
#1620 = DIRECTION('',(0.986354701848,-0.164634146341,0.));
#1621 = ORIENTED_EDGE('',*,*,#618,.T.);
#1622 = PLANE('',#1623);
#1623 = AXIS2_PLACEMENT_3D('',#1624,#1625,#1626);
#1624 = CARTESIAN_POINT('',(61.312088733951,78.5,-13.57));
#1625 = DIRECTION('',(0.,0.,1.));
#1626 = DIRECTION('',(1.,0.,0.));
#1627 = ADVANCED_FACE('',(#1628),#1646,.F.);
#1628 = FACE_BOUND('',#1629,.F.);
#1629 = EDGE_LOOP('',(#1630,#1638,#1639,#1640));
#1630 = ORIENTED_EDGE('',*,*,#1631,.T.);
#1631 = EDGE_CURVE('',#1632,#1609,#1634,.T.);
#1632 = VERTEX_POINT('',#1633);
#1633 = CARTESIAN_POINT('',(60.646659876658,77.112322844714,-10.57));
#1634 = LINE('',#1635,#1636);
#1635 = CARTESIAN_POINT('',(60.646659876658,77.112322844714,-10.57));
#1636 = VECTOR('',#1637,1.);
#1637 = DIRECTION('',(-0.,-0.,-1.));
#1638 = ORIENTED_EDGE('',*,*,#1616,.T.);
#1639 = ORIENTED_EDGE('',*,*,#629,.F.);
#1640 = ORIENTED_EDGE('',*,*,#1641,.F.);
#1641 = EDGE_CURVE('',#1632,#630,#1642,.T.);
#1642 = LINE('',#1643,#1644);
#1643 = CARTESIAN_POINT('',(60.646659876658,77.112322844714,-10.57));
#1644 = VECTOR('',#1645,1.);
#1645 = DIRECTION('',(0.986354701848,-0.164634146341,0.));
#1646 = PLANE('',#1647);
#1647 = AXIS2_PLACEMENT_3D('',#1648,#1649,#1650);
#1648 = CARTESIAN_POINT('',(60.646659876658,77.112322844714,-10.57));
#1649 = DIRECTION('',(-0.164634146341,-0.986354701848,0.));
#1650 = DIRECTION('',(0.986354701848,-0.164634146341,0.));
#1651 = ADVANCED_FACE('',(#1652),#1694,.T.);
#1652 = FACE_BOUND('',#1653,.T.);
#1653 = EDGE_LOOP('',(#1654,#1655,#1663,#1672,#1678,#1679,#1680,#1688));
#1654 = ORIENTED_EDGE('',*,*,#722,.T.);
#1655 = ORIENTED_EDGE('',*,*,#1656,.T.);
#1656 = EDGE_CURVE('',#715,#1657,#1659,.T.);
#1657 = VERTEX_POINT('',#1658);
#1658 = CARTESIAN_POINT('',(55.690890230021,84.3,-10.57));
#1659 = LINE('',#1660,#1661);
#1660 = CARTESIAN_POINT('',(59.713694553162,84.3,-10.57));
#1661 = VECTOR('',#1662,1.);
#1662 = DIRECTION('',(-1.,0.,0.));
#1663 = ORIENTED_EDGE('',*,*,#1664,.F.);
#1664 = EDGE_CURVE('',#1665,#1657,#1667,.T.);
#1665 = VERTEX_POINT('',#1666);
#1666 = CARTESIAN_POINT('',(55.690890230021,72.7,-10.57));
#1667 = CIRCLE('',#1668,6.2);
#1668 = AXIS2_PLACEMENT_3D('',#1669,#1670,#1671);
#1669 = CARTESIAN_POINT('',(53.5,78.5,-10.57));
#1670 = DIRECTION('',(0.,0.,1.));
#1671 = DIRECTION('',(1.,0.,0.));
#1672 = ORIENTED_EDGE('',*,*,#1673,.T.);
#1673 = EDGE_CURVE('',#1665,#638,#1674,.T.);
#1674 = LINE('',#1675,#1676);
#1675 = CARTESIAN_POINT('',(47.286305446838,72.7,-10.57));
#1676 = VECTOR('',#1677,1.);
#1677 = DIRECTION('',(1.,0.,0.));
#1678 = ORIENTED_EDGE('',*,*,#637,.T.);
#1679 = ORIENTED_EDGE('',*,*,#1641,.F.);
#1680 = ORIENTED_EDGE('',*,*,#1681,.F.);
#1681 = EDGE_CURVE('',#1682,#1632,#1684,.T.);
#1682 = VERTEX_POINT('',#1683);
#1683 = CARTESIAN_POINT('',(60.646659876658,79.887677155286,-10.57));
#1684 = LINE('',#1685,#1686);
#1685 = CARTESIAN_POINT('',(60.646659876658,79.887677155286,-10.57));
#1686 = VECTOR('',#1687,1.);
#1687 = DIRECTION('',(0.,-1.,0.));
#1688 = ORIENTED_EDGE('',*,*,#1689,.F.);
#1689 = EDGE_CURVE('',#723,#1682,#1690,.T.);
#1690 = LINE('',#1691,#1692);
#1691 = CARTESIAN_POINT('',(61.850236588295,80.088568197936,-10.57));
#1692 = VECTOR('',#1693,1.);
#1693 = DIRECTION('',(-0.986354701848,-0.164634146341,0.));
#1694 = PLANE('',#1695);
#1695 = AXIS2_PLACEMENT_3D('',#1696,#1697,#1698);
#1696 = CARTESIAN_POINT('',(53.5,78.5,-10.57));
#1697 = DIRECTION('',(0.,0.,1.));
#1698 = DIRECTION('',(1.,0.,0.));
#1699 = ADVANCED_FACE('',(#1700),#1720,.F.);
#1700 = FACE_BOUND('',#1701,.F.);
#1701 = EDGE_LOOP('',(#1702,#1703,#1711,#1717,#1718,#1719));
#1702 = ORIENTED_EDGE('',*,*,#680,.T.);
#1703 = ORIENTED_EDGE('',*,*,#1704,.T.);
#1704 = EDGE_CURVE('',#681,#1705,#1707,.T.);
#1705 = VERTEX_POINT('',#1706);
#1706 = CARTESIAN_POINT('',(51.309109769979,72.7,-10.57));
#1707 = LINE('',#1708,#1709);
#1708 = CARTESIAN_POINT('',(47.286305446838,72.7,-10.57));
#1709 = VECTOR('',#1710,1.);
#1710 = DIRECTION('',(1.,0.,0.));
#1711 = ORIENTED_EDGE('',*,*,#1712,.T.);
#1712 = EDGE_CURVE('',#1705,#1665,#1713,.T.);
#1713 = LINE('',#1714,#1715);
#1714 = CARTESIAN_POINT('',(47.286305446838,72.7,-10.57));
#1715 = VECTOR('',#1716,1.);
#1716 = DIRECTION('',(1.,0.,0.));
#1717 = ORIENTED_EDGE('',*,*,#1673,.T.);
#1718 = ORIENTED_EDGE('',*,*,#646,.F.);
#1719 = ORIENTED_EDGE('',*,*,#1532,.F.);
#1720 = PLANE('',#1721);
#1721 = AXIS2_PLACEMENT_3D('',#1722,#1723,#1724);
#1722 = CARTESIAN_POINT('',(47.286305446838,72.7,-9.27));
#1723 = DIRECTION('',(0.,-1.,0.));
#1724 = DIRECTION('',(1.,0.,0.));
#1725 = ADVANCED_FACE('',(#1726),#1745,.T.);
#1726 = FACE_BOUND('',#1727,.T.);
#1727 = EDGE_LOOP('',(#1728,#1736,#1737,#1738));
#1728 = ORIENTED_EDGE('',*,*,#1729,.T.);
#1729 = EDGE_CURVE('',#1730,#689,#1732,.T.);
#1730 = VERTEX_POINT('',#1731);
#1731 = CARTESIAN_POINT('',(51.309109769979,84.3,-10.57));
#1732 = LINE('',#1733,#1734);
#1733 = CARTESIAN_POINT('',(59.713694553162,84.3,-10.57));
#1734 = VECTOR('',#1735,1.);
#1735 = DIRECTION('',(-1.,0.,0.));
#1736 = ORIENTED_EDGE('',*,*,#688,.T.);
#1737 = ORIENTED_EDGE('',*,*,#1704,.T.);
#1738 = ORIENTED_EDGE('',*,*,#1739,.F.);
#1739 = EDGE_CURVE('',#1730,#1705,#1740,.T.);
#1740 = CIRCLE('',#1741,6.2);
#1741 = AXIS2_PLACEMENT_3D('',#1742,#1743,#1744);
#1742 = CARTESIAN_POINT('',(53.5,78.5,-10.57));
#1743 = DIRECTION('',(0.,0.,1.));
#1744 = DIRECTION('',(1.,0.,0.));
#1745 = PLANE('',#1746);
#1746 = AXIS2_PLACEMENT_3D('',#1747,#1748,#1749);
#1747 = CARTESIAN_POINT('',(53.5,78.5,-10.57));
#1748 = DIRECTION('',(0.,0.,1.));
#1749 = DIRECTION('',(1.,0.,0.));
#1750 = ADVANCED_FACE('',(#1751),#1769,.F.);
#1751 = FACE_BOUND('',#1752,.F.);
#1752 = EDGE_LOOP('',(#1753,#1754,#1755,#1761,#1762,#1763));
#1753 = ORIENTED_EDGE('',*,*,#714,.T.);
#1754 = ORIENTED_EDGE('',*,*,#1656,.T.);
#1755 = ORIENTED_EDGE('',*,*,#1756,.T.);
#1756 = EDGE_CURVE('',#1657,#1730,#1757,.T.);
#1757 = LINE('',#1758,#1759);
#1758 = CARTESIAN_POINT('',(59.713694553162,84.3,-10.57));
#1759 = VECTOR('',#1760,1.);
#1760 = DIRECTION('',(-1.,0.,0.));
#1761 = ORIENTED_EDGE('',*,*,#1729,.T.);
#1762 = ORIENTED_EDGE('',*,*,#697,.F.);
#1763 = ORIENTED_EDGE('',*,*,#1764,.F.);
#1764 = EDGE_CURVE('',#706,#698,#1765,.T.);
#1765 = LINE('',#1766,#1767);
#1766 = CARTESIAN_POINT('',(59.713694553162,84.3,-9.27));
#1767 = VECTOR('',#1768,1.);
#1768 = DIRECTION('',(-1.,0.,0.));
#1769 = PLANE('',#1770);
#1770 = AXIS2_PLACEMENT_3D('',#1771,#1772,#1773);
#1771 = CARTESIAN_POINT('',(59.713694553162,84.3,-9.27));
#1772 = DIRECTION('',(0.,1.,0.));
#1773 = DIRECTION('',(-1.,0.,0.));
#1774 = ADVANCED_FACE('',(#1775),#1779,.T.);
#1775 = FACE_BOUND('',#1776,.T.);
#1776 = EDGE_LOOP('',(#1777,#1778));
#1777 = ORIENTED_EDGE('',*,*,#1764,.F.);
#1778 = ORIENTED_EDGE('',*,*,#705,.T.);
#1779 = PLANE('',#1780);
#1780 = AXIS2_PLACEMENT_3D('',#1781,#1782,#1783);
#1781 = CARTESIAN_POINT('',(53.5,72.555848118596,-9.27));
#1782 = DIRECTION('',(0.,0.,1.));
#1783 = DIRECTION('',(1.,0.,0.));
#1784 = ADVANCED_FACE('',(#1785),#1796,.F.);
#1785 = FACE_BOUND('',#1786,.F.);
#1786 = EDGE_LOOP('',(#1787,#1788,#1789,#1795));
#1787 = ORIENTED_EDGE('',*,*,#731,.T.);
#1788 = ORIENTED_EDGE('',*,*,#1600,.T.);
#1789 = ORIENTED_EDGE('',*,*,#1790,.F.);
#1790 = EDGE_CURVE('',#1682,#1601,#1791,.T.);
#1791 = LINE('',#1792,#1793);
#1792 = CARTESIAN_POINT('',(60.646659876658,79.887677155286,-10.57));
#1793 = VECTOR('',#1794,1.);
#1794 = DIRECTION('',(-0.,-0.,-1.));
#1795 = ORIENTED_EDGE('',*,*,#1689,.F.);
#1796 = PLANE('',#1797);
#1797 = AXIS2_PLACEMENT_3D('',#1798,#1799,#1800);
#1798 = CARTESIAN_POINT('',(61.850236588295,80.088568197936,-10.57));
#1799 = DIRECTION('',(-0.164634146341,0.986354701848,0.));
#1800 = DIRECTION('',(-0.986354701848,-0.164634146341,0.));
#1801 = ADVANCED_FACE('',(#1802),#1813,.T.);
#1802 = FACE_BOUND('',#1803,.T.);
#1803 = EDGE_LOOP('',(#1804,#1805,#1811,#1812));
#1804 = ORIENTED_EDGE('',*,*,#875,.T.);
#1805 = ORIENTED_EDGE('',*,*,#1806,.T.);
#1806 = EDGE_CURVE('',#876,#818,#1807,.T.);
#1807 = LINE('',#1808,#1809);
#1808 = CARTESIAN_POINT('',(26.5,71.5,-0.54));
#1809 = VECTOR('',#1810,1.);
#1810 = DIRECTION('',(1.,0.,0.));
#1811 = ORIENTED_EDGE('',*,*,#825,.T.);
#1812 = ORIENTED_EDGE('',*,*,#850,.T.);
#1813 = PLANE('',#1814);
#1814 = AXIS2_PLACEMENT_3D('',#1815,#1816,#1817);
#1815 = CARTESIAN_POINT('',(31.5,42.116197183099,-0.54));
#1816 = DIRECTION('',(0.,0.,1.));
#1817 = DIRECTION('',(1.,0.,0.));
#1818 = ADVANCED_FACE('',(#1819),#1825,.F.);
#1819 = FACE_BOUND('',#1820,.F.);
#1820 = EDGE_LOOP('',(#1821,#1822,#1823,#1824));
#1821 = ORIENTED_EDGE('',*,*,#1222,.F.);
#1822 = ORIENTED_EDGE('',*,*,#883,.T.);
#1823 = ORIENTED_EDGE('',*,*,#1806,.T.);
#1824 = ORIENTED_EDGE('',*,*,#817,.F.);
#1825 = PLANE('',#1826);
#1826 = AXIS2_PLACEMENT_3D('',#1827,#1828,#1829);
#1827 = CARTESIAN_POINT('',(26.5,71.5,1.46));
#1828 = DIRECTION('',(0.,-1.,0.));
#1829 = DIRECTION('',(1.,0.,0.));
#1830 = ADVANCED_FACE('',(#1831,#1849),#1883,.T.);
#1831 = FACE_BOUND('',#1832,.T.);
#1832 = EDGE_LOOP('',(#1833,#1834,#1835,#1841,#1842,#1843));
#1833 = ORIENTED_EDGE('',*,*,#937,.T.);
#1834 = ORIENTED_EDGE('',*,*,#1013,.F.);
#1835 = ORIENTED_EDGE('',*,*,#1836,.F.);
#1836 = EDGE_CURVE('',#1031,#1006,#1837,.T.);
#1837 = LINE('',#1838,#1839);
#1838 = CARTESIAN_POINT('',(3.286305446838,72.7,-9.27));
#1839 = VECTOR('',#1840,1.);
#1840 = DIRECTION('',(1.,0.,0.));
#1841 = ORIENTED_EDGE('',*,*,#1030,.F.);
#1842 = ORIENTED_EDGE('',*,*,#1104,.T.);
#1843 = ORIENTED_EDGE('',*,*,#1844,.T.);
#1844 = EDGE_CURVE('',#1105,#938,#1845,.T.);
#1845 = LINE('',#1846,#1847);
#1846 = CARTESIAN_POINT('',(1.8,61.4,-9.27));
#1847 = VECTOR('',#1848,1.);
#1848 = DIRECTION('',(1.,0.,0.));
#1849 = FACE_BOUND('',#1850,.T.);
#1850 = EDGE_LOOP('',(#1851,#1861,#1869,#1877));
#1851 = ORIENTED_EDGE('',*,*,#1852,.F.);
#1852 = EDGE_CURVE('',#1853,#1855,#1857,.T.);
#1853 = VERTEX_POINT('',#1854);
#1854 = CARTESIAN_POINT('',(2.82,72.1,-9.27));
#1855 = VERTEX_POINT('',#1856);
#1856 = CARTESIAN_POINT('',(2.82,68.4,-9.27));
#1857 = LINE('',#1858,#1859);
#1858 = CARTESIAN_POINT('',(2.82,72.1,-9.27));
#1859 = VECTOR('',#1860,1.);
#1860 = DIRECTION('',(0.,-1.,0.));
#1861 = ORIENTED_EDGE('',*,*,#1862,.F.);
#1862 = EDGE_CURVE('',#1863,#1853,#1865,.T.);
#1863 = VERTEX_POINT('',#1864);
#1864 = CARTESIAN_POINT('',(16.2,72.1,-9.27));
#1865 = LINE('',#1866,#1867);
#1866 = CARTESIAN_POINT('',(16.2,72.1,-9.27));
#1867 = VECTOR('',#1868,1.);
#1868 = DIRECTION('',(-1.,0.,0.));
#1869 = ORIENTED_EDGE('',*,*,#1870,.F.);
#1870 = EDGE_CURVE('',#1871,#1863,#1873,.T.);
#1871 = VERTEX_POINT('',#1872);
#1872 = CARTESIAN_POINT('',(16.2,68.4,-9.27));
#1873 = LINE('',#1874,#1875);
#1874 = CARTESIAN_POINT('',(16.2,68.4,-9.27));
#1875 = VECTOR('',#1876,1.);
#1876 = DIRECTION('',(0.,1.,0.));
#1877 = ORIENTED_EDGE('',*,*,#1878,.F.);
#1878 = EDGE_CURVE('',#1855,#1871,#1879,.T.);
#1879 = LINE('',#1880,#1881);
#1880 = CARTESIAN_POINT('',(2.82,68.4,-9.27));
#1881 = VECTOR('',#1882,1.);
#1882 = DIRECTION('',(1.,0.,0.));
#1883 = PLANE('',#1884);
#1884 = AXIS2_PLACEMENT_3D('',#1885,#1886,#1887);
#1885 = CARTESIAN_POINT('',(9.5,72.555848118596,-9.27));
#1886 = DIRECTION('',(0.,0.,1.));
#1887 = DIRECTION('',(1.,0.,0.));
#1888 = ADVANCED_FACE('',(#1889),#1895,.T.);
#1889 = FACE_BOUND('',#1890,.T.);
#1890 = EDGE_LOOP('',(#1891,#1892,#1893,#1894));
#1891 = ORIENTED_EDGE('',*,*,#1844,.F.);
#1892 = ORIENTED_EDGE('',*,*,#1130,.T.);
#1893 = ORIENTED_EDGE('',*,*,#1231,.T.);
#1894 = ORIENTED_EDGE('',*,*,#947,.F.);
#1895 = PLANE('',#1896);
#1896 = AXIS2_PLACEMENT_3D('',#1897,#1898,#1899);
#1897 = CARTESIAN_POINT('',(1.8,61.4,-9.27));
#1898 = DIRECTION('',(0.,1.,0.));
#1899 = DIRECTION('',(1.,0.,0.));
#1900 = ADVANCED_FACE('',(#1901),#1926,.T.);
#1901 = FACE_BOUND('',#1902,.T.);
#1902 = EDGE_LOOP('',(#1903,#1911,#1919,#1925));
#1903 = ORIENTED_EDGE('',*,*,#1904,.T.);
#1904 = EDGE_CURVE('',#980,#1905,#1907,.T.);
#1905 = VERTEX_POINT('',#1906);
#1906 = CARTESIAN_POINT('',(16.646659876658,79.887677155286,-13.57));
#1907 = LINE('',#1908,#1909);
#1908 = CARTESIAN_POINT('',(17.850236588295,80.088568197936,-13.57));
#1909 = VECTOR('',#1910,1.);
#1910 = DIRECTION('',(-0.986354701848,-0.164634146341,0.));
#1911 = ORIENTED_EDGE('',*,*,#1912,.T.);
#1912 = EDGE_CURVE('',#1905,#1913,#1915,.T.);
#1913 = VERTEX_POINT('',#1914);
#1914 = CARTESIAN_POINT('',(16.646659876658,77.112322844714,-13.57));
#1915 = LINE('',#1916,#1917);
#1916 = CARTESIAN_POINT('',(16.646659876658,79.887677155286,-13.57));
#1917 = VECTOR('',#1918,1.);
#1918 = DIRECTION('',(0.,-1.,0.));
#1919 = ORIENTED_EDGE('',*,*,#1920,.T.);
#1920 = EDGE_CURVE('',#1913,#978,#1921,.T.);
#1921 = LINE('',#1922,#1923);
#1922 = CARTESIAN_POINT('',(16.646659876658,77.112322844714,-13.57));
#1923 = VECTOR('',#1924,1.);
#1924 = DIRECTION('',(0.986354701848,-0.164634146341,0.));
#1925 = ORIENTED_EDGE('',*,*,#977,.T.);
#1926 = PLANE('',#1927);
#1927 = AXIS2_PLACEMENT_3D('',#1928,#1929,#1930);
#1928 = CARTESIAN_POINT('',(17.312088733951,78.5,-13.57));
#1929 = DIRECTION('',(0.,0.,1.));
#1930 = DIRECTION('',(1.,0.,0.));
#1931 = ADVANCED_FACE('',(#1932),#1950,.F.);
#1932 = FACE_BOUND('',#1933,.F.);
#1933 = EDGE_LOOP('',(#1934,#1942,#1943,#1944));
#1934 = ORIENTED_EDGE('',*,*,#1935,.T.);
#1935 = EDGE_CURVE('',#1936,#1913,#1938,.T.);
#1936 = VERTEX_POINT('',#1937);
#1937 = CARTESIAN_POINT('',(16.646659876658,77.112322844714,-10.57));
#1938 = LINE('',#1939,#1940);
#1939 = CARTESIAN_POINT('',(16.646659876658,77.112322844714,-10.57));
#1940 = VECTOR('',#1941,1.);
#1941 = DIRECTION('',(-0.,-0.,-1.));
#1942 = ORIENTED_EDGE('',*,*,#1920,.T.);
#1943 = ORIENTED_EDGE('',*,*,#988,.F.);
#1944 = ORIENTED_EDGE('',*,*,#1945,.F.);
#1945 = EDGE_CURVE('',#1936,#989,#1946,.T.);
#1946 = LINE('',#1947,#1948);
#1947 = CARTESIAN_POINT('',(16.646659876658,77.112322844714,-10.57));
#1948 = VECTOR('',#1949,1.);
#1949 = DIRECTION('',(0.986354701848,-0.164634146341,0.));
#1950 = PLANE('',#1951);
#1951 = AXIS2_PLACEMENT_3D('',#1952,#1953,#1954);
#1952 = CARTESIAN_POINT('',(16.646659876658,77.112322844714,-10.57));
#1953 = DIRECTION('',(-0.164634146341,-0.986354701848,0.));
#1954 = DIRECTION('',(0.986354701848,-0.164634146341,0.));
#1955 = ADVANCED_FACE('',(#1956),#1998,.T.);
#1956 = FACE_BOUND('',#1957,.T.);
#1957 = EDGE_LOOP('',(#1958,#1959,#1967,#1976,#1982,#1983,#1984,#1992));
#1958 = ORIENTED_EDGE('',*,*,#1081,.T.);
#1959 = ORIENTED_EDGE('',*,*,#1960,.T.);
#1960 = EDGE_CURVE('',#1074,#1961,#1963,.T.);
#1961 = VERTEX_POINT('',#1962);
#1962 = CARTESIAN_POINT('',(11.690890230021,84.3,-10.57));
#1963 = LINE('',#1964,#1965);
#1964 = CARTESIAN_POINT('',(15.713694553162,84.3,-10.57));
#1965 = VECTOR('',#1966,1.);
#1966 = DIRECTION('',(-1.,0.,0.));
#1967 = ORIENTED_EDGE('',*,*,#1968,.F.);
#1968 = EDGE_CURVE('',#1969,#1961,#1971,.T.);
#1969 = VERTEX_POINT('',#1970);
#1970 = CARTESIAN_POINT('',(11.690890230021,72.7,-10.57));
#1971 = CIRCLE('',#1972,6.2);
#1972 = AXIS2_PLACEMENT_3D('',#1973,#1974,#1975);
#1973 = CARTESIAN_POINT('',(9.5,78.5,-10.57));
#1974 = DIRECTION('',(0.,0.,1.));
#1975 = DIRECTION('',(1.,0.,0.));
#1976 = ORIENTED_EDGE('',*,*,#1977,.T.);
#1977 = EDGE_CURVE('',#1969,#997,#1978,.T.);
#1978 = LINE('',#1979,#1980);
#1979 = CARTESIAN_POINT('',(3.286305446838,72.7,-10.57));
#1980 = VECTOR('',#1981,1.);
#1981 = DIRECTION('',(1.,0.,0.));
#1982 = ORIENTED_EDGE('',*,*,#996,.T.);
#1983 = ORIENTED_EDGE('',*,*,#1945,.F.);
#1984 = ORIENTED_EDGE('',*,*,#1985,.F.);
#1985 = EDGE_CURVE('',#1986,#1936,#1988,.T.);
#1986 = VERTEX_POINT('',#1987);
#1987 = CARTESIAN_POINT('',(16.646659876658,79.887677155286,-10.57));
#1988 = LINE('',#1989,#1990);
#1989 = CARTESIAN_POINT('',(16.646659876658,79.887677155286,-10.57));
#1990 = VECTOR('',#1991,1.);
#1991 = DIRECTION('',(0.,-1.,0.));
#1992 = ORIENTED_EDGE('',*,*,#1993,.F.);
#1993 = EDGE_CURVE('',#1082,#1986,#1994,.T.);
#1994 = LINE('',#1995,#1996);
#1995 = CARTESIAN_POINT('',(17.850236588295,80.088568197936,-10.57));
#1996 = VECTOR('',#1997,1.);
#1997 = DIRECTION('',(-0.986354701848,-0.164634146341,0.));
#1998 = PLANE('',#1999);
#1999 = AXIS2_PLACEMENT_3D('',#2000,#2001,#2002);
#2000 = CARTESIAN_POINT('',(9.5,78.5,-10.57));
#2001 = DIRECTION('',(0.,0.,1.));
#2002 = DIRECTION('',(1.,0.,0.));
#2003 = ADVANCED_FACE('',(#2004),#2024,.F.);
#2004 = FACE_BOUND('',#2005,.F.);
#2005 = EDGE_LOOP('',(#2006,#2007,#2015,#2021,#2022,#2023));
#2006 = ORIENTED_EDGE('',*,*,#1039,.T.);
#2007 = ORIENTED_EDGE('',*,*,#2008,.T.);
#2008 = EDGE_CURVE('',#1040,#2009,#2011,.T.);
#2009 = VERTEX_POINT('',#2010);
#2010 = CARTESIAN_POINT('',(7.309109769979,72.7,-10.57));
#2011 = LINE('',#2012,#2013);
#2012 = CARTESIAN_POINT('',(3.286305446838,72.7,-10.57));
#2013 = VECTOR('',#2014,1.);
#2014 = DIRECTION('',(1.,0.,0.));
#2015 = ORIENTED_EDGE('',*,*,#2016,.T.);
#2016 = EDGE_CURVE('',#2009,#1969,#2017,.T.);
#2017 = LINE('',#2018,#2019);
#2018 = CARTESIAN_POINT('',(3.286305446838,72.7,-10.57));
#2019 = VECTOR('',#2020,1.);
#2020 = DIRECTION('',(1.,0.,0.));
#2021 = ORIENTED_EDGE('',*,*,#1977,.T.);
#2022 = ORIENTED_EDGE('',*,*,#1005,.F.);
#2023 = ORIENTED_EDGE('',*,*,#1836,.F.);
#2024 = PLANE('',#2025);
#2025 = AXIS2_PLACEMENT_3D('',#2026,#2027,#2028);
#2026 = CARTESIAN_POINT('',(3.286305446838,72.7,-9.27));
#2027 = DIRECTION('',(0.,-1.,0.));
#2028 = DIRECTION('',(1.,0.,0.));
#2029 = ADVANCED_FACE('',(#2030),#2049,.T.);
#2030 = FACE_BOUND('',#2031,.T.);
#2031 = EDGE_LOOP('',(#2032,#2040,#2041,#2042));
#2032 = ORIENTED_EDGE('',*,*,#2033,.T.);
#2033 = EDGE_CURVE('',#2034,#1048,#2036,.T.);
#2034 = VERTEX_POINT('',#2035);
#2035 = CARTESIAN_POINT('',(7.309109769979,84.3,-10.57));
#2036 = LINE('',#2037,#2038);
#2037 = CARTESIAN_POINT('',(15.713694553162,84.3,-10.57));
#2038 = VECTOR('',#2039,1.);
#2039 = DIRECTION('',(-1.,0.,0.));
#2040 = ORIENTED_EDGE('',*,*,#1047,.T.);
#2041 = ORIENTED_EDGE('',*,*,#2008,.T.);
#2042 = ORIENTED_EDGE('',*,*,#2043,.F.);
#2043 = EDGE_CURVE('',#2034,#2009,#2044,.T.);
#2044 = CIRCLE('',#2045,6.2);
#2045 = AXIS2_PLACEMENT_3D('',#2046,#2047,#2048);
#2046 = CARTESIAN_POINT('',(9.5,78.5,-10.57));
#2047 = DIRECTION('',(0.,0.,1.));
#2048 = DIRECTION('',(1.,0.,0.));
#2049 = PLANE('',#2050);
#2050 = AXIS2_PLACEMENT_3D('',#2051,#2052,#2053);
#2051 = CARTESIAN_POINT('',(9.5,78.5,-10.57));
#2052 = DIRECTION('',(0.,0.,1.));
#2053 = DIRECTION('',(1.,0.,0.));
#2054 = ADVANCED_FACE('',(#2055),#2073,.F.);
#2055 = FACE_BOUND('',#2056,.F.);
#2056 = EDGE_LOOP('',(#2057,#2058,#2059,#2065,#2066,#2067));
#2057 = ORIENTED_EDGE('',*,*,#1073,.T.);
#2058 = ORIENTED_EDGE('',*,*,#1960,.T.);
#2059 = ORIENTED_EDGE('',*,*,#2060,.T.);
#2060 = EDGE_CURVE('',#1961,#2034,#2061,.T.);
#2061 = LINE('',#2062,#2063);
#2062 = CARTESIAN_POINT('',(15.713694553162,84.3,-10.57));
#2063 = VECTOR('',#2064,1.);
#2064 = DIRECTION('',(-1.,0.,0.));
#2065 = ORIENTED_EDGE('',*,*,#2033,.T.);
#2066 = ORIENTED_EDGE('',*,*,#1056,.F.);
#2067 = ORIENTED_EDGE('',*,*,#2068,.F.);
#2068 = EDGE_CURVE('',#1065,#1057,#2069,.T.);
#2069 = LINE('',#2070,#2071);
#2070 = CARTESIAN_POINT('',(15.713694553162,84.3,-9.27));
#2071 = VECTOR('',#2072,1.);
#2072 = DIRECTION('',(-1.,0.,0.));
#2073 = PLANE('',#2074);
#2074 = AXIS2_PLACEMENT_3D('',#2075,#2076,#2077);
#2075 = CARTESIAN_POINT('',(15.713694553162,84.3,-9.27));
#2076 = DIRECTION('',(0.,1.,0.));
#2077 = DIRECTION('',(-1.,0.,0.));
#2078 = ADVANCED_FACE('',(#2079),#2083,.T.);
#2079 = FACE_BOUND('',#2080,.T.);
#2080 = EDGE_LOOP('',(#2081,#2082));
#2081 = ORIENTED_EDGE('',*,*,#2068,.F.);
#2082 = ORIENTED_EDGE('',*,*,#1064,.T.);
#2083 = PLANE('',#2084);
#2084 = AXIS2_PLACEMENT_3D('',#2085,#2086,#2087);
#2085 = CARTESIAN_POINT('',(9.5,72.555848118596,-9.27));
#2086 = DIRECTION('',(0.,0.,1.));
#2087 = DIRECTION('',(1.,0.,0.));
#2088 = ADVANCED_FACE('',(#2089),#2100,.F.);
#2089 = FACE_BOUND('',#2090,.F.);
#2090 = EDGE_LOOP('',(#2091,#2092,#2093,#2099));
#2091 = ORIENTED_EDGE('',*,*,#1090,.T.);
#2092 = ORIENTED_EDGE('',*,*,#1904,.T.);
#2093 = ORIENTED_EDGE('',*,*,#2094,.F.);
#2094 = EDGE_CURVE('',#1986,#1905,#2095,.T.);
#2095 = LINE('',#2096,#2097);
#2096 = CARTESIAN_POINT('',(16.646659876658,79.887677155286,-10.57));
#2097 = VECTOR('',#2098,1.);
#2098 = DIRECTION('',(-0.,-0.,-1.));
#2099 = ORIENTED_EDGE('',*,*,#1993,.F.);
#2100 = PLANE('',#2101);
#2101 = AXIS2_PLACEMENT_3D('',#2102,#2103,#2104);
#2102 = CARTESIAN_POINT('',(17.850236588295,80.088568197936,-10.57));
#2103 = DIRECTION('',(-0.164634146341,0.986354701848,0.));
#2104 = DIRECTION('',(-0.986354701848,-0.164634146341,0.));
#2105 = ADVANCED_FACE('',(#2106),#2234,.F.);
#2106 = FACE_BOUND('',#2107,.T.);
#2107 = EDGE_LOOP('',(#2108,#2119,#2127,#2136,#2144,#2153,#2159,#2160,
    #2168,#2177,#2185,#2194,#2202,#2211,#2219,#2228));
#2108 = ORIENTED_EDGE('',*,*,#2109,.F.);
#2109 = EDGE_CURVE('',#2110,#2112,#2114,.T.);
#2110 = VERTEX_POINT('',#2111);
#2111 = CARTESIAN_POINT('',(17.850236588295,50.911431802064,-13.57));
#2112 = VERTEX_POINT('',#2113);
#2113 = CARTESIAN_POINT('',(17.850236588295,54.088568197936,-13.57));
#2114 = CIRCLE('',#2115,8.5);
#2115 = AXIS2_PLACEMENT_3D('',#2116,#2117,#2118);
#2116 = CARTESIAN_POINT('',(9.5,52.5,-13.57));
#2117 = DIRECTION('',(0.,0.,1.));
#2118 = DIRECTION('',(1.,0.,0.));
#2119 = ORIENTED_EDGE('',*,*,#2120,.F.);
#2120 = EDGE_CURVE('',#2121,#2110,#2123,.T.);
#2121 = VERTEX_POINT('',#2122);
#2122 = CARTESIAN_POINT('',(17.850236588295,50.911431802064,-10.57));
#2123 = LINE('',#2124,#2125);
#2124 = CARTESIAN_POINT('',(17.850236588295,50.911431802064,-10.57));
#2125 = VECTOR('',#2126,1.);
#2126 = DIRECTION('',(-0.,-0.,-1.));
#2127 = ORIENTED_EDGE('',*,*,#2128,.F.);
#2128 = EDGE_CURVE('',#2129,#2121,#2131,.T.);
#2129 = VERTEX_POINT('',#2130);
#2130 = CARTESIAN_POINT('',(15.713694553162,46.7,-10.57));
#2131 = CIRCLE('',#2132,8.5);
#2132 = AXIS2_PLACEMENT_3D('',#2133,#2134,#2135);
#2133 = CARTESIAN_POINT('',(9.5,52.5,-10.57));
#2134 = DIRECTION('',(0.,0.,1.));
#2135 = DIRECTION('',(1.,0.,0.));
#2136 = ORIENTED_EDGE('',*,*,#2137,.F.);
#2137 = EDGE_CURVE('',#2138,#2129,#2140,.T.);
#2138 = VERTEX_POINT('',#2139);
#2139 = CARTESIAN_POINT('',(15.713694553162,46.7,-9.27));
#2140 = LINE('',#2141,#2142);
#2141 = CARTESIAN_POINT('',(15.713694553162,46.7,-9.27));
#2142 = VECTOR('',#2143,1.);
#2143 = DIRECTION('',(-0.,-0.,-1.));
#2144 = ORIENTED_EDGE('',*,*,#2145,.T.);
#2145 = EDGE_CURVE('',#2138,#2146,#2148,.T.);
#2146 = VERTEX_POINT('',#2147);
#2147 = CARTESIAN_POINT('',(17.2,48.9,-9.27));
#2148 = CIRCLE('',#2149,8.5);
#2149 = AXIS2_PLACEMENT_3D('',#2150,#2151,#2152);
#2150 = CARTESIAN_POINT('',(9.5,52.5,-9.27));
#2151 = DIRECTION('',(0.,0.,1.));
#2152 = DIRECTION('',(1.,0.,0.));
#2153 = ORIENTED_EDGE('',*,*,#2154,.T.);
#2154 = EDGE_CURVE('',#2146,#1254,#2155,.T.);
#2155 = LINE('',#2156,#2157);
#2156 = CARTESIAN_POINT('',(17.2,48.9,-9.27));
#2157 = VECTOR('',#2158,1.);
#2158 = DIRECTION('',(0.,0.,1.));
#2159 = ORIENTED_EDGE('',*,*,#1251,.F.);
#2160 = ORIENTED_EDGE('',*,*,#2161,.F.);
#2161 = EDGE_CURVE('',#2162,#1252,#2164,.T.);
#2162 = VERTEX_POINT('',#2163);
#2163 = CARTESIAN_POINT('',(1.8,48.9,-9.27));
#2164 = LINE('',#2165,#2166);
#2165 = CARTESIAN_POINT('',(1.8,48.9,-9.27));
#2166 = VECTOR('',#2167,1.);
#2167 = DIRECTION('',(0.,0.,1.));
#2168 = ORIENTED_EDGE('',*,*,#2169,.T.);
#2169 = EDGE_CURVE('',#2162,#2170,#2172,.T.);
#2170 = VERTEX_POINT('',#2171);
#2171 = CARTESIAN_POINT('',(3.286305446838,46.7,-9.27));
#2172 = CIRCLE('',#2173,8.5);
#2173 = AXIS2_PLACEMENT_3D('',#2174,#2175,#2176);
#2174 = CARTESIAN_POINT('',(9.5,52.5,-9.27));
#2175 = DIRECTION('',(0.,0.,1.));
#2176 = DIRECTION('',(1.,0.,0.));
#2177 = ORIENTED_EDGE('',*,*,#2178,.T.);
#2178 = EDGE_CURVE('',#2170,#2179,#2181,.T.);
#2179 = VERTEX_POINT('',#2180);
#2180 = CARTESIAN_POINT('',(3.286305446838,46.7,-10.57));
#2181 = LINE('',#2182,#2183);
#2182 = CARTESIAN_POINT('',(3.286305446838,46.7,-9.27));
#2183 = VECTOR('',#2184,1.);
#2184 = DIRECTION('',(-0.,-0.,-1.));
#2185 = ORIENTED_EDGE('',*,*,#2186,.F.);
#2186 = EDGE_CURVE('',#2187,#2179,#2189,.T.);
#2187 = VERTEX_POINT('',#2188);
#2188 = CARTESIAN_POINT('',(3.286305446838,58.3,-10.57));
#2189 = CIRCLE('',#2190,8.5);
#2190 = AXIS2_PLACEMENT_3D('',#2191,#2192,#2193);
#2191 = CARTESIAN_POINT('',(9.5,52.5,-10.57));
#2192 = DIRECTION('',(0.,0.,1.));
#2193 = DIRECTION('',(1.,0.,0.));
#2194 = ORIENTED_EDGE('',*,*,#2195,.F.);
#2195 = EDGE_CURVE('',#2196,#2187,#2198,.T.);
#2196 = VERTEX_POINT('',#2197);
#2197 = CARTESIAN_POINT('',(3.286305446838,58.3,-9.27));
#2198 = LINE('',#2199,#2200);
#2199 = CARTESIAN_POINT('',(3.286305446838,58.3,-9.27));
#2200 = VECTOR('',#2201,1.);
#2201 = DIRECTION('',(-0.,-0.,-1.));
#2202 = ORIENTED_EDGE('',*,*,#2203,.F.);
#2203 = EDGE_CURVE('',#2204,#2196,#2206,.T.);
#2204 = VERTEX_POINT('',#2205);
#2205 = CARTESIAN_POINT('',(15.713694553162,58.3,-9.27));
#2206 = CIRCLE('',#2207,8.5);
#2207 = AXIS2_PLACEMENT_3D('',#2208,#2209,#2210);
#2208 = CARTESIAN_POINT('',(9.5,52.5,-9.27));
#2209 = DIRECTION('',(0.,0.,1.));
#2210 = DIRECTION('',(1.,0.,0.));
#2211 = ORIENTED_EDGE('',*,*,#2212,.T.);
#2212 = EDGE_CURVE('',#2204,#2213,#2215,.T.);
#2213 = VERTEX_POINT('',#2214);
#2214 = CARTESIAN_POINT('',(15.713694553162,58.3,-10.57));
#2215 = LINE('',#2216,#2217);
#2216 = CARTESIAN_POINT('',(15.713694553162,58.3,-9.27));
#2217 = VECTOR('',#2218,1.);
#2218 = DIRECTION('',(-0.,-0.,-1.));
#2219 = ORIENTED_EDGE('',*,*,#2220,.F.);
#2220 = EDGE_CURVE('',#2221,#2213,#2223,.T.);
#2221 = VERTEX_POINT('',#2222);
#2222 = CARTESIAN_POINT('',(17.850236588295,54.088568197936,-10.57));
#2223 = CIRCLE('',#2224,8.5);
#2224 = AXIS2_PLACEMENT_3D('',#2225,#2226,#2227);
#2225 = CARTESIAN_POINT('',(9.5,52.5,-10.57));
#2226 = DIRECTION('',(0.,0.,1.));
#2227 = DIRECTION('',(1.,0.,0.));
#2228 = ORIENTED_EDGE('',*,*,#2229,.T.);
#2229 = EDGE_CURVE('',#2221,#2112,#2230,.T.);
#2230 = LINE('',#2231,#2232);
#2231 = CARTESIAN_POINT('',(17.850236588295,54.088568197936,-10.57));
#2232 = VECTOR('',#2233,1.);
#2233 = DIRECTION('',(-0.,-0.,-1.));
#2234 = CYLINDRICAL_SURFACE('',#2235,8.5);
#2235 = AXIS2_PLACEMENT_3D('',#2236,#2237,#2238);
#2236 = CARTESIAN_POINT('',(9.5,52.5,-9.27));
#2237 = DIRECTION('',(-0.,-0.,-1.));
#2238 = DIRECTION('',(1.,0.,0.));
#2239 = ADVANCED_FACE('',(#2240),#2258,.T.);
#2240 = FACE_BOUND('',#2241,.T.);
#2241 = EDGE_LOOP('',(#2242,#2250,#2251,#2252));
#2242 = ORIENTED_EDGE('',*,*,#2243,.F.);
#2243 = EDGE_CURVE('',#2162,#2244,#2246,.T.);
#2244 = VERTEX_POINT('',#2245);
#2245 = CARTESIAN_POINT('',(1.8,35.4,-9.27));
#2246 = LINE('',#2247,#2248);
#2247 = CARTESIAN_POINT('',(1.8,48.9,-9.27));
#2248 = VECTOR('',#2249,1.);
#2249 = DIRECTION('',(0.,-1.,0.));
#2250 = ORIENTED_EDGE('',*,*,#2161,.T.);
#2251 = ORIENTED_EDGE('',*,*,#1278,.T.);
#2252 = ORIENTED_EDGE('',*,*,#2253,.F.);
#2253 = EDGE_CURVE('',#2244,#1271,#2254,.T.);
#2254 = LINE('',#2255,#2256);
#2255 = CARTESIAN_POINT('',(1.8,35.4,-9.27));
#2256 = VECTOR('',#2257,1.);
#2257 = DIRECTION('',(0.,0.,1.));
#2258 = PLANE('',#2259);
#2259 = AXIS2_PLACEMENT_3D('',#2260,#2261,#2262);
#2260 = CARTESIAN_POINT('',(1.8,48.9,-9.27));
#2261 = DIRECTION('',(1.,0.,0.));
#2262 = DIRECTION('',(0.,-1.,0.));
#2263 = ADVANCED_FACE('',(#2264),#2282,.T.);
#2264 = FACE_BOUND('',#2265,.T.);
#2265 = EDGE_LOOP('',(#2266,#2274,#2280,#2281));
#2266 = ORIENTED_EDGE('',*,*,#2267,.F.);
#2267 = EDGE_CURVE('',#2268,#2146,#2270,.T.);
#2268 = VERTEX_POINT('',#2269);
#2269 = CARTESIAN_POINT('',(17.2,35.4,-9.27));
#2270 = LINE('',#2271,#2272);
#2271 = CARTESIAN_POINT('',(17.2,35.4,-9.27));
#2272 = VECTOR('',#2273,1.);
#2273 = DIRECTION('',(0.,1.,0.));
#2274 = ORIENTED_EDGE('',*,*,#2275,.T.);
#2275 = EDGE_CURVE('',#2268,#1263,#2276,.T.);
#2276 = LINE('',#2277,#2278);
#2277 = CARTESIAN_POINT('',(17.2,35.4,-9.27));
#2278 = VECTOR('',#2279,1.);
#2279 = DIRECTION('',(0.,0.,1.));
#2280 = ORIENTED_EDGE('',*,*,#1262,.T.);
#2281 = ORIENTED_EDGE('',*,*,#2154,.F.);
#2282 = PLANE('',#2283);
#2283 = AXIS2_PLACEMENT_3D('',#2284,#2285,#2286);
#2284 = CARTESIAN_POINT('',(17.2,35.4,-9.27));
#2285 = DIRECTION('',(-1.,0.,0.));
#2286 = DIRECTION('',(0.,1.,0.));
#2287 = ADVANCED_FACE('',(#2288),#2299,.T.);
#2288 = FACE_BOUND('',#2289,.T.);
#2289 = EDGE_LOOP('',(#2290,#2296,#2297,#2298));
#2290 = ORIENTED_EDGE('',*,*,#2291,.F.);
#2291 = EDGE_CURVE('',#2244,#2268,#2292,.T.);
#2292 = LINE('',#2293,#2294);
#2293 = CARTESIAN_POINT('',(1.8,35.4,-9.27));
#2294 = VECTOR('',#2295,1.);
#2295 = DIRECTION('',(1.,0.,0.));
#2296 = ORIENTED_EDGE('',*,*,#2253,.T.);
#2297 = ORIENTED_EDGE('',*,*,#1270,.T.);
#2298 = ORIENTED_EDGE('',*,*,#2275,.F.);
#2299 = PLANE('',#2300);
#2300 = AXIS2_PLACEMENT_3D('',#2301,#2302,#2303);
#2301 = CARTESIAN_POINT('',(1.8,35.4,-9.27));
#2302 = DIRECTION('',(0.,1.,0.));
#2303 = DIRECTION('',(1.,0.,0.));
#2304 = ADVANCED_FACE('',(#2305),#2330,.T.);
#2305 = FACE_BOUND('',#2306,.T.);
#2306 = EDGE_LOOP('',(#2307,#2315,#2323,#2329));
#2307 = ORIENTED_EDGE('',*,*,#2308,.T.);
#2308 = EDGE_CURVE('',#1287,#2309,#2311,.T.);
#2309 = VERTEX_POINT('',#2310);
#2310 = CARTESIAN_POINT('',(19.5,33.,-10.));
#2311 = LINE('',#2312,#2313);
#2312 = CARTESIAN_POINT('',(19.5,33.,0.));
#2313 = VECTOR('',#2314,1.);
#2314 = DIRECTION('',(-0.,-0.,-1.));
#2315 = ORIENTED_EDGE('',*,*,#2316,.T.);
#2316 = EDGE_CURVE('',#2309,#2317,#2319,.T.);
#2317 = VERTEX_POINT('',#2318);
#2318 = CARTESIAN_POINT('',(19.5,70.,-10.));
#2319 = LINE('',#2320,#2321);
#2320 = CARTESIAN_POINT('',(19.5,33.,-10.));
#2321 = VECTOR('',#2322,1.);
#2322 = DIRECTION('',(0.,1.,0.));
#2323 = ORIENTED_EDGE('',*,*,#2324,.F.);
#2324 = EDGE_CURVE('',#1289,#2317,#2325,.T.);
#2325 = LINE('',#2326,#2327);
#2326 = CARTESIAN_POINT('',(19.5,70.,0.));
#2327 = VECTOR('',#2328,1.);
#2328 = DIRECTION('',(-0.,-0.,-1.));
#2329 = ORIENTED_EDGE('',*,*,#1286,.F.);
#2330 = PLANE('',#2331);
#2331 = AXIS2_PLACEMENT_3D('',#2332,#2333,#2334);
#2332 = CARTESIAN_POINT('',(19.5,33.,0.));
#2333 = DIRECTION('',(1.,0.,0.));
#2334 = DIRECTION('',(0.,1.,0.));
#2335 = ADVANCED_FACE('',(#2336),#2354,.T.);
#2336 = FACE_BOUND('',#2337,.T.);
#2337 = EDGE_LOOP('',(#2338,#2346,#2352,#2353));
#2338 = ORIENTED_EDGE('',*,*,#2339,.T.);
#2339 = EDGE_CURVE('',#1337,#2340,#2342,.T.);
#2340 = VERTEX_POINT('',#2341);
#2341 = CARTESIAN_POINT('',(3.,33.,-10.));
#2342 = LINE('',#2343,#2344);
#2343 = CARTESIAN_POINT('',(3.,33.,0.));
#2344 = VECTOR('',#2345,1.);
#2345 = DIRECTION('',(-0.,-0.,-1.));
#2346 = ORIENTED_EDGE('',*,*,#2347,.T.);
#2347 = EDGE_CURVE('',#2340,#2309,#2348,.T.);
#2348 = LINE('',#2349,#2350);
#2349 = CARTESIAN_POINT('',(3.,33.,-10.));
#2350 = VECTOR('',#2351,1.);
#2351 = DIRECTION('',(1.,0.,0.));
#2352 = ORIENTED_EDGE('',*,*,#2308,.F.);
#2353 = ORIENTED_EDGE('',*,*,#1344,.F.);
#2354 = PLANE('',#2355);
#2355 = AXIS2_PLACEMENT_3D('',#2356,#2357,#2358);
#2356 = CARTESIAN_POINT('',(3.,33.,0.));
#2357 = DIRECTION('',(0.,-1.,0.));
#2358 = DIRECTION('',(1.,0.,0.));
#2359 = ADVANCED_FACE('',(#2360),#2378,.T.);
#2360 = FACE_BOUND('',#2361,.T.);
#2361 = EDGE_LOOP('',(#2362,#2363,#2371,#2377));
#2362 = ORIENTED_EDGE('',*,*,#2324,.T.);
#2363 = ORIENTED_EDGE('',*,*,#2364,.T.);
#2364 = EDGE_CURVE('',#2317,#2365,#2367,.T.);
#2365 = VERTEX_POINT('',#2366);
#2366 = CARTESIAN_POINT('',(43.5,70.,-10.));
#2367 = LINE('',#2368,#2369);
#2368 = CARTESIAN_POINT('',(19.5,70.,-10.));
#2369 = VECTOR('',#2370,1.);
#2370 = DIRECTION('',(1.,0.,0.));
#2371 = ORIENTED_EDGE('',*,*,#2372,.F.);
#2372 = EDGE_CURVE('',#1297,#2365,#2373,.T.);
#2373 = LINE('',#2374,#2375);
#2374 = CARTESIAN_POINT('',(43.5,70.,0.));
#2375 = VECTOR('',#2376,1.);
#2376 = DIRECTION('',(-0.,-0.,-1.));
#2377 = ORIENTED_EDGE('',*,*,#1296,.F.);
#2378 = PLANE('',#2379);
#2379 = AXIS2_PLACEMENT_3D('',#2380,#2381,#2382);
#2380 = CARTESIAN_POINT('',(19.5,70.,0.));
#2381 = DIRECTION('',(0.,-1.,0.));
#2382 = DIRECTION('',(1.,0.,0.));
#2383 = ADVANCED_FACE('',(#2384),#2402,.T.);
#2384 = FACE_BOUND('',#2385,.T.);
#2385 = EDGE_LOOP('',(#2386,#2394,#2400,#2401));
#2386 = ORIENTED_EDGE('',*,*,#2387,.T.);
#2387 = EDGE_CURVE('',#1329,#2388,#2390,.T.);
#2388 = VERTEX_POINT('',#2389);
#2389 = CARTESIAN_POINT('',(3.,2.,-10.));
#2390 = LINE('',#2391,#2392);
#2391 = CARTESIAN_POINT('',(3.,2.,0.));
#2392 = VECTOR('',#2393,1.);
#2393 = DIRECTION('',(-0.,-0.,-1.));
#2394 = ORIENTED_EDGE('',*,*,#2395,.T.);
#2395 = EDGE_CURVE('',#2388,#2340,#2396,.T.);
#2396 = LINE('',#2397,#2398);
#2397 = CARTESIAN_POINT('',(3.,2.,-10.));
#2398 = VECTOR('',#2399,1.);
#2399 = DIRECTION('',(0.,1.,0.));
#2400 = ORIENTED_EDGE('',*,*,#2339,.F.);
#2401 = ORIENTED_EDGE('',*,*,#1336,.F.);
#2402 = PLANE('',#2403);
#2403 = AXIS2_PLACEMENT_3D('',#2404,#2405,#2406);
#2404 = CARTESIAN_POINT('',(3.,2.,0.));
#2405 = DIRECTION('',(1.,0.,0.));
#2406 = DIRECTION('',(0.,1.,0.));
#2407 = ADVANCED_FACE('',(#2408),#2426,.T.);
#2408 = FACE_BOUND('',#2409,.T.);
#2409 = EDGE_LOOP('',(#2410,#2411,#2419,#2425));
#2410 = ORIENTED_EDGE('',*,*,#2372,.T.);
#2411 = ORIENTED_EDGE('',*,*,#2412,.T.);
#2412 = EDGE_CURVE('',#2365,#2413,#2415,.T.);
#2413 = VERTEX_POINT('',#2414);
#2414 = CARTESIAN_POINT('',(43.5,33.,-10.));
#2415 = LINE('',#2416,#2417);
#2416 = CARTESIAN_POINT('',(43.5,70.,-10.));
#2417 = VECTOR('',#2418,1.);
#2418 = DIRECTION('',(0.,-1.,0.));
#2419 = ORIENTED_EDGE('',*,*,#2420,.F.);
#2420 = EDGE_CURVE('',#1305,#2413,#2421,.T.);
#2421 = LINE('',#2422,#2423);
#2422 = CARTESIAN_POINT('',(43.5,33.,0.));
#2423 = VECTOR('',#2424,1.);
#2424 = DIRECTION('',(-0.,-0.,-1.));
#2425 = ORIENTED_EDGE('',*,*,#1304,.F.);
#2426 = PLANE('',#2427);
#2427 = AXIS2_PLACEMENT_3D('',#2428,#2429,#2430);
#2428 = CARTESIAN_POINT('',(43.5,70.,0.));
#2429 = DIRECTION('',(-1.,0.,0.));
#2430 = DIRECTION('',(0.,-1.,0.));
#2431 = ADVANCED_FACE('',(#2432),#2450,.T.);
#2432 = FACE_BOUND('',#2433,.T.);
#2433 = EDGE_LOOP('',(#2434,#2442,#2448,#2449));
#2434 = ORIENTED_EDGE('',*,*,#2435,.T.);
#2435 = EDGE_CURVE('',#1321,#2436,#2438,.T.);
#2436 = VERTEX_POINT('',#2437);
#2437 = CARTESIAN_POINT('',(60.,2.,-10.));
#2438 = LINE('',#2439,#2440);
#2439 = CARTESIAN_POINT('',(60.,2.,0.));
#2440 = VECTOR('',#2441,1.);
#2441 = DIRECTION('',(-0.,-0.,-1.));
#2442 = ORIENTED_EDGE('',*,*,#2443,.T.);
#2443 = EDGE_CURVE('',#2436,#2388,#2444,.T.);
#2444 = LINE('',#2445,#2446);
#2445 = CARTESIAN_POINT('',(60.,2.,-10.));
#2446 = VECTOR('',#2447,1.);
#2447 = DIRECTION('',(-1.,0.,0.));
#2448 = ORIENTED_EDGE('',*,*,#2387,.F.);
#2449 = ORIENTED_EDGE('',*,*,#1328,.F.);
#2450 = PLANE('',#2451);
#2451 = AXIS2_PLACEMENT_3D('',#2452,#2453,#2454);
#2452 = CARTESIAN_POINT('',(60.,2.,0.));
#2453 = DIRECTION('',(0.,1.,0.));
#2454 = DIRECTION('',(-1.,0.,0.));
#2455 = ADVANCED_FACE('',(#2456),#2474,.T.);
#2456 = FACE_BOUND('',#2457,.T.);
#2457 = EDGE_LOOP('',(#2458,#2459,#2467,#2473));
#2458 = ORIENTED_EDGE('',*,*,#2420,.T.);
#2459 = ORIENTED_EDGE('',*,*,#2460,.T.);
#2460 = EDGE_CURVE('',#2413,#2461,#2463,.T.);
#2461 = VERTEX_POINT('',#2462);
#2462 = CARTESIAN_POINT('',(60.,33.,-10.));
#2463 = LINE('',#2464,#2465);
#2464 = CARTESIAN_POINT('',(43.5,33.,-10.));
#2465 = VECTOR('',#2466,1.);
#2466 = DIRECTION('',(1.,0.,0.));
#2467 = ORIENTED_EDGE('',*,*,#2468,.F.);
#2468 = EDGE_CURVE('',#1313,#2461,#2469,.T.);
#2469 = LINE('',#2470,#2471);
#2470 = CARTESIAN_POINT('',(60.,33.,0.));
#2471 = VECTOR('',#2472,1.);
#2472 = DIRECTION('',(-0.,-0.,-1.));
#2473 = ORIENTED_EDGE('',*,*,#1312,.F.);
#2474 = PLANE('',#2475);
#2475 = AXIS2_PLACEMENT_3D('',#2476,#2477,#2478);
#2476 = CARTESIAN_POINT('',(43.5,33.,0.));
#2477 = DIRECTION('',(0.,-1.,0.));
#2478 = DIRECTION('',(1.,0.,0.));
#2479 = ADVANCED_FACE('',(#2480),#2491,.T.);
#2480 = FACE_BOUND('',#2481,.T.);
#2481 = EDGE_LOOP('',(#2482,#2483,#2489,#2490));
#2482 = ORIENTED_EDGE('',*,*,#2468,.T.);
#2483 = ORIENTED_EDGE('',*,*,#2484,.T.);
#2484 = EDGE_CURVE('',#2461,#2436,#2485,.T.);
#2485 = LINE('',#2486,#2487);
#2486 = CARTESIAN_POINT('',(60.,33.,-10.));
#2487 = VECTOR('',#2488,1.);
#2488 = DIRECTION('',(0.,-1.,0.));
#2489 = ORIENTED_EDGE('',*,*,#2435,.F.);
#2490 = ORIENTED_EDGE('',*,*,#1320,.F.);
#2491 = PLANE('',#2492);
#2492 = AXIS2_PLACEMENT_3D('',#2493,#2494,#2495);
#2493 = CARTESIAN_POINT('',(60.,33.,0.));
#2494 = DIRECTION('',(-1.,0.,0.));
#2495 = DIRECTION('',(0.,-1.,0.));
#2496 = ADVANCED_FACE('',(#2497),#2625,.F.);
#2497 = FACE_BOUND('',#2498,.T.);
#2498 = EDGE_LOOP('',(#2499,#2510,#2518,#2527,#2535,#2544,#2550,#2551,
    #2559,#2568,#2576,#2585,#2593,#2602,#2610,#2619));
#2499 = ORIENTED_EDGE('',*,*,#2500,.F.);
#2500 = EDGE_CURVE('',#2501,#2503,#2505,.T.);
#2501 = VERTEX_POINT('',#2502);
#2502 = CARTESIAN_POINT('',(61.850236588295,50.911431802064,-13.57));
#2503 = VERTEX_POINT('',#2504);
#2504 = CARTESIAN_POINT('',(61.850236588295,54.088568197936,-13.57));
#2505 = CIRCLE('',#2506,8.5);
#2506 = AXIS2_PLACEMENT_3D('',#2507,#2508,#2509);
#2507 = CARTESIAN_POINT('',(53.5,52.5,-13.57));
#2508 = DIRECTION('',(0.,0.,1.));
#2509 = DIRECTION('',(1.,0.,0.));
#2510 = ORIENTED_EDGE('',*,*,#2511,.F.);
#2511 = EDGE_CURVE('',#2512,#2501,#2514,.T.);
#2512 = VERTEX_POINT('',#2513);
#2513 = CARTESIAN_POINT('',(61.850236588295,50.911431802064,-10.57));
#2514 = LINE('',#2515,#2516);
#2515 = CARTESIAN_POINT('',(61.850236588295,50.911431802064,-10.57));
#2516 = VECTOR('',#2517,1.);
#2517 = DIRECTION('',(-0.,-0.,-1.));
#2518 = ORIENTED_EDGE('',*,*,#2519,.F.);
#2519 = EDGE_CURVE('',#2520,#2512,#2522,.T.);
#2520 = VERTEX_POINT('',#2521);
#2521 = CARTESIAN_POINT('',(59.713694553162,46.7,-10.57));
#2522 = CIRCLE('',#2523,8.5);
#2523 = AXIS2_PLACEMENT_3D('',#2524,#2525,#2526);
#2524 = CARTESIAN_POINT('',(53.5,52.5,-10.57));
#2525 = DIRECTION('',(0.,0.,1.));
#2526 = DIRECTION('',(1.,0.,0.));
#2527 = ORIENTED_EDGE('',*,*,#2528,.F.);
#2528 = EDGE_CURVE('',#2529,#2520,#2531,.T.);
#2529 = VERTEX_POINT('',#2530);
#2530 = CARTESIAN_POINT('',(59.713694553162,46.7,-9.27));
#2531 = LINE('',#2532,#2533);
#2532 = CARTESIAN_POINT('',(59.713694553162,46.7,-9.27));
#2533 = VECTOR('',#2534,1.);
#2534 = DIRECTION('',(-0.,-0.,-1.));
#2535 = ORIENTED_EDGE('',*,*,#2536,.T.);
#2536 = EDGE_CURVE('',#2529,#2537,#2539,.T.);
#2537 = VERTEX_POINT('',#2538);
#2538 = CARTESIAN_POINT('',(61.2,48.9,-9.27));
#2539 = CIRCLE('',#2540,8.5);
#2540 = AXIS2_PLACEMENT_3D('',#2541,#2542,#2543);
#2541 = CARTESIAN_POINT('',(53.5,52.5,-9.27));
#2542 = DIRECTION('',(0.,0.,1.));
#2543 = DIRECTION('',(1.,0.,0.));
#2544 = ORIENTED_EDGE('',*,*,#2545,.T.);
#2545 = EDGE_CURVE('',#2537,#1355,#2546,.T.);
#2546 = LINE('',#2547,#2548);
#2547 = CARTESIAN_POINT('',(61.2,48.9,-9.27));
#2548 = VECTOR('',#2549,1.);
#2549 = DIRECTION('',(0.,0.,1.));
#2550 = ORIENTED_EDGE('',*,*,#1352,.F.);
#2551 = ORIENTED_EDGE('',*,*,#2552,.F.);
#2552 = EDGE_CURVE('',#2553,#1353,#2555,.T.);
#2553 = VERTEX_POINT('',#2554);
#2554 = CARTESIAN_POINT('',(45.8,48.9,-9.27));
#2555 = LINE('',#2556,#2557);
#2556 = CARTESIAN_POINT('',(45.8,48.9,-9.27));
#2557 = VECTOR('',#2558,1.);
#2558 = DIRECTION('',(0.,0.,1.));
#2559 = ORIENTED_EDGE('',*,*,#2560,.T.);
#2560 = EDGE_CURVE('',#2553,#2561,#2563,.T.);
#2561 = VERTEX_POINT('',#2562);
#2562 = CARTESIAN_POINT('',(47.286305446838,46.7,-9.27));
#2563 = CIRCLE('',#2564,8.5);
#2564 = AXIS2_PLACEMENT_3D('',#2565,#2566,#2567);
#2565 = CARTESIAN_POINT('',(53.5,52.5,-9.27));
#2566 = DIRECTION('',(0.,0.,1.));
#2567 = DIRECTION('',(1.,0.,0.));
#2568 = ORIENTED_EDGE('',*,*,#2569,.T.);
#2569 = EDGE_CURVE('',#2561,#2570,#2572,.T.);
#2570 = VERTEX_POINT('',#2571);
#2571 = CARTESIAN_POINT('',(47.286305446838,46.7,-10.57));
#2572 = LINE('',#2573,#2574);
#2573 = CARTESIAN_POINT('',(47.286305446838,46.7,-9.27));
#2574 = VECTOR('',#2575,1.);
#2575 = DIRECTION('',(-0.,-0.,-1.));
#2576 = ORIENTED_EDGE('',*,*,#2577,.F.);
#2577 = EDGE_CURVE('',#2578,#2570,#2580,.T.);
#2578 = VERTEX_POINT('',#2579);
#2579 = CARTESIAN_POINT('',(47.286305446838,58.3,-10.57));
#2580 = CIRCLE('',#2581,8.5);
#2581 = AXIS2_PLACEMENT_3D('',#2582,#2583,#2584);
#2582 = CARTESIAN_POINT('',(53.5,52.5,-10.57));
#2583 = DIRECTION('',(0.,0.,1.));
#2584 = DIRECTION('',(1.,0.,0.));
#2585 = ORIENTED_EDGE('',*,*,#2586,.F.);
#2586 = EDGE_CURVE('',#2587,#2578,#2589,.T.);
#2587 = VERTEX_POINT('',#2588);
#2588 = CARTESIAN_POINT('',(47.286305446838,58.3,-9.27));
#2589 = LINE('',#2590,#2591);
#2590 = CARTESIAN_POINT('',(47.286305446838,58.3,-9.27));
#2591 = VECTOR('',#2592,1.);
#2592 = DIRECTION('',(-0.,-0.,-1.));
#2593 = ORIENTED_EDGE('',*,*,#2594,.F.);
#2594 = EDGE_CURVE('',#2595,#2587,#2597,.T.);
#2595 = VERTEX_POINT('',#2596);
#2596 = CARTESIAN_POINT('',(59.713694553162,58.3,-9.27));
#2597 = CIRCLE('',#2598,8.5);
#2598 = AXIS2_PLACEMENT_3D('',#2599,#2600,#2601);
#2599 = CARTESIAN_POINT('',(53.5,52.5,-9.27));
#2600 = DIRECTION('',(0.,0.,1.));
#2601 = DIRECTION('',(1.,0.,0.));
#2602 = ORIENTED_EDGE('',*,*,#2603,.T.);
#2603 = EDGE_CURVE('',#2595,#2604,#2606,.T.);
#2604 = VERTEX_POINT('',#2605);
#2605 = CARTESIAN_POINT('',(59.713694553162,58.3,-10.57));
#2606 = LINE('',#2607,#2608);
#2607 = CARTESIAN_POINT('',(59.713694553162,58.3,-9.27));
#2608 = VECTOR('',#2609,1.);
#2609 = DIRECTION('',(-0.,-0.,-1.));
#2610 = ORIENTED_EDGE('',*,*,#2611,.F.);
#2611 = EDGE_CURVE('',#2612,#2604,#2614,.T.);
#2612 = VERTEX_POINT('',#2613);
#2613 = CARTESIAN_POINT('',(61.850236588295,54.088568197936,-10.57));
#2614 = CIRCLE('',#2615,8.5);
#2615 = AXIS2_PLACEMENT_3D('',#2616,#2617,#2618);
#2616 = CARTESIAN_POINT('',(53.5,52.5,-10.57));
#2617 = DIRECTION('',(0.,0.,1.));
#2618 = DIRECTION('',(1.,0.,0.));
#2619 = ORIENTED_EDGE('',*,*,#2620,.T.);
#2620 = EDGE_CURVE('',#2612,#2503,#2621,.T.);
#2621 = LINE('',#2622,#2623);
#2622 = CARTESIAN_POINT('',(61.850236588295,54.088568197936,-10.57));
#2623 = VECTOR('',#2624,1.);
#2624 = DIRECTION('',(-0.,-0.,-1.));
#2625 = CYLINDRICAL_SURFACE('',#2626,8.5);
#2626 = AXIS2_PLACEMENT_3D('',#2627,#2628,#2629);
#2627 = CARTESIAN_POINT('',(53.5,52.5,-9.27));
#2628 = DIRECTION('',(-0.,-0.,-1.));
#2629 = DIRECTION('',(1.,0.,0.));
#2630 = ADVANCED_FACE('',(#2631),#2649,.T.);
#2631 = FACE_BOUND('',#2632,.T.);
#2632 = EDGE_LOOP('',(#2633,#2641,#2642,#2643));
#2633 = ORIENTED_EDGE('',*,*,#2634,.F.);
#2634 = EDGE_CURVE('',#2553,#2635,#2637,.T.);
#2635 = VERTEX_POINT('',#2636);
#2636 = CARTESIAN_POINT('',(45.8,35.4,-9.27));
#2637 = LINE('',#2638,#2639);
#2638 = CARTESIAN_POINT('',(45.8,48.9,-9.27));
#2639 = VECTOR('',#2640,1.);
#2640 = DIRECTION('',(0.,-1.,0.));
#2641 = ORIENTED_EDGE('',*,*,#2552,.T.);
#2642 = ORIENTED_EDGE('',*,*,#1379,.T.);
#2643 = ORIENTED_EDGE('',*,*,#2644,.F.);
#2644 = EDGE_CURVE('',#2635,#1372,#2645,.T.);
#2645 = LINE('',#2646,#2647);
#2646 = CARTESIAN_POINT('',(45.8,35.4,-9.27));
#2647 = VECTOR('',#2648,1.);
#2648 = DIRECTION('',(0.,0.,1.));
#2649 = PLANE('',#2650);
#2650 = AXIS2_PLACEMENT_3D('',#2651,#2652,#2653);
#2651 = CARTESIAN_POINT('',(45.8,48.9,-9.27));
#2652 = DIRECTION('',(1.,0.,0.));
#2653 = DIRECTION('',(0.,-1.,0.));
#2654 = ADVANCED_FACE('',(#2655),#2673,.T.);
#2655 = FACE_BOUND('',#2656,.T.);
#2656 = EDGE_LOOP('',(#2657,#2665,#2671,#2672));
#2657 = ORIENTED_EDGE('',*,*,#2658,.F.);
#2658 = EDGE_CURVE('',#2659,#2537,#2661,.T.);
#2659 = VERTEX_POINT('',#2660);
#2660 = CARTESIAN_POINT('',(61.2,35.4,-9.27));
#2661 = LINE('',#2662,#2663);
#2662 = CARTESIAN_POINT('',(61.2,35.4,-9.27));
#2663 = VECTOR('',#2664,1.);
#2664 = DIRECTION('',(0.,1.,0.));
#2665 = ORIENTED_EDGE('',*,*,#2666,.T.);
#2666 = EDGE_CURVE('',#2659,#1364,#2667,.T.);
#2667 = LINE('',#2668,#2669);
#2668 = CARTESIAN_POINT('',(61.2,35.4,-9.27));
#2669 = VECTOR('',#2670,1.);
#2670 = DIRECTION('',(0.,0.,1.));
#2671 = ORIENTED_EDGE('',*,*,#1363,.T.);
#2672 = ORIENTED_EDGE('',*,*,#2545,.F.);
#2673 = PLANE('',#2674);
#2674 = AXIS2_PLACEMENT_3D('',#2675,#2676,#2677);
#2675 = CARTESIAN_POINT('',(61.2,35.4,-9.27));
#2676 = DIRECTION('',(-1.,0.,0.));
#2677 = DIRECTION('',(0.,1.,0.));
#2678 = ADVANCED_FACE('',(#2679),#2690,.T.);
#2679 = FACE_BOUND('',#2680,.T.);
#2680 = EDGE_LOOP('',(#2681,#2687,#2688,#2689));
#2681 = ORIENTED_EDGE('',*,*,#2682,.F.);
#2682 = EDGE_CURVE('',#2635,#2659,#2683,.T.);
#2683 = LINE('',#2684,#2685);
#2684 = CARTESIAN_POINT('',(45.8,35.4,-9.27));
#2685 = VECTOR('',#2686,1.);
#2686 = DIRECTION('',(1.,0.,0.));
#2687 = ORIENTED_EDGE('',*,*,#2644,.T.);
#2688 = ORIENTED_EDGE('',*,*,#1371,.T.);
#2689 = ORIENTED_EDGE('',*,*,#2666,.F.);
#2690 = PLANE('',#2691);
#2691 = AXIS2_PLACEMENT_3D('',#2692,#2693,#2694);
#2692 = CARTESIAN_POINT('',(45.8,35.4,-9.27));
#2693 = DIRECTION('',(0.,1.,0.));
#2694 = DIRECTION('',(1.,0.,0.));
#2695 = ADVANCED_FACE('',(#2696,#2732),#2735,.T.);
#2696 = FACE_BOUND('',#2697,.T.);
#2697 = EDGE_LOOP('',(#2698,#2709,#2717,#2726));
#2698 = ORIENTED_EDGE('',*,*,#2699,.T.);
#2699 = EDGE_CURVE('',#2700,#2702,#2704,.T.);
#2700 = VERTEX_POINT('',#2701);
#2701 = CARTESIAN_POINT('',(51.304969521821,58.32269850017,-11.22));
#2702 = VERTEX_POINT('',#2703);
#2703 = CARTESIAN_POINT('',(51.304969521821,46.67730149983,-11.22));
#2704 = CIRCLE('',#2705,6.22269850017);
#2705 = AXIS2_PLACEMENT_3D('',#2706,#2707,#2708);
#2706 = CARTESIAN_POINT('',(53.5,52.5,-11.22));
#2707 = DIRECTION('',(0.,0.,1.));
#2708 = DIRECTION('',(1.,0.,0.));
#2709 = ORIENTED_EDGE('',*,*,#2710,.T.);
#2710 = EDGE_CURVE('',#2702,#2711,#2713,.T.);
#2711 = VERTEX_POINT('',#2712);
#2712 = CARTESIAN_POINT('',(55.695030478179,46.67730149983,-11.22));
#2713 = LINE('',#2714,#2715);
#2714 = CARTESIAN_POINT('',(51.309109769979,46.67730149983,-11.22));
#2715 = VECTOR('',#2716,1.);
#2716 = DIRECTION('',(1.,0.,0.));
#2717 = ORIENTED_EDGE('',*,*,#2718,.T.);
#2718 = EDGE_CURVE('',#2711,#2719,#2721,.T.);
#2719 = VERTEX_POINT('',#2720);
#2720 = CARTESIAN_POINT('',(55.695030478179,58.32269850017,-11.22));
#2721 = CIRCLE('',#2722,6.22269850017);
#2722 = AXIS2_PLACEMENT_3D('',#2723,#2724,#2725);
#2723 = CARTESIAN_POINT('',(53.5,52.5,-11.22));
#2724 = DIRECTION('',(0.,0.,1.));
#2725 = DIRECTION('',(1.,0.,0.));
#2726 = ORIENTED_EDGE('',*,*,#2727,.F.);
#2727 = EDGE_CURVE('',#2700,#2719,#2728,.T.);
#2728 = LINE('',#2729,#2730);
#2729 = CARTESIAN_POINT('',(51.309109769979,58.32269850017,-11.22));
#2730 = VECTOR('',#2731,1.);
#2731 = DIRECTION('',(1.,0.,0.));
#2732 = FACE_BOUND('',#2733,.T.);
#2733 = EDGE_LOOP('',(#2734));
#2734 = ORIENTED_EDGE('',*,*,#1405,.F.);
#2735 = PLANE('',#2736);
#2736 = AXIS2_PLACEMENT_3D('',#2737,#2738,#2739);
#2737 = CARTESIAN_POINT('',(53.5,52.5,-11.22));
#2738 = DIRECTION('',(0.,0.,1.));
#2739 = DIRECTION('',(1.,0.,0.));
#2740 = ADVANCED_FACE('',(#2741,#2775),#2778,.T.);
#2741 = FACE_BOUND('',#2742,.T.);
#2742 = EDGE_LOOP('',(#2743,#2753,#2761,#2769));
#2743 = ORIENTED_EDGE('',*,*,#2744,.T.);
#2744 = EDGE_CURVE('',#2745,#2747,#2749,.T.);
#2745 = VERTEX_POINT('',#2746);
#2746 = CARTESIAN_POINT('',(25.,49.,-10.9));
#2747 = VERTEX_POINT('',#2748);
#2748 = CARTESIAN_POINT('',(38.,49.,-10.9));
#2749 = LINE('',#2750,#2751);
#2750 = CARTESIAN_POINT('',(25.,49.,-10.9));
#2751 = VECTOR('',#2752,1.);
#2752 = DIRECTION('',(1.,0.,0.));
#2753 = ORIENTED_EDGE('',*,*,#2754,.T.);
#2754 = EDGE_CURVE('',#2747,#2755,#2757,.T.);
#2755 = VERTEX_POINT('',#2756);
#2756 = CARTESIAN_POINT('',(38.,56.,-10.9));
#2757 = LINE('',#2758,#2759);
#2758 = CARTESIAN_POINT('',(38.,49.,-10.9));
#2759 = VECTOR('',#2760,1.);
#2760 = DIRECTION('',(0.,1.,0.));
#2761 = ORIENTED_EDGE('',*,*,#2762,.T.);
#2762 = EDGE_CURVE('',#2755,#2763,#2765,.T.);
#2763 = VERTEX_POINT('',#2764);
#2764 = CARTESIAN_POINT('',(25.,56.,-10.9));
#2765 = LINE('',#2766,#2767);
#2766 = CARTESIAN_POINT('',(38.,56.,-10.9));
#2767 = VECTOR('',#2768,1.);
#2768 = DIRECTION('',(-1.,0.,0.));
#2769 = ORIENTED_EDGE('',*,*,#2770,.T.);
#2770 = EDGE_CURVE('',#2763,#2745,#2771,.T.);
#2771 = LINE('',#2772,#2773);
#2772 = CARTESIAN_POINT('',(25.,56.,-10.9));
#2773 = VECTOR('',#2774,1.);
#2774 = DIRECTION('',(0.,-1.,0.));
#2775 = FACE_BOUND('',#2776,.T.);
#2776 = EDGE_LOOP('',(#2777));
#2777 = ORIENTED_EDGE('',*,*,#1438,.F.);
#2778 = PLANE('',#2779);
#2779 = AXIS2_PLACEMENT_3D('',#2780,#2781,#2782);
#2780 = CARTESIAN_POINT('',(31.5,52.5,-10.9));
#2781 = DIRECTION('',(0.,0.,1.));
#2782 = DIRECTION('',(1.,0.,0.));
#2783 = ADVANCED_FACE('',(#2784,#2820),#2823,.T.);
#2784 = FACE_BOUND('',#2785,.T.);
#2785 = EDGE_LOOP('',(#2786,#2797,#2805,#2814));
#2786 = ORIENTED_EDGE('',*,*,#2787,.T.);
#2787 = EDGE_CURVE('',#2788,#2790,#2792,.T.);
#2788 = VERTEX_POINT('',#2789);
#2789 = CARTESIAN_POINT('',(7.304969521821,58.32269850017,-11.22));
#2790 = VERTEX_POINT('',#2791);
#2791 = CARTESIAN_POINT('',(7.304969521821,46.67730149983,-11.22));
#2792 = CIRCLE('',#2793,6.22269850017);
#2793 = AXIS2_PLACEMENT_3D('',#2794,#2795,#2796);
#2794 = CARTESIAN_POINT('',(9.5,52.5,-11.22));
#2795 = DIRECTION('',(0.,0.,1.));
#2796 = DIRECTION('',(1.,0.,0.));
#2797 = ORIENTED_EDGE('',*,*,#2798,.T.);
#2798 = EDGE_CURVE('',#2790,#2799,#2801,.T.);
#2799 = VERTEX_POINT('',#2800);
#2800 = CARTESIAN_POINT('',(11.695030478179,46.67730149983,-11.22));
#2801 = LINE('',#2802,#2803);
#2802 = CARTESIAN_POINT('',(7.309109769979,46.67730149983,-11.22));
#2803 = VECTOR('',#2804,1.);
#2804 = DIRECTION('',(1.,0.,0.));
#2805 = ORIENTED_EDGE('',*,*,#2806,.T.);
#2806 = EDGE_CURVE('',#2799,#2807,#2809,.T.);
#2807 = VERTEX_POINT('',#2808);
#2808 = CARTESIAN_POINT('',(11.695030478179,58.32269850017,-11.22));
#2809 = CIRCLE('',#2810,6.22269850017);
#2810 = AXIS2_PLACEMENT_3D('',#2811,#2812,#2813);
#2811 = CARTESIAN_POINT('',(9.5,52.5,-11.22));
#2812 = DIRECTION('',(0.,0.,1.));
#2813 = DIRECTION('',(1.,0.,0.));
#2814 = ORIENTED_EDGE('',*,*,#2815,.F.);
#2815 = EDGE_CURVE('',#2788,#2807,#2816,.T.);
#2816 = LINE('',#2817,#2818);
#2817 = CARTESIAN_POINT('',(7.309109769979,58.32269850017,-11.22));
#2818 = VECTOR('',#2819,1.);
#2819 = DIRECTION('',(1.,0.,0.));
#2820 = FACE_BOUND('',#2821,.T.);
#2821 = EDGE_LOOP('',(#2822));
#2822 = ORIENTED_EDGE('',*,*,#1455,.F.);
#2823 = PLANE('',#2824);
#2824 = AXIS2_PLACEMENT_3D('',#2825,#2826,#2827);
#2825 = CARTESIAN_POINT('',(9.5,52.5,-11.22));
#2826 = DIRECTION('',(0.,0.,1.));
#2827 = DIRECTION('',(1.,0.,0.));
#2828 = ADVANCED_FACE('',(#2829,#2865),#2868,.T.);
#2829 = FACE_BOUND('',#2830,.T.);
#2830 = EDGE_LOOP('',(#2831,#2842,#2850,#2859));
#2831 = ORIENTED_EDGE('',*,*,#2832,.T.);
#2832 = EDGE_CURVE('',#2833,#2835,#2837,.T.);
#2833 = VERTEX_POINT('',#2834);
#2834 = CARTESIAN_POINT('',(51.304969521821,84.32269850017,-11.22));
#2835 = VERTEX_POINT('',#2836);
#2836 = CARTESIAN_POINT('',(51.304969521821,72.67730149983,-11.22));
#2837 = CIRCLE('',#2838,6.22269850017);
#2838 = AXIS2_PLACEMENT_3D('',#2839,#2840,#2841);
#2839 = CARTESIAN_POINT('',(53.5,78.5,-11.22));
#2840 = DIRECTION('',(0.,0.,1.));
#2841 = DIRECTION('',(1.,0.,0.));
#2842 = ORIENTED_EDGE('',*,*,#2843,.T.);
#2843 = EDGE_CURVE('',#2835,#2844,#2846,.T.);
#2844 = VERTEX_POINT('',#2845);
#2845 = CARTESIAN_POINT('',(55.695030478179,72.67730149983,-11.22));
#2846 = LINE('',#2847,#2848);
#2847 = CARTESIAN_POINT('',(51.309109769979,72.67730149983,-11.22));
#2848 = VECTOR('',#2849,1.);
#2849 = DIRECTION('',(1.,0.,0.));
#2850 = ORIENTED_EDGE('',*,*,#2851,.T.);
#2851 = EDGE_CURVE('',#2844,#2852,#2854,.T.);
#2852 = VERTEX_POINT('',#2853);
#2853 = CARTESIAN_POINT('',(55.695030478179,84.32269850017,-11.22));
#2854 = CIRCLE('',#2855,6.22269850017);
#2855 = AXIS2_PLACEMENT_3D('',#2856,#2857,#2858);
#2856 = CARTESIAN_POINT('',(53.5,78.5,-11.22));
#2857 = DIRECTION('',(0.,0.,1.));
#2858 = DIRECTION('',(1.,0.,0.));
#2859 = ORIENTED_EDGE('',*,*,#2860,.F.);
#2860 = EDGE_CURVE('',#2833,#2852,#2861,.T.);
#2861 = LINE('',#2862,#2863);
#2862 = CARTESIAN_POINT('',(51.309109769979,84.32269850017,-11.22));
#2863 = VECTOR('',#2864,1.);
#2864 = DIRECTION('',(1.,0.,0.));
#2865 = FACE_BOUND('',#2866,.T.);
#2866 = EDGE_LOOP('',(#2867));
#2867 = ORIENTED_EDGE('',*,*,#1480,.F.);
#2868 = PLANE('',#2869);
#2869 = AXIS2_PLACEMENT_3D('',#2870,#2871,#2872);
#2870 = CARTESIAN_POINT('',(53.5,78.5,-11.22));
#2871 = DIRECTION('',(0.,0.,1.));
#2872 = DIRECTION('',(1.,0.,0.));
#2873 = ADVANCED_FACE('',(#2874,#2910),#2913,.T.);
#2874 = FACE_BOUND('',#2875,.T.);
#2875 = EDGE_LOOP('',(#2876,#2887,#2895,#2904));
#2876 = ORIENTED_EDGE('',*,*,#2877,.T.);
#2877 = EDGE_CURVE('',#2878,#2880,#2882,.T.);
#2878 = VERTEX_POINT('',#2879);
#2879 = CARTESIAN_POINT('',(7.304969521821,84.32269850017,-11.22));
#2880 = VERTEX_POINT('',#2881);
#2881 = CARTESIAN_POINT('',(7.304969521821,72.67730149983,-11.22));
#2882 = CIRCLE('',#2883,6.22269850017);
#2883 = AXIS2_PLACEMENT_3D('',#2884,#2885,#2886);
#2884 = CARTESIAN_POINT('',(9.5,78.5,-11.22));
#2885 = DIRECTION('',(0.,0.,1.));
#2886 = DIRECTION('',(1.,0.,0.));
#2887 = ORIENTED_EDGE('',*,*,#2888,.T.);
#2888 = EDGE_CURVE('',#2880,#2889,#2891,.T.);
#2889 = VERTEX_POINT('',#2890);
#2890 = CARTESIAN_POINT('',(11.695030478179,72.67730149983,-11.22));
#2891 = LINE('',#2892,#2893);
#2892 = CARTESIAN_POINT('',(7.309109769979,72.67730149983,-11.22));
#2893 = VECTOR('',#2894,1.);
#2894 = DIRECTION('',(1.,0.,0.));
#2895 = ORIENTED_EDGE('',*,*,#2896,.T.);
#2896 = EDGE_CURVE('',#2889,#2897,#2899,.T.);
#2897 = VERTEX_POINT('',#2898);
#2898 = CARTESIAN_POINT('',(11.695030478179,84.32269850017,-11.22));
#2899 = CIRCLE('',#2900,6.22269850017);
#2900 = AXIS2_PLACEMENT_3D('',#2901,#2902,#2903);
#2901 = CARTESIAN_POINT('',(9.5,78.5,-11.22));
#2902 = DIRECTION('',(0.,0.,1.));
#2903 = DIRECTION('',(1.,0.,0.));
#2904 = ORIENTED_EDGE('',*,*,#2905,.F.);
#2905 = EDGE_CURVE('',#2878,#2897,#2906,.T.);
#2906 = LINE('',#2907,#2908);
#2907 = CARTESIAN_POINT('',(7.309109769979,84.32269850017,-11.22));
#2908 = VECTOR('',#2909,1.);
#2909 = DIRECTION('',(1.,0.,0.));
#2910 = FACE_BOUND('',#2911,.T.);
#2911 = EDGE_LOOP('',(#2912));
#2912 = ORIENTED_EDGE('',*,*,#1505,.F.);
#2913 = PLANE('',#2914);
#2914 = AXIS2_PLACEMENT_3D('',#2915,#2916,#2917);
#2915 = CARTESIAN_POINT('',(9.5,78.5,-11.22));
#2916 = DIRECTION('',(0.,0.,1.));
#2917 = DIRECTION('',(1.,0.,0.));
#2918 = ADVANCED_FACE('',(#2919),#2944,.F.);
#2919 = FACE_BOUND('',#2920,.F.);
#2920 = EDGE_LOOP('',(#2921,#2929,#2937,#2943));
#2921 = ORIENTED_EDGE('',*,*,#2922,.T.);
#2922 = EDGE_CURVE('',#1549,#2923,#2925,.T.);
#2923 = VERTEX_POINT('',#2924);
#2924 = CARTESIAN_POINT('',(46.82,72.1,-11.27));
#2925 = LINE('',#2926,#2927);
#2926 = CARTESIAN_POINT('',(46.82,72.1,-9.27));
#2927 = VECTOR('',#2928,1.);
#2928 = DIRECTION('',(-0.,-0.,-1.));
#2929 = ORIENTED_EDGE('',*,*,#2930,.T.);
#2930 = EDGE_CURVE('',#2923,#2931,#2933,.T.);
#2931 = VERTEX_POINT('',#2932);
#2932 = CARTESIAN_POINT('',(46.82,68.4,-11.27));
#2933 = LINE('',#2934,#2935);
#2934 = CARTESIAN_POINT('',(46.82,72.1,-11.27));
#2935 = VECTOR('',#2936,1.);
#2936 = DIRECTION('',(0.,-1.,0.));
#2937 = ORIENTED_EDGE('',*,*,#2938,.F.);
#2938 = EDGE_CURVE('',#1551,#2931,#2939,.T.);
#2939 = LINE('',#2940,#2941);
#2940 = CARTESIAN_POINT('',(46.82,68.4,-9.27));
#2941 = VECTOR('',#2942,1.);
#2942 = DIRECTION('',(-0.,-0.,-1.));
#2943 = ORIENTED_EDGE('',*,*,#1548,.F.);
#2944 = PLANE('',#2945);
#2945 = AXIS2_PLACEMENT_3D('',#2946,#2947,#2948);
#2946 = CARTESIAN_POINT('',(46.82,72.1,-9.27));
#2947 = DIRECTION('',(-1.,0.,0.));
#2948 = DIRECTION('',(0.,-1.,0.));
#2949 = ADVANCED_FACE('',(#2950),#2968,.F.);
#2950 = FACE_BOUND('',#2951,.F.);
#2951 = EDGE_LOOP('',(#2952,#2960,#2966,#2967));
#2952 = ORIENTED_EDGE('',*,*,#2953,.T.);
#2953 = EDGE_CURVE('',#1559,#2954,#2956,.T.);
#2954 = VERTEX_POINT('',#2955);
#2955 = CARTESIAN_POINT('',(60.2,72.1,-11.27));
#2956 = LINE('',#2957,#2958);
#2957 = CARTESIAN_POINT('',(60.2,72.1,-9.27));
#2958 = VECTOR('',#2959,1.);
#2959 = DIRECTION('',(-0.,-0.,-1.));
#2960 = ORIENTED_EDGE('',*,*,#2961,.T.);
#2961 = EDGE_CURVE('',#2954,#2923,#2962,.T.);
#2962 = LINE('',#2963,#2964);
#2963 = CARTESIAN_POINT('',(60.2,72.1,-11.27));
#2964 = VECTOR('',#2965,1.);
#2965 = DIRECTION('',(-1.,0.,0.));
#2966 = ORIENTED_EDGE('',*,*,#2922,.F.);
#2967 = ORIENTED_EDGE('',*,*,#1558,.F.);
#2968 = PLANE('',#2969);
#2969 = AXIS2_PLACEMENT_3D('',#2970,#2971,#2972);
#2970 = CARTESIAN_POINT('',(60.2,72.1,-9.27));
#2971 = DIRECTION('',(0.,1.,0.));
#2972 = DIRECTION('',(-1.,0.,0.));
#2973 = ADVANCED_FACE('',(#2974),#2992,.F.);
#2974 = FACE_BOUND('',#2975,.F.);
#2975 = EDGE_LOOP('',(#2976,#2977,#2985,#2991));
#2976 = ORIENTED_EDGE('',*,*,#2938,.T.);
#2977 = ORIENTED_EDGE('',*,*,#2978,.T.);
#2978 = EDGE_CURVE('',#2931,#2979,#2981,.T.);
#2979 = VERTEX_POINT('',#2980);
#2980 = CARTESIAN_POINT('',(60.2,68.4,-11.27));
#2981 = LINE('',#2982,#2983);
#2982 = CARTESIAN_POINT('',(46.82,68.4,-11.27));
#2983 = VECTOR('',#2984,1.);
#2984 = DIRECTION('',(1.,0.,0.));
#2985 = ORIENTED_EDGE('',*,*,#2986,.F.);
#2986 = EDGE_CURVE('',#1567,#2979,#2987,.T.);
#2987 = LINE('',#2988,#2989);
#2988 = CARTESIAN_POINT('',(60.2,68.4,-9.27));
#2989 = VECTOR('',#2990,1.);
#2990 = DIRECTION('',(-0.,-0.,-1.));
#2991 = ORIENTED_EDGE('',*,*,#1574,.F.);
#2992 = PLANE('',#2993);
#2993 = AXIS2_PLACEMENT_3D('',#2994,#2995,#2996);
#2994 = CARTESIAN_POINT('',(46.82,68.4,-9.27));
#2995 = DIRECTION('',(0.,-1.,0.));
#2996 = DIRECTION('',(1.,0.,0.));
#2997 = ADVANCED_FACE('',(#2998),#3009,.F.);
#2998 = FACE_BOUND('',#2999,.F.);
#2999 = EDGE_LOOP('',(#3000,#3001,#3007,#3008));
#3000 = ORIENTED_EDGE('',*,*,#2986,.T.);
#3001 = ORIENTED_EDGE('',*,*,#3002,.T.);
#3002 = EDGE_CURVE('',#2979,#2954,#3003,.T.);
#3003 = LINE('',#3004,#3005);
#3004 = CARTESIAN_POINT('',(60.2,68.4,-11.27));
#3005 = VECTOR('',#3006,1.);
#3006 = DIRECTION('',(0.,1.,0.));
#3007 = ORIENTED_EDGE('',*,*,#2953,.F.);
#3008 = ORIENTED_EDGE('',*,*,#1566,.F.);
#3009 = PLANE('',#3010);
#3010 = AXIS2_PLACEMENT_3D('',#3011,#3012,#3013);
#3011 = CARTESIAN_POINT('',(60.2,68.4,-9.27));
#3012 = DIRECTION('',(1.,0.,0.));
#3013 = DIRECTION('',(0.,1.,0.));
#3014 = ADVANCED_FACE('',(#3015),#3021,.F.);
#3015 = FACE_BOUND('',#3016,.F.);
#3016 = EDGE_LOOP('',(#3017,#3018,#3019,#3020));
#3017 = ORIENTED_EDGE('',*,*,#1790,.T.);
#3018 = ORIENTED_EDGE('',*,*,#1608,.T.);
#3019 = ORIENTED_EDGE('',*,*,#1631,.F.);
#3020 = ORIENTED_EDGE('',*,*,#1681,.F.);
#3021 = PLANE('',#3022);
#3022 = AXIS2_PLACEMENT_3D('',#3023,#3024,#3025);
#3023 = CARTESIAN_POINT('',(60.646659876658,79.887677155286,-10.57));
#3024 = DIRECTION('',(-1.,0.,0.));
#3025 = DIRECTION('',(0.,-1.,0.));
#3026 = ADVANCED_FACE('',(#3027),#3041,.T.);
#3027 = FACE_BOUND('',#3028,.T.);
#3028 = EDGE_LOOP('',(#3029,#3030,#3035,#3036));
#3029 = ORIENTED_EDGE('',*,*,#1664,.T.);
#3030 = ORIENTED_EDGE('',*,*,#3031,.T.);
#3031 = EDGE_CURVE('',#1657,#2852,#3032,.T.);
#3032 = B_SPLINE_CURVE_WITH_KNOTS('',1,(#3033,#3034),.UNSPECIFIED.,.F.,
  .F.,(2,2),(0.,1.),.PIECEWISE_BEZIER_KNOTS.);
#3033 = CARTESIAN_POINT('',(55.690890230021,84.3,-10.57));
#3034 = CARTESIAN_POINT('',(55.695030478179,84.32269850017,-11.22));
#3035 = ORIENTED_EDGE('',*,*,#2851,.F.);
#3036 = ORIENTED_EDGE('',*,*,#3037,.F.);
#3037 = EDGE_CURVE('',#1665,#2844,#3038,.T.);
#3038 = B_SPLINE_CURVE_WITH_KNOTS('',1,(#3039,#3040),.UNSPECIFIED.,.F.,
  .F.,(2,2),(0.,1.),.PIECEWISE_BEZIER_KNOTS.);
#3039 = CARTESIAN_POINT('',(55.690890230021,72.7,-10.57));
#3040 = CARTESIAN_POINT('',(55.695030478179,72.67730149983,-11.22));
#3041 = B_SPLINE_SURFACE_WITH_KNOTS('',9,1,(
    (#3042,#3043)
    ,(#3044,#3045)
    ,(#3046,#3047)
    ,(#3048,#3049)
    ,(#3050,#3051)
    ,(#3052,#3053)
    ,(#3054,#3055)
    ,(#3056,#3057)
    ,(#3058,#3059)
    ,(#3060,#3061
    )),.UNSPECIFIED.,.F.,.F.,.F.,(10,10),(2,2),(5.072892845838,
    7.493477768522),(0.,1.),.PIECEWISE_BEZIER_KNOTS.);
#3042 = CARTESIAN_POINT('',(55.690890230021,72.7,-10.57));
#3043 = CARTESIAN_POINT('',(55.695030478179,72.67730149983,-11.22));
#3044 = CARTESIAN_POINT('',(57.249963610198,73.288923902848,-10.57));
#3045 = CARTESIAN_POINT('',(57.261067833606,73.267663464309,-11.22));
#3046 = CARTESIAN_POINT('',(58.630944283659,74.349321556541,-10.57));
#3047 = CARTESIAN_POINT('',(58.648479240342,74.331866095152,-11.22));
#3048 = CARTESIAN_POINT('',(59.670872899409,75.819643613771,-10.57));
#3049 = CARTESIAN_POINT('',(59.693396949411,75.808141741847,
    -11.21999999999));
#3050 = CARTESIAN_POINT('',(60.231683418504,77.572630969508,-10.57));
#3051 = CARTESIAN_POINT('',(60.256948966629,77.568610282363,-11.22));
#3052 = CARTESIAN_POINT('',(60.231683418507,79.42736903049,-10.57));
#3053 = CARTESIAN_POINT('',(60.256948966621,79.431389717637,
    -11.21999999999));
#3054 = CARTESIAN_POINT('',(59.670872899407,81.180356386232,-10.57));
#3055 = CARTESIAN_POINT('',(59.693396949417,81.191858258154,-11.22));
#3056 = CARTESIAN_POINT('',(58.630944283659,82.650678443457,-10.57));
#3057 = CARTESIAN_POINT('',(58.648479240339,82.668133904847,-11.22));
#3058 = CARTESIAN_POINT('',(57.249963610198,83.711076097153,-10.57));
#3059 = CARTESIAN_POINT('',(57.261067833607,83.732336535691,-11.22));
#3060 = CARTESIAN_POINT('',(55.690890230021,84.3,-10.57));
#3061 = CARTESIAN_POINT('',(55.695030478179,84.32269850017,-11.22));
#3062 = ADVANCED_FACE('',(#3063),#3073,.T.);
#3063 = FACE_BOUND('',#3064,.T.);
#3064 = EDGE_LOOP('',(#3065,#3066,#3067,#3068));
#3065 = ORIENTED_EDGE('',*,*,#1712,.T.);
#3066 = ORIENTED_EDGE('',*,*,#3037,.T.);
#3067 = ORIENTED_EDGE('',*,*,#2843,.F.);
#3068 = ORIENTED_EDGE('',*,*,#3069,.F.);
#3069 = EDGE_CURVE('',#1705,#2835,#3070,.T.);
#3070 = B_SPLINE_CURVE_WITH_KNOTS('',1,(#3071,#3072),.UNSPECIFIED.,.F.,
  .F.,(2,2),(0.,1.),.PIECEWISE_BEZIER_KNOTS.);
#3071 = CARTESIAN_POINT('',(51.309109769979,72.7,-10.57));
#3072 = CARTESIAN_POINT('',(51.304969521821,72.67730149983,-11.22));
#3073 = B_SPLINE_SURFACE_WITH_KNOTS('',1,1,(
    (#3074,#3075)
    ,(#3076,#3077
    )),.UNSPECIFIED.,.F.,.F.,.F.,(2,2),(2,2),(-4.140248158546E-03,
    4.3859207082),(0.,1.),.PIECEWISE_BEZIER_KNOTS.);
#3074 = CARTESIAN_POINT('',(51.309109769979,72.7,-10.57));
#3075 = CARTESIAN_POINT('',(51.304969521821,72.67730149983,-11.22));
#3076 = CARTESIAN_POINT('',(55.690890230021,72.7,-10.57));
#3077 = CARTESIAN_POINT('',(55.695030478179,72.67730149983,-11.22));
#3078 = ADVANCED_FACE('',(#3079),#3089,.T.);
#3079 = FACE_BOUND('',#3080,.T.);
#3080 = EDGE_LOOP('',(#3081,#3082,#3083,#3084));
#3081 = ORIENTED_EDGE('',*,*,#1739,.T.);
#3082 = ORIENTED_EDGE('',*,*,#3069,.T.);
#3083 = ORIENTED_EDGE('',*,*,#2832,.F.);
#3084 = ORIENTED_EDGE('',*,*,#3085,.F.);
#3085 = EDGE_CURVE('',#1730,#2833,#3086,.T.);
#3086 = B_SPLINE_CURVE_WITH_KNOTS('',1,(#3087,#3088),.UNSPECIFIED.,.F.,
  .F.,(2,2),(0.,1.),.PIECEWISE_BEZIER_KNOTS.);
#3087 = CARTESIAN_POINT('',(51.309109769979,84.3,-10.57));
#3088 = CARTESIAN_POINT('',(51.304969521821,84.32269850017,-11.22));
#3089 = B_SPLINE_SURFACE_WITH_KNOTS('',9,1,(
    (#3090,#3091)
    ,(#3092,#3093)
    ,(#3094,#3095)
    ,(#3096,#3097)
    ,(#3098,#3099)
    ,(#3100,#3101)
    ,(#3102,#3103)
    ,(#3104,#3105)
    ,(#3106,#3107)
    ,(#3108,#3109
    )),.UNSPECIFIED.,.F.,.F.,.F.,(10,10),(2,2),(1.931300192248,
    4.351885114932),(0.,1.),.PIECEWISE_BEZIER_KNOTS.);
#3090 = CARTESIAN_POINT('',(51.309109769979,84.3,-10.57));
#3091 = CARTESIAN_POINT('',(51.304969521821,84.32269850017,-11.22));
#3092 = CARTESIAN_POINT('',(49.750036389802,83.711076097152,-10.57));
#3093 = CARTESIAN_POINT('',(49.738932166393,83.73233653569,-11.22));
#3094 = CARTESIAN_POINT('',(48.369055716341,82.65067844346,-10.57));
#3095 = CARTESIAN_POINT('',(48.351520759659,82.668133904849,-11.22));
#3096 = CARTESIAN_POINT('',(47.329127100592,81.180356386227,-10.57));
#3097 = CARTESIAN_POINT('',(47.306603050586,81.191858258149,-11.22));
#3098 = CARTESIAN_POINT('',(46.768316581495,79.427369030497,
    -10.56999999999));
#3099 = CARTESIAN_POINT('',(46.743051033375,79.431389717645,-11.22));
#3100 = CARTESIAN_POINT('',(46.768316581494,77.572630969502,-10.57));
#3101 = CARTESIAN_POINT('',(46.743051033376,77.568610282355,
    -11.21999999999));
#3102 = CARTESIAN_POINT('',(47.329127100592,75.819643613775,-10.57));
#3103 = CARTESIAN_POINT('',(47.306603050586,75.808141741851,-11.22));
#3104 = CARTESIAN_POINT('',(48.369055716341,74.349321556539,-10.57));
#3105 = CARTESIAN_POINT('',(48.35152075966,74.33186609515,-11.22));
#3106 = CARTESIAN_POINT('',(49.750036389802,73.288923902848,-10.57));
#3107 = CARTESIAN_POINT('',(49.738932166393,73.26766346431,-11.22));
#3108 = CARTESIAN_POINT('',(51.309109769979,72.7,-10.57));
#3109 = CARTESIAN_POINT('',(51.304969521821,72.67730149983,-11.22));
#3110 = ADVANCED_FACE('',(#3111),#3117,.T.);
#3111 = FACE_BOUND('',#3112,.T.);
#3112 = EDGE_LOOP('',(#3113,#3114,#3115,#3116));
#3113 = ORIENTED_EDGE('',*,*,#1756,.T.);
#3114 = ORIENTED_EDGE('',*,*,#3085,.T.);
#3115 = ORIENTED_EDGE('',*,*,#2860,.T.);
#3116 = ORIENTED_EDGE('',*,*,#3031,.F.);
#3117 = B_SPLINE_SURFACE_WITH_KNOTS('',1,1,(
    (#3118,#3119)
    ,(#3120,#3121
    )),.UNSPECIFIED.,.F.,.F.,.F.,(2,2),(2,2),(-4.3859207082,
    4.14024815854E-03),(0.,1.),.PIECEWISE_BEZIER_KNOTS.);
#3118 = CARTESIAN_POINT('',(55.690890230021,84.3,-10.57));
#3119 = CARTESIAN_POINT('',(55.695030478179,84.32269850017,-11.22));
#3120 = CARTESIAN_POINT('',(51.309109769979,84.3,-10.57));
#3121 = CARTESIAN_POINT('',(51.304969521821,84.32269850017,-11.22));
#3122 = ADVANCED_FACE('',(#3123),#3148,.F.);
#3123 = FACE_BOUND('',#3124,.F.);
#3124 = EDGE_LOOP('',(#3125,#3133,#3141,#3147));
#3125 = ORIENTED_EDGE('',*,*,#3126,.T.);
#3126 = EDGE_CURVE('',#1853,#3127,#3129,.T.);
#3127 = VERTEX_POINT('',#3128);
#3128 = CARTESIAN_POINT('',(2.82,72.1,-11.27));
#3129 = LINE('',#3130,#3131);
#3130 = CARTESIAN_POINT('',(2.82,72.1,-9.27));
#3131 = VECTOR('',#3132,1.);
#3132 = DIRECTION('',(-0.,-0.,-1.));
#3133 = ORIENTED_EDGE('',*,*,#3134,.T.);
#3134 = EDGE_CURVE('',#3127,#3135,#3137,.T.);
#3135 = VERTEX_POINT('',#3136);
#3136 = CARTESIAN_POINT('',(2.82,68.4,-11.27));
#3137 = LINE('',#3138,#3139);
#3138 = CARTESIAN_POINT('',(2.82,72.1,-11.27));
#3139 = VECTOR('',#3140,1.);
#3140 = DIRECTION('',(0.,-1.,0.));
#3141 = ORIENTED_EDGE('',*,*,#3142,.F.);
#3142 = EDGE_CURVE('',#1855,#3135,#3143,.T.);
#3143 = LINE('',#3144,#3145);
#3144 = CARTESIAN_POINT('',(2.82,68.4,-9.27));
#3145 = VECTOR('',#3146,1.);
#3146 = DIRECTION('',(-0.,-0.,-1.));
#3147 = ORIENTED_EDGE('',*,*,#1852,.F.);
#3148 = PLANE('',#3149);
#3149 = AXIS2_PLACEMENT_3D('',#3150,#3151,#3152);
#3150 = CARTESIAN_POINT('',(2.82,72.1,-9.27));
#3151 = DIRECTION('',(-1.,0.,0.));
#3152 = DIRECTION('',(0.,-1.,0.));
#3153 = ADVANCED_FACE('',(#3154),#3172,.F.);
#3154 = FACE_BOUND('',#3155,.F.);
#3155 = EDGE_LOOP('',(#3156,#3164,#3170,#3171));
#3156 = ORIENTED_EDGE('',*,*,#3157,.T.);
#3157 = EDGE_CURVE('',#1863,#3158,#3160,.T.);
#3158 = VERTEX_POINT('',#3159);
#3159 = CARTESIAN_POINT('',(16.2,72.1,-11.27));
#3160 = LINE('',#3161,#3162);
#3161 = CARTESIAN_POINT('',(16.2,72.1,-9.27));
#3162 = VECTOR('',#3163,1.);
#3163 = DIRECTION('',(-0.,-0.,-1.));
#3164 = ORIENTED_EDGE('',*,*,#3165,.T.);
#3165 = EDGE_CURVE('',#3158,#3127,#3166,.T.);
#3166 = LINE('',#3167,#3168);
#3167 = CARTESIAN_POINT('',(16.2,72.1,-11.27));
#3168 = VECTOR('',#3169,1.);
#3169 = DIRECTION('',(-1.,0.,0.));
#3170 = ORIENTED_EDGE('',*,*,#3126,.F.);
#3171 = ORIENTED_EDGE('',*,*,#1862,.F.);
#3172 = PLANE('',#3173);
#3173 = AXIS2_PLACEMENT_3D('',#3174,#3175,#3176);
#3174 = CARTESIAN_POINT('',(16.2,72.1,-9.27));
#3175 = DIRECTION('',(0.,1.,0.));
#3176 = DIRECTION('',(-1.,0.,0.));
#3177 = ADVANCED_FACE('',(#3178),#3196,.F.);
#3178 = FACE_BOUND('',#3179,.F.);
#3179 = EDGE_LOOP('',(#3180,#3181,#3189,#3195));
#3180 = ORIENTED_EDGE('',*,*,#3142,.T.);
#3181 = ORIENTED_EDGE('',*,*,#3182,.T.);
#3182 = EDGE_CURVE('',#3135,#3183,#3185,.T.);
#3183 = VERTEX_POINT('',#3184);
#3184 = CARTESIAN_POINT('',(16.2,68.4,-11.27));
#3185 = LINE('',#3186,#3187);
#3186 = CARTESIAN_POINT('',(2.82,68.4,-11.27));
#3187 = VECTOR('',#3188,1.);
#3188 = DIRECTION('',(1.,0.,0.));
#3189 = ORIENTED_EDGE('',*,*,#3190,.F.);
#3190 = EDGE_CURVE('',#1871,#3183,#3191,.T.);
#3191 = LINE('',#3192,#3193);
#3192 = CARTESIAN_POINT('',(16.2,68.4,-9.27));
#3193 = VECTOR('',#3194,1.);
#3194 = DIRECTION('',(-0.,-0.,-1.));
#3195 = ORIENTED_EDGE('',*,*,#1878,.F.);
#3196 = PLANE('',#3197);
#3197 = AXIS2_PLACEMENT_3D('',#3198,#3199,#3200);
#3198 = CARTESIAN_POINT('',(2.82,68.4,-9.27));
#3199 = DIRECTION('',(0.,-1.,0.));
#3200 = DIRECTION('',(1.,0.,0.));
#3201 = ADVANCED_FACE('',(#3202),#3213,.F.);
#3202 = FACE_BOUND('',#3203,.F.);
#3203 = EDGE_LOOP('',(#3204,#3205,#3211,#3212));
#3204 = ORIENTED_EDGE('',*,*,#3190,.T.);
#3205 = ORIENTED_EDGE('',*,*,#3206,.T.);
#3206 = EDGE_CURVE('',#3183,#3158,#3207,.T.);
#3207 = LINE('',#3208,#3209);
#3208 = CARTESIAN_POINT('',(16.2,68.4,-11.27));
#3209 = VECTOR('',#3210,1.);
#3210 = DIRECTION('',(0.,1.,0.));
#3211 = ORIENTED_EDGE('',*,*,#3157,.F.);
#3212 = ORIENTED_EDGE('',*,*,#1870,.F.);
#3213 = PLANE('',#3214);
#3214 = AXIS2_PLACEMENT_3D('',#3215,#3216,#3217);
#3215 = CARTESIAN_POINT('',(16.2,68.4,-9.27));
#3216 = DIRECTION('',(1.,0.,0.));
#3217 = DIRECTION('',(0.,1.,0.));
#3218 = ADVANCED_FACE('',(#3219),#3225,.F.);
#3219 = FACE_BOUND('',#3220,.F.);
#3220 = EDGE_LOOP('',(#3221,#3222,#3223,#3224));
#3221 = ORIENTED_EDGE('',*,*,#2094,.T.);
#3222 = ORIENTED_EDGE('',*,*,#1912,.T.);
#3223 = ORIENTED_EDGE('',*,*,#1935,.F.);
#3224 = ORIENTED_EDGE('',*,*,#1985,.F.);
#3225 = PLANE('',#3226);
#3226 = AXIS2_PLACEMENT_3D('',#3227,#3228,#3229);
#3227 = CARTESIAN_POINT('',(16.646659876658,79.887677155286,-10.57));
#3228 = DIRECTION('',(-1.,0.,0.));
#3229 = DIRECTION('',(0.,-1.,0.));
#3230 = ADVANCED_FACE('',(#3231),#3245,.T.);
#3231 = FACE_BOUND('',#3232,.T.);
#3232 = EDGE_LOOP('',(#3233,#3234,#3239,#3240));
#3233 = ORIENTED_EDGE('',*,*,#1968,.T.);
#3234 = ORIENTED_EDGE('',*,*,#3235,.T.);
#3235 = EDGE_CURVE('',#1961,#2897,#3236,.T.);
#3236 = B_SPLINE_CURVE_WITH_KNOTS('',1,(#3237,#3238),.UNSPECIFIED.,.F.,
  .F.,(2,2),(0.,1.),.PIECEWISE_BEZIER_KNOTS.);
#3237 = CARTESIAN_POINT('',(11.690890230021,84.3,-10.57));
#3238 = CARTESIAN_POINT('',(11.695030478179,84.32269850017,-11.22));
#3239 = ORIENTED_EDGE('',*,*,#2896,.F.);
#3240 = ORIENTED_EDGE('',*,*,#3241,.F.);
#3241 = EDGE_CURVE('',#1969,#2889,#3242,.T.);
#3242 = B_SPLINE_CURVE_WITH_KNOTS('',1,(#3243,#3244),.UNSPECIFIED.,.F.,
  .F.,(2,2),(0.,1.),.PIECEWISE_BEZIER_KNOTS.);
#3243 = CARTESIAN_POINT('',(11.690890230021,72.7,-10.57));
#3244 = CARTESIAN_POINT('',(11.695030478179,72.67730149983,-11.22));
#3245 = B_SPLINE_SURFACE_WITH_KNOTS('',9,1,(
    (#3246,#3247)
    ,(#3248,#3249)
    ,(#3250,#3251)
    ,(#3252,#3253)
    ,(#3254,#3255)
    ,(#3256,#3257)
    ,(#3258,#3259)
    ,(#3260,#3261)
    ,(#3262,#3263)
    ,(#3264,#3265
    )),.UNSPECIFIED.,.F.,.F.,.F.,(10,10),(2,2),(5.072892845838,
    7.493477768522),(0.,1.),.PIECEWISE_BEZIER_KNOTS.);
#3246 = CARTESIAN_POINT('',(11.690890230021,72.7,-10.57));
#3247 = CARTESIAN_POINT('',(11.695030478179,72.67730149983,-11.22));
#3248 = CARTESIAN_POINT('',(13.249963610198,73.288923902848,-10.57));
#3249 = CARTESIAN_POINT('',(13.261067833606,73.267663464309,-11.22));
#3250 = CARTESIAN_POINT('',(14.630944283659,74.349321556541,-10.57));
#3251 = CARTESIAN_POINT('',(14.648479240342,74.331866095152,-11.22));
#3252 = CARTESIAN_POINT('',(15.670872899409,75.819643613771,-10.57));
#3253 = CARTESIAN_POINT('',(15.693396949411,75.808141741847,
    -11.21999999999));
#3254 = CARTESIAN_POINT('',(16.231683418504,77.572630969508,-10.57));
#3255 = CARTESIAN_POINT('',(16.256948966629,77.568610282363,-11.22));
#3256 = CARTESIAN_POINT('',(16.231683418507,79.42736903049,-10.57));
#3257 = CARTESIAN_POINT('',(16.256948966621,79.431389717637,
    -11.21999999999));
#3258 = CARTESIAN_POINT('',(15.670872899407,81.180356386232,-10.57));
#3259 = CARTESIAN_POINT('',(15.693396949417,81.191858258154,-11.22));
#3260 = CARTESIAN_POINT('',(14.630944283659,82.650678443457,-10.57));
#3261 = CARTESIAN_POINT('',(14.648479240339,82.668133904847,-11.22));
#3262 = CARTESIAN_POINT('',(13.249963610198,83.711076097153,-10.57));
#3263 = CARTESIAN_POINT('',(13.261067833607,83.732336535691,-11.22));
#3264 = CARTESIAN_POINT('',(11.690890230021,84.3,-10.57));
#3265 = CARTESIAN_POINT('',(11.695030478179,84.32269850017,-11.22));
#3266 = ADVANCED_FACE('',(#3267),#3277,.T.);
#3267 = FACE_BOUND('',#3268,.T.);
#3268 = EDGE_LOOP('',(#3269,#3270,#3271,#3272));
#3269 = ORIENTED_EDGE('',*,*,#2016,.T.);
#3270 = ORIENTED_EDGE('',*,*,#3241,.T.);
#3271 = ORIENTED_EDGE('',*,*,#2888,.F.);
#3272 = ORIENTED_EDGE('',*,*,#3273,.F.);
#3273 = EDGE_CURVE('',#2009,#2880,#3274,.T.);
#3274 = B_SPLINE_CURVE_WITH_KNOTS('',1,(#3275,#3276),.UNSPECIFIED.,.F.,
  .F.,(2,2),(0.,1.),.PIECEWISE_BEZIER_KNOTS.);
#3275 = CARTESIAN_POINT('',(7.309109769979,72.7,-10.57));
#3276 = CARTESIAN_POINT('',(7.304969521821,72.67730149983,-11.22));
#3277 = B_SPLINE_SURFACE_WITH_KNOTS('',1,1,(
    (#3278,#3279)
    ,(#3280,#3281
    )),.UNSPECIFIED.,.F.,.F.,.F.,(2,2),(2,2),(-4.140248158546E-03,
    4.3859207082),(0.,1.),.PIECEWISE_BEZIER_KNOTS.);
#3278 = CARTESIAN_POINT('',(7.309109769979,72.7,-10.57));
#3279 = CARTESIAN_POINT('',(7.304969521821,72.67730149983,-11.22));
#3280 = CARTESIAN_POINT('',(11.690890230021,72.7,-10.57));
#3281 = CARTESIAN_POINT('',(11.695030478179,72.67730149983,-11.22));
#3282 = ADVANCED_FACE('',(#3283),#3293,.T.);
#3283 = FACE_BOUND('',#3284,.T.);
#3284 = EDGE_LOOP('',(#3285,#3286,#3287,#3288));
#3285 = ORIENTED_EDGE('',*,*,#2043,.T.);
#3286 = ORIENTED_EDGE('',*,*,#3273,.T.);
#3287 = ORIENTED_EDGE('',*,*,#2877,.F.);
#3288 = ORIENTED_EDGE('',*,*,#3289,.F.);
#3289 = EDGE_CURVE('',#2034,#2878,#3290,.T.);
#3290 = B_SPLINE_CURVE_WITH_KNOTS('',1,(#3291,#3292),.UNSPECIFIED.,.F.,
  .F.,(2,2),(0.,1.),.PIECEWISE_BEZIER_KNOTS.);
#3291 = CARTESIAN_POINT('',(7.309109769979,84.3,-10.57));
#3292 = CARTESIAN_POINT('',(7.304969521821,84.32269850017,-11.22));
#3293 = B_SPLINE_SURFACE_WITH_KNOTS('',9,1,(
    (#3294,#3295)
    ,(#3296,#3297)
    ,(#3298,#3299)
    ,(#3300,#3301)
    ,(#3302,#3303)
    ,(#3304,#3305)
    ,(#3306,#3307)
    ,(#3308,#3309)
    ,(#3310,#3311)
    ,(#3312,#3313
    )),.UNSPECIFIED.,.F.,.F.,.F.,(10,10),(2,2),(1.931300192248,
    4.351885114932),(0.,1.),.PIECEWISE_BEZIER_KNOTS.);
#3294 = CARTESIAN_POINT('',(7.309109769979,84.3,-10.57));
#3295 = CARTESIAN_POINT('',(7.304969521821,84.32269850017,-11.22));
#3296 = CARTESIAN_POINT('',(5.750036389802,83.711076097152,-10.57));
#3297 = CARTESIAN_POINT('',(5.738932166393,83.73233653569,-11.22));
#3298 = CARTESIAN_POINT('',(4.369055716341,82.65067844346,-10.57));
#3299 = CARTESIAN_POINT('',(4.351520759659,82.668133904849,-11.22));
#3300 = CARTESIAN_POINT('',(3.329127100592,81.180356386227,-10.57));
#3301 = CARTESIAN_POINT('',(3.306603050586,81.191858258149,-11.22));
#3302 = CARTESIAN_POINT('',(2.768316581495,79.427369030497,
    -10.56999999999));
#3303 = CARTESIAN_POINT('',(2.743051033375,79.431389717645,-11.22));
#3304 = CARTESIAN_POINT('',(2.768316581494,77.572630969502,-10.57));
#3305 = CARTESIAN_POINT('',(2.743051033376,77.568610282355,
    -11.21999999999));
#3306 = CARTESIAN_POINT('',(3.329127100592,75.819643613775,-10.57));
#3307 = CARTESIAN_POINT('',(3.306603050586,75.808141741851,-11.22));
#3308 = CARTESIAN_POINT('',(4.369055716341,74.349321556539,-10.57));
#3309 = CARTESIAN_POINT('',(4.35152075966,74.33186609515,-11.22));
#3310 = CARTESIAN_POINT('',(5.750036389802,73.288923902848,-10.57));
#3311 = CARTESIAN_POINT('',(5.738932166393,73.26766346431,-11.22));
#3312 = CARTESIAN_POINT('',(7.309109769979,72.7,-10.57));
#3313 = CARTESIAN_POINT('',(7.304969521821,72.67730149983,-11.22));
#3314 = ADVANCED_FACE('',(#3315),#3321,.T.);
#3315 = FACE_BOUND('',#3316,.T.);
#3316 = EDGE_LOOP('',(#3317,#3318,#3319,#3320));
#3317 = ORIENTED_EDGE('',*,*,#2060,.T.);
#3318 = ORIENTED_EDGE('',*,*,#3289,.T.);
#3319 = ORIENTED_EDGE('',*,*,#2905,.T.);
#3320 = ORIENTED_EDGE('',*,*,#3235,.F.);
#3321 = B_SPLINE_SURFACE_WITH_KNOTS('',1,1,(
    (#3322,#3323)
    ,(#3324,#3325
    )),.UNSPECIFIED.,.F.,.F.,.F.,(2,2),(2,2),(-4.3859207082,
    4.14024815854E-03),(0.,1.),.PIECEWISE_BEZIER_KNOTS.);
#3322 = CARTESIAN_POINT('',(11.690890230021,84.3,-10.57));
#3323 = CARTESIAN_POINT('',(11.695030478179,84.32269850017,-11.22));
#3324 = CARTESIAN_POINT('',(7.309109769979,84.3,-10.57));
#3325 = CARTESIAN_POINT('',(7.304969521821,84.32269850017,-11.22));
#3326 = ADVANCED_FACE('',(#3327),#3352,.T.);
#3327 = FACE_BOUND('',#3328,.T.);
#3328 = EDGE_LOOP('',(#3329,#3337,#3345,#3351));
#3329 = ORIENTED_EDGE('',*,*,#3330,.T.);
#3330 = EDGE_CURVE('',#2112,#3331,#3333,.T.);
#3331 = VERTEX_POINT('',#3332);
#3332 = CARTESIAN_POINT('',(16.646659876658,53.887677155286,-13.57));
#3333 = LINE('',#3334,#3335);
#3334 = CARTESIAN_POINT('',(17.850236588295,54.088568197936,-13.57));
#3335 = VECTOR('',#3336,1.);
#3336 = DIRECTION('',(-0.986354701848,-0.164634146341,0.));
#3337 = ORIENTED_EDGE('',*,*,#3338,.T.);
#3338 = EDGE_CURVE('',#3331,#3339,#3341,.T.);
#3339 = VERTEX_POINT('',#3340);
#3340 = CARTESIAN_POINT('',(16.646659876658,51.112322844714,-13.57));
#3341 = LINE('',#3342,#3343);
#3342 = CARTESIAN_POINT('',(16.646659876658,53.887677155286,-13.57));
#3343 = VECTOR('',#3344,1.);
#3344 = DIRECTION('',(0.,-1.,0.));
#3345 = ORIENTED_EDGE('',*,*,#3346,.T.);
#3346 = EDGE_CURVE('',#3339,#2110,#3347,.T.);
#3347 = LINE('',#3348,#3349);
#3348 = CARTESIAN_POINT('',(16.646659876658,51.112322844714,-13.57));
#3349 = VECTOR('',#3350,1.);
#3350 = DIRECTION('',(0.986354701848,-0.164634146341,0.));
#3351 = ORIENTED_EDGE('',*,*,#2109,.T.);
#3352 = PLANE('',#3353);
#3353 = AXIS2_PLACEMENT_3D('',#3354,#3355,#3356);
#3354 = CARTESIAN_POINT('',(17.312088733951,52.5,-13.57));
#3355 = DIRECTION('',(0.,0.,1.));
#3356 = DIRECTION('',(1.,0.,0.));
#3357 = ADVANCED_FACE('',(#3358),#3376,.F.);
#3358 = FACE_BOUND('',#3359,.F.);
#3359 = EDGE_LOOP('',(#3360,#3368,#3369,#3370));
#3360 = ORIENTED_EDGE('',*,*,#3361,.T.);
#3361 = EDGE_CURVE('',#3362,#3339,#3364,.T.);
#3362 = VERTEX_POINT('',#3363);
#3363 = CARTESIAN_POINT('',(16.646659876658,51.112322844714,-10.57));
#3364 = LINE('',#3365,#3366);
#3365 = CARTESIAN_POINT('',(16.646659876658,51.112322844714,-10.57));
#3366 = VECTOR('',#3367,1.);
#3367 = DIRECTION('',(-0.,-0.,-1.));
#3368 = ORIENTED_EDGE('',*,*,#3346,.T.);
#3369 = ORIENTED_EDGE('',*,*,#2120,.F.);
#3370 = ORIENTED_EDGE('',*,*,#3371,.F.);
#3371 = EDGE_CURVE('',#3362,#2121,#3372,.T.);
#3372 = LINE('',#3373,#3374);
#3373 = CARTESIAN_POINT('',(16.646659876658,51.112322844714,-10.57));
#3374 = VECTOR('',#3375,1.);
#3375 = DIRECTION('',(0.986354701848,-0.164634146341,0.));
#3376 = PLANE('',#3377);
#3377 = AXIS2_PLACEMENT_3D('',#3378,#3379,#3380);
#3378 = CARTESIAN_POINT('',(16.646659876658,51.112322844714,-10.57));
#3379 = DIRECTION('',(-0.164634146341,-0.986354701848,0.));
#3380 = DIRECTION('',(0.986354701848,-0.164634146341,0.));
#3381 = ADVANCED_FACE('',(#3382),#3424,.T.);
#3382 = FACE_BOUND('',#3383,.T.);
#3383 = EDGE_LOOP('',(#3384,#3385,#3393,#3402,#3408,#3409,#3410,#3418));
#3384 = ORIENTED_EDGE('',*,*,#2220,.T.);
#3385 = ORIENTED_EDGE('',*,*,#3386,.T.);
#3386 = EDGE_CURVE('',#2213,#3387,#3389,.T.);
#3387 = VERTEX_POINT('',#3388);
#3388 = CARTESIAN_POINT('',(11.690890230021,58.3,-10.57));
#3389 = LINE('',#3390,#3391);
#3390 = CARTESIAN_POINT('',(15.713694553162,58.3,-10.57));
#3391 = VECTOR('',#3392,1.);
#3392 = DIRECTION('',(-1.,0.,0.));
#3393 = ORIENTED_EDGE('',*,*,#3394,.F.);
#3394 = EDGE_CURVE('',#3395,#3387,#3397,.T.);
#3395 = VERTEX_POINT('',#3396);
#3396 = CARTESIAN_POINT('',(11.690890230021,46.7,-10.57));
#3397 = CIRCLE('',#3398,6.2);
#3398 = AXIS2_PLACEMENT_3D('',#3399,#3400,#3401);
#3399 = CARTESIAN_POINT('',(9.5,52.5,-10.57));
#3400 = DIRECTION('',(0.,0.,1.));
#3401 = DIRECTION('',(1.,0.,0.));
#3402 = ORIENTED_EDGE('',*,*,#3403,.T.);
#3403 = EDGE_CURVE('',#3395,#2129,#3404,.T.);
#3404 = LINE('',#3405,#3406);
#3405 = CARTESIAN_POINT('',(3.286305446838,46.7,-10.57));
#3406 = VECTOR('',#3407,1.);
#3407 = DIRECTION('',(1.,0.,0.));
#3408 = ORIENTED_EDGE('',*,*,#2128,.T.);
#3409 = ORIENTED_EDGE('',*,*,#3371,.F.);
#3410 = ORIENTED_EDGE('',*,*,#3411,.F.);
#3411 = EDGE_CURVE('',#3412,#3362,#3414,.T.);
#3412 = VERTEX_POINT('',#3413);
#3413 = CARTESIAN_POINT('',(16.646659876658,53.887677155286,-10.57));
#3414 = LINE('',#3415,#3416);
#3415 = CARTESIAN_POINT('',(16.646659876658,53.887677155286,-10.57));
#3416 = VECTOR('',#3417,1.);
#3417 = DIRECTION('',(0.,-1.,0.));
#3418 = ORIENTED_EDGE('',*,*,#3419,.F.);
#3419 = EDGE_CURVE('',#2221,#3412,#3420,.T.);
#3420 = LINE('',#3421,#3422);
#3421 = CARTESIAN_POINT('',(17.850236588295,54.088568197936,-10.57));
#3422 = VECTOR('',#3423,1.);
#3423 = DIRECTION('',(-0.986354701848,-0.164634146341,0.));
#3424 = PLANE('',#3425);
#3425 = AXIS2_PLACEMENT_3D('',#3426,#3427,#3428);
#3426 = CARTESIAN_POINT('',(9.5,52.5,-10.57));
#3427 = DIRECTION('',(0.,0.,1.));
#3428 = DIRECTION('',(1.,0.,0.));
#3429 = ADVANCED_FACE('',(#3430),#3455,.F.);
#3430 = FACE_BOUND('',#3431,.F.);
#3431 = EDGE_LOOP('',(#3432,#3433,#3441,#3447,#3448,#3449));
#3432 = ORIENTED_EDGE('',*,*,#2178,.T.);
#3433 = ORIENTED_EDGE('',*,*,#3434,.T.);
#3434 = EDGE_CURVE('',#2179,#3435,#3437,.T.);
#3435 = VERTEX_POINT('',#3436);
#3436 = CARTESIAN_POINT('',(7.309109769979,46.7,-10.57));
#3437 = LINE('',#3438,#3439);
#3438 = CARTESIAN_POINT('',(3.286305446838,46.7,-10.57));
#3439 = VECTOR('',#3440,1.);
#3440 = DIRECTION('',(1.,0.,0.));
#3441 = ORIENTED_EDGE('',*,*,#3442,.T.);
#3442 = EDGE_CURVE('',#3435,#3395,#3443,.T.);
#3443 = LINE('',#3444,#3445);
#3444 = CARTESIAN_POINT('',(3.286305446838,46.7,-10.57));
#3445 = VECTOR('',#3446,1.);
#3446 = DIRECTION('',(1.,0.,0.));
#3447 = ORIENTED_EDGE('',*,*,#3403,.T.);
#3448 = ORIENTED_EDGE('',*,*,#2137,.F.);
#3449 = ORIENTED_EDGE('',*,*,#3450,.F.);
#3450 = EDGE_CURVE('',#2170,#2138,#3451,.T.);
#3451 = LINE('',#3452,#3453);
#3452 = CARTESIAN_POINT('',(3.286305446838,46.7,-9.27));
#3453 = VECTOR('',#3454,1.);
#3454 = DIRECTION('',(1.,0.,0.));
#3455 = PLANE('',#3456);
#3456 = AXIS2_PLACEMENT_3D('',#3457,#3458,#3459);
#3457 = CARTESIAN_POINT('',(3.286305446838,46.7,-9.27));
#3458 = DIRECTION('',(0.,-1.,0.));
#3459 = DIRECTION('',(1.,0.,0.));
#3460 = ADVANCED_FACE('',(#3461,#3469),#3503,.T.);
#3461 = FACE_BOUND('',#3462,.T.);
#3462 = EDGE_LOOP('',(#3463,#3464,#3465,#3466,#3467,#3468));
#3463 = ORIENTED_EDGE('',*,*,#2267,.T.);
#3464 = ORIENTED_EDGE('',*,*,#2145,.F.);
#3465 = ORIENTED_EDGE('',*,*,#3450,.F.);
#3466 = ORIENTED_EDGE('',*,*,#2169,.F.);
#3467 = ORIENTED_EDGE('',*,*,#2243,.T.);
#3468 = ORIENTED_EDGE('',*,*,#2291,.T.);
#3469 = FACE_BOUND('',#3470,.T.);
#3470 = EDGE_LOOP('',(#3471,#3481,#3489,#3497));
#3471 = ORIENTED_EDGE('',*,*,#3472,.F.);
#3472 = EDGE_CURVE('',#3473,#3475,#3477,.T.);
#3473 = VERTEX_POINT('',#3474);
#3474 = CARTESIAN_POINT('',(2.82,46.1,-9.27));
#3475 = VERTEX_POINT('',#3476);
#3476 = CARTESIAN_POINT('',(2.82,42.4,-9.27));
#3477 = LINE('',#3478,#3479);
#3478 = CARTESIAN_POINT('',(2.82,46.1,-9.27));
#3479 = VECTOR('',#3480,1.);
#3480 = DIRECTION('',(0.,-1.,0.));
#3481 = ORIENTED_EDGE('',*,*,#3482,.F.);
#3482 = EDGE_CURVE('',#3483,#3473,#3485,.T.);
#3483 = VERTEX_POINT('',#3484);
#3484 = CARTESIAN_POINT('',(16.2,46.1,-9.27));
#3485 = LINE('',#3486,#3487);
#3486 = CARTESIAN_POINT('',(16.2,46.1,-9.27));
#3487 = VECTOR('',#3488,1.);
#3488 = DIRECTION('',(-1.,0.,0.));
#3489 = ORIENTED_EDGE('',*,*,#3490,.F.);
#3490 = EDGE_CURVE('',#3491,#3483,#3493,.T.);
#3491 = VERTEX_POINT('',#3492);
#3492 = CARTESIAN_POINT('',(16.2,42.4,-9.27));
#3493 = LINE('',#3494,#3495);
#3494 = CARTESIAN_POINT('',(16.2,42.4,-9.27));
#3495 = VECTOR('',#3496,1.);
#3496 = DIRECTION('',(0.,1.,0.));
#3497 = ORIENTED_EDGE('',*,*,#3498,.F.);
#3498 = EDGE_CURVE('',#3475,#3491,#3499,.T.);
#3499 = LINE('',#3500,#3501);
#3500 = CARTESIAN_POINT('',(2.82,42.4,-9.27));
#3501 = VECTOR('',#3502,1.);
#3502 = DIRECTION('',(1.,0.,0.));
#3503 = PLANE('',#3504);
#3504 = AXIS2_PLACEMENT_3D('',#3505,#3506,#3507);
#3505 = CARTESIAN_POINT('',(9.5,46.555848118596,-9.27));
#3506 = DIRECTION('',(0.,0.,1.));
#3507 = DIRECTION('',(1.,0.,0.));
#3508 = ADVANCED_FACE('',(#3509),#3528,.T.);
#3509 = FACE_BOUND('',#3510,.T.);
#3510 = EDGE_LOOP('',(#3511,#3519,#3520,#3521));
#3511 = ORIENTED_EDGE('',*,*,#3512,.T.);
#3512 = EDGE_CURVE('',#3513,#2187,#3515,.T.);
#3513 = VERTEX_POINT('',#3514);
#3514 = CARTESIAN_POINT('',(7.309109769979,58.3,-10.57));
#3515 = LINE('',#3516,#3517);
#3516 = CARTESIAN_POINT('',(15.713694553162,58.3,-10.57));
#3517 = VECTOR('',#3518,1.);
#3518 = DIRECTION('',(-1.,0.,0.));
#3519 = ORIENTED_EDGE('',*,*,#2186,.T.);
#3520 = ORIENTED_EDGE('',*,*,#3434,.T.);
#3521 = ORIENTED_EDGE('',*,*,#3522,.F.);
#3522 = EDGE_CURVE('',#3513,#3435,#3523,.T.);
#3523 = CIRCLE('',#3524,6.2);
#3524 = AXIS2_PLACEMENT_3D('',#3525,#3526,#3527);
#3525 = CARTESIAN_POINT('',(9.5,52.5,-10.57));
#3526 = DIRECTION('',(0.,0.,1.));
#3527 = DIRECTION('',(1.,0.,0.));
#3528 = PLANE('',#3529);
#3529 = AXIS2_PLACEMENT_3D('',#3530,#3531,#3532);
#3530 = CARTESIAN_POINT('',(9.5,52.5,-10.57));
#3531 = DIRECTION('',(0.,0.,1.));
#3532 = DIRECTION('',(1.,0.,0.));
#3533 = ADVANCED_FACE('',(#3534),#3552,.F.);
#3534 = FACE_BOUND('',#3535,.F.);
#3535 = EDGE_LOOP('',(#3536,#3537,#3538,#3544,#3545,#3546));
#3536 = ORIENTED_EDGE('',*,*,#2212,.T.);
#3537 = ORIENTED_EDGE('',*,*,#3386,.T.);
#3538 = ORIENTED_EDGE('',*,*,#3539,.T.);
#3539 = EDGE_CURVE('',#3387,#3513,#3540,.T.);
#3540 = LINE('',#3541,#3542);
#3541 = CARTESIAN_POINT('',(15.713694553162,58.3,-10.57));
#3542 = VECTOR('',#3543,1.);
#3543 = DIRECTION('',(-1.,0.,0.));
#3544 = ORIENTED_EDGE('',*,*,#3512,.T.);
#3545 = ORIENTED_EDGE('',*,*,#2195,.F.);
#3546 = ORIENTED_EDGE('',*,*,#3547,.F.);
#3547 = EDGE_CURVE('',#2204,#2196,#3548,.T.);
#3548 = LINE('',#3549,#3550);
#3549 = CARTESIAN_POINT('',(15.713694553162,58.3,-9.27));
#3550 = VECTOR('',#3551,1.);
#3551 = DIRECTION('',(-1.,0.,0.));
#3552 = PLANE('',#3553);
#3553 = AXIS2_PLACEMENT_3D('',#3554,#3555,#3556);
#3554 = CARTESIAN_POINT('',(15.713694553162,58.3,-9.27));
#3555 = DIRECTION('',(0.,1.,0.));
#3556 = DIRECTION('',(-1.,0.,0.));
#3557 = ADVANCED_FACE('',(#3558),#3562,.T.);
#3558 = FACE_BOUND('',#3559,.T.);
#3559 = EDGE_LOOP('',(#3560,#3561));
#3560 = ORIENTED_EDGE('',*,*,#3547,.F.);
#3561 = ORIENTED_EDGE('',*,*,#2203,.T.);
#3562 = PLANE('',#3563);
#3563 = AXIS2_PLACEMENT_3D('',#3564,#3565,#3566);
#3564 = CARTESIAN_POINT('',(9.5,46.555848118596,-9.27));
#3565 = DIRECTION('',(0.,0.,1.));
#3566 = DIRECTION('',(1.,0.,0.));
#3567 = ADVANCED_FACE('',(#3568),#3579,.F.);
#3568 = FACE_BOUND('',#3569,.F.);
#3569 = EDGE_LOOP('',(#3570,#3571,#3572,#3578));
#3570 = ORIENTED_EDGE('',*,*,#2229,.T.);
#3571 = ORIENTED_EDGE('',*,*,#3330,.T.);
#3572 = ORIENTED_EDGE('',*,*,#3573,.F.);
#3573 = EDGE_CURVE('',#3412,#3331,#3574,.T.);
#3574 = LINE('',#3575,#3576);
#3575 = CARTESIAN_POINT('',(16.646659876658,53.887677155286,-10.57));
#3576 = VECTOR('',#3577,1.);
#3577 = DIRECTION('',(-0.,-0.,-1.));
#3578 = ORIENTED_EDGE('',*,*,#3419,.F.);
#3579 = PLANE('',#3580);
#3580 = AXIS2_PLACEMENT_3D('',#3581,#3582,#3583);
#3581 = CARTESIAN_POINT('',(17.850236588295,54.088568197936,-10.57));
#3582 = DIRECTION('',(-0.164634146341,0.986354701848,0.));
#3583 = DIRECTION('',(-0.986354701848,-0.164634146341,0.));
#3584 = ADVANCED_FACE('',(#3585,#3595),#3629,.T.);
#3585 = FACE_BOUND('',#3586,.F.);
#3586 = EDGE_LOOP('',(#3587,#3588,#3589,#3590,#3591,#3592,#3593,#3594));
#3587 = ORIENTED_EDGE('',*,*,#2364,.T.);
#3588 = ORIENTED_EDGE('',*,*,#2412,.T.);
#3589 = ORIENTED_EDGE('',*,*,#2460,.T.);
#3590 = ORIENTED_EDGE('',*,*,#2484,.T.);
#3591 = ORIENTED_EDGE('',*,*,#2443,.T.);
#3592 = ORIENTED_EDGE('',*,*,#2395,.T.);
#3593 = ORIENTED_EDGE('',*,*,#2347,.T.);
#3594 = ORIENTED_EDGE('',*,*,#2316,.T.);
#3595 = FACE_BOUND('',#3596,.F.);
#3596 = EDGE_LOOP('',(#3597,#3607,#3615,#3623));
#3597 = ORIENTED_EDGE('',*,*,#3598,.T.);
#3598 = EDGE_CURVE('',#3599,#3601,#3603,.T.);
#3599 = VERTEX_POINT('',#3600);
#3600 = CARTESIAN_POINT('',(23.,46.9,-10.));
#3601 = VERTEX_POINT('',#3602);
#3602 = CARTESIAN_POINT('',(40.,46.9,-10.));
#3603 = LINE('',#3604,#3605);
#3604 = CARTESIAN_POINT('',(23.,46.9,-10.));
#3605 = VECTOR('',#3606,1.);
#3606 = DIRECTION('',(1.,0.,0.));
#3607 = ORIENTED_EDGE('',*,*,#3608,.T.);
#3608 = EDGE_CURVE('',#3601,#3609,#3611,.T.);
#3609 = VERTEX_POINT('',#3610);
#3610 = CARTESIAN_POINT('',(40.,58.,-10.));
#3611 = LINE('',#3612,#3613);
#3612 = CARTESIAN_POINT('',(40.,46.9,-10.));
#3613 = VECTOR('',#3614,1.);
#3614 = DIRECTION('',(0.,1.,0.));
#3615 = ORIENTED_EDGE('',*,*,#3616,.T.);
#3616 = EDGE_CURVE('',#3609,#3617,#3619,.T.);
#3617 = VERTEX_POINT('',#3618);
#3618 = CARTESIAN_POINT('',(23.,58.,-10.));
#3619 = LINE('',#3620,#3621);
#3620 = CARTESIAN_POINT('',(40.,58.,-10.));
#3621 = VECTOR('',#3622,1.);
#3622 = DIRECTION('',(-1.,0.,0.));
#3623 = ORIENTED_EDGE('',*,*,#3624,.T.);
#3624 = EDGE_CURVE('',#3617,#3599,#3625,.T.);
#3625 = LINE('',#3626,#3627);
#3626 = CARTESIAN_POINT('',(23.,58.,-10.));
#3627 = VECTOR('',#3628,1.);
#3628 = DIRECTION('',(0.,-1.,0.));
#3629 = PLANE('',#3630);
#3630 = AXIS2_PLACEMENT_3D('',#3631,#3632,#3633);
#3631 = CARTESIAN_POINT('',(31.5,35.031645983018,-10.));
#3632 = DIRECTION('',(0.,0.,1.));
#3633 = DIRECTION('',(1.,0.,0.));
#3634 = ADVANCED_FACE('',(#3635),#3660,.T.);
#3635 = FACE_BOUND('',#3636,.T.);
#3636 = EDGE_LOOP('',(#3637,#3645,#3653,#3659));
#3637 = ORIENTED_EDGE('',*,*,#3638,.T.);
#3638 = EDGE_CURVE('',#2503,#3639,#3641,.T.);
#3639 = VERTEX_POINT('',#3640);
#3640 = CARTESIAN_POINT('',(60.646659876658,53.887677155286,-13.57));
#3641 = LINE('',#3642,#3643);
#3642 = CARTESIAN_POINT('',(61.850236588295,54.088568197936,-13.57));
#3643 = VECTOR('',#3644,1.);
#3644 = DIRECTION('',(-0.986354701848,-0.164634146341,0.));
#3645 = ORIENTED_EDGE('',*,*,#3646,.T.);
#3646 = EDGE_CURVE('',#3639,#3647,#3649,.T.);
#3647 = VERTEX_POINT('',#3648);
#3648 = CARTESIAN_POINT('',(60.646659876658,51.112322844714,-13.57));
#3649 = LINE('',#3650,#3651);
#3650 = CARTESIAN_POINT('',(60.646659876658,53.887677155286,-13.57));
#3651 = VECTOR('',#3652,1.);
#3652 = DIRECTION('',(0.,-1.,0.));
#3653 = ORIENTED_EDGE('',*,*,#3654,.T.);
#3654 = EDGE_CURVE('',#3647,#2501,#3655,.T.);
#3655 = LINE('',#3656,#3657);
#3656 = CARTESIAN_POINT('',(60.646659876658,51.112322844714,-13.57));
#3657 = VECTOR('',#3658,1.);
#3658 = DIRECTION('',(0.986354701848,-0.164634146341,0.));
#3659 = ORIENTED_EDGE('',*,*,#2500,.T.);
#3660 = PLANE('',#3661);
#3661 = AXIS2_PLACEMENT_3D('',#3662,#3663,#3664);
#3662 = CARTESIAN_POINT('',(61.312088733951,52.5,-13.57));
#3663 = DIRECTION('',(0.,0.,1.));
#3664 = DIRECTION('',(1.,0.,0.));
#3665 = ADVANCED_FACE('',(#3666),#3684,.F.);
#3666 = FACE_BOUND('',#3667,.F.);
#3667 = EDGE_LOOP('',(#3668,#3676,#3677,#3678));
#3668 = ORIENTED_EDGE('',*,*,#3669,.T.);
#3669 = EDGE_CURVE('',#3670,#3647,#3672,.T.);
#3670 = VERTEX_POINT('',#3671);
#3671 = CARTESIAN_POINT('',(60.646659876658,51.112322844714,-10.57));
#3672 = LINE('',#3673,#3674);
#3673 = CARTESIAN_POINT('',(60.646659876658,51.112322844714,-10.57));
#3674 = VECTOR('',#3675,1.);
#3675 = DIRECTION('',(-0.,-0.,-1.));
#3676 = ORIENTED_EDGE('',*,*,#3654,.T.);
#3677 = ORIENTED_EDGE('',*,*,#2511,.F.);
#3678 = ORIENTED_EDGE('',*,*,#3679,.F.);
#3679 = EDGE_CURVE('',#3670,#2512,#3680,.T.);
#3680 = LINE('',#3681,#3682);
#3681 = CARTESIAN_POINT('',(60.646659876658,51.112322844714,-10.57));
#3682 = VECTOR('',#3683,1.);
#3683 = DIRECTION('',(0.986354701848,-0.164634146341,0.));
#3684 = PLANE('',#3685);
#3685 = AXIS2_PLACEMENT_3D('',#3686,#3687,#3688);
#3686 = CARTESIAN_POINT('',(60.646659876658,51.112322844714,-10.57));
#3687 = DIRECTION('',(-0.164634146341,-0.986354701848,0.));
#3688 = DIRECTION('',(0.986354701848,-0.164634146341,0.));
#3689 = ADVANCED_FACE('',(#3690),#3732,.T.);
#3690 = FACE_BOUND('',#3691,.T.);
#3691 = EDGE_LOOP('',(#3692,#3693,#3701,#3710,#3716,#3717,#3718,#3726));
#3692 = ORIENTED_EDGE('',*,*,#2611,.T.);
#3693 = ORIENTED_EDGE('',*,*,#3694,.T.);
#3694 = EDGE_CURVE('',#2604,#3695,#3697,.T.);
#3695 = VERTEX_POINT('',#3696);
#3696 = CARTESIAN_POINT('',(55.690890230021,58.3,-10.57));
#3697 = LINE('',#3698,#3699);
#3698 = CARTESIAN_POINT('',(59.713694553162,58.3,-10.57));
#3699 = VECTOR('',#3700,1.);
#3700 = DIRECTION('',(-1.,0.,0.));
#3701 = ORIENTED_EDGE('',*,*,#3702,.F.);
#3702 = EDGE_CURVE('',#3703,#3695,#3705,.T.);
#3703 = VERTEX_POINT('',#3704);
#3704 = CARTESIAN_POINT('',(55.690890230021,46.7,-10.57));
#3705 = CIRCLE('',#3706,6.2);
#3706 = AXIS2_PLACEMENT_3D('',#3707,#3708,#3709);
#3707 = CARTESIAN_POINT('',(53.5,52.5,-10.57));
#3708 = DIRECTION('',(0.,0.,1.));
#3709 = DIRECTION('',(1.,0.,0.));
#3710 = ORIENTED_EDGE('',*,*,#3711,.T.);
#3711 = EDGE_CURVE('',#3703,#2520,#3712,.T.);
#3712 = LINE('',#3713,#3714);
#3713 = CARTESIAN_POINT('',(47.286305446838,46.7,-10.57));
#3714 = VECTOR('',#3715,1.);
#3715 = DIRECTION('',(1.,0.,0.));
#3716 = ORIENTED_EDGE('',*,*,#2519,.T.);
#3717 = ORIENTED_EDGE('',*,*,#3679,.F.);
#3718 = ORIENTED_EDGE('',*,*,#3719,.F.);
#3719 = EDGE_CURVE('',#3720,#3670,#3722,.T.);
#3720 = VERTEX_POINT('',#3721);
#3721 = CARTESIAN_POINT('',(60.646659876658,53.887677155286,-10.57));
#3722 = LINE('',#3723,#3724);
#3723 = CARTESIAN_POINT('',(60.646659876658,53.887677155286,-10.57));
#3724 = VECTOR('',#3725,1.);
#3725 = DIRECTION('',(0.,-1.,0.));
#3726 = ORIENTED_EDGE('',*,*,#3727,.F.);
#3727 = EDGE_CURVE('',#2612,#3720,#3728,.T.);
#3728 = LINE('',#3729,#3730);
#3729 = CARTESIAN_POINT('',(61.850236588295,54.088568197936,-10.57));
#3730 = VECTOR('',#3731,1.);
#3731 = DIRECTION('',(-0.986354701848,-0.164634146341,0.));
#3732 = PLANE('',#3733);
#3733 = AXIS2_PLACEMENT_3D('',#3734,#3735,#3736);
#3734 = CARTESIAN_POINT('',(53.5,52.5,-10.57));
#3735 = DIRECTION('',(0.,0.,1.));
#3736 = DIRECTION('',(1.,0.,0.));
#3737 = ADVANCED_FACE('',(#3738),#3763,.F.);
#3738 = FACE_BOUND('',#3739,.F.);
#3739 = EDGE_LOOP('',(#3740,#3741,#3749,#3755,#3756,#3757));
#3740 = ORIENTED_EDGE('',*,*,#2569,.T.);
#3741 = ORIENTED_EDGE('',*,*,#3742,.T.);
#3742 = EDGE_CURVE('',#2570,#3743,#3745,.T.);
#3743 = VERTEX_POINT('',#3744);
#3744 = CARTESIAN_POINT('',(51.309109769979,46.7,-10.57));
#3745 = LINE('',#3746,#3747);
#3746 = CARTESIAN_POINT('',(47.286305446838,46.7,-10.57));
#3747 = VECTOR('',#3748,1.);
#3748 = DIRECTION('',(1.,0.,0.));
#3749 = ORIENTED_EDGE('',*,*,#3750,.T.);
#3750 = EDGE_CURVE('',#3743,#3703,#3751,.T.);
#3751 = LINE('',#3752,#3753);
#3752 = CARTESIAN_POINT('',(47.286305446838,46.7,-10.57));
#3753 = VECTOR('',#3754,1.);
#3754 = DIRECTION('',(1.,0.,0.));
#3755 = ORIENTED_EDGE('',*,*,#3711,.T.);
#3756 = ORIENTED_EDGE('',*,*,#2528,.F.);
#3757 = ORIENTED_EDGE('',*,*,#3758,.F.);
#3758 = EDGE_CURVE('',#2561,#2529,#3759,.T.);
#3759 = LINE('',#3760,#3761);
#3760 = CARTESIAN_POINT('',(47.286305446838,46.7,-9.27));
#3761 = VECTOR('',#3762,1.);
#3762 = DIRECTION('',(1.,0.,0.));
#3763 = PLANE('',#3764);
#3764 = AXIS2_PLACEMENT_3D('',#3765,#3766,#3767);
#3765 = CARTESIAN_POINT('',(47.286305446838,46.7,-9.27));
#3766 = DIRECTION('',(0.,-1.,0.));
#3767 = DIRECTION('',(1.,0.,0.));
#3768 = ADVANCED_FACE('',(#3769,#3777),#3811,.T.);
#3769 = FACE_BOUND('',#3770,.T.);
#3770 = EDGE_LOOP('',(#3771,#3772,#3773,#3774,#3775,#3776));
#3771 = ORIENTED_EDGE('',*,*,#2658,.T.);
#3772 = ORIENTED_EDGE('',*,*,#2536,.F.);
#3773 = ORIENTED_EDGE('',*,*,#3758,.F.);
#3774 = ORIENTED_EDGE('',*,*,#2560,.F.);
#3775 = ORIENTED_EDGE('',*,*,#2634,.T.);
#3776 = ORIENTED_EDGE('',*,*,#2682,.T.);
#3777 = FACE_BOUND('',#3778,.T.);
#3778 = EDGE_LOOP('',(#3779,#3789,#3797,#3805));
#3779 = ORIENTED_EDGE('',*,*,#3780,.F.);
#3780 = EDGE_CURVE('',#3781,#3783,#3785,.T.);
#3781 = VERTEX_POINT('',#3782);
#3782 = CARTESIAN_POINT('',(46.82,46.1,-9.27));
#3783 = VERTEX_POINT('',#3784);
#3784 = CARTESIAN_POINT('',(46.82,42.4,-9.27));
#3785 = LINE('',#3786,#3787);
#3786 = CARTESIAN_POINT('',(46.82,46.1,-9.27));
#3787 = VECTOR('',#3788,1.);
#3788 = DIRECTION('',(0.,-1.,0.));
#3789 = ORIENTED_EDGE('',*,*,#3790,.F.);
#3790 = EDGE_CURVE('',#3791,#3781,#3793,.T.);
#3791 = VERTEX_POINT('',#3792);
#3792 = CARTESIAN_POINT('',(60.2,46.1,-9.27));
#3793 = LINE('',#3794,#3795);
#3794 = CARTESIAN_POINT('',(60.2,46.1,-9.27));
#3795 = VECTOR('',#3796,1.);
#3796 = DIRECTION('',(-1.,0.,0.));
#3797 = ORIENTED_EDGE('',*,*,#3798,.F.);
#3798 = EDGE_CURVE('',#3799,#3791,#3801,.T.);
#3799 = VERTEX_POINT('',#3800);
#3800 = CARTESIAN_POINT('',(60.2,42.4,-9.27));
#3801 = LINE('',#3802,#3803);
#3802 = CARTESIAN_POINT('',(60.2,42.4,-9.27));
#3803 = VECTOR('',#3804,1.);
#3804 = DIRECTION('',(0.,1.,0.));
#3805 = ORIENTED_EDGE('',*,*,#3806,.F.);
#3806 = EDGE_CURVE('',#3783,#3799,#3807,.T.);
#3807 = LINE('',#3808,#3809);
#3808 = CARTESIAN_POINT('',(46.82,42.4,-9.27));
#3809 = VECTOR('',#3810,1.);
#3810 = DIRECTION('',(1.,0.,0.));
#3811 = PLANE('',#3812);
#3812 = AXIS2_PLACEMENT_3D('',#3813,#3814,#3815);
#3813 = CARTESIAN_POINT('',(53.5,46.555848118596,-9.27));
#3814 = DIRECTION('',(0.,0.,1.));
#3815 = DIRECTION('',(1.,0.,0.));
#3816 = ADVANCED_FACE('',(#3817),#3836,.T.);
#3817 = FACE_BOUND('',#3818,.T.);
#3818 = EDGE_LOOP('',(#3819,#3827,#3828,#3829));
#3819 = ORIENTED_EDGE('',*,*,#3820,.T.);
#3820 = EDGE_CURVE('',#3821,#2578,#3823,.T.);
#3821 = VERTEX_POINT('',#3822);
#3822 = CARTESIAN_POINT('',(51.309109769979,58.3,-10.57));
#3823 = LINE('',#3824,#3825);
#3824 = CARTESIAN_POINT('',(59.713694553162,58.3,-10.57));
#3825 = VECTOR('',#3826,1.);
#3826 = DIRECTION('',(-1.,0.,0.));
#3827 = ORIENTED_EDGE('',*,*,#2577,.T.);
#3828 = ORIENTED_EDGE('',*,*,#3742,.T.);
#3829 = ORIENTED_EDGE('',*,*,#3830,.F.);
#3830 = EDGE_CURVE('',#3821,#3743,#3831,.T.);
#3831 = CIRCLE('',#3832,6.2);
#3832 = AXIS2_PLACEMENT_3D('',#3833,#3834,#3835);
#3833 = CARTESIAN_POINT('',(53.5,52.5,-10.57));
#3834 = DIRECTION('',(0.,0.,1.));
#3835 = DIRECTION('',(1.,0.,0.));
#3836 = PLANE('',#3837);
#3837 = AXIS2_PLACEMENT_3D('',#3838,#3839,#3840);
#3838 = CARTESIAN_POINT('',(53.5,52.5,-10.57));
#3839 = DIRECTION('',(0.,0.,1.));
#3840 = DIRECTION('',(1.,0.,0.));
#3841 = ADVANCED_FACE('',(#3842),#3860,.F.);
#3842 = FACE_BOUND('',#3843,.F.);
#3843 = EDGE_LOOP('',(#3844,#3845,#3846,#3852,#3853,#3854));
#3844 = ORIENTED_EDGE('',*,*,#2603,.T.);
#3845 = ORIENTED_EDGE('',*,*,#3694,.T.);
#3846 = ORIENTED_EDGE('',*,*,#3847,.T.);
#3847 = EDGE_CURVE('',#3695,#3821,#3848,.T.);
#3848 = LINE('',#3849,#3850);
#3849 = CARTESIAN_POINT('',(59.713694553162,58.3,-10.57));
#3850 = VECTOR('',#3851,1.);
#3851 = DIRECTION('',(-1.,0.,0.));
#3852 = ORIENTED_EDGE('',*,*,#3820,.T.);
#3853 = ORIENTED_EDGE('',*,*,#2586,.F.);
#3854 = ORIENTED_EDGE('',*,*,#3855,.F.);
#3855 = EDGE_CURVE('',#2595,#2587,#3856,.T.);
#3856 = LINE('',#3857,#3858);
#3857 = CARTESIAN_POINT('',(59.713694553162,58.3,-9.27));
#3858 = VECTOR('',#3859,1.);
#3859 = DIRECTION('',(-1.,0.,0.));
#3860 = PLANE('',#3861);
#3861 = AXIS2_PLACEMENT_3D('',#3862,#3863,#3864);
#3862 = CARTESIAN_POINT('',(59.713694553162,58.3,-9.27));
#3863 = DIRECTION('',(0.,1.,0.));
#3864 = DIRECTION('',(-1.,0.,0.));
#3865 = ADVANCED_FACE('',(#3866),#3870,.T.);
#3866 = FACE_BOUND('',#3867,.T.);
#3867 = EDGE_LOOP('',(#3868,#3869));
#3868 = ORIENTED_EDGE('',*,*,#3855,.F.);
#3869 = ORIENTED_EDGE('',*,*,#2594,.T.);
#3870 = PLANE('',#3871);
#3871 = AXIS2_PLACEMENT_3D('',#3872,#3873,#3874);
#3872 = CARTESIAN_POINT('',(53.5,46.555848118596,-9.27));
#3873 = DIRECTION('',(0.,0.,1.));
#3874 = DIRECTION('',(1.,0.,0.));
#3875 = ADVANCED_FACE('',(#3876),#3887,.F.);
#3876 = FACE_BOUND('',#3877,.F.);
#3877 = EDGE_LOOP('',(#3878,#3879,#3880,#3886));
#3878 = ORIENTED_EDGE('',*,*,#2620,.T.);
#3879 = ORIENTED_EDGE('',*,*,#3638,.T.);
#3880 = ORIENTED_EDGE('',*,*,#3881,.F.);
#3881 = EDGE_CURVE('',#3720,#3639,#3882,.T.);
#3882 = LINE('',#3883,#3884);
#3883 = CARTESIAN_POINT('',(60.646659876658,53.887677155286,-10.57));
#3884 = VECTOR('',#3885,1.);
#3885 = DIRECTION('',(-0.,-0.,-1.));
#3886 = ORIENTED_EDGE('',*,*,#3727,.F.);
#3887 = PLANE('',#3888);
#3888 = AXIS2_PLACEMENT_3D('',#3889,#3890,#3891);
#3889 = CARTESIAN_POINT('',(61.850236588295,54.088568197936,-10.57));
#3890 = DIRECTION('',(-0.164634146341,0.986354701848,0.));
#3891 = DIRECTION('',(-0.986354701848,-0.164634146341,0.));
#3892 = ADVANCED_FACE('',(#3893),#3907,.T.);
#3893 = FACE_BOUND('',#3894,.T.);
#3894 = EDGE_LOOP('',(#3895,#3896,#3901,#3902));
#3895 = ORIENTED_EDGE('',*,*,#3830,.T.);
#3896 = ORIENTED_EDGE('',*,*,#3897,.T.);
#3897 = EDGE_CURVE('',#3743,#2702,#3898,.T.);
#3898 = B_SPLINE_CURVE_WITH_KNOTS('',1,(#3899,#3900),.UNSPECIFIED.,.F.,
  .F.,(2,2),(0.,1.),.PIECEWISE_BEZIER_KNOTS.);
#3899 = CARTESIAN_POINT('',(51.309109769979,46.7,-10.57));
#3900 = CARTESIAN_POINT('',(51.304969521821,46.67730149983,-11.22));
#3901 = ORIENTED_EDGE('',*,*,#2699,.F.);
#3902 = ORIENTED_EDGE('',*,*,#3903,.F.);
#3903 = EDGE_CURVE('',#3821,#2700,#3904,.T.);
#3904 = B_SPLINE_CURVE_WITH_KNOTS('',1,(#3905,#3906),.UNSPECIFIED.,.F.,
  .F.,(2,2),(0.,1.),.PIECEWISE_BEZIER_KNOTS.);
#3905 = CARTESIAN_POINT('',(51.309109769979,58.3,-10.57));
#3906 = CARTESIAN_POINT('',(51.304969521821,58.32269850017,-11.22));
#3907 = B_SPLINE_SURFACE_WITH_KNOTS('',9,1,(
    (#3908,#3909)
    ,(#3910,#3911)
    ,(#3912,#3913)
    ,(#3914,#3915)
    ,(#3916,#3917)
    ,(#3918,#3919)
    ,(#3920,#3921)
    ,(#3922,#3923)
    ,(#3924,#3925)
    ,(#3926,#3927
    )),.UNSPECIFIED.,.F.,.F.,.F.,(10,10),(2,2),(1.931300192248,
    4.351885114932),(0.,1.),.PIECEWISE_BEZIER_KNOTS.);
#3908 = CARTESIAN_POINT('',(51.309109769979,58.3,-10.57));
#3909 = CARTESIAN_POINT('',(51.304969521821,58.32269850017,-11.22));
#3910 = CARTESIAN_POINT('',(49.750036389802,57.711076097152,-10.57));
#3911 = CARTESIAN_POINT('',(49.738932166393,57.73233653569,-11.22));
#3912 = CARTESIAN_POINT('',(48.369055716341,56.65067844346,-10.57));
#3913 = CARTESIAN_POINT('',(48.351520759659,56.668133904849,-11.22));
#3914 = CARTESIAN_POINT('',(47.329127100592,55.180356386227,-10.57));
#3915 = CARTESIAN_POINT('',(47.306603050586,55.191858258149,-11.22));
#3916 = CARTESIAN_POINT('',(46.768316581495,53.427369030497,
    -10.56999999999));
#3917 = CARTESIAN_POINT('',(46.743051033375,53.431389717645,-11.22));
#3918 = CARTESIAN_POINT('',(46.768316581494,51.572630969502,-10.57));
#3919 = CARTESIAN_POINT('',(46.743051033376,51.568610282355,
    -11.21999999999));
#3920 = CARTESIAN_POINT('',(47.329127100592,49.819643613775,-10.57));
#3921 = CARTESIAN_POINT('',(47.306603050586,49.808141741851,-11.22));
#3922 = CARTESIAN_POINT('',(48.369055716341,48.349321556539,-10.57));
#3923 = CARTESIAN_POINT('',(48.35152075966,48.33186609515,-11.22));
#3924 = CARTESIAN_POINT('',(49.750036389802,47.288923902848,-10.57));
#3925 = CARTESIAN_POINT('',(49.738932166393,47.26766346431,-11.22));
#3926 = CARTESIAN_POINT('',(51.309109769979,46.7,-10.57));
#3927 = CARTESIAN_POINT('',(51.304969521821,46.67730149983,-11.22));
#3928 = ADVANCED_FACE('',(#3929),#3939,.T.);
#3929 = FACE_BOUND('',#3930,.T.);
#3930 = EDGE_LOOP('',(#3931,#3932,#3933,#3934));
#3931 = ORIENTED_EDGE('',*,*,#3847,.T.);
#3932 = ORIENTED_EDGE('',*,*,#3903,.T.);
#3933 = ORIENTED_EDGE('',*,*,#2727,.T.);
#3934 = ORIENTED_EDGE('',*,*,#3935,.F.);
#3935 = EDGE_CURVE('',#3695,#2719,#3936,.T.);
#3936 = B_SPLINE_CURVE_WITH_KNOTS('',1,(#3937,#3938),.UNSPECIFIED.,.F.,
  .F.,(2,2),(0.,1.),.PIECEWISE_BEZIER_KNOTS.);
#3937 = CARTESIAN_POINT('',(55.690890230021,58.3,-10.57));
#3938 = CARTESIAN_POINT('',(55.695030478179,58.32269850017,-11.22));
#3939 = B_SPLINE_SURFACE_WITH_KNOTS('',1,1,(
    (#3940,#3941)
    ,(#3942,#3943
    )),.UNSPECIFIED.,.F.,.F.,.F.,(2,2),(2,2),(-4.3859207082,
    4.14024815854E-03),(0.,1.),.PIECEWISE_BEZIER_KNOTS.);
#3940 = CARTESIAN_POINT('',(55.690890230021,58.3,-10.57));
#3941 = CARTESIAN_POINT('',(55.695030478179,58.32269850017,-11.22));
#3942 = CARTESIAN_POINT('',(51.309109769979,58.3,-10.57));
#3943 = CARTESIAN_POINT('',(51.304969521821,58.32269850017,-11.22));
#3944 = ADVANCED_FACE('',(#3945),#3955,.T.);
#3945 = FACE_BOUND('',#3946,.T.);
#3946 = EDGE_LOOP('',(#3947,#3948,#3953,#3954));
#3947 = ORIENTED_EDGE('',*,*,#3750,.T.);
#3948 = ORIENTED_EDGE('',*,*,#3949,.T.);
#3949 = EDGE_CURVE('',#3703,#2711,#3950,.T.);
#3950 = B_SPLINE_CURVE_WITH_KNOTS('',1,(#3951,#3952),.UNSPECIFIED.,.F.,
  .F.,(2,2),(0.,1.),.PIECEWISE_BEZIER_KNOTS.);
#3951 = CARTESIAN_POINT('',(55.690890230021,46.7,-10.57));
#3952 = CARTESIAN_POINT('',(55.695030478179,46.67730149983,-11.22));
#3953 = ORIENTED_EDGE('',*,*,#2710,.F.);
#3954 = ORIENTED_EDGE('',*,*,#3897,.F.);
#3955 = B_SPLINE_SURFACE_WITH_KNOTS('',1,1,(
    (#3956,#3957)
    ,(#3958,#3959
    )),.UNSPECIFIED.,.F.,.F.,.F.,(2,2),(2,2),(-4.140248158546E-03,
    4.3859207082),(0.,1.),.PIECEWISE_BEZIER_KNOTS.);
#3956 = CARTESIAN_POINT('',(51.309109769979,46.7,-10.57));
#3957 = CARTESIAN_POINT('',(51.304969521821,46.67730149983,-11.22));
#3958 = CARTESIAN_POINT('',(55.690890230021,46.7,-10.57));
#3959 = CARTESIAN_POINT('',(55.695030478179,46.67730149983,-11.22));
#3960 = ADVANCED_FACE('',(#3961),#3967,.T.);
#3961 = FACE_BOUND('',#3962,.T.);
#3962 = EDGE_LOOP('',(#3963,#3964,#3965,#3966));
#3963 = ORIENTED_EDGE('',*,*,#3702,.T.);
#3964 = ORIENTED_EDGE('',*,*,#3935,.T.);
#3965 = ORIENTED_EDGE('',*,*,#2718,.F.);
#3966 = ORIENTED_EDGE('',*,*,#3949,.F.);
#3967 = B_SPLINE_SURFACE_WITH_KNOTS('',9,1,(
    (#3968,#3969)
    ,(#3970,#3971)
    ,(#3972,#3973)
    ,(#3974,#3975)
    ,(#3976,#3977)
    ,(#3978,#3979)
    ,(#3980,#3981)
    ,(#3982,#3983)
    ,(#3984,#3985)
    ,(#3986,#3987
    )),.UNSPECIFIED.,.F.,.F.,.F.,(10,10),(2,2),(5.072892845838,
    7.493477768522),(0.,1.),.PIECEWISE_BEZIER_KNOTS.);
#3968 = CARTESIAN_POINT('',(55.690890230021,46.7,-10.57));
#3969 = CARTESIAN_POINT('',(55.695030478179,46.67730149983,-11.22));
#3970 = CARTESIAN_POINT('',(57.249963610198,47.288923902847,-10.57));
#3971 = CARTESIAN_POINT('',(57.261067833606,47.267663464309,-11.22));
#3972 = CARTESIAN_POINT('',(58.630944283659,48.349321556541,-10.57));
#3973 = CARTESIAN_POINT('',(58.648479240342,48.331866095152,-11.22));
#3974 = CARTESIAN_POINT('',(59.670872899409,49.819643613771,-10.57));
#3975 = CARTESIAN_POINT('',(59.693396949411,49.808141741847,
    -11.21999999999));
#3976 = CARTESIAN_POINT('',(60.231683418504,51.572630969508,-10.57));
#3977 = CARTESIAN_POINT('',(60.256948966629,51.568610282363,-11.22));
#3978 = CARTESIAN_POINT('',(60.231683418507,53.42736903049,-10.57));
#3979 = CARTESIAN_POINT('',(60.256948966621,53.431389717637,
    -11.21999999999));
#3980 = CARTESIAN_POINT('',(59.670872899407,55.180356386232,-10.57));
#3981 = CARTESIAN_POINT('',(59.693396949417,55.191858258154,-11.22));
#3982 = CARTESIAN_POINT('',(58.630944283659,56.650678443457,-10.57));
#3983 = CARTESIAN_POINT('',(58.648479240339,56.668133904847,-11.22));
#3984 = CARTESIAN_POINT('',(57.249963610198,57.711076097153,-10.57));
#3985 = CARTESIAN_POINT('',(57.261067833607,57.732336535691,-11.22));
#3986 = CARTESIAN_POINT('',(55.690890230021,58.3,-10.57));
#3987 = CARTESIAN_POINT('',(55.695030478179,58.32269850017,-11.22));
#3988 = ADVANCED_FACE('',(#3989),#4014,.F.);
#3989 = FACE_BOUND('',#3990,.F.);
#3990 = EDGE_LOOP('',(#3991,#3999,#4000,#4008));
#3991 = ORIENTED_EDGE('',*,*,#3992,.T.);
#3992 = EDGE_CURVE('',#3993,#2745,#3995,.T.);
#3993 = VERTEX_POINT('',#3994);
#3994 = CARTESIAN_POINT('',(25.,49.,0.));
#3995 = LINE('',#3996,#3997);
#3996 = CARTESIAN_POINT('',(25.,49.,0.));
#3997 = VECTOR('',#3998,1.);
#3998 = DIRECTION('',(-0.,-0.,-1.));
#3999 = ORIENTED_EDGE('',*,*,#2744,.T.);
#4000 = ORIENTED_EDGE('',*,*,#4001,.F.);
#4001 = EDGE_CURVE('',#4002,#2747,#4004,.T.);
#4002 = VERTEX_POINT('',#4003);
#4003 = CARTESIAN_POINT('',(38.,49.,0.));
#4004 = LINE('',#4005,#4006);
#4005 = CARTESIAN_POINT('',(38.,49.,0.));
#4006 = VECTOR('',#4007,1.);
#4007 = DIRECTION('',(-0.,-0.,-1.));
#4008 = ORIENTED_EDGE('',*,*,#4009,.F.);
#4009 = EDGE_CURVE('',#3993,#4002,#4010,.T.);
#4010 = LINE('',#4011,#4012);
#4011 = CARTESIAN_POINT('',(25.,49.,0.));
#4012 = VECTOR('',#4013,1.);
#4013 = DIRECTION('',(1.,0.,0.));
#4014 = PLANE('',#4015);
#4015 = AXIS2_PLACEMENT_3D('',#4016,#4017,#4018);
#4016 = CARTESIAN_POINT('',(25.,49.,0.));
#4017 = DIRECTION('',(0.,-1.,0.));
#4018 = DIRECTION('',(1.,0.,0.));
#4019 = ADVANCED_FACE('',(#4020),#4038,.F.);
#4020 = FACE_BOUND('',#4021,.F.);
#4021 = EDGE_LOOP('',(#4022,#4030,#4031,#4032));
#4022 = ORIENTED_EDGE('',*,*,#4023,.T.);
#4023 = EDGE_CURVE('',#4024,#2763,#4026,.T.);
#4024 = VERTEX_POINT('',#4025);
#4025 = CARTESIAN_POINT('',(25.,56.,0.));
#4026 = LINE('',#4027,#4028);
#4027 = CARTESIAN_POINT('',(25.,56.,0.));
#4028 = VECTOR('',#4029,1.);
#4029 = DIRECTION('',(-0.,-0.,-1.));
#4030 = ORIENTED_EDGE('',*,*,#2770,.T.);
#4031 = ORIENTED_EDGE('',*,*,#3992,.F.);
#4032 = ORIENTED_EDGE('',*,*,#4033,.F.);
#4033 = EDGE_CURVE('',#4024,#3993,#4034,.T.);
#4034 = LINE('',#4035,#4036);
#4035 = CARTESIAN_POINT('',(25.,56.,0.));
#4036 = VECTOR('',#4037,1.);
#4037 = DIRECTION('',(0.,-1.,0.));
#4038 = PLANE('',#4039);
#4039 = AXIS2_PLACEMENT_3D('',#4040,#4041,#4042);
#4040 = CARTESIAN_POINT('',(25.,56.,0.));
#4041 = DIRECTION('',(-1.,0.,0.));
#4042 = DIRECTION('',(0.,-1.,0.));
#4043 = ADVANCED_FACE('',(#4044),#4062,.F.);
#4044 = FACE_BOUND('',#4045,.F.);
#4045 = EDGE_LOOP('',(#4046,#4047,#4048,#4056));
#4046 = ORIENTED_EDGE('',*,*,#4001,.T.);
#4047 = ORIENTED_EDGE('',*,*,#2754,.T.);
#4048 = ORIENTED_EDGE('',*,*,#4049,.F.);
#4049 = EDGE_CURVE('',#4050,#2755,#4052,.T.);
#4050 = VERTEX_POINT('',#4051);
#4051 = CARTESIAN_POINT('',(38.,56.,0.));
#4052 = LINE('',#4053,#4054);
#4053 = CARTESIAN_POINT('',(38.,56.,0.));
#4054 = VECTOR('',#4055,1.);
#4055 = DIRECTION('',(-0.,-0.,-1.));
#4056 = ORIENTED_EDGE('',*,*,#4057,.F.);
#4057 = EDGE_CURVE('',#4002,#4050,#4058,.T.);
#4058 = LINE('',#4059,#4060);
#4059 = CARTESIAN_POINT('',(38.,49.,0.));
#4060 = VECTOR('',#4061,1.);
#4061 = DIRECTION('',(0.,1.,0.));
#4062 = PLANE('',#4063);
#4063 = AXIS2_PLACEMENT_3D('',#4064,#4065,#4066);
#4064 = CARTESIAN_POINT('',(38.,49.,0.));
#4065 = DIRECTION('',(1.,0.,0.));
#4066 = DIRECTION('',(0.,1.,0.));
#4067 = ADVANCED_FACE('',(#4068),#4079,.F.);
#4068 = FACE_BOUND('',#4069,.F.);
#4069 = EDGE_LOOP('',(#4070,#4071,#4072,#4073));
#4070 = ORIENTED_EDGE('',*,*,#4049,.T.);
#4071 = ORIENTED_EDGE('',*,*,#2762,.T.);
#4072 = ORIENTED_EDGE('',*,*,#4023,.F.);
#4073 = ORIENTED_EDGE('',*,*,#4074,.F.);
#4074 = EDGE_CURVE('',#4050,#4024,#4075,.T.);
#4075 = LINE('',#4076,#4077);
#4076 = CARTESIAN_POINT('',(38.,56.,0.));
#4077 = VECTOR('',#4078,1.);
#4078 = DIRECTION('',(-1.,0.,0.));
#4079 = PLANE('',#4080);
#4080 = AXIS2_PLACEMENT_3D('',#4081,#4082,#4083);
#4081 = CARTESIAN_POINT('',(38.,56.,0.));
#4082 = DIRECTION('',(0.,1.,0.));
#4083 = DIRECTION('',(-1.,0.,0.));
#4084 = ADVANCED_FACE('',(#4085),#4099,.T.);
#4085 = FACE_BOUND('',#4086,.T.);
#4086 = EDGE_LOOP('',(#4087,#4088,#4093,#4094));
#4087 = ORIENTED_EDGE('',*,*,#3522,.T.);
#4088 = ORIENTED_EDGE('',*,*,#4089,.T.);
#4089 = EDGE_CURVE('',#3435,#2790,#4090,.T.);
#4090 = B_SPLINE_CURVE_WITH_KNOTS('',1,(#4091,#4092),.UNSPECIFIED.,.F.,
  .F.,(2,2),(0.,1.),.PIECEWISE_BEZIER_KNOTS.);
#4091 = CARTESIAN_POINT('',(7.309109769979,46.7,-10.57));
#4092 = CARTESIAN_POINT('',(7.304969521821,46.67730149983,-11.22));
#4093 = ORIENTED_EDGE('',*,*,#2787,.F.);
#4094 = ORIENTED_EDGE('',*,*,#4095,.F.);
#4095 = EDGE_CURVE('',#3513,#2788,#4096,.T.);
#4096 = B_SPLINE_CURVE_WITH_KNOTS('',1,(#4097,#4098),.UNSPECIFIED.,.F.,
  .F.,(2,2),(0.,1.),.PIECEWISE_BEZIER_KNOTS.);
#4097 = CARTESIAN_POINT('',(7.309109769979,58.3,-10.57));
#4098 = CARTESIAN_POINT('',(7.304969521821,58.32269850017,-11.22));
#4099 = B_SPLINE_SURFACE_WITH_KNOTS('',9,1,(
    (#4100,#4101)
    ,(#4102,#4103)
    ,(#4104,#4105)
    ,(#4106,#4107)
    ,(#4108,#4109)
    ,(#4110,#4111)
    ,(#4112,#4113)
    ,(#4114,#4115)
    ,(#4116,#4117)
    ,(#4118,#4119
    )),.UNSPECIFIED.,.F.,.F.,.F.,(10,10),(2,2),(1.931300192248,
    4.351885114932),(0.,1.),.PIECEWISE_BEZIER_KNOTS.);
#4100 = CARTESIAN_POINT('',(7.309109769979,58.3,-10.57));
#4101 = CARTESIAN_POINT('',(7.304969521821,58.32269850017,-11.22));
#4102 = CARTESIAN_POINT('',(5.750036389802,57.711076097152,-10.57));
#4103 = CARTESIAN_POINT('',(5.738932166393,57.73233653569,-11.22));
#4104 = CARTESIAN_POINT('',(4.369055716341,56.65067844346,-10.57));
#4105 = CARTESIAN_POINT('',(4.351520759659,56.668133904849,-11.22));
#4106 = CARTESIAN_POINT('',(3.329127100592,55.180356386227,-10.57));
#4107 = CARTESIAN_POINT('',(3.306603050586,55.191858258149,-11.22));
#4108 = CARTESIAN_POINT('',(2.768316581495,53.427369030497,
    -10.56999999999));
#4109 = CARTESIAN_POINT('',(2.743051033375,53.431389717645,-11.22));
#4110 = CARTESIAN_POINT('',(2.768316581494,51.572630969502,-10.57));
#4111 = CARTESIAN_POINT('',(2.743051033376,51.568610282355,
    -11.21999999999));
#4112 = CARTESIAN_POINT('',(3.329127100592,49.819643613775,-10.57));
#4113 = CARTESIAN_POINT('',(3.306603050586,49.808141741851,-11.22));
#4114 = CARTESIAN_POINT('',(4.369055716341,48.349321556539,-10.57));
#4115 = CARTESIAN_POINT('',(4.35152075966,48.33186609515,-11.22));
#4116 = CARTESIAN_POINT('',(5.750036389802,47.288923902848,-10.57));
#4117 = CARTESIAN_POINT('',(5.738932166393,47.26766346431,-11.22));
#4118 = CARTESIAN_POINT('',(7.309109769979,46.7,-10.57));
#4119 = CARTESIAN_POINT('',(7.304969521821,46.67730149983,-11.22));
#4120 = ADVANCED_FACE('',(#4121),#4131,.T.);
#4121 = FACE_BOUND('',#4122,.T.);
#4122 = EDGE_LOOP('',(#4123,#4124,#4125,#4126));
#4123 = ORIENTED_EDGE('',*,*,#3539,.T.);
#4124 = ORIENTED_EDGE('',*,*,#4095,.T.);
#4125 = ORIENTED_EDGE('',*,*,#2815,.T.);
#4126 = ORIENTED_EDGE('',*,*,#4127,.F.);
#4127 = EDGE_CURVE('',#3387,#2807,#4128,.T.);
#4128 = B_SPLINE_CURVE_WITH_KNOTS('',1,(#4129,#4130),.UNSPECIFIED.,.F.,
  .F.,(2,2),(0.,1.),.PIECEWISE_BEZIER_KNOTS.);
#4129 = CARTESIAN_POINT('',(11.690890230021,58.3,-10.57));
#4130 = CARTESIAN_POINT('',(11.695030478179,58.32269850017,-11.22));
#4131 = B_SPLINE_SURFACE_WITH_KNOTS('',1,1,(
    (#4132,#4133)
    ,(#4134,#4135
    )),.UNSPECIFIED.,.F.,.F.,.F.,(2,2),(2,2),(-4.3859207082,
    4.14024815854E-03),(0.,1.),.PIECEWISE_BEZIER_KNOTS.);
#4132 = CARTESIAN_POINT('',(11.690890230021,58.3,-10.57));
#4133 = CARTESIAN_POINT('',(11.695030478179,58.32269850017,-11.22));
#4134 = CARTESIAN_POINT('',(7.309109769979,58.3,-10.57));
#4135 = CARTESIAN_POINT('',(7.304969521821,58.32269850017,-11.22));
#4136 = ADVANCED_FACE('',(#4137),#4147,.T.);
#4137 = FACE_BOUND('',#4138,.T.);
#4138 = EDGE_LOOP('',(#4139,#4140,#4145,#4146));
#4139 = ORIENTED_EDGE('',*,*,#3442,.T.);
#4140 = ORIENTED_EDGE('',*,*,#4141,.T.);
#4141 = EDGE_CURVE('',#3395,#2799,#4142,.T.);
#4142 = B_SPLINE_CURVE_WITH_KNOTS('',1,(#4143,#4144),.UNSPECIFIED.,.F.,
  .F.,(2,2),(0.,1.),.PIECEWISE_BEZIER_KNOTS.);
#4143 = CARTESIAN_POINT('',(11.690890230021,46.7,-10.57));
#4144 = CARTESIAN_POINT('',(11.695030478179,46.67730149983,-11.22));
#4145 = ORIENTED_EDGE('',*,*,#2798,.F.);
#4146 = ORIENTED_EDGE('',*,*,#4089,.F.);
#4147 = B_SPLINE_SURFACE_WITH_KNOTS('',1,1,(
    (#4148,#4149)
    ,(#4150,#4151
    )),.UNSPECIFIED.,.F.,.F.,.F.,(2,2),(2,2),(-4.140248158546E-03,
    4.3859207082),(0.,1.),.PIECEWISE_BEZIER_KNOTS.);
#4148 = CARTESIAN_POINT('',(7.309109769979,46.7,-10.57));
#4149 = CARTESIAN_POINT('',(7.304969521821,46.67730149983,-11.22));
#4150 = CARTESIAN_POINT('',(11.690890230021,46.7,-10.57));
#4151 = CARTESIAN_POINT('',(11.695030478179,46.67730149983,-11.22));
#4152 = ADVANCED_FACE('',(#4153),#4159,.T.);
#4153 = FACE_BOUND('',#4154,.T.);
#4154 = EDGE_LOOP('',(#4155,#4156,#4157,#4158));
#4155 = ORIENTED_EDGE('',*,*,#3394,.T.);
#4156 = ORIENTED_EDGE('',*,*,#4127,.T.);
#4157 = ORIENTED_EDGE('',*,*,#2806,.F.);
#4158 = ORIENTED_EDGE('',*,*,#4141,.F.);
#4159 = B_SPLINE_SURFACE_WITH_KNOTS('',9,1,(
    (#4160,#4161)
    ,(#4162,#4163)
    ,(#4164,#4165)
    ,(#4166,#4167)
    ,(#4168,#4169)
    ,(#4170,#4171)
    ,(#4172,#4173)
    ,(#4174,#4175)
    ,(#4176,#4177)
    ,(#4178,#4179
    )),.UNSPECIFIED.,.F.,.F.,.F.,(10,10),(2,2),(5.072892845838,
    7.493477768522),(0.,1.),.PIECEWISE_BEZIER_KNOTS.);
#4160 = CARTESIAN_POINT('',(11.690890230021,46.7,-10.57));
#4161 = CARTESIAN_POINT('',(11.695030478179,46.67730149983,-11.22));
#4162 = CARTESIAN_POINT('',(13.249963610198,47.288923902847,-10.57));
#4163 = CARTESIAN_POINT('',(13.261067833606,47.267663464309,-11.22));
#4164 = CARTESIAN_POINT('',(14.630944283659,48.349321556541,-10.57));
#4165 = CARTESIAN_POINT('',(14.648479240342,48.331866095152,-11.22));
#4166 = CARTESIAN_POINT('',(15.670872899409,49.819643613771,-10.57));
#4167 = CARTESIAN_POINT('',(15.693396949411,49.808141741847,
    -11.21999999999));
#4168 = CARTESIAN_POINT('',(16.231683418504,51.572630969508,-10.57));
#4169 = CARTESIAN_POINT('',(16.256948966629,51.568610282363,-11.22));
#4170 = CARTESIAN_POINT('',(16.231683418507,53.42736903049,-10.57));
#4171 = CARTESIAN_POINT('',(16.256948966621,53.431389717637,
    -11.21999999999));
#4172 = CARTESIAN_POINT('',(15.670872899407,55.180356386232,-10.57));
#4173 = CARTESIAN_POINT('',(15.693396949417,55.191858258154,-11.22));
#4174 = CARTESIAN_POINT('',(14.630944283659,56.650678443457,-10.57));
#4175 = CARTESIAN_POINT('',(14.648479240339,56.668133904847,-11.22));
#4176 = CARTESIAN_POINT('',(13.249963610198,57.711076097153,-10.57));
#4177 = CARTESIAN_POINT('',(13.261067833607,57.732336535691,-11.22));
#4178 = CARTESIAN_POINT('',(11.690890230021,58.3,-10.57));
#4179 = CARTESIAN_POINT('',(11.695030478179,58.32269850017,-11.22));
#4180 = ADVANCED_FACE('',(#4181),#4187,.T.);
#4181 = FACE_BOUND('',#4182,.T.);
#4182 = EDGE_LOOP('',(#4183,#4184,#4185,#4186));
#4183 = ORIENTED_EDGE('',*,*,#2930,.T.);
#4184 = ORIENTED_EDGE('',*,*,#2978,.T.);
#4185 = ORIENTED_EDGE('',*,*,#3002,.T.);
#4186 = ORIENTED_EDGE('',*,*,#2961,.T.);
#4187 = PLANE('',#4188);
#4188 = AXIS2_PLACEMENT_3D('',#4189,#4190,#4191);
#4189 = CARTESIAN_POINT('',(53.51,70.25,-11.27));
#4190 = DIRECTION('',(0.,0.,1.));
#4191 = DIRECTION('',(1.,0.,0.));
#4192 = ADVANCED_FACE('',(#4193),#4199,.T.);
#4193 = FACE_BOUND('',#4194,.T.);
#4194 = EDGE_LOOP('',(#4195,#4196,#4197,#4198));
#4195 = ORIENTED_EDGE('',*,*,#3134,.T.);
#4196 = ORIENTED_EDGE('',*,*,#3182,.T.);
#4197 = ORIENTED_EDGE('',*,*,#3206,.T.);
#4198 = ORIENTED_EDGE('',*,*,#3165,.T.);
#4199 = PLANE('',#4200);
#4200 = AXIS2_PLACEMENT_3D('',#4201,#4202,#4203);
#4201 = CARTESIAN_POINT('',(9.51,70.25,-11.27));
#4202 = DIRECTION('',(0.,0.,1.));
#4203 = DIRECTION('',(1.,0.,0.));
#4204 = ADVANCED_FACE('',(#4205),#4211,.F.);
#4205 = FACE_BOUND('',#4206,.F.);
#4206 = EDGE_LOOP('',(#4207,#4208,#4209,#4210));
#4207 = ORIENTED_EDGE('',*,*,#3573,.T.);
#4208 = ORIENTED_EDGE('',*,*,#3338,.T.);
#4209 = ORIENTED_EDGE('',*,*,#3361,.F.);
#4210 = ORIENTED_EDGE('',*,*,#3411,.F.);
#4211 = PLANE('',#4212);
#4212 = AXIS2_PLACEMENT_3D('',#4213,#4214,#4215);
#4213 = CARTESIAN_POINT('',(16.646659876658,53.887677155286,-10.57));
#4214 = DIRECTION('',(-1.,0.,0.));
#4215 = DIRECTION('',(0.,-1.,0.));
#4216 = ADVANCED_FACE('',(#4217),#4242,.F.);
#4217 = FACE_BOUND('',#4218,.F.);
#4218 = EDGE_LOOP('',(#4219,#4227,#4235,#4241));
#4219 = ORIENTED_EDGE('',*,*,#4220,.T.);
#4220 = EDGE_CURVE('',#3473,#4221,#4223,.T.);
#4221 = VERTEX_POINT('',#4222);
#4222 = CARTESIAN_POINT('',(2.82,46.1,-11.27));
#4223 = LINE('',#4224,#4225);
#4224 = CARTESIAN_POINT('',(2.82,46.1,-9.27));
#4225 = VECTOR('',#4226,1.);
#4226 = DIRECTION('',(-0.,-0.,-1.));
#4227 = ORIENTED_EDGE('',*,*,#4228,.T.);
#4228 = EDGE_CURVE('',#4221,#4229,#4231,.T.);
#4229 = VERTEX_POINT('',#4230);
#4230 = CARTESIAN_POINT('',(2.82,42.4,-11.27));
#4231 = LINE('',#4232,#4233);
#4232 = CARTESIAN_POINT('',(2.82,46.1,-11.27));
#4233 = VECTOR('',#4234,1.);
#4234 = DIRECTION('',(0.,-1.,0.));
#4235 = ORIENTED_EDGE('',*,*,#4236,.F.);
#4236 = EDGE_CURVE('',#3475,#4229,#4237,.T.);
#4237 = LINE('',#4238,#4239);
#4238 = CARTESIAN_POINT('',(2.82,42.4,-9.27));
#4239 = VECTOR('',#4240,1.);
#4240 = DIRECTION('',(-0.,-0.,-1.));
#4241 = ORIENTED_EDGE('',*,*,#3472,.F.);
#4242 = PLANE('',#4243);
#4243 = AXIS2_PLACEMENT_3D('',#4244,#4245,#4246);
#4244 = CARTESIAN_POINT('',(2.82,46.1,-9.27));
#4245 = DIRECTION('',(-1.,0.,0.));
#4246 = DIRECTION('',(0.,-1.,0.));
#4247 = ADVANCED_FACE('',(#4248),#4266,.F.);
#4248 = FACE_BOUND('',#4249,.F.);
#4249 = EDGE_LOOP('',(#4250,#4258,#4264,#4265));
#4250 = ORIENTED_EDGE('',*,*,#4251,.T.);
#4251 = EDGE_CURVE('',#3483,#4252,#4254,.T.);
#4252 = VERTEX_POINT('',#4253);
#4253 = CARTESIAN_POINT('',(16.2,46.1,-11.27));
#4254 = LINE('',#4255,#4256);
#4255 = CARTESIAN_POINT('',(16.2,46.1,-9.27));
#4256 = VECTOR('',#4257,1.);
#4257 = DIRECTION('',(-0.,-0.,-1.));
#4258 = ORIENTED_EDGE('',*,*,#4259,.T.);
#4259 = EDGE_CURVE('',#4252,#4221,#4260,.T.);
#4260 = LINE('',#4261,#4262);
#4261 = CARTESIAN_POINT('',(16.2,46.1,-11.27));
#4262 = VECTOR('',#4263,1.);
#4263 = DIRECTION('',(-1.,0.,0.));
#4264 = ORIENTED_EDGE('',*,*,#4220,.F.);
#4265 = ORIENTED_EDGE('',*,*,#3482,.F.);
#4266 = PLANE('',#4267);
#4267 = AXIS2_PLACEMENT_3D('',#4268,#4269,#4270);
#4268 = CARTESIAN_POINT('',(16.2,46.1,-9.27));
#4269 = DIRECTION('',(0.,1.,0.));
#4270 = DIRECTION('',(-1.,0.,0.));
#4271 = ADVANCED_FACE('',(#4272),#4290,.F.);
#4272 = FACE_BOUND('',#4273,.F.);
#4273 = EDGE_LOOP('',(#4274,#4275,#4283,#4289));
#4274 = ORIENTED_EDGE('',*,*,#4236,.T.);
#4275 = ORIENTED_EDGE('',*,*,#4276,.T.);
#4276 = EDGE_CURVE('',#4229,#4277,#4279,.T.);
#4277 = VERTEX_POINT('',#4278);
#4278 = CARTESIAN_POINT('',(16.2,42.4,-11.27));
#4279 = LINE('',#4280,#4281);
#4280 = CARTESIAN_POINT('',(2.82,42.4,-11.27));
#4281 = VECTOR('',#4282,1.);
#4282 = DIRECTION('',(1.,0.,0.));
#4283 = ORIENTED_EDGE('',*,*,#4284,.F.);
#4284 = EDGE_CURVE('',#3491,#4277,#4285,.T.);
#4285 = LINE('',#4286,#4287);
#4286 = CARTESIAN_POINT('',(16.2,42.4,-9.27));
#4287 = VECTOR('',#4288,1.);
#4288 = DIRECTION('',(-0.,-0.,-1.));
#4289 = ORIENTED_EDGE('',*,*,#3498,.F.);
#4290 = PLANE('',#4291);
#4291 = AXIS2_PLACEMENT_3D('',#4292,#4293,#4294);
#4292 = CARTESIAN_POINT('',(2.82,42.4,-9.27));
#4293 = DIRECTION('',(0.,-1.,0.));
#4294 = DIRECTION('',(1.,0.,0.));
#4295 = ADVANCED_FACE('',(#4296),#4307,.F.);
#4296 = FACE_BOUND('',#4297,.F.);
#4297 = EDGE_LOOP('',(#4298,#4299,#4305,#4306));
#4298 = ORIENTED_EDGE('',*,*,#4284,.T.);
#4299 = ORIENTED_EDGE('',*,*,#4300,.T.);
#4300 = EDGE_CURVE('',#4277,#4252,#4301,.T.);
#4301 = LINE('',#4302,#4303);
#4302 = CARTESIAN_POINT('',(16.2,42.4,-11.27));
#4303 = VECTOR('',#4304,1.);
#4304 = DIRECTION('',(0.,1.,0.));
#4305 = ORIENTED_EDGE('',*,*,#4251,.F.);
#4306 = ORIENTED_EDGE('',*,*,#3490,.F.);
#4307 = PLANE('',#4308);
#4308 = AXIS2_PLACEMENT_3D('',#4309,#4310,#4311);
#4309 = CARTESIAN_POINT('',(16.2,42.4,-9.27));
#4310 = DIRECTION('',(1.,0.,0.));
#4311 = DIRECTION('',(0.,1.,0.));
#4312 = ADVANCED_FACE('',(#4313),#4338,.T.);
#4313 = FACE_BOUND('',#4314,.T.);
#4314 = EDGE_LOOP('',(#4315,#4323,#4324,#4332));
#4315 = ORIENTED_EDGE('',*,*,#4316,.T.);
#4316 = EDGE_CURVE('',#4317,#3599,#4319,.T.);
#4317 = VERTEX_POINT('',#4318);
#4318 = CARTESIAN_POINT('',(23.,46.9,0.));
#4319 = LINE('',#4320,#4321);
#4320 = CARTESIAN_POINT('',(23.,46.9,0.));
#4321 = VECTOR('',#4322,1.);
#4322 = DIRECTION('',(-0.,-0.,-1.));
#4323 = ORIENTED_EDGE('',*,*,#3598,.T.);
#4324 = ORIENTED_EDGE('',*,*,#4325,.F.);
#4325 = EDGE_CURVE('',#4326,#3601,#4328,.T.);
#4326 = VERTEX_POINT('',#4327);
#4327 = CARTESIAN_POINT('',(40.,46.9,0.));
#4328 = LINE('',#4329,#4330);
#4329 = CARTESIAN_POINT('',(40.,46.9,0.));
#4330 = VECTOR('',#4331,1.);
#4331 = DIRECTION('',(-0.,-0.,-1.));
#4332 = ORIENTED_EDGE('',*,*,#4333,.F.);
#4333 = EDGE_CURVE('',#4317,#4326,#4334,.T.);
#4334 = LINE('',#4335,#4336);
#4335 = CARTESIAN_POINT('',(23.,46.9,0.));
#4336 = VECTOR('',#4337,1.);
#4337 = DIRECTION('',(1.,0.,0.));
#4338 = PLANE('',#4339);
#4339 = AXIS2_PLACEMENT_3D('',#4340,#4341,#4342);
#4340 = CARTESIAN_POINT('',(23.,46.9,0.));
#4341 = DIRECTION('',(0.,-1.,0.));
#4342 = DIRECTION('',(1.,0.,0.));
#4343 = ADVANCED_FACE('',(#4344),#4362,.T.);
#4344 = FACE_BOUND('',#4345,.T.);
#4345 = EDGE_LOOP('',(#4346,#4347,#4348,#4356));
#4346 = ORIENTED_EDGE('',*,*,#4325,.T.);
#4347 = ORIENTED_EDGE('',*,*,#3608,.T.);
#4348 = ORIENTED_EDGE('',*,*,#4349,.F.);
#4349 = EDGE_CURVE('',#4350,#3609,#4352,.T.);
#4350 = VERTEX_POINT('',#4351);
#4351 = CARTESIAN_POINT('',(40.,58.,0.));
#4352 = LINE('',#4353,#4354);
#4353 = CARTESIAN_POINT('',(40.,58.,0.));
#4354 = VECTOR('',#4355,1.);
#4355 = DIRECTION('',(-0.,-0.,-1.));
#4356 = ORIENTED_EDGE('',*,*,#4357,.F.);
#4357 = EDGE_CURVE('',#4326,#4350,#4358,.T.);
#4358 = LINE('',#4359,#4360);
#4359 = CARTESIAN_POINT('',(40.,46.9,0.));
#4360 = VECTOR('',#4361,1.);
#4361 = DIRECTION('',(0.,1.,0.));
#4362 = PLANE('',#4363);
#4363 = AXIS2_PLACEMENT_3D('',#4364,#4365,#4366);
#4364 = CARTESIAN_POINT('',(40.,46.9,0.));
#4365 = DIRECTION('',(1.,0.,0.));
#4366 = DIRECTION('',(0.,1.,0.));
#4367 = ADVANCED_FACE('',(#4368),#4386,.T.);
#4368 = FACE_BOUND('',#4369,.T.);
#4369 = EDGE_LOOP('',(#4370,#4371,#4372,#4380));
#4370 = ORIENTED_EDGE('',*,*,#4349,.T.);
#4371 = ORIENTED_EDGE('',*,*,#3616,.T.);
#4372 = ORIENTED_EDGE('',*,*,#4373,.F.);
#4373 = EDGE_CURVE('',#4374,#3617,#4376,.T.);
#4374 = VERTEX_POINT('',#4375);
#4375 = CARTESIAN_POINT('',(23.,58.,0.));
#4376 = LINE('',#4377,#4378);
#4377 = CARTESIAN_POINT('',(23.,58.,0.));
#4378 = VECTOR('',#4379,1.);
#4379 = DIRECTION('',(-0.,-0.,-1.));
#4380 = ORIENTED_EDGE('',*,*,#4381,.F.);
#4381 = EDGE_CURVE('',#4350,#4374,#4382,.T.);
#4382 = LINE('',#4383,#4384);
#4383 = CARTESIAN_POINT('',(40.,58.,0.));
#4384 = VECTOR('',#4385,1.);
#4385 = DIRECTION('',(-1.,0.,0.));
#4386 = PLANE('',#4387);
#4387 = AXIS2_PLACEMENT_3D('',#4388,#4389,#4390);
#4388 = CARTESIAN_POINT('',(40.,58.,0.));
#4389 = DIRECTION('',(0.,1.,0.));
#4390 = DIRECTION('',(-1.,0.,0.));
#4391 = ADVANCED_FACE('',(#4392),#4403,.T.);
#4392 = FACE_BOUND('',#4393,.T.);
#4393 = EDGE_LOOP('',(#4394,#4395,#4396,#4397));
#4394 = ORIENTED_EDGE('',*,*,#4373,.T.);
#4395 = ORIENTED_EDGE('',*,*,#3624,.T.);
#4396 = ORIENTED_EDGE('',*,*,#4316,.F.);
#4397 = ORIENTED_EDGE('',*,*,#4398,.F.);
#4398 = EDGE_CURVE('',#4374,#4317,#4399,.T.);
#4399 = LINE('',#4400,#4401);
#4400 = CARTESIAN_POINT('',(23.,58.,0.));
#4401 = VECTOR('',#4402,1.);
#4402 = DIRECTION('',(0.,-1.,0.));
#4403 = PLANE('',#4404);
#4404 = AXIS2_PLACEMENT_3D('',#4405,#4406,#4407);
#4405 = CARTESIAN_POINT('',(23.,58.,0.));
#4406 = DIRECTION('',(-1.,0.,0.));
#4407 = DIRECTION('',(0.,-1.,0.));
#4408 = ADVANCED_FACE('',(#4409),#4415,.F.);
#4409 = FACE_BOUND('',#4410,.F.);
#4410 = EDGE_LOOP('',(#4411,#4412,#4413,#4414));
#4411 = ORIENTED_EDGE('',*,*,#3881,.T.);
#4412 = ORIENTED_EDGE('',*,*,#3646,.T.);
#4413 = ORIENTED_EDGE('',*,*,#3669,.F.);
#4414 = ORIENTED_EDGE('',*,*,#3719,.F.);
#4415 = PLANE('',#4416);
#4416 = AXIS2_PLACEMENT_3D('',#4417,#4418,#4419);
#4417 = CARTESIAN_POINT('',(60.646659876658,53.887677155286,-10.57));
#4418 = DIRECTION('',(-1.,0.,0.));
#4419 = DIRECTION('',(0.,-1.,0.));
#4420 = ADVANCED_FACE('',(#4421),#4446,.F.);
#4421 = FACE_BOUND('',#4422,.F.);
#4422 = EDGE_LOOP('',(#4423,#4431,#4439,#4445));
#4423 = ORIENTED_EDGE('',*,*,#4424,.T.);
#4424 = EDGE_CURVE('',#3781,#4425,#4427,.T.);
#4425 = VERTEX_POINT('',#4426);
#4426 = CARTESIAN_POINT('',(46.82,46.1,-11.27));
#4427 = LINE('',#4428,#4429);
#4428 = CARTESIAN_POINT('',(46.82,46.1,-9.27));
#4429 = VECTOR('',#4430,1.);
#4430 = DIRECTION('',(-0.,-0.,-1.));
#4431 = ORIENTED_EDGE('',*,*,#4432,.T.);
#4432 = EDGE_CURVE('',#4425,#4433,#4435,.T.);
#4433 = VERTEX_POINT('',#4434);
#4434 = CARTESIAN_POINT('',(46.82,42.4,-11.27));
#4435 = LINE('',#4436,#4437);
#4436 = CARTESIAN_POINT('',(46.82,46.1,-11.27));
#4437 = VECTOR('',#4438,1.);
#4438 = DIRECTION('',(0.,-1.,0.));
#4439 = ORIENTED_EDGE('',*,*,#4440,.F.);
#4440 = EDGE_CURVE('',#3783,#4433,#4441,.T.);
#4441 = LINE('',#4442,#4443);
#4442 = CARTESIAN_POINT('',(46.82,42.4,-9.27));
#4443 = VECTOR('',#4444,1.);
#4444 = DIRECTION('',(-0.,-0.,-1.));
#4445 = ORIENTED_EDGE('',*,*,#3780,.F.);
#4446 = PLANE('',#4447);
#4447 = AXIS2_PLACEMENT_3D('',#4448,#4449,#4450);
#4448 = CARTESIAN_POINT('',(46.82,46.1,-9.27));
#4449 = DIRECTION('',(-1.,0.,0.));
#4450 = DIRECTION('',(0.,-1.,0.));
#4451 = ADVANCED_FACE('',(#4452),#4470,.F.);
#4452 = FACE_BOUND('',#4453,.F.);
#4453 = EDGE_LOOP('',(#4454,#4462,#4468,#4469));
#4454 = ORIENTED_EDGE('',*,*,#4455,.T.);
#4455 = EDGE_CURVE('',#3791,#4456,#4458,.T.);
#4456 = VERTEX_POINT('',#4457);
#4457 = CARTESIAN_POINT('',(60.2,46.1,-11.27));
#4458 = LINE('',#4459,#4460);
#4459 = CARTESIAN_POINT('',(60.2,46.1,-9.27));
#4460 = VECTOR('',#4461,1.);
#4461 = DIRECTION('',(-0.,-0.,-1.));
#4462 = ORIENTED_EDGE('',*,*,#4463,.T.);
#4463 = EDGE_CURVE('',#4456,#4425,#4464,.T.);
#4464 = LINE('',#4465,#4466);
#4465 = CARTESIAN_POINT('',(60.2,46.1,-11.27));
#4466 = VECTOR('',#4467,1.);
#4467 = DIRECTION('',(-1.,0.,0.));
#4468 = ORIENTED_EDGE('',*,*,#4424,.F.);
#4469 = ORIENTED_EDGE('',*,*,#3790,.F.);
#4470 = PLANE('',#4471);
#4471 = AXIS2_PLACEMENT_3D('',#4472,#4473,#4474);
#4472 = CARTESIAN_POINT('',(60.2,46.1,-9.27));
#4473 = DIRECTION('',(0.,1.,0.));
#4474 = DIRECTION('',(-1.,0.,0.));
#4475 = ADVANCED_FACE('',(#4476),#4494,.F.);
#4476 = FACE_BOUND('',#4477,.F.);
#4477 = EDGE_LOOP('',(#4478,#4479,#4487,#4493));
#4478 = ORIENTED_EDGE('',*,*,#4440,.T.);
#4479 = ORIENTED_EDGE('',*,*,#4480,.T.);
#4480 = EDGE_CURVE('',#4433,#4481,#4483,.T.);
#4481 = VERTEX_POINT('',#4482);
#4482 = CARTESIAN_POINT('',(60.2,42.4,-11.27));
#4483 = LINE('',#4484,#4485);
#4484 = CARTESIAN_POINT('',(46.82,42.4,-11.27));
#4485 = VECTOR('',#4486,1.);
#4486 = DIRECTION('',(1.,0.,0.));
#4487 = ORIENTED_EDGE('',*,*,#4488,.F.);
#4488 = EDGE_CURVE('',#3799,#4481,#4489,.T.);
#4489 = LINE('',#4490,#4491);
#4490 = CARTESIAN_POINT('',(60.2,42.4,-9.27));
#4491 = VECTOR('',#4492,1.);
#4492 = DIRECTION('',(-0.,-0.,-1.));
#4493 = ORIENTED_EDGE('',*,*,#3806,.F.);
#4494 = PLANE('',#4495);
#4495 = AXIS2_PLACEMENT_3D('',#4496,#4497,#4498);
#4496 = CARTESIAN_POINT('',(46.82,42.4,-9.27));
#4497 = DIRECTION('',(0.,-1.,0.));
#4498 = DIRECTION('',(1.,0.,0.));
#4499 = ADVANCED_FACE('',(#4500),#4511,.F.);
#4500 = FACE_BOUND('',#4501,.F.);
#4501 = EDGE_LOOP('',(#4502,#4503,#4509,#4510));
#4502 = ORIENTED_EDGE('',*,*,#4488,.T.);
#4503 = ORIENTED_EDGE('',*,*,#4504,.T.);
#4504 = EDGE_CURVE('',#4481,#4456,#4505,.T.);
#4505 = LINE('',#4506,#4507);
#4506 = CARTESIAN_POINT('',(60.2,42.4,-11.27));
#4507 = VECTOR('',#4508,1.);
#4508 = DIRECTION('',(0.,1.,0.));
#4509 = ORIENTED_EDGE('',*,*,#4455,.F.);
#4510 = ORIENTED_EDGE('',*,*,#3798,.F.);
#4511 = PLANE('',#4512);
#4512 = AXIS2_PLACEMENT_3D('',#4513,#4514,#4515);
#4513 = CARTESIAN_POINT('',(60.2,42.4,-9.27));
#4514 = DIRECTION('',(1.,0.,0.));
#4515 = DIRECTION('',(0.,1.,0.));
#4516 = ADVANCED_FACE('',(#4517,#4523),#4529,.T.);
#4517 = FACE_BOUND('',#4518,.T.);
#4518 = EDGE_LOOP('',(#4519,#4520,#4521,#4522));
#4519 = ORIENTED_EDGE('',*,*,#4398,.T.);
#4520 = ORIENTED_EDGE('',*,*,#4333,.T.);
#4521 = ORIENTED_EDGE('',*,*,#4357,.T.);
#4522 = ORIENTED_EDGE('',*,*,#4381,.T.);
#4523 = FACE_BOUND('',#4524,.T.);
#4524 = EDGE_LOOP('',(#4525,#4526,#4527,#4528));
#4525 = ORIENTED_EDGE('',*,*,#4009,.F.);
#4526 = ORIENTED_EDGE('',*,*,#4033,.F.);
#4527 = ORIENTED_EDGE('',*,*,#4074,.F.);
#4528 = ORIENTED_EDGE('',*,*,#4057,.F.);
#4529 = PLANE('',#4530);
#4530 = AXIS2_PLACEMENT_3D('',#4531,#4532,#4533);
#4531 = CARTESIAN_POINT('',(31.5,39.121638924456,0.));
#4532 = DIRECTION('',(0.,0.,1.));
#4533 = DIRECTION('',(1.,0.,0.));
#4534 = ADVANCED_FACE('',(#4535),#4541,.T.);
#4535 = FACE_BOUND('',#4536,.T.);
#4536 = EDGE_LOOP('',(#4537,#4538,#4539,#4540));
#4537 = ORIENTED_EDGE('',*,*,#4228,.T.);
#4538 = ORIENTED_EDGE('',*,*,#4276,.T.);
#4539 = ORIENTED_EDGE('',*,*,#4300,.T.);
#4540 = ORIENTED_EDGE('',*,*,#4259,.T.);
#4541 = PLANE('',#4542);
#4542 = AXIS2_PLACEMENT_3D('',#4543,#4544,#4545);
#4543 = CARTESIAN_POINT('',(9.51,44.25,-11.27));
#4544 = DIRECTION('',(0.,0.,1.));
#4545 = DIRECTION('',(1.,0.,0.));
#4546 = ADVANCED_FACE('',(#4547),#4553,.T.);
#4547 = FACE_BOUND('',#4548,.T.);
#4548 = EDGE_LOOP('',(#4549,#4550,#4551,#4552));
#4549 = ORIENTED_EDGE('',*,*,#4432,.T.);
#4550 = ORIENTED_EDGE('',*,*,#4480,.T.);
#4551 = ORIENTED_EDGE('',*,*,#4504,.T.);
#4552 = ORIENTED_EDGE('',*,*,#4463,.T.);
#4553 = PLANE('',#4554);
#4554 = AXIS2_PLACEMENT_3D('',#4555,#4556,#4557);
#4555 = CARTESIAN_POINT('',(53.51,44.25,-11.27));
#4556 = DIRECTION('',(0.,0.,1.));
#4557 = DIRECTION('',(1.,0.,0.));
#4558 = ( GEOMETRIC_REPRESENTATION_CONTEXT(3) 
GLOBAL_UNCERTAINTY_ASSIGNED_CONTEXT((#4562)) 
GLOBAL_UNIT_ASSIGNED_CONTEXT((#4559,#4560,#4561)) REPRESENTATION_CONTEXT
('Context #1','3D Context with UNIT and UNCERTAINTY') );
#4559 = ( LENGTH_UNIT() NAMED_UNIT(*) SI_UNIT(.MILLI.,.METRE.) );
#4560 = ( NAMED_UNIT(*) PLANE_ANGLE_UNIT() SI_UNIT($,.RADIAN.) );
#4561 = ( NAMED_UNIT(*) SI_UNIT($,.STERADIAN.) SOLID_ANGLE_UNIT() );
#4562 = UNCERTAINTY_MEASURE_WITH_UNIT(LENGTH_MEASURE(2.E-05),#4559,
  'distance_accuracy_value','confusion accuracy');
#4563 = PRODUCT_RELATED_PRODUCT_CATEGORY('part',$,(#7));
#4564 = MECHANICAL_DESIGN_GEOMETRIC_PRESENTATION_REPRESENTATION('',(
    #4565),#4558);
#4565 = STYLED_ITEM('color',(#4566),#15);
#4566 = PRESENTATION_STYLE_ASSIGNMENT((#4567,#4575));
#4567 = SURFACE_STYLE_USAGE(.BOTH.,#4568);
#4568 = SURFACE_SIDE_STYLE('',(#4569,#4573));
#4569 = SURFACE_STYLE_FILL_AREA(#4570);
#4570 = FILL_AREA_STYLE('',(#4571));
#4571 = FILL_AREA_STYLE_COLOUR('',#4572);
#4572 = COLOUR_RGB('',0.384313730969,0.447058818107,0.643137266454);
#4573 = SURFACE_STYLE_RENDERING_WITH_PROPERTIES(.NORMAL_SHADING.,#4572,(
    #4574));
#4574 = SURFACE_STYLE_TRANSPARENT(0.899999976158);
#4575 = CURVE_STYLE('',#4576,POSITIVE_LENGTH_MEASURE(0.1),#4577);
#4576 = DRAUGHTING_PRE_DEFINED_CURVE_FONT('continuous');
#4577 = COLOUR_RGB('',9.803921802644E-02,9.803921802644E-02,
  9.803921802644E-02);
ENDSEC;
END-ISO-10303-21;
