ISO-10303-21;
HEADER;
FILE_DESCRIPTION(('FreeCAD Model'),'2;1');
FILE_NAME('Open CASCADE Shape Model','2026-05-26T21:39:30',(''),(''),
  'Open CASCADE STEP processor 7.9','FreeCAD','Unknown');
FILE_SCHEMA(('AUTOMOTIVE_DESIGN { 1 0 10303 214 1 1 1 1 }'));
ENDSEC;
DATA;
#1 = APPLICATION_PROTOCOL_DEFINITION('international standard',
  'automotive_design',2000,#2);
#2 = APPLICATION_CONTEXT(
  'core data for automotive mechanical design processes');
#3 = SHAPE_DEFINITION_REPRESENTATION(#4,#10);
#4 = PRODUCT_DEFINITION_SHAPE('','',#5);
#5 = PRODUCT_DEFINITION('design','',#6,#9);
#6 = PRODUCT_DEFINITION_FORMATION('','',#7);
#7 = PRODUCT('Body001','Body001','',(#8));
#8 = PRODUCT_CONTEXT('',#2,'mechanical');
#9 = PRODUCT_DEFINITION_CONTEXT('part definition',#2,'design');
#10 = ADVANCED_BREP_SHAPE_REPRESENTATION('',(#11,#15),#3849);
#11 = AXIS2_PLACEMENT_3D('',#12,#13,#14);
#12 = CARTESIAN_POINT('',(0.,0.,0.));
#13 = DIRECTION('',(0.,0.,1.));
#14 = DIRECTION('',(1.,0.,-0.));
#15 = MANIFOLD_SOLID_BREP('',#16);
#16 = CLOSED_SHELL('',(#17,#57,#88,#119,#236,#297,#309,#340,#364,#388,
    #412,#452,#579,#619,#643,#683,#810,#850,#867,#892,#917,#942,#967,
    #1133,#1191,#1203,#1234,#1258,#1306,#1332,#1357,#1381,#1391,#1408,
    #1466,#1478,#1509,#1533,#1581,#1607,#1632,#1656,#1666,#1683,#1728,
    #1773,#1818,#1863,#1997,#2021,#2045,#2062,#2093,#2117,#2141,#2165,
    #2189,#2213,#2237,#2254,#2388,#2412,#2436,#2453,#2484,#2508,#2532,
    #2549,#2561,#2597,#2613,#2645,#2657,#2688,#2712,#2736,#2753,#2765,
    #2801,#2817,#2849,#2861,#2907,#2930,#2953,#2987,#3033,#3056,#3079,
    #3113,#3144,#3168,#3206,#3230,#3278,#3295,#3314,#3324,#3341,#3357,
    #3388,#3412,#3450,#3474,#3522,#3539,#3558,#3568,#3585,#3597,#3609,
    #3621,#3652,#3676,#3700,#3717,#3729,#3760,#3784,#3808,#3825,#3837));
#17 = ADVANCED_FACE('',(#18),#52,.T.);
#18 = FACE_BOUND('',#19,.T.);
#19 = EDGE_LOOP('',(#20,#30,#38,#46));
#20 = ORIENTED_EDGE('',*,*,#21,.T.);
#21 = EDGE_CURVE('',#22,#24,#26,.T.);
#22 = VERTEX_POINT('',#23);
#23 = CARTESIAN_POINT('',(-5.,-5.,1.46));
#24 = VERTEX_POINT('',#25);
#25 = CARTESIAN_POINT('',(-5.,-5.,-15.));
#26 = LINE('',#27,#28);
#27 = CARTESIAN_POINT('',(-5.,-5.,1.46));
#28 = VECTOR('',#29,1.);
#29 = DIRECTION('',(-0.,-0.,-1.));
#30 = ORIENTED_EDGE('',*,*,#31,.T.);
#31 = EDGE_CURVE('',#24,#32,#34,.T.);
#32 = VERTEX_POINT('',#33);
#33 = CARTESIAN_POINT('',(68.,-5.,-15.));
#34 = LINE('',#35,#36);
#35 = CARTESIAN_POINT('',(-5.,-5.,-15.));
#36 = VECTOR('',#37,1.);
#37 = DIRECTION('',(1.,0.,0.));
#38 = ORIENTED_EDGE('',*,*,#39,.F.);
#39 = EDGE_CURVE('',#40,#32,#42,.T.);
#40 = VERTEX_POINT('',#41);
#41 = CARTESIAN_POINT('',(68.,-5.,1.46));
#42 = LINE('',#43,#44);
#43 = CARTESIAN_POINT('',(68.,-5.,1.46));
#44 = VECTOR('',#45,1.);
#45 = DIRECTION('',(-0.,-0.,-1.));
#46 = ORIENTED_EDGE('',*,*,#47,.F.);
#47 = EDGE_CURVE('',#22,#40,#48,.T.);
#48 = LINE('',#49,#50);
#49 = CARTESIAN_POINT('',(-5.,-5.,1.46));
#50 = VECTOR('',#51,1.);
#51 = DIRECTION('',(1.,0.,0.));
#52 = PLANE('',#53);
#53 = AXIS2_PLACEMENT_3D('',#54,#55,#56);
#54 = CARTESIAN_POINT('',(-5.,-5.,1.46));
#55 = DIRECTION('',(0.,-1.,0.));
#56 = DIRECTION('',(1.,0.,0.));
#57 = ADVANCED_FACE('',(#58),#83,.T.);
#58 = FACE_BOUND('',#59,.T.);
#59 = EDGE_LOOP('',(#60,#70,#76,#77));
#60 = ORIENTED_EDGE('',*,*,#61,.T.);
#61 = EDGE_CURVE('',#62,#64,#66,.T.);
#62 = VERTEX_POINT('',#63);
#63 = CARTESIAN_POINT('',(-5.,90.,1.46));
#64 = VERTEX_POINT('',#65);
#65 = CARTESIAN_POINT('',(-5.,90.,-15.));
#66 = LINE('',#67,#68);
#67 = CARTESIAN_POINT('',(-5.,90.,1.46));
#68 = VECTOR('',#69,1.);
#69 = DIRECTION('',(-0.,-0.,-1.));
#70 = ORIENTED_EDGE('',*,*,#71,.T.);
#71 = EDGE_CURVE('',#64,#24,#72,.T.);
#72 = LINE('',#73,#74);
#73 = CARTESIAN_POINT('',(-5.,90.,-15.));
#74 = VECTOR('',#75,1.);
#75 = DIRECTION('',(0.,-1.,0.));
#76 = ORIENTED_EDGE('',*,*,#21,.F.);
#77 = ORIENTED_EDGE('',*,*,#78,.F.);
#78 = EDGE_CURVE('',#62,#22,#79,.T.);
#79 = LINE('',#80,#81);
#80 = CARTESIAN_POINT('',(-5.,90.,1.46));
#81 = VECTOR('',#82,1.);
#82 = DIRECTION('',(0.,-1.,0.));
#83 = PLANE('',#84);
#84 = AXIS2_PLACEMENT_3D('',#85,#86,#87);
#85 = CARTESIAN_POINT('',(-5.,90.,1.46));
#86 = DIRECTION('',(-1.,0.,0.));
#87 = DIRECTION('',(0.,-1.,0.));
#88 = ADVANCED_FACE('',(#89),#114,.T.);
#89 = FACE_BOUND('',#90,.T.);
#90 = EDGE_LOOP('',(#91,#92,#100,#108));
#91 = ORIENTED_EDGE('',*,*,#39,.T.);
#92 = ORIENTED_EDGE('',*,*,#93,.T.);
#93 = EDGE_CURVE('',#32,#94,#96,.T.);
#94 = VERTEX_POINT('',#95);
#95 = CARTESIAN_POINT('',(68.,90.,-15.));
#96 = LINE('',#97,#98);
#97 = CARTESIAN_POINT('',(68.,-5.,-15.));
#98 = VECTOR('',#99,1.);
#99 = DIRECTION('',(0.,1.,0.));
#100 = ORIENTED_EDGE('',*,*,#101,.F.);
#101 = EDGE_CURVE('',#102,#94,#104,.T.);
#102 = VERTEX_POINT('',#103);
#103 = CARTESIAN_POINT('',(68.,90.,1.46));
#104 = LINE('',#105,#106);
#105 = CARTESIAN_POINT('',(68.,90.,1.46));
#106 = VECTOR('',#107,1.);
#107 = DIRECTION('',(-0.,-0.,-1.));
#108 = ORIENTED_EDGE('',*,*,#109,.F.);
#109 = EDGE_CURVE('',#40,#102,#110,.T.);
#110 = LINE('',#111,#112);
#111 = CARTESIAN_POINT('',(68.,-5.,1.46));
#112 = VECTOR('',#113,1.);
#113 = DIRECTION('',(0.,1.,0.));
#114 = PLANE('',#115);
#115 = AXIS2_PLACEMENT_3D('',#116,#117,#118);
#116 = CARTESIAN_POINT('',(68.,-5.,1.46));
#117 = DIRECTION('',(1.,0.,0.));
#118 = DIRECTION('',(0.,1.,0.));
#119 = ADVANCED_FACE('',(#120,#131),#231,.T.);
#120 = FACE_BOUND('',#121,.T.);
#121 = EDGE_LOOP('',(#122,#123,#124,#130));
#122 = ORIENTED_EDGE('',*,*,#47,.T.);
#123 = ORIENTED_EDGE('',*,*,#109,.T.);
#124 = ORIENTED_EDGE('',*,*,#125,.T.);
#125 = EDGE_CURVE('',#102,#62,#126,.T.);
#126 = LINE('',#127,#128);
#127 = CARTESIAN_POINT('',(68.,90.,1.46));
#128 = VECTOR('',#129,1.);
#129 = DIRECTION('',(-1.,0.,0.));
#130 = ORIENTED_EDGE('',*,*,#78,.T.);
#131 = FACE_BOUND('',#132,.T.);
#132 = EDGE_LOOP('',(#133,#143,#151,#159,#168,#176,#184,#192,#201,#209,
    #217,#225));
#133 = ORIENTED_EDGE('',*,*,#134,.F.);
#134 = EDGE_CURVE('',#135,#137,#139,.T.);
#135 = VERTEX_POINT('',#136);
#136 = CARTESIAN_POINT('',(0.,72.,1.46));
#137 = VERTEX_POINT('',#138);
#138 = CARTESIAN_POINT('',(0.,0.,1.46));
#139 = LINE('',#140,#141);
#140 = CARTESIAN_POINT('',(0.,21.25,1.46));
#141 = VECTOR('',#142,1.);
#142 = DIRECTION('',(0.,-1.,0.));
#143 = ORIENTED_EDGE('',*,*,#144,.F.);
#144 = EDGE_CURVE('',#145,#135,#147,.T.);
#145 = VERTEX_POINT('',#146);
#146 = CARTESIAN_POINT('',(1.8,72.,1.46));
#147 = LINE('',#148,#149);
#148 = CARTESIAN_POINT('',(15.75,72.,1.46));
#149 = VECTOR('',#150,1.);
#150 = DIRECTION('',(-1.,0.,0.));
#151 = ORIENTED_EDGE('',*,*,#152,.T.);
#152 = EDGE_CURVE('',#145,#153,#155,.T.);
#153 = VERTEX_POINT('',#154);
#154 = CARTESIAN_POINT('',(1.8,74.9,1.46));
#155 = LINE('',#156,#157);
#156 = CARTESIAN_POINT('',(1.8,58.7,1.46));
#157 = VECTOR('',#158,1.);
#158 = DIRECTION('',(0.,1.,0.));
#159 = ORIENTED_EDGE('',*,*,#160,.T.);
#160 = EDGE_CURVE('',#153,#161,#163,.T.);
#161 = VERTEX_POINT('',#162);
#162 = CARTESIAN_POINT('',(17.2,74.9,1.46));
#163 = CIRCLE('',#164,8.5);
#164 = AXIS2_PLACEMENT_3D('',#165,#166,#167);
#165 = CARTESIAN_POINT('',(9.5,78.5,1.46));
#166 = DIRECTION('',(0.,0.,-1.));
#167 = DIRECTION('',(1.,0.,0.));
#168 = ORIENTED_EDGE('',*,*,#169,.T.);
#169 = EDGE_CURVE('',#161,#170,#172,.T.);
#170 = VERTEX_POINT('',#171);
#171 = CARTESIAN_POINT('',(17.2,72.,1.46));
#172 = LINE('',#173,#174);
#173 = CARTESIAN_POINT('',(17.2,51.95,1.46));
#174 = VECTOR('',#175,1.);
#175 = DIRECTION('',(0.,-1.,0.));
#176 = ORIENTED_EDGE('',*,*,#177,.F.);
#177 = EDGE_CURVE('',#178,#170,#180,.T.);
#178 = VERTEX_POINT('',#179);
#179 = CARTESIAN_POINT('',(45.8,72.,1.46));
#180 = LINE('',#181,#182);
#181 = CARTESIAN_POINT('',(15.75,72.,1.46));
#182 = VECTOR('',#183,1.);
#183 = DIRECTION('',(-1.,0.,0.));
#184 = ORIENTED_EDGE('',*,*,#185,.T.);
#185 = EDGE_CURVE('',#178,#186,#188,.T.);
#186 = VERTEX_POINT('',#187);
#187 = CARTESIAN_POINT('',(45.8,74.9,1.46));
#188 = LINE('',#189,#190);
#189 = CARTESIAN_POINT('',(45.8,58.7,1.46));
#190 = VECTOR('',#191,1.);
#191 = DIRECTION('',(0.,1.,0.));
#192 = ORIENTED_EDGE('',*,*,#193,.T.);
#193 = EDGE_CURVE('',#186,#194,#196,.T.);
#194 = VERTEX_POINT('',#195);
#195 = CARTESIAN_POINT('',(61.2,74.9,1.46));
#196 = CIRCLE('',#197,8.5);
#197 = AXIS2_PLACEMENT_3D('',#198,#199,#200);
#198 = CARTESIAN_POINT('',(53.5,78.5,1.46));
#199 = DIRECTION('',(0.,0.,-1.));
#200 = DIRECTION('',(1.,0.,0.));
#201 = ORIENTED_EDGE('',*,*,#202,.T.);
#202 = EDGE_CURVE('',#194,#203,#205,.T.);
#203 = VERTEX_POINT('',#204);
#204 = CARTESIAN_POINT('',(61.2,72.,1.46));
#205 = LINE('',#206,#207);
#206 = CARTESIAN_POINT('',(61.2,51.95,1.46));
#207 = VECTOR('',#208,1.);
#208 = DIRECTION('',(0.,-1.,0.));
#209 = ORIENTED_EDGE('',*,*,#210,.F.);
#210 = EDGE_CURVE('',#211,#203,#213,.T.);
#211 = VERTEX_POINT('',#212);
#212 = CARTESIAN_POINT('',(63.,72.,1.46));
#213 = LINE('',#214,#215);
#214 = CARTESIAN_POINT('',(15.75,72.,1.46));
#215 = VECTOR('',#216,1.);
#216 = DIRECTION('',(-1.,0.,0.));
#217 = ORIENTED_EDGE('',*,*,#218,.F.);
#218 = EDGE_CURVE('',#219,#211,#221,.T.);
#219 = VERTEX_POINT('',#220);
#220 = CARTESIAN_POINT('',(63.,0.,1.46));
#221 = LINE('',#222,#223);
#222 = CARTESIAN_POINT('',(63.,57.25,1.46));
#223 = VECTOR('',#224,1.);
#224 = DIRECTION('',(0.,1.,0.));
#225 = ORIENTED_EDGE('',*,*,#226,.F.);
#226 = EDGE_CURVE('',#137,#219,#227,.T.);
#227 = LINE('',#228,#229);
#228 = CARTESIAN_POINT('',(47.25,0.,1.46));
#229 = VECTOR('',#230,1.);
#230 = DIRECTION('',(1.,0.,0.));
#231 = PLANE('',#232);
#232 = AXIS2_PLACEMENT_3D('',#233,#234,#235);
#233 = CARTESIAN_POINT('',(31.5,42.5,1.46));
#234 = DIRECTION('',(0.,0.,1.));
#235 = DIRECTION('',(1.,0.,0.));
#236 = ADVANCED_FACE('',(#237,#248,#259,#270,#281),#292,.T.);
#237 = FACE_BOUND('',#238,.T.);
#238 = EDGE_LOOP('',(#239,#240,#241,#247));
#239 = ORIENTED_EDGE('',*,*,#31,.F.);
#240 = ORIENTED_EDGE('',*,*,#71,.F.);
#241 = ORIENTED_EDGE('',*,*,#242,.F.);
#242 = EDGE_CURVE('',#94,#64,#243,.T.);
#243 = LINE('',#244,#245);
#244 = CARTESIAN_POINT('',(68.,90.,-15.));
#245 = VECTOR('',#246,1.);
#246 = DIRECTION('',(-1.,0.,0.));
#247 = ORIENTED_EDGE('',*,*,#93,.F.);
#248 = FACE_BOUND('',#249,.T.);
#249 = EDGE_LOOP('',(#250));
#250 = ORIENTED_EDGE('',*,*,#251,.T.);
#251 = EDGE_CURVE('',#252,#252,#254,.T.);
#252 = VERTEX_POINT('',#253);
#253 = CARTESIAN_POINT('',(13.25,52.5,-15.));
#254 = CIRCLE('',#255,3.75);
#255 = AXIS2_PLACEMENT_3D('',#256,#257,#258);
#256 = CARTESIAN_POINT('',(9.5,52.5,-15.));
#257 = DIRECTION('',(0.,0.,1.));
#258 = DIRECTION('',(1.,0.,0.));
#259 = FACE_BOUND('',#260,.T.);
#260 = EDGE_LOOP('',(#261));
#261 = ORIENTED_EDGE('',*,*,#262,.T.);
#262 = EDGE_CURVE('',#263,#263,#265,.T.);
#263 = VERTEX_POINT('',#264);
#264 = CARTESIAN_POINT('',(57.25,52.5,-15.));
#265 = CIRCLE('',#266,3.75);
#266 = AXIS2_PLACEMENT_3D('',#267,#268,#269);
#267 = CARTESIAN_POINT('',(53.5,52.5,-15.));
#268 = DIRECTION('',(0.,0.,1.));
#269 = DIRECTION('',(1.,0.,0.));
#270 = FACE_BOUND('',#271,.T.);
#271 = EDGE_LOOP('',(#272));
#272 = ORIENTED_EDGE('',*,*,#273,.T.);
#273 = EDGE_CURVE('',#274,#274,#276,.T.);
#274 = VERTEX_POINT('',#275);
#275 = CARTESIAN_POINT('',(13.25,78.5,-15.));
#276 = CIRCLE('',#277,3.75);
#277 = AXIS2_PLACEMENT_3D('',#278,#279,#280);
#278 = CARTESIAN_POINT('',(9.5,78.5,-15.));
#279 = DIRECTION('',(0.,0.,1.));
#280 = DIRECTION('',(1.,0.,0.));
#281 = FACE_BOUND('',#282,.T.);
#282 = EDGE_LOOP('',(#283));
#283 = ORIENTED_EDGE('',*,*,#284,.T.);
#284 = EDGE_CURVE('',#285,#285,#287,.T.);
#285 = VERTEX_POINT('',#286);
#286 = CARTESIAN_POINT('',(57.25,78.5,-15.));
#287 = CIRCLE('',#288,3.75);
#288 = AXIS2_PLACEMENT_3D('',#289,#290,#291);
#289 = CARTESIAN_POINT('',(53.5,78.5,-15.));
#290 = DIRECTION('',(0.,0.,1.));
#291 = DIRECTION('',(1.,0.,0.));
#292 = PLANE('',#293);
#293 = AXIS2_PLACEMENT_3D('',#294,#295,#296);
#294 = CARTESIAN_POINT('',(31.5,42.5,-15.));
#295 = DIRECTION('',(-0.,-0.,-1.));
#296 = DIRECTION('',(-1.,0.,0.));
#297 = ADVANCED_FACE('',(#298),#304,.T.);
#298 = FACE_BOUND('',#299,.T.);
#299 = EDGE_LOOP('',(#300,#301,#302,#303));
#300 = ORIENTED_EDGE('',*,*,#101,.T.);
#301 = ORIENTED_EDGE('',*,*,#242,.T.);
#302 = ORIENTED_EDGE('',*,*,#61,.F.);
#303 = ORIENTED_EDGE('',*,*,#125,.F.);
#304 = PLANE('',#305);
#305 = AXIS2_PLACEMENT_3D('',#306,#307,#308);
#306 = CARTESIAN_POINT('',(68.,90.,1.46));
#307 = DIRECTION('',(0.,1.,0.));
#308 = DIRECTION('',(-1.,0.,0.));
#309 = ADVANCED_FACE('',(#310),#335,.F.);
#310 = FACE_BOUND('',#311,.F.);
#311 = EDGE_LOOP('',(#312,#322,#328,#329));
#312 = ORIENTED_EDGE('',*,*,#313,.F.);
#313 = EDGE_CURVE('',#314,#316,#318,.T.);
#314 = VERTEX_POINT('',#315);
#315 = CARTESIAN_POINT('',(0.,0.,0.));
#316 = VERTEX_POINT('',#317);
#317 = CARTESIAN_POINT('',(0.,72.,0.));
#318 = LINE('',#319,#320);
#319 = CARTESIAN_POINT('',(0.,0.,0.));
#320 = VECTOR('',#321,1.);
#321 = DIRECTION('',(0.,1.,0.));
#322 = ORIENTED_EDGE('',*,*,#323,.T.);
#323 = EDGE_CURVE('',#314,#137,#324,.T.);
#324 = LINE('',#325,#326);
#325 = CARTESIAN_POINT('',(0.,0.,0.));
#326 = VECTOR('',#327,1.);
#327 = DIRECTION('',(0.,0.,1.));
#328 = ORIENTED_EDGE('',*,*,#134,.F.);
#329 = ORIENTED_EDGE('',*,*,#330,.F.);
#330 = EDGE_CURVE('',#316,#135,#331,.T.);
#331 = LINE('',#332,#333);
#332 = CARTESIAN_POINT('',(0.,72.,0.));
#333 = VECTOR('',#334,1.);
#334 = DIRECTION('',(0.,0.,1.));
#335 = PLANE('',#336);
#336 = AXIS2_PLACEMENT_3D('',#337,#338,#339);
#337 = CARTESIAN_POINT('',(0.,0.,0.));
#338 = DIRECTION('',(-1.,0.,0.));
#339 = DIRECTION('',(0.,1.,0.));
#340 = ADVANCED_FACE('',(#341),#359,.F.);
#341 = FACE_BOUND('',#342,.F.);
#342 = EDGE_LOOP('',(#343,#351,#357,#358));
#343 = ORIENTED_EDGE('',*,*,#344,.F.);
#344 = EDGE_CURVE('',#345,#314,#347,.T.);
#345 = VERTEX_POINT('',#346);
#346 = CARTESIAN_POINT('',(63.,0.,0.));
#347 = LINE('',#348,#349);
#348 = CARTESIAN_POINT('',(63.,0.,0.));
#349 = VECTOR('',#350,1.);
#350 = DIRECTION('',(-1.,0.,0.));
#351 = ORIENTED_EDGE('',*,*,#352,.T.);
#352 = EDGE_CURVE('',#345,#219,#353,.T.);
#353 = LINE('',#354,#355);
#354 = CARTESIAN_POINT('',(63.,0.,0.));
#355 = VECTOR('',#356,1.);
#356 = DIRECTION('',(0.,0.,1.));
#357 = ORIENTED_EDGE('',*,*,#226,.F.);
#358 = ORIENTED_EDGE('',*,*,#323,.F.);
#359 = PLANE('',#360);
#360 = AXIS2_PLACEMENT_3D('',#361,#362,#363);
#361 = CARTESIAN_POINT('',(63.,0.,0.));
#362 = DIRECTION('',(0.,-1.,0.));
#363 = DIRECTION('',(-1.,0.,0.));
#364 = ADVANCED_FACE('',(#365),#383,.F.);
#365 = FACE_BOUND('',#366,.F.);
#366 = EDGE_LOOP('',(#367,#375,#381,#382));
#367 = ORIENTED_EDGE('',*,*,#368,.F.);
#368 = EDGE_CURVE('',#369,#345,#371,.T.);
#369 = VERTEX_POINT('',#370);
#370 = CARTESIAN_POINT('',(63.,72.,0.));
#371 = LINE('',#372,#373);
#372 = CARTESIAN_POINT('',(63.,72.,0.));
#373 = VECTOR('',#374,1.);
#374 = DIRECTION('',(0.,-1.,0.));
#375 = ORIENTED_EDGE('',*,*,#376,.T.);
#376 = EDGE_CURVE('',#369,#211,#377,.T.);
#377 = LINE('',#378,#379);
#378 = CARTESIAN_POINT('',(63.,72.,0.));
#379 = VECTOR('',#380,1.);
#380 = DIRECTION('',(0.,0.,1.));
#381 = ORIENTED_EDGE('',*,*,#218,.F.);
#382 = ORIENTED_EDGE('',*,*,#352,.F.);
#383 = PLANE('',#384);
#384 = AXIS2_PLACEMENT_3D('',#385,#386,#387);
#385 = CARTESIAN_POINT('',(63.,72.,0.));
#386 = DIRECTION('',(1.,0.,0.));
#387 = DIRECTION('',(0.,-1.,0.));
#388 = ADVANCED_FACE('',(#389),#407,.F.);
#389 = FACE_BOUND('',#390,.F.);
#390 = EDGE_LOOP('',(#391,#399,#405,#406));
#391 = ORIENTED_EDGE('',*,*,#392,.F.);
#392 = EDGE_CURVE('',#393,#369,#395,.T.);
#393 = VERTEX_POINT('',#394);
#394 = CARTESIAN_POINT('',(61.2,72.,0.));
#395 = LINE('',#396,#397);
#396 = CARTESIAN_POINT('',(0.,72.,0.));
#397 = VECTOR('',#398,1.);
#398 = DIRECTION('',(1.,0.,0.));
#399 = ORIENTED_EDGE('',*,*,#400,.T.);
#400 = EDGE_CURVE('',#393,#203,#401,.T.);
#401 = LINE('',#402,#403);
#402 = CARTESIAN_POINT('',(61.2,72.,-4.635));
#403 = VECTOR('',#404,1.);
#404 = DIRECTION('',(0.,0.,1.));
#405 = ORIENTED_EDGE('',*,*,#210,.F.);
#406 = ORIENTED_EDGE('',*,*,#376,.F.);
#407 = PLANE('',#408);
#408 = AXIS2_PLACEMENT_3D('',#409,#410,#411);
#409 = CARTESIAN_POINT('',(0.,72.,0.));
#410 = DIRECTION('',(0.,1.,0.));
#411 = DIRECTION('',(1.,0.,0.));
#412 = ADVANCED_FACE('',(#413),#447,.T.);
#413 = FACE_BOUND('',#414,.T.);
#414 = EDGE_LOOP('',(#415,#425,#433,#439,#440,#441));
#415 = ORIENTED_EDGE('',*,*,#416,.F.);
#416 = EDGE_CURVE('',#417,#419,#421,.T.);
#417 = VERTEX_POINT('',#418);
#418 = CARTESIAN_POINT('',(61.2,61.4,-9.27));
#419 = VERTEX_POINT('',#420);
#420 = CARTESIAN_POINT('',(61.2,74.9,-9.27));
#421 = LINE('',#422,#423);
#422 = CARTESIAN_POINT('',(61.2,61.4,-9.27));
#423 = VECTOR('',#424,1.);
#424 = DIRECTION('',(0.,1.,0.));
#425 = ORIENTED_EDGE('',*,*,#426,.T.);
#426 = EDGE_CURVE('',#417,#427,#429,.T.);
#427 = VERTEX_POINT('',#428);
#428 = CARTESIAN_POINT('',(61.2,61.4,0.));
#429 = LINE('',#430,#431);
#430 = CARTESIAN_POINT('',(61.2,61.4,-9.27));
#431 = VECTOR('',#432,1.);
#432 = DIRECTION('',(0.,0.,1.));
#433 = ORIENTED_EDGE('',*,*,#434,.T.);
#434 = EDGE_CURVE('',#427,#393,#435,.T.);
#435 = LINE('',#436,#437);
#436 = CARTESIAN_POINT('',(61.2,48.7,0.));
#437 = VECTOR('',#438,1.);
#438 = DIRECTION('',(0.,1.,0.));
#439 = ORIENTED_EDGE('',*,*,#400,.T.);
#440 = ORIENTED_EDGE('',*,*,#202,.F.);
#441 = ORIENTED_EDGE('',*,*,#442,.F.);
#442 = EDGE_CURVE('',#419,#194,#443,.T.);
#443 = LINE('',#444,#445);
#444 = CARTESIAN_POINT('',(61.2,74.9,-9.27));
#445 = VECTOR('',#446,1.);
#446 = DIRECTION('',(0.,0.,1.));
#447 = PLANE('',#448);
#448 = AXIS2_PLACEMENT_3D('',#449,#450,#451);
#449 = CARTESIAN_POINT('',(61.2,61.4,-9.27));
#450 = DIRECTION('',(-1.,0.,0.));
#451 = DIRECTION('',(0.,1.,0.));
#452 = ADVANCED_FACE('',(#453),#574,.F.);
#453 = FACE_BOUND('',#454,.T.);
#454 = EDGE_LOOP('',(#455,#466,#474,#483,#491,#498,#499,#500,#508,#517,
    #525,#534,#542,#551,#559,#568));
#455 = ORIENTED_EDGE('',*,*,#456,.F.);
#456 = EDGE_CURVE('',#457,#459,#461,.T.);
#457 = VERTEX_POINT('',#458);
#458 = CARTESIAN_POINT('',(61.850236588295,76.911431802064,-13.57));
#459 = VERTEX_POINT('',#460);
#460 = CARTESIAN_POINT('',(61.850236588295,80.088568197936,-13.57));
#461 = CIRCLE('',#462,8.5);
#462 = AXIS2_PLACEMENT_3D('',#463,#464,#465);
#463 = CARTESIAN_POINT('',(53.5,78.5,-13.57));
#464 = DIRECTION('',(0.,0.,1.));
#465 = DIRECTION('',(1.,0.,0.));
#466 = ORIENTED_EDGE('',*,*,#467,.F.);
#467 = EDGE_CURVE('',#468,#457,#470,.T.);
#468 = VERTEX_POINT('',#469);
#469 = CARTESIAN_POINT('',(61.850236588295,76.911431802064,-10.57));
#470 = LINE('',#471,#472);
#471 = CARTESIAN_POINT('',(61.850236588295,76.911431802064,-10.57));
#472 = VECTOR('',#473,1.);
#473 = DIRECTION('',(-0.,-0.,-1.));
#474 = ORIENTED_EDGE('',*,*,#475,.F.);
#475 = EDGE_CURVE('',#476,#468,#478,.T.);
#476 = VERTEX_POINT('',#477);
#477 = CARTESIAN_POINT('',(59.713694553162,72.7,-10.57));
#478 = CIRCLE('',#479,8.5);
#479 = AXIS2_PLACEMENT_3D('',#480,#481,#482);
#480 = CARTESIAN_POINT('',(53.5,78.5,-10.57));
#481 = DIRECTION('',(0.,0.,1.));
#482 = DIRECTION('',(1.,0.,0.));
#483 = ORIENTED_EDGE('',*,*,#484,.F.);
#484 = EDGE_CURVE('',#485,#476,#487,.T.);
#485 = VERTEX_POINT('',#486);
#486 = CARTESIAN_POINT('',(59.713694553162,72.7,-9.27));
#487 = LINE('',#488,#489);
#488 = CARTESIAN_POINT('',(59.713694553162,72.7,-9.27));
#489 = VECTOR('',#490,1.);
#490 = DIRECTION('',(-0.,-0.,-1.));
#491 = ORIENTED_EDGE('',*,*,#492,.T.);
#492 = EDGE_CURVE('',#485,#419,#493,.T.);
#493 = CIRCLE('',#494,8.5);
#494 = AXIS2_PLACEMENT_3D('',#495,#496,#497);
#495 = CARTESIAN_POINT('',(53.5,78.5,-9.27));
#496 = DIRECTION('',(0.,0.,1.));
#497 = DIRECTION('',(1.,0.,0.));
#498 = ORIENTED_EDGE('',*,*,#442,.T.);
#499 = ORIENTED_EDGE('',*,*,#193,.F.);
#500 = ORIENTED_EDGE('',*,*,#501,.F.);
#501 = EDGE_CURVE('',#502,#186,#504,.T.);
#502 = VERTEX_POINT('',#503);
#503 = CARTESIAN_POINT('',(45.8,74.9,-9.27));
#504 = LINE('',#505,#506);
#505 = CARTESIAN_POINT('',(45.8,74.9,-9.27));
#506 = VECTOR('',#507,1.);
#507 = DIRECTION('',(0.,0.,1.));
#508 = ORIENTED_EDGE('',*,*,#509,.T.);
#509 = EDGE_CURVE('',#502,#510,#512,.T.);
#510 = VERTEX_POINT('',#511);
#511 = CARTESIAN_POINT('',(47.286305446838,72.7,-9.27));
#512 = CIRCLE('',#513,8.5);
#513 = AXIS2_PLACEMENT_3D('',#514,#515,#516);
#514 = CARTESIAN_POINT('',(53.5,78.5,-9.27));
#515 = DIRECTION('',(0.,0.,1.));
#516 = DIRECTION('',(1.,0.,0.));
#517 = ORIENTED_EDGE('',*,*,#518,.T.);
#518 = EDGE_CURVE('',#510,#519,#521,.T.);
#519 = VERTEX_POINT('',#520);
#520 = CARTESIAN_POINT('',(47.286305446838,72.7,-10.57));
#521 = LINE('',#522,#523);
#522 = CARTESIAN_POINT('',(47.286305446838,72.7,-9.27));
#523 = VECTOR('',#524,1.);
#524 = DIRECTION('',(-0.,-0.,-1.));
#525 = ORIENTED_EDGE('',*,*,#526,.F.);
#526 = EDGE_CURVE('',#527,#519,#529,.T.);
#527 = VERTEX_POINT('',#528);
#528 = CARTESIAN_POINT('',(47.286305446838,84.3,-10.57));
#529 = CIRCLE('',#530,8.5);
#530 = AXIS2_PLACEMENT_3D('',#531,#532,#533);
#531 = CARTESIAN_POINT('',(53.5,78.5,-10.57));
#532 = DIRECTION('',(0.,0.,1.));
#533 = DIRECTION('',(1.,0.,0.));
#534 = ORIENTED_EDGE('',*,*,#535,.F.);
#535 = EDGE_CURVE('',#536,#527,#538,.T.);
#536 = VERTEX_POINT('',#537);
#537 = CARTESIAN_POINT('',(47.286305446838,84.3,-9.27));
#538 = LINE('',#539,#540);
#539 = CARTESIAN_POINT('',(47.286305446838,84.3,-9.27));
#540 = VECTOR('',#541,1.);
#541 = DIRECTION('',(-0.,-0.,-1.));
#542 = ORIENTED_EDGE('',*,*,#543,.F.);
#543 = EDGE_CURVE('',#544,#536,#546,.T.);
#544 = VERTEX_POINT('',#545);
#545 = CARTESIAN_POINT('',(59.713694553162,84.3,-9.27));
#546 = CIRCLE('',#547,8.5);
#547 = AXIS2_PLACEMENT_3D('',#548,#549,#550);
#548 = CARTESIAN_POINT('',(53.5,78.5,-9.27));
#549 = DIRECTION('',(0.,0.,1.));
#550 = DIRECTION('',(1.,0.,0.));
#551 = ORIENTED_EDGE('',*,*,#552,.T.);
#552 = EDGE_CURVE('',#544,#553,#555,.T.);
#553 = VERTEX_POINT('',#554);
#554 = CARTESIAN_POINT('',(59.713694553162,84.3,-10.57));
#555 = LINE('',#556,#557);
#556 = CARTESIAN_POINT('',(59.713694553162,84.3,-9.27));
#557 = VECTOR('',#558,1.);
#558 = DIRECTION('',(-0.,-0.,-1.));
#559 = ORIENTED_EDGE('',*,*,#560,.F.);
#560 = EDGE_CURVE('',#561,#553,#563,.T.);
#561 = VERTEX_POINT('',#562);
#562 = CARTESIAN_POINT('',(61.850236588295,80.088568197936,-10.57));
#563 = CIRCLE('',#564,8.5);
#564 = AXIS2_PLACEMENT_3D('',#565,#566,#567);
#565 = CARTESIAN_POINT('',(53.5,78.5,-10.57));
#566 = DIRECTION('',(0.,0.,1.));
#567 = DIRECTION('',(1.,0.,0.));
#568 = ORIENTED_EDGE('',*,*,#569,.T.);
#569 = EDGE_CURVE('',#561,#459,#570,.T.);
#570 = LINE('',#571,#572);
#571 = CARTESIAN_POINT('',(61.850236588295,80.088568197936,-10.57));
#572 = VECTOR('',#573,1.);
#573 = DIRECTION('',(-0.,-0.,-1.));
#574 = CYLINDRICAL_SURFACE('',#575,8.5);
#575 = AXIS2_PLACEMENT_3D('',#576,#577,#578);
#576 = CARTESIAN_POINT('',(53.5,78.5,-9.27));
#577 = DIRECTION('',(-0.,-0.,-1.));
#578 = DIRECTION('',(1.,0.,0.));
#579 = ADVANCED_FACE('',(#580),#614,.T.);
#580 = FACE_BOUND('',#581,.T.);
#581 = EDGE_LOOP('',(#582,#590,#591,#592,#600,#608));
#582 = ORIENTED_EDGE('',*,*,#583,.F.);
#583 = EDGE_CURVE('',#502,#584,#586,.T.);
#584 = VERTEX_POINT('',#585);
#585 = CARTESIAN_POINT('',(45.8,61.4,-9.27));
#586 = LINE('',#587,#588);
#587 = CARTESIAN_POINT('',(45.8,74.9,-9.27));
#588 = VECTOR('',#589,1.);
#589 = DIRECTION('',(0.,-1.,0.));
#590 = ORIENTED_EDGE('',*,*,#501,.T.);
#591 = ORIENTED_EDGE('',*,*,#185,.F.);
#592 = ORIENTED_EDGE('',*,*,#593,.T.);
#593 = EDGE_CURVE('',#178,#594,#596,.T.);
#594 = VERTEX_POINT('',#595);
#595 = CARTESIAN_POINT('',(45.8,72.,0.));
#596 = LINE('',#597,#598);
#597 = CARTESIAN_POINT('',(45.8,72.,-4.635));
#598 = VECTOR('',#599,1.);
#599 = DIRECTION('',(0.,0.,-1.));
#600 = ORIENTED_EDGE('',*,*,#601,.T.);
#601 = EDGE_CURVE('',#594,#602,#604,.T.);
#602 = VERTEX_POINT('',#603);
#603 = CARTESIAN_POINT('',(45.8,61.4,0.));
#604 = LINE('',#605,#606);
#605 = CARTESIAN_POINT('',(45.8,55.45,0.));
#606 = VECTOR('',#607,1.);
#607 = DIRECTION('',(0.,-1.,0.));
#608 = ORIENTED_EDGE('',*,*,#609,.F.);
#609 = EDGE_CURVE('',#584,#602,#610,.T.);
#610 = LINE('',#611,#612);
#611 = CARTESIAN_POINT('',(45.8,61.4,-9.27));
#612 = VECTOR('',#613,1.);
#613 = DIRECTION('',(0.,0.,1.));
#614 = PLANE('',#615);
#615 = AXIS2_PLACEMENT_3D('',#616,#617,#618);
#616 = CARTESIAN_POINT('',(45.8,74.9,-9.27));
#617 = DIRECTION('',(1.,0.,0.));
#618 = DIRECTION('',(0.,-1.,0.));
#619 = ADVANCED_FACE('',(#620),#638,.F.);
#620 = FACE_BOUND('',#621,.F.);
#621 = EDGE_LOOP('',(#622,#630,#636,#637));
#622 = ORIENTED_EDGE('',*,*,#623,.F.);
#623 = EDGE_CURVE('',#624,#594,#626,.T.);
#624 = VERTEX_POINT('',#625);
#625 = CARTESIAN_POINT('',(17.2,72.,0.));
#626 = LINE('',#627,#628);
#627 = CARTESIAN_POINT('',(0.,72.,0.));
#628 = VECTOR('',#629,1.);
#629 = DIRECTION('',(1.,0.,0.));
#630 = ORIENTED_EDGE('',*,*,#631,.T.);
#631 = EDGE_CURVE('',#624,#170,#632,.T.);
#632 = LINE('',#633,#634);
#633 = CARTESIAN_POINT('',(17.2,72.,-4.635));
#634 = VECTOR('',#635,1.);
#635 = DIRECTION('',(0.,0.,1.));
#636 = ORIENTED_EDGE('',*,*,#177,.F.);
#637 = ORIENTED_EDGE('',*,*,#593,.T.);
#638 = PLANE('',#639);
#639 = AXIS2_PLACEMENT_3D('',#640,#641,#642);
#640 = CARTESIAN_POINT('',(0.,72.,0.));
#641 = DIRECTION('',(0.,1.,0.));
#642 = DIRECTION('',(1.,0.,0.));
#643 = ADVANCED_FACE('',(#644),#678,.T.);
#644 = FACE_BOUND('',#645,.T.);
#645 = EDGE_LOOP('',(#646,#656,#664,#670,#671,#672));
#646 = ORIENTED_EDGE('',*,*,#647,.F.);
#647 = EDGE_CURVE('',#648,#650,#652,.T.);
#648 = VERTEX_POINT('',#649);
#649 = CARTESIAN_POINT('',(17.2,61.4,-9.27));
#650 = VERTEX_POINT('',#651);
#651 = CARTESIAN_POINT('',(17.2,74.9,-9.27));
#652 = LINE('',#653,#654);
#653 = CARTESIAN_POINT('',(17.2,61.4,-9.27));
#654 = VECTOR('',#655,1.);
#655 = DIRECTION('',(0.,1.,0.));
#656 = ORIENTED_EDGE('',*,*,#657,.T.);
#657 = EDGE_CURVE('',#648,#658,#660,.T.);
#658 = VERTEX_POINT('',#659);
#659 = CARTESIAN_POINT('',(17.2,61.4,0.));
#660 = LINE('',#661,#662);
#661 = CARTESIAN_POINT('',(17.2,61.4,-9.27));
#662 = VECTOR('',#663,1.);
#663 = DIRECTION('',(0.,0.,1.));
#664 = ORIENTED_EDGE('',*,*,#665,.T.);
#665 = EDGE_CURVE('',#658,#624,#666,.T.);
#666 = LINE('',#667,#668);
#667 = CARTESIAN_POINT('',(17.2,48.7,0.));
#668 = VECTOR('',#669,1.);
#669 = DIRECTION('',(0.,1.,0.));
#670 = ORIENTED_EDGE('',*,*,#631,.T.);
#671 = ORIENTED_EDGE('',*,*,#169,.F.);
#672 = ORIENTED_EDGE('',*,*,#673,.F.);
#673 = EDGE_CURVE('',#650,#161,#674,.T.);
#674 = LINE('',#675,#676);
#675 = CARTESIAN_POINT('',(17.2,74.9,-9.27));
#676 = VECTOR('',#677,1.);
#677 = DIRECTION('',(0.,0.,1.));
#678 = PLANE('',#679);
#679 = AXIS2_PLACEMENT_3D('',#680,#681,#682);
#680 = CARTESIAN_POINT('',(17.2,61.4,-9.27));
#681 = DIRECTION('',(-1.,0.,0.));
#682 = DIRECTION('',(0.,1.,0.));
#683 = ADVANCED_FACE('',(#684),#805,.F.);
#684 = FACE_BOUND('',#685,.T.);
#685 = EDGE_LOOP('',(#686,#697,#705,#714,#722,#729,#730,#731,#739,#748,
    #756,#765,#773,#782,#790,#799));
#686 = ORIENTED_EDGE('',*,*,#687,.F.);
#687 = EDGE_CURVE('',#688,#690,#692,.T.);
#688 = VERTEX_POINT('',#689);
#689 = CARTESIAN_POINT('',(17.850236588295,76.911431802064,-13.57));
#690 = VERTEX_POINT('',#691);
#691 = CARTESIAN_POINT('',(17.850236588295,80.088568197936,-13.57));
#692 = CIRCLE('',#693,8.5);
#693 = AXIS2_PLACEMENT_3D('',#694,#695,#696);
#694 = CARTESIAN_POINT('',(9.5,78.5,-13.57));
#695 = DIRECTION('',(0.,0.,1.));
#696 = DIRECTION('',(1.,0.,0.));
#697 = ORIENTED_EDGE('',*,*,#698,.F.);
#698 = EDGE_CURVE('',#699,#688,#701,.T.);
#699 = VERTEX_POINT('',#700);
#700 = CARTESIAN_POINT('',(17.850236588295,76.911431802064,-10.57));
#701 = LINE('',#702,#703);
#702 = CARTESIAN_POINT('',(17.850236588295,76.911431802064,-10.57));
#703 = VECTOR('',#704,1.);
#704 = DIRECTION('',(-0.,-0.,-1.));
#705 = ORIENTED_EDGE('',*,*,#706,.F.);
#706 = EDGE_CURVE('',#707,#699,#709,.T.);
#707 = VERTEX_POINT('',#708);
#708 = CARTESIAN_POINT('',(15.713694553162,72.7,-10.57));
#709 = CIRCLE('',#710,8.5);
#710 = AXIS2_PLACEMENT_3D('',#711,#712,#713);
#711 = CARTESIAN_POINT('',(9.5,78.5,-10.57));
#712 = DIRECTION('',(0.,0.,1.));
#713 = DIRECTION('',(1.,0.,0.));
#714 = ORIENTED_EDGE('',*,*,#715,.F.);
#715 = EDGE_CURVE('',#716,#707,#718,.T.);
#716 = VERTEX_POINT('',#717);
#717 = CARTESIAN_POINT('',(15.713694553162,72.7,-9.27));
#718 = LINE('',#719,#720);
#719 = CARTESIAN_POINT('',(15.713694553162,72.7,-9.27));
#720 = VECTOR('',#721,1.);
#721 = DIRECTION('',(-0.,-0.,-1.));
#722 = ORIENTED_EDGE('',*,*,#723,.T.);
#723 = EDGE_CURVE('',#716,#650,#724,.T.);
#724 = CIRCLE('',#725,8.5);
#725 = AXIS2_PLACEMENT_3D('',#726,#727,#728);
#726 = CARTESIAN_POINT('',(9.5,78.5,-9.27));
#727 = DIRECTION('',(0.,0.,1.));
#728 = DIRECTION('',(1.,0.,0.));
#729 = ORIENTED_EDGE('',*,*,#673,.T.);
#730 = ORIENTED_EDGE('',*,*,#160,.F.);
#731 = ORIENTED_EDGE('',*,*,#732,.F.);
#732 = EDGE_CURVE('',#733,#153,#735,.T.);
#733 = VERTEX_POINT('',#734);
#734 = CARTESIAN_POINT('',(1.8,74.9,-9.27));
#735 = LINE('',#736,#737);
#736 = CARTESIAN_POINT('',(1.8,74.9,-9.27));
#737 = VECTOR('',#738,1.);
#738 = DIRECTION('',(0.,0.,1.));
#739 = ORIENTED_EDGE('',*,*,#740,.T.);
#740 = EDGE_CURVE('',#733,#741,#743,.T.);
#741 = VERTEX_POINT('',#742);
#742 = CARTESIAN_POINT('',(3.286305446838,72.7,-9.27));
#743 = CIRCLE('',#744,8.5);
#744 = AXIS2_PLACEMENT_3D('',#745,#746,#747);
#745 = CARTESIAN_POINT('',(9.5,78.5,-9.27));
#746 = DIRECTION('',(0.,0.,1.));
#747 = DIRECTION('',(1.,0.,0.));
#748 = ORIENTED_EDGE('',*,*,#749,.T.);
#749 = EDGE_CURVE('',#741,#750,#752,.T.);
#750 = VERTEX_POINT('',#751);
#751 = CARTESIAN_POINT('',(3.286305446838,72.7,-10.57));
#752 = LINE('',#753,#754);
#753 = CARTESIAN_POINT('',(3.286305446838,72.7,-9.27));
#754 = VECTOR('',#755,1.);
#755 = DIRECTION('',(-0.,-0.,-1.));
#756 = ORIENTED_EDGE('',*,*,#757,.F.);
#757 = EDGE_CURVE('',#758,#750,#760,.T.);
#758 = VERTEX_POINT('',#759);
#759 = CARTESIAN_POINT('',(3.286305446838,84.3,-10.57));
#760 = CIRCLE('',#761,8.5);
#761 = AXIS2_PLACEMENT_3D('',#762,#763,#764);
#762 = CARTESIAN_POINT('',(9.5,78.5,-10.57));
#763 = DIRECTION('',(0.,0.,1.));
#764 = DIRECTION('',(1.,0.,0.));
#765 = ORIENTED_EDGE('',*,*,#766,.F.);
#766 = EDGE_CURVE('',#767,#758,#769,.T.);
#767 = VERTEX_POINT('',#768);
#768 = CARTESIAN_POINT('',(3.286305446838,84.3,-9.27));
#769 = LINE('',#770,#771);
#770 = CARTESIAN_POINT('',(3.286305446838,84.3,-9.27));
#771 = VECTOR('',#772,1.);
#772 = DIRECTION('',(-0.,-0.,-1.));
#773 = ORIENTED_EDGE('',*,*,#774,.F.);
#774 = EDGE_CURVE('',#775,#767,#777,.T.);
#775 = VERTEX_POINT('',#776);
#776 = CARTESIAN_POINT('',(15.713694553162,84.3,-9.27));
#777 = CIRCLE('',#778,8.5);
#778 = AXIS2_PLACEMENT_3D('',#779,#780,#781);
#779 = CARTESIAN_POINT('',(9.5,78.5,-9.27));
#780 = DIRECTION('',(0.,0.,1.));
#781 = DIRECTION('',(1.,0.,0.));
#782 = ORIENTED_EDGE('',*,*,#783,.T.);
#783 = EDGE_CURVE('',#775,#784,#786,.T.);
#784 = VERTEX_POINT('',#785);
#785 = CARTESIAN_POINT('',(15.713694553162,84.3,-10.57));
#786 = LINE('',#787,#788);
#787 = CARTESIAN_POINT('',(15.713694553162,84.3,-9.27));
#788 = VECTOR('',#789,1.);
#789 = DIRECTION('',(-0.,-0.,-1.));
#790 = ORIENTED_EDGE('',*,*,#791,.F.);
#791 = EDGE_CURVE('',#792,#784,#794,.T.);
#792 = VERTEX_POINT('',#793);
#793 = CARTESIAN_POINT('',(17.850236588295,80.088568197936,-10.57));
#794 = CIRCLE('',#795,8.5);
#795 = AXIS2_PLACEMENT_3D('',#796,#797,#798);
#796 = CARTESIAN_POINT('',(9.5,78.5,-10.57));
#797 = DIRECTION('',(0.,0.,1.));
#798 = DIRECTION('',(1.,0.,0.));
#799 = ORIENTED_EDGE('',*,*,#800,.T.);
#800 = EDGE_CURVE('',#792,#690,#801,.T.);
#801 = LINE('',#802,#803);
#802 = CARTESIAN_POINT('',(17.850236588295,80.088568197936,-10.57));
#803 = VECTOR('',#804,1.);
#804 = DIRECTION('',(-0.,-0.,-1.));
#805 = CYLINDRICAL_SURFACE('',#806,8.5);
#806 = AXIS2_PLACEMENT_3D('',#807,#808,#809);
#807 = CARTESIAN_POINT('',(9.5,78.5,-9.27));
#808 = DIRECTION('',(-0.,-0.,-1.));
#809 = DIRECTION('',(1.,0.,0.));
#810 = ADVANCED_FACE('',(#811),#845,.T.);
#811 = FACE_BOUND('',#812,.T.);
#812 = EDGE_LOOP('',(#813,#821,#822,#823,#831,#839));
#813 = ORIENTED_EDGE('',*,*,#814,.F.);
#814 = EDGE_CURVE('',#733,#815,#817,.T.);
#815 = VERTEX_POINT('',#816);
#816 = CARTESIAN_POINT('',(1.8,61.4,-9.27));
#817 = LINE('',#818,#819);
#818 = CARTESIAN_POINT('',(1.8,74.9,-9.27));
#819 = VECTOR('',#820,1.);
#820 = DIRECTION('',(0.,-1.,0.));
#821 = ORIENTED_EDGE('',*,*,#732,.T.);
#822 = ORIENTED_EDGE('',*,*,#152,.F.);
#823 = ORIENTED_EDGE('',*,*,#824,.T.);
#824 = EDGE_CURVE('',#145,#825,#827,.T.);
#825 = VERTEX_POINT('',#826);
#826 = CARTESIAN_POINT('',(1.8,72.,0.));
#827 = LINE('',#828,#829);
#828 = CARTESIAN_POINT('',(1.8,72.,-4.635));
#829 = VECTOR('',#830,1.);
#830 = DIRECTION('',(0.,0.,-1.));
#831 = ORIENTED_EDGE('',*,*,#832,.T.);
#832 = EDGE_CURVE('',#825,#833,#835,.T.);
#833 = VERTEX_POINT('',#834);
#834 = CARTESIAN_POINT('',(1.8,61.4,0.));
#835 = LINE('',#836,#837);
#836 = CARTESIAN_POINT('',(1.8,55.45,0.));
#837 = VECTOR('',#838,1.);
#838 = DIRECTION('',(0.,-1.,0.));
#839 = ORIENTED_EDGE('',*,*,#840,.F.);
#840 = EDGE_CURVE('',#815,#833,#841,.T.);
#841 = LINE('',#842,#843);
#842 = CARTESIAN_POINT('',(1.8,61.4,-9.27));
#843 = VECTOR('',#844,1.);
#844 = DIRECTION('',(0.,0.,1.));
#845 = PLANE('',#846);
#846 = AXIS2_PLACEMENT_3D('',#847,#848,#849);
#847 = CARTESIAN_POINT('',(1.8,74.9,-9.27));
#848 = DIRECTION('',(1.,0.,0.));
#849 = DIRECTION('',(0.,-1.,0.));
#850 = ADVANCED_FACE('',(#851),#862,.F.);
#851 = FACE_BOUND('',#852,.F.);
#852 = EDGE_LOOP('',(#853,#859,#860,#861));
#853 = ORIENTED_EDGE('',*,*,#854,.F.);
#854 = EDGE_CURVE('',#316,#825,#855,.T.);
#855 = LINE('',#856,#857);
#856 = CARTESIAN_POINT('',(0.,72.,0.));
#857 = VECTOR('',#858,1.);
#858 = DIRECTION('',(1.,0.,0.));
#859 = ORIENTED_EDGE('',*,*,#330,.T.);
#860 = ORIENTED_EDGE('',*,*,#144,.F.);
#861 = ORIENTED_EDGE('',*,*,#824,.T.);
#862 = PLANE('',#863);
#863 = AXIS2_PLACEMENT_3D('',#864,#865,#866);
#864 = CARTESIAN_POINT('',(0.,72.,0.));
#865 = DIRECTION('',(0.,1.,0.));
#866 = DIRECTION('',(1.,0.,0.));
#867 = ADVANCED_FACE('',(#868),#887,.F.);
#868 = FACE_BOUND('',#869,.F.);
#869 = EDGE_LOOP('',(#870,#879,#885,#886));
#870 = ORIENTED_EDGE('',*,*,#871,.F.);
#871 = EDGE_CURVE('',#872,#872,#874,.T.);
#872 = VERTEX_POINT('',#873);
#873 = CARTESIAN_POINT('',(13.25,52.5,-11.22));
#874 = CIRCLE('',#875,3.75);
#875 = AXIS2_PLACEMENT_3D('',#876,#877,#878);
#876 = CARTESIAN_POINT('',(9.5,52.5,-11.22));
#877 = DIRECTION('',(0.,0.,1.));
#878 = DIRECTION('',(1.,0.,0.));
#879 = ORIENTED_EDGE('',*,*,#880,.T.);
#880 = EDGE_CURVE('',#872,#252,#881,.T.);
#881 = LINE('',#882,#883);
#882 = CARTESIAN_POINT('',(13.25,52.5,-11.22));
#883 = VECTOR('',#884,1.);
#884 = DIRECTION('',(-0.,-0.,-1.));
#885 = ORIENTED_EDGE('',*,*,#251,.T.);
#886 = ORIENTED_EDGE('',*,*,#880,.F.);
#887 = CYLINDRICAL_SURFACE('',#888,3.75);
#888 = AXIS2_PLACEMENT_3D('',#889,#890,#891);
#889 = CARTESIAN_POINT('',(9.5,52.5,-11.22));
#890 = DIRECTION('',(0.,0.,1.));
#891 = DIRECTION('',(1.,0.,0.));
#892 = ADVANCED_FACE('',(#893),#912,.F.);
#893 = FACE_BOUND('',#894,.F.);
#894 = EDGE_LOOP('',(#895,#904,#910,#911));
#895 = ORIENTED_EDGE('',*,*,#896,.F.);
#896 = EDGE_CURVE('',#897,#897,#899,.T.);
#897 = VERTEX_POINT('',#898);
#898 = CARTESIAN_POINT('',(57.25,52.5,-11.22));
#899 = CIRCLE('',#900,3.75);
#900 = AXIS2_PLACEMENT_3D('',#901,#902,#903);
#901 = CARTESIAN_POINT('',(53.5,52.5,-11.22));
#902 = DIRECTION('',(0.,0.,1.));
#903 = DIRECTION('',(1.,0.,0.));
#904 = ORIENTED_EDGE('',*,*,#905,.T.);
#905 = EDGE_CURVE('',#897,#263,#906,.T.);
#906 = LINE('',#907,#908);
#907 = CARTESIAN_POINT('',(57.25,52.5,-11.22));
#908 = VECTOR('',#909,1.);
#909 = DIRECTION('',(-0.,-0.,-1.));
#910 = ORIENTED_EDGE('',*,*,#262,.T.);
#911 = ORIENTED_EDGE('',*,*,#905,.F.);
#912 = CYLINDRICAL_SURFACE('',#913,3.75);
#913 = AXIS2_PLACEMENT_3D('',#914,#915,#916);
#914 = CARTESIAN_POINT('',(53.5,52.5,-11.22));
#915 = DIRECTION('',(0.,0.,1.));
#916 = DIRECTION('',(1.,0.,0.));
#917 = ADVANCED_FACE('',(#918),#937,.F.);
#918 = FACE_BOUND('',#919,.F.);
#919 = EDGE_LOOP('',(#920,#929,#935,#936));
#920 = ORIENTED_EDGE('',*,*,#921,.F.);
#921 = EDGE_CURVE('',#922,#922,#924,.T.);
#922 = VERTEX_POINT('',#923);
#923 = CARTESIAN_POINT('',(13.25,78.5,-11.22));
#924 = CIRCLE('',#925,3.75);
#925 = AXIS2_PLACEMENT_3D('',#926,#927,#928);
#926 = CARTESIAN_POINT('',(9.5,78.5,-11.22));
#927 = DIRECTION('',(0.,0.,1.));
#928 = DIRECTION('',(1.,0.,0.));
#929 = ORIENTED_EDGE('',*,*,#930,.T.);
#930 = EDGE_CURVE('',#922,#274,#931,.T.);
#931 = LINE('',#932,#933);
#932 = CARTESIAN_POINT('',(13.25,78.5,-11.22));
#933 = VECTOR('',#934,1.);
#934 = DIRECTION('',(-0.,-0.,-1.));
#935 = ORIENTED_EDGE('',*,*,#273,.T.);
#936 = ORIENTED_EDGE('',*,*,#930,.F.);
#937 = CYLINDRICAL_SURFACE('',#938,3.75);
#938 = AXIS2_PLACEMENT_3D('',#939,#940,#941);
#939 = CARTESIAN_POINT('',(9.5,78.5,-11.22));
#940 = DIRECTION('',(0.,0.,1.));
#941 = DIRECTION('',(1.,0.,0.));
#942 = ADVANCED_FACE('',(#943),#962,.F.);
#943 = FACE_BOUND('',#944,.F.);
#944 = EDGE_LOOP('',(#945,#954,#960,#961));
#945 = ORIENTED_EDGE('',*,*,#946,.F.);
#946 = EDGE_CURVE('',#947,#947,#949,.T.);
#947 = VERTEX_POINT('',#948);
#948 = CARTESIAN_POINT('',(57.25,78.5,-11.22));
#949 = CIRCLE('',#950,3.75);
#950 = AXIS2_PLACEMENT_3D('',#951,#952,#953);
#951 = CARTESIAN_POINT('',(53.5,78.5,-11.22));
#952 = DIRECTION('',(0.,0.,1.));
#953 = DIRECTION('',(1.,0.,0.));
#954 = ORIENTED_EDGE('',*,*,#955,.T.);
#955 = EDGE_CURVE('',#947,#285,#956,.T.);
#956 = LINE('',#957,#958);
#957 = CARTESIAN_POINT('',(57.25,78.5,-11.22));
#958 = VECTOR('',#959,1.);
#959 = DIRECTION('',(-0.,-0.,-1.));
#960 = ORIENTED_EDGE('',*,*,#284,.T.);
#961 = ORIENTED_EDGE('',*,*,#955,.F.);
#962 = CYLINDRICAL_SURFACE('',#963,3.75);
#963 = AXIS2_PLACEMENT_3D('',#964,#965,#966);
#964 = CARTESIAN_POINT('',(53.5,78.5,-11.22));
#965 = DIRECTION('',(0.,0.,1.));
#966 = DIRECTION('',(1.,0.,0.));
#967 = ADVANCED_FACE('',(#968,#992,#1027,#1093),#1128,.T.);
#968 = FACE_BOUND('',#969,.T.);
#969 = EDGE_LOOP('',(#970,#971,#972,#973,#974,#980,#981,#982,#983,#989,
    #990,#991));
#970 = ORIENTED_EDGE('',*,*,#344,.F.);
#971 = ORIENTED_EDGE('',*,*,#368,.F.);
#972 = ORIENTED_EDGE('',*,*,#392,.F.);
#973 = ORIENTED_EDGE('',*,*,#434,.F.);
#974 = ORIENTED_EDGE('',*,*,#975,.F.);
#975 = EDGE_CURVE('',#602,#427,#976,.T.);
#976 = LINE('',#977,#978);
#977 = CARTESIAN_POINT('',(38.65,61.4,0.));
#978 = VECTOR('',#979,1.);
#979 = DIRECTION('',(1.,0.,0.));
#980 = ORIENTED_EDGE('',*,*,#601,.F.);
#981 = ORIENTED_EDGE('',*,*,#623,.F.);
#982 = ORIENTED_EDGE('',*,*,#665,.F.);
#983 = ORIENTED_EDGE('',*,*,#984,.F.);
#984 = EDGE_CURVE('',#833,#658,#985,.T.);
#985 = LINE('',#986,#987);
#986 = CARTESIAN_POINT('',(16.65,61.4,0.));
#987 = VECTOR('',#988,1.);
#988 = DIRECTION('',(1.,0.,0.));
#989 = ORIENTED_EDGE('',*,*,#832,.F.);
#990 = ORIENTED_EDGE('',*,*,#854,.F.);
#991 = ORIENTED_EDGE('',*,*,#313,.F.);
#992 = FACE_BOUND('',#993,.T.);
#993 = EDGE_LOOP('',(#994,#1005,#1013,#1021));
#994 = ORIENTED_EDGE('',*,*,#995,.T.);
#995 = EDGE_CURVE('',#996,#998,#1000,.T.);
#996 = VERTEX_POINT('',#997);
#997 = CARTESIAN_POINT('',(1.8,48.9,0.));
#998 = VERTEX_POINT('',#999);
#999 = CARTESIAN_POINT('',(17.2,48.9,0.));
#1000 = CIRCLE('',#1001,8.5);
#1001 = AXIS2_PLACEMENT_3D('',#1002,#1003,#1004);
#1002 = CARTESIAN_POINT('',(9.5,52.5,0.));
#1003 = DIRECTION('',(0.,0.,-1.));
#1004 = DIRECTION('',(1.,0.,0.));
#1005 = ORIENTED_EDGE('',*,*,#1006,.F.);
#1006 = EDGE_CURVE('',#1007,#998,#1009,.T.);
#1007 = VERTEX_POINT('',#1008);
#1008 = CARTESIAN_POINT('',(17.2,35.4,0.));
#1009 = LINE('',#1010,#1011);
#1010 = CARTESIAN_POINT('',(17.2,35.7,0.));
#1011 = VECTOR('',#1012,1.);
#1012 = DIRECTION('',(0.,1.,0.));
#1013 = ORIENTED_EDGE('',*,*,#1014,.F.);
#1014 = EDGE_CURVE('',#1015,#1007,#1017,.T.);
#1015 = VERTEX_POINT('',#1016);
#1016 = CARTESIAN_POINT('',(1.8,35.4,0.));
#1017 = LINE('',#1018,#1019);
#1018 = CARTESIAN_POINT('',(16.65,35.4,0.));
#1019 = VECTOR('',#1020,1.);
#1020 = DIRECTION('',(1.,0.,0.));
#1021 = ORIENTED_EDGE('',*,*,#1022,.F.);
#1022 = EDGE_CURVE('',#996,#1015,#1023,.T.);
#1023 = LINE('',#1024,#1025);
#1024 = CARTESIAN_POINT('',(1.8,42.45,0.));
#1025 = VECTOR('',#1026,1.);
#1026 = DIRECTION('',(0.,-1.,0.));
#1027 = FACE_BOUND('',#1028,.T.);
#1028 = EDGE_LOOP('',(#1029,#1039,#1047,#1055,#1063,#1071,#1079,#1087));
#1029 = ORIENTED_EDGE('',*,*,#1030,.T.);
#1030 = EDGE_CURVE('',#1031,#1033,#1035,.T.);
#1031 = VERTEX_POINT('',#1032);
#1032 = CARTESIAN_POINT('',(60.,2.,0.));
#1033 = VERTEX_POINT('',#1034);
#1034 = CARTESIAN_POINT('',(3.,2.,0.));
#1035 = LINE('',#1036,#1037);
#1036 = CARTESIAN_POINT('',(60.,2.,0.));
#1037 = VECTOR('',#1038,1.);
#1038 = DIRECTION('',(-1.,0.,0.));
#1039 = ORIENTED_EDGE('',*,*,#1040,.T.);
#1040 = EDGE_CURVE('',#1033,#1041,#1043,.T.);
#1041 = VERTEX_POINT('',#1042);
#1042 = CARTESIAN_POINT('',(3.,33.,0.));
#1043 = LINE('',#1044,#1045);
#1044 = CARTESIAN_POINT('',(3.,2.,0.));
#1045 = VECTOR('',#1046,1.);
#1046 = DIRECTION('',(0.,1.,0.));
#1047 = ORIENTED_EDGE('',*,*,#1048,.T.);
#1048 = EDGE_CURVE('',#1041,#1049,#1051,.T.);
#1049 = VERTEX_POINT('',#1050);
#1050 = CARTESIAN_POINT('',(19.5,33.,0.));
#1051 = LINE('',#1052,#1053);
#1052 = CARTESIAN_POINT('',(3.,33.,0.));
#1053 = VECTOR('',#1054,1.);
#1054 = DIRECTION('',(1.,0.,0.));
#1055 = ORIENTED_EDGE('',*,*,#1056,.T.);
#1056 = EDGE_CURVE('',#1049,#1057,#1059,.T.);
#1057 = VERTEX_POINT('',#1058);
#1058 = CARTESIAN_POINT('',(19.5,70.,0.));
#1059 = LINE('',#1060,#1061);
#1060 = CARTESIAN_POINT('',(19.5,33.,0.));
#1061 = VECTOR('',#1062,1.);
#1062 = DIRECTION('',(0.,1.,0.));
#1063 = ORIENTED_EDGE('',*,*,#1064,.T.);
#1064 = EDGE_CURVE('',#1057,#1065,#1067,.T.);
#1065 = VERTEX_POINT('',#1066);
#1066 = CARTESIAN_POINT('',(43.5,70.,0.));
#1067 = LINE('',#1068,#1069);
#1068 = CARTESIAN_POINT('',(19.5,70.,0.));
#1069 = VECTOR('',#1070,1.);
#1070 = DIRECTION('',(1.,0.,0.));
#1071 = ORIENTED_EDGE('',*,*,#1072,.T.);
#1072 = EDGE_CURVE('',#1065,#1073,#1075,.T.);
#1073 = VERTEX_POINT('',#1074);
#1074 = CARTESIAN_POINT('',(43.5,33.,0.));
#1075 = LINE('',#1076,#1077);
#1076 = CARTESIAN_POINT('',(43.5,70.,0.));
#1077 = VECTOR('',#1078,1.);
#1078 = DIRECTION('',(0.,-1.,0.));
#1079 = ORIENTED_EDGE('',*,*,#1080,.T.);
#1080 = EDGE_CURVE('',#1073,#1081,#1083,.T.);
#1081 = VERTEX_POINT('',#1082);
#1082 = CARTESIAN_POINT('',(60.,33.,0.));
#1083 = LINE('',#1084,#1085);
#1084 = CARTESIAN_POINT('',(43.5,33.,0.));
#1085 = VECTOR('',#1086,1.);
#1086 = DIRECTION('',(1.,0.,0.));
#1087 = ORIENTED_EDGE('',*,*,#1088,.T.);
#1088 = EDGE_CURVE('',#1081,#1031,#1089,.T.);
#1089 = LINE('',#1090,#1091);
#1090 = CARTESIAN_POINT('',(60.,33.,0.));
#1091 = VECTOR('',#1092,1.);
#1092 = DIRECTION('',(0.,-1.,0.));
#1093 = FACE_BOUND('',#1094,.T.);
#1094 = EDGE_LOOP('',(#1095,#1106,#1114,#1122));
#1095 = ORIENTED_EDGE('',*,*,#1096,.T.);
#1096 = EDGE_CURVE('',#1097,#1099,#1101,.T.);
#1097 = VERTEX_POINT('',#1098);
#1098 = CARTESIAN_POINT('',(45.8,48.9,0.));
#1099 = VERTEX_POINT('',#1100);
#1100 = CARTESIAN_POINT('',(61.2,48.9,0.));
#1101 = CIRCLE('',#1102,8.5);
#1102 = AXIS2_PLACEMENT_3D('',#1103,#1104,#1105);
#1103 = CARTESIAN_POINT('',(53.5,52.5,0.));
#1104 = DIRECTION('',(0.,0.,-1.));
#1105 = DIRECTION('',(1.,0.,0.));
#1106 = ORIENTED_EDGE('',*,*,#1107,.F.);
#1107 = EDGE_CURVE('',#1108,#1099,#1110,.T.);
#1108 = VERTEX_POINT('',#1109);
#1109 = CARTESIAN_POINT('',(61.2,35.4,0.));
#1110 = LINE('',#1111,#1112);
#1111 = CARTESIAN_POINT('',(61.2,35.7,0.));
#1112 = VECTOR('',#1113,1.);
#1113 = DIRECTION('',(0.,1.,0.));
#1114 = ORIENTED_EDGE('',*,*,#1115,.F.);
#1115 = EDGE_CURVE('',#1116,#1108,#1118,.T.);
#1116 = VERTEX_POINT('',#1117);
#1117 = CARTESIAN_POINT('',(45.8,35.4,0.));
#1118 = LINE('',#1119,#1120);
#1119 = CARTESIAN_POINT('',(38.65,35.4,0.));
#1120 = VECTOR('',#1121,1.);
#1121 = DIRECTION('',(1.,0.,0.));
#1122 = ORIENTED_EDGE('',*,*,#1123,.F.);
#1123 = EDGE_CURVE('',#1097,#1116,#1124,.T.);
#1124 = LINE('',#1125,#1126);
#1125 = CARTESIAN_POINT('',(45.8,42.45,0.));
#1126 = VECTOR('',#1127,1.);
#1127 = DIRECTION('',(0.,-1.,0.));
#1128 = PLANE('',#1129);
#1129 = AXIS2_PLACEMENT_3D('',#1130,#1131,#1132);
#1130 = CARTESIAN_POINT('',(31.5,39.121638924456,0.));
#1131 = DIRECTION('',(0.,0.,1.));
#1132 = DIRECTION('',(1.,0.,0.));
#1133 = ADVANCED_FACE('',(#1134,#1152),#1186,.T.);
#1134 = FACE_BOUND('',#1135,.T.);
#1135 = EDGE_LOOP('',(#1136,#1137,#1138,#1144,#1145,#1146));
#1136 = ORIENTED_EDGE('',*,*,#416,.T.);
#1137 = ORIENTED_EDGE('',*,*,#492,.F.);
#1138 = ORIENTED_EDGE('',*,*,#1139,.F.);
#1139 = EDGE_CURVE('',#510,#485,#1140,.T.);
#1140 = LINE('',#1141,#1142);
#1141 = CARTESIAN_POINT('',(47.286305446838,72.7,-9.27));
#1142 = VECTOR('',#1143,1.);
#1143 = DIRECTION('',(1.,0.,0.));
#1144 = ORIENTED_EDGE('',*,*,#509,.F.);
#1145 = ORIENTED_EDGE('',*,*,#583,.T.);
#1146 = ORIENTED_EDGE('',*,*,#1147,.T.);
#1147 = EDGE_CURVE('',#584,#417,#1148,.T.);
#1148 = LINE('',#1149,#1150);
#1149 = CARTESIAN_POINT('',(45.8,61.4,-9.27));
#1150 = VECTOR('',#1151,1.);
#1151 = DIRECTION('',(1.,0.,0.));
#1152 = FACE_BOUND('',#1153,.T.);
#1153 = EDGE_LOOP('',(#1154,#1164,#1172,#1180));
#1154 = ORIENTED_EDGE('',*,*,#1155,.F.);
#1155 = EDGE_CURVE('',#1156,#1158,#1160,.T.);
#1156 = VERTEX_POINT('',#1157);
#1157 = CARTESIAN_POINT('',(46.82,72.1,-9.27));
#1158 = VERTEX_POINT('',#1159);
#1159 = CARTESIAN_POINT('',(46.82,68.4,-9.27));
#1160 = LINE('',#1161,#1162);
#1161 = CARTESIAN_POINT('',(46.82,72.1,-9.27));
#1162 = VECTOR('',#1163,1.);
#1163 = DIRECTION('',(0.,-1.,0.));
#1164 = ORIENTED_EDGE('',*,*,#1165,.F.);
#1165 = EDGE_CURVE('',#1166,#1156,#1168,.T.);
#1166 = VERTEX_POINT('',#1167);
#1167 = CARTESIAN_POINT('',(60.2,72.1,-9.27));
#1168 = LINE('',#1169,#1170);
#1169 = CARTESIAN_POINT('',(60.2,72.1,-9.27));
#1170 = VECTOR('',#1171,1.);
#1171 = DIRECTION('',(-1.,0.,0.));
#1172 = ORIENTED_EDGE('',*,*,#1173,.F.);
#1173 = EDGE_CURVE('',#1174,#1166,#1176,.T.);
#1174 = VERTEX_POINT('',#1175);
#1175 = CARTESIAN_POINT('',(60.2,68.4,-9.27));
#1176 = LINE('',#1177,#1178);
#1177 = CARTESIAN_POINT('',(60.2,68.4,-9.27));
#1178 = VECTOR('',#1179,1.);
#1179 = DIRECTION('',(0.,1.,0.));
#1180 = ORIENTED_EDGE('',*,*,#1181,.F.);
#1181 = EDGE_CURVE('',#1158,#1174,#1182,.T.);
#1182 = LINE('',#1183,#1184);
#1183 = CARTESIAN_POINT('',(46.82,68.4,-9.27));
#1184 = VECTOR('',#1185,1.);
#1185 = DIRECTION('',(1.,0.,0.));
#1186 = PLANE('',#1187);
#1187 = AXIS2_PLACEMENT_3D('',#1188,#1189,#1190);
#1188 = CARTESIAN_POINT('',(53.5,72.555848118596,-9.27));
#1189 = DIRECTION('',(0.,0.,1.));
#1190 = DIRECTION('',(1.,0.,0.));
#1191 = ADVANCED_FACE('',(#1192),#1198,.T.);
#1192 = FACE_BOUND('',#1193,.T.);
#1193 = EDGE_LOOP('',(#1194,#1195,#1196,#1197));
#1194 = ORIENTED_EDGE('',*,*,#1147,.F.);
#1195 = ORIENTED_EDGE('',*,*,#609,.T.);
#1196 = ORIENTED_EDGE('',*,*,#975,.T.);
#1197 = ORIENTED_EDGE('',*,*,#426,.F.);
#1198 = PLANE('',#1199);
#1199 = AXIS2_PLACEMENT_3D('',#1200,#1201,#1202);
#1200 = CARTESIAN_POINT('',(45.8,61.4,-9.27));
#1201 = DIRECTION('',(0.,1.,0.));
#1202 = DIRECTION('',(1.,0.,0.));
#1203 = ADVANCED_FACE('',(#1204),#1229,.T.);
#1204 = FACE_BOUND('',#1205,.T.);
#1205 = EDGE_LOOP('',(#1206,#1214,#1222,#1228));
#1206 = ORIENTED_EDGE('',*,*,#1207,.T.);
#1207 = EDGE_CURVE('',#459,#1208,#1210,.T.);
#1208 = VERTEX_POINT('',#1209);
#1209 = CARTESIAN_POINT('',(60.646659876658,79.887677155286,-13.57));
#1210 = LINE('',#1211,#1212);
#1211 = CARTESIAN_POINT('',(61.850236588295,80.088568197936,-13.57));
#1212 = VECTOR('',#1213,1.);
#1213 = DIRECTION('',(-0.986354701848,-0.164634146341,0.));
#1214 = ORIENTED_EDGE('',*,*,#1215,.T.);
#1215 = EDGE_CURVE('',#1208,#1216,#1218,.T.);
#1216 = VERTEX_POINT('',#1217);
#1217 = CARTESIAN_POINT('',(60.646659876658,77.112322844714,-13.57));
#1218 = LINE('',#1219,#1220);
#1219 = CARTESIAN_POINT('',(60.646659876658,79.887677155286,-13.57));
#1220 = VECTOR('',#1221,1.);
#1221 = DIRECTION('',(0.,-1.,0.));
#1222 = ORIENTED_EDGE('',*,*,#1223,.T.);
#1223 = EDGE_CURVE('',#1216,#457,#1224,.T.);
#1224 = LINE('',#1225,#1226);
#1225 = CARTESIAN_POINT('',(60.646659876658,77.112322844714,-13.57));
#1226 = VECTOR('',#1227,1.);
#1227 = DIRECTION('',(0.986354701848,-0.164634146341,0.));
#1228 = ORIENTED_EDGE('',*,*,#456,.T.);
#1229 = PLANE('',#1230);
#1230 = AXIS2_PLACEMENT_3D('',#1231,#1232,#1233);
#1231 = CARTESIAN_POINT('',(61.312088733951,78.5,-13.57));
#1232 = DIRECTION('',(0.,0.,1.));
#1233 = DIRECTION('',(1.,0.,0.));
#1234 = ADVANCED_FACE('',(#1235),#1253,.F.);
#1235 = FACE_BOUND('',#1236,.F.);
#1236 = EDGE_LOOP('',(#1237,#1245,#1246,#1247));
#1237 = ORIENTED_EDGE('',*,*,#1238,.T.);
#1238 = EDGE_CURVE('',#1239,#1216,#1241,.T.);
#1239 = VERTEX_POINT('',#1240);
#1240 = CARTESIAN_POINT('',(60.646659876658,77.112322844714,-10.57));
#1241 = LINE('',#1242,#1243);
#1242 = CARTESIAN_POINT('',(60.646659876658,77.112322844714,-10.57));
#1243 = VECTOR('',#1244,1.);
#1244 = DIRECTION('',(-0.,-0.,-1.));
#1245 = ORIENTED_EDGE('',*,*,#1223,.T.);
#1246 = ORIENTED_EDGE('',*,*,#467,.F.);
#1247 = ORIENTED_EDGE('',*,*,#1248,.F.);
#1248 = EDGE_CURVE('',#1239,#468,#1249,.T.);
#1249 = LINE('',#1250,#1251);
#1250 = CARTESIAN_POINT('',(60.646659876658,77.112322844714,-10.57));
#1251 = VECTOR('',#1252,1.);
#1252 = DIRECTION('',(0.986354701848,-0.164634146341,0.));
#1253 = PLANE('',#1254);
#1254 = AXIS2_PLACEMENT_3D('',#1255,#1256,#1257);
#1255 = CARTESIAN_POINT('',(60.646659876658,77.112322844714,-10.57));
#1256 = DIRECTION('',(-0.164634146341,-0.986354701848,0.));
#1257 = DIRECTION('',(0.986354701848,-0.164634146341,0.));
#1258 = ADVANCED_FACE('',(#1259),#1301,.T.);
#1259 = FACE_BOUND('',#1260,.T.);
#1260 = EDGE_LOOP('',(#1261,#1262,#1270,#1279,#1285,#1286,#1287,#1295));
#1261 = ORIENTED_EDGE('',*,*,#560,.T.);
#1262 = ORIENTED_EDGE('',*,*,#1263,.T.);
#1263 = EDGE_CURVE('',#553,#1264,#1266,.T.);
#1264 = VERTEX_POINT('',#1265);
#1265 = CARTESIAN_POINT('',(55.690890230021,84.3,-10.57));
#1266 = LINE('',#1267,#1268);
#1267 = CARTESIAN_POINT('',(59.713694553162,84.3,-10.57));
#1268 = VECTOR('',#1269,1.);
#1269 = DIRECTION('',(-1.,0.,0.));
#1270 = ORIENTED_EDGE('',*,*,#1271,.F.);
#1271 = EDGE_CURVE('',#1272,#1264,#1274,.T.);
#1272 = VERTEX_POINT('',#1273);
#1273 = CARTESIAN_POINT('',(55.690890230021,72.7,-10.57));
#1274 = CIRCLE('',#1275,6.2);
#1275 = AXIS2_PLACEMENT_3D('',#1276,#1277,#1278);
#1276 = CARTESIAN_POINT('',(53.5,78.5,-10.57));
#1277 = DIRECTION('',(0.,0.,1.));
#1278 = DIRECTION('',(1.,0.,0.));
#1279 = ORIENTED_EDGE('',*,*,#1280,.T.);
#1280 = EDGE_CURVE('',#1272,#476,#1281,.T.);
#1281 = LINE('',#1282,#1283);
#1282 = CARTESIAN_POINT('',(47.286305446838,72.7,-10.57));
#1283 = VECTOR('',#1284,1.);
#1284 = DIRECTION('',(1.,0.,0.));
#1285 = ORIENTED_EDGE('',*,*,#475,.T.);
#1286 = ORIENTED_EDGE('',*,*,#1248,.F.);
#1287 = ORIENTED_EDGE('',*,*,#1288,.F.);
#1288 = EDGE_CURVE('',#1289,#1239,#1291,.T.);
#1289 = VERTEX_POINT('',#1290);
#1290 = CARTESIAN_POINT('',(60.646659876658,79.887677155286,-10.57));
#1291 = LINE('',#1292,#1293);
#1292 = CARTESIAN_POINT('',(60.646659876658,79.887677155286,-10.57));
#1293 = VECTOR('',#1294,1.);
#1294 = DIRECTION('',(0.,-1.,0.));
#1295 = ORIENTED_EDGE('',*,*,#1296,.F.);
#1296 = EDGE_CURVE('',#561,#1289,#1297,.T.);
#1297 = LINE('',#1298,#1299);
#1298 = CARTESIAN_POINT('',(61.850236588295,80.088568197936,-10.57));
#1299 = VECTOR('',#1300,1.);
#1300 = DIRECTION('',(-0.986354701848,-0.164634146341,0.));
#1301 = PLANE('',#1302);
#1302 = AXIS2_PLACEMENT_3D('',#1303,#1304,#1305);
#1303 = CARTESIAN_POINT('',(53.5,78.5,-10.57));
#1304 = DIRECTION('',(0.,0.,1.));
#1305 = DIRECTION('',(1.,0.,0.));
#1306 = ADVANCED_FACE('',(#1307),#1327,.F.);
#1307 = FACE_BOUND('',#1308,.F.);
#1308 = EDGE_LOOP('',(#1309,#1310,#1318,#1324,#1325,#1326));
#1309 = ORIENTED_EDGE('',*,*,#518,.T.);
#1310 = ORIENTED_EDGE('',*,*,#1311,.T.);
#1311 = EDGE_CURVE('',#519,#1312,#1314,.T.);
#1312 = VERTEX_POINT('',#1313);
#1313 = CARTESIAN_POINT('',(51.309109769979,72.7,-10.57));
#1314 = LINE('',#1315,#1316);
#1315 = CARTESIAN_POINT('',(47.286305446838,72.7,-10.57));
#1316 = VECTOR('',#1317,1.);
#1317 = DIRECTION('',(1.,0.,0.));
#1318 = ORIENTED_EDGE('',*,*,#1319,.T.);
#1319 = EDGE_CURVE('',#1312,#1272,#1320,.T.);
#1320 = LINE('',#1321,#1322);
#1321 = CARTESIAN_POINT('',(47.286305446838,72.7,-10.57));
#1322 = VECTOR('',#1323,1.);
#1323 = DIRECTION('',(1.,0.,0.));
#1324 = ORIENTED_EDGE('',*,*,#1280,.T.);
#1325 = ORIENTED_EDGE('',*,*,#484,.F.);
#1326 = ORIENTED_EDGE('',*,*,#1139,.F.);
#1327 = PLANE('',#1328);
#1328 = AXIS2_PLACEMENT_3D('',#1329,#1330,#1331);
#1329 = CARTESIAN_POINT('',(47.286305446838,72.7,-9.27));
#1330 = DIRECTION('',(0.,-1.,0.));
#1331 = DIRECTION('',(1.,0.,0.));
#1332 = ADVANCED_FACE('',(#1333),#1352,.T.);
#1333 = FACE_BOUND('',#1334,.T.);
#1334 = EDGE_LOOP('',(#1335,#1343,#1344,#1345));
#1335 = ORIENTED_EDGE('',*,*,#1336,.T.);
#1336 = EDGE_CURVE('',#1337,#527,#1339,.T.);
#1337 = VERTEX_POINT('',#1338);
#1338 = CARTESIAN_POINT('',(51.309109769979,84.3,-10.57));
#1339 = LINE('',#1340,#1341);
#1340 = CARTESIAN_POINT('',(59.713694553162,84.3,-10.57));
#1341 = VECTOR('',#1342,1.);
#1342 = DIRECTION('',(-1.,0.,0.));
#1343 = ORIENTED_EDGE('',*,*,#526,.T.);
#1344 = ORIENTED_EDGE('',*,*,#1311,.T.);
#1345 = ORIENTED_EDGE('',*,*,#1346,.F.);
#1346 = EDGE_CURVE('',#1337,#1312,#1347,.T.);
#1347 = CIRCLE('',#1348,6.2);
#1348 = AXIS2_PLACEMENT_3D('',#1349,#1350,#1351);
#1349 = CARTESIAN_POINT('',(53.5,78.5,-10.57));
#1350 = DIRECTION('',(0.,0.,1.));
#1351 = DIRECTION('',(1.,0.,0.));
#1352 = PLANE('',#1353);
#1353 = AXIS2_PLACEMENT_3D('',#1354,#1355,#1356);
#1354 = CARTESIAN_POINT('',(53.5,78.5,-10.57));
#1355 = DIRECTION('',(0.,0.,1.));
#1356 = DIRECTION('',(1.,0.,0.));
#1357 = ADVANCED_FACE('',(#1358),#1376,.F.);
#1358 = FACE_BOUND('',#1359,.F.);
#1359 = EDGE_LOOP('',(#1360,#1361,#1362,#1368,#1369,#1370));
#1360 = ORIENTED_EDGE('',*,*,#552,.T.);
#1361 = ORIENTED_EDGE('',*,*,#1263,.T.);
#1362 = ORIENTED_EDGE('',*,*,#1363,.T.);
#1363 = EDGE_CURVE('',#1264,#1337,#1364,.T.);
#1364 = LINE('',#1365,#1366);
#1365 = CARTESIAN_POINT('',(59.713694553162,84.3,-10.57));
#1366 = VECTOR('',#1367,1.);
#1367 = DIRECTION('',(-1.,0.,0.));
#1368 = ORIENTED_EDGE('',*,*,#1336,.T.);
#1369 = ORIENTED_EDGE('',*,*,#535,.F.);
#1370 = ORIENTED_EDGE('',*,*,#1371,.F.);
#1371 = EDGE_CURVE('',#544,#536,#1372,.T.);
#1372 = LINE('',#1373,#1374);
#1373 = CARTESIAN_POINT('',(59.713694553162,84.3,-9.27));
#1374 = VECTOR('',#1375,1.);
#1375 = DIRECTION('',(-1.,0.,0.));
#1376 = PLANE('',#1377);
#1377 = AXIS2_PLACEMENT_3D('',#1378,#1379,#1380);
#1378 = CARTESIAN_POINT('',(59.713694553162,84.3,-9.27));
#1379 = DIRECTION('',(0.,1.,0.));
#1380 = DIRECTION('',(-1.,0.,0.));
#1381 = ADVANCED_FACE('',(#1382),#1386,.T.);
#1382 = FACE_BOUND('',#1383,.T.);
#1383 = EDGE_LOOP('',(#1384,#1385));
#1384 = ORIENTED_EDGE('',*,*,#1371,.F.);
#1385 = ORIENTED_EDGE('',*,*,#543,.T.);
#1386 = PLANE('',#1387);
#1387 = AXIS2_PLACEMENT_3D('',#1388,#1389,#1390);
#1388 = CARTESIAN_POINT('',(53.5,72.555848118596,-9.27));
#1389 = DIRECTION('',(0.,0.,1.));
#1390 = DIRECTION('',(1.,0.,0.));
#1391 = ADVANCED_FACE('',(#1392),#1403,.F.);
#1392 = FACE_BOUND('',#1393,.F.);
#1393 = EDGE_LOOP('',(#1394,#1395,#1396,#1402));
#1394 = ORIENTED_EDGE('',*,*,#569,.T.);
#1395 = ORIENTED_EDGE('',*,*,#1207,.T.);
#1396 = ORIENTED_EDGE('',*,*,#1397,.F.);
#1397 = EDGE_CURVE('',#1289,#1208,#1398,.T.);
#1398 = LINE('',#1399,#1400);
#1399 = CARTESIAN_POINT('',(60.646659876658,79.887677155286,-10.57));
#1400 = VECTOR('',#1401,1.);
#1401 = DIRECTION('',(-0.,-0.,-1.));
#1402 = ORIENTED_EDGE('',*,*,#1296,.F.);
#1403 = PLANE('',#1404);
#1404 = AXIS2_PLACEMENT_3D('',#1405,#1406,#1407);
#1405 = CARTESIAN_POINT('',(61.850236588295,80.088568197936,-10.57));
#1406 = DIRECTION('',(-0.164634146341,0.986354701848,0.));
#1407 = DIRECTION('',(-0.986354701848,-0.164634146341,0.));
#1408 = ADVANCED_FACE('',(#1409,#1427),#1461,.T.);
#1409 = FACE_BOUND('',#1410,.T.);
#1410 = EDGE_LOOP('',(#1411,#1412,#1413,#1419,#1420,#1421));
#1411 = ORIENTED_EDGE('',*,*,#647,.T.);
#1412 = ORIENTED_EDGE('',*,*,#723,.F.);
#1413 = ORIENTED_EDGE('',*,*,#1414,.F.);
#1414 = EDGE_CURVE('',#741,#716,#1415,.T.);
#1415 = LINE('',#1416,#1417);
#1416 = CARTESIAN_POINT('',(3.286305446838,72.7,-9.27));
#1417 = VECTOR('',#1418,1.);
#1418 = DIRECTION('',(1.,0.,0.));
#1419 = ORIENTED_EDGE('',*,*,#740,.F.);
#1420 = ORIENTED_EDGE('',*,*,#814,.T.);
#1421 = ORIENTED_EDGE('',*,*,#1422,.T.);
#1422 = EDGE_CURVE('',#815,#648,#1423,.T.);
#1423 = LINE('',#1424,#1425);
#1424 = CARTESIAN_POINT('',(1.8,61.4,-9.27));
#1425 = VECTOR('',#1426,1.);
#1426 = DIRECTION('',(1.,0.,0.));
#1427 = FACE_BOUND('',#1428,.T.);
#1428 = EDGE_LOOP('',(#1429,#1439,#1447,#1455));
#1429 = ORIENTED_EDGE('',*,*,#1430,.F.);
#1430 = EDGE_CURVE('',#1431,#1433,#1435,.T.);
#1431 = VERTEX_POINT('',#1432);
#1432 = CARTESIAN_POINT('',(2.82,72.1,-9.27));
#1433 = VERTEX_POINT('',#1434);
#1434 = CARTESIAN_POINT('',(2.82,68.4,-9.27));
#1435 = LINE('',#1436,#1437);
#1436 = CARTESIAN_POINT('',(2.82,72.1,-9.27));
#1437 = VECTOR('',#1438,1.);
#1438 = DIRECTION('',(0.,-1.,0.));
#1439 = ORIENTED_EDGE('',*,*,#1440,.F.);
#1440 = EDGE_CURVE('',#1441,#1431,#1443,.T.);
#1441 = VERTEX_POINT('',#1442);
#1442 = CARTESIAN_POINT('',(16.2,72.1,-9.27));
#1443 = LINE('',#1444,#1445);
#1444 = CARTESIAN_POINT('',(16.2,72.1,-9.27));
#1445 = VECTOR('',#1446,1.);
#1446 = DIRECTION('',(-1.,0.,0.));
#1447 = ORIENTED_EDGE('',*,*,#1448,.F.);
#1448 = EDGE_CURVE('',#1449,#1441,#1451,.T.);
#1449 = VERTEX_POINT('',#1450);
#1450 = CARTESIAN_POINT('',(16.2,68.4,-9.27));
#1451 = LINE('',#1452,#1453);
#1452 = CARTESIAN_POINT('',(16.2,68.4,-9.27));
#1453 = VECTOR('',#1454,1.);
#1454 = DIRECTION('',(0.,1.,0.));
#1455 = ORIENTED_EDGE('',*,*,#1456,.F.);
#1456 = EDGE_CURVE('',#1433,#1449,#1457,.T.);
#1457 = LINE('',#1458,#1459);
#1458 = CARTESIAN_POINT('',(2.82,68.4,-9.27));
#1459 = VECTOR('',#1460,1.);
#1460 = DIRECTION('',(1.,0.,0.));
#1461 = PLANE('',#1462);
#1462 = AXIS2_PLACEMENT_3D('',#1463,#1464,#1465);
#1463 = CARTESIAN_POINT('',(9.5,72.555848118596,-9.27));
#1464 = DIRECTION('',(0.,0.,1.));
#1465 = DIRECTION('',(1.,0.,0.));
#1466 = ADVANCED_FACE('',(#1467),#1473,.T.);
#1467 = FACE_BOUND('',#1468,.T.);
#1468 = EDGE_LOOP('',(#1469,#1470,#1471,#1472));
#1469 = ORIENTED_EDGE('',*,*,#1422,.F.);
#1470 = ORIENTED_EDGE('',*,*,#840,.T.);
#1471 = ORIENTED_EDGE('',*,*,#984,.T.);
#1472 = ORIENTED_EDGE('',*,*,#657,.F.);
#1473 = PLANE('',#1474);
#1474 = AXIS2_PLACEMENT_3D('',#1475,#1476,#1477);
#1475 = CARTESIAN_POINT('',(1.8,61.4,-9.27));
#1476 = DIRECTION('',(0.,1.,0.));
#1477 = DIRECTION('',(1.,0.,0.));
#1478 = ADVANCED_FACE('',(#1479),#1504,.T.);
#1479 = FACE_BOUND('',#1480,.T.);
#1480 = EDGE_LOOP('',(#1481,#1489,#1497,#1503));
#1481 = ORIENTED_EDGE('',*,*,#1482,.T.);
#1482 = EDGE_CURVE('',#690,#1483,#1485,.T.);
#1483 = VERTEX_POINT('',#1484);
#1484 = CARTESIAN_POINT('',(16.646659876658,79.887677155286,-13.57));
#1485 = LINE('',#1486,#1487);
#1486 = CARTESIAN_POINT('',(17.850236588295,80.088568197936,-13.57));
#1487 = VECTOR('',#1488,1.);
#1488 = DIRECTION('',(-0.986354701848,-0.164634146341,0.));
#1489 = ORIENTED_EDGE('',*,*,#1490,.T.);
#1490 = EDGE_CURVE('',#1483,#1491,#1493,.T.);
#1491 = VERTEX_POINT('',#1492);
#1492 = CARTESIAN_POINT('',(16.646659876658,77.112322844714,-13.57));
#1493 = LINE('',#1494,#1495);
#1494 = CARTESIAN_POINT('',(16.646659876658,79.887677155286,-13.57));
#1495 = VECTOR('',#1496,1.);
#1496 = DIRECTION('',(0.,-1.,0.));
#1497 = ORIENTED_EDGE('',*,*,#1498,.T.);
#1498 = EDGE_CURVE('',#1491,#688,#1499,.T.);
#1499 = LINE('',#1500,#1501);
#1500 = CARTESIAN_POINT('',(16.646659876658,77.112322844714,-13.57));
#1501 = VECTOR('',#1502,1.);
#1502 = DIRECTION('',(0.986354701848,-0.164634146341,0.));
#1503 = ORIENTED_EDGE('',*,*,#687,.T.);
#1504 = PLANE('',#1505);
#1505 = AXIS2_PLACEMENT_3D('',#1506,#1507,#1508);
#1506 = CARTESIAN_POINT('',(17.312088733951,78.5,-13.57));
#1507 = DIRECTION('',(0.,0.,1.));
#1508 = DIRECTION('',(1.,0.,0.));
#1509 = ADVANCED_FACE('',(#1510),#1528,.F.);
#1510 = FACE_BOUND('',#1511,.F.);
#1511 = EDGE_LOOP('',(#1512,#1520,#1521,#1522));
#1512 = ORIENTED_EDGE('',*,*,#1513,.T.);
#1513 = EDGE_CURVE('',#1514,#1491,#1516,.T.);
#1514 = VERTEX_POINT('',#1515);
#1515 = CARTESIAN_POINT('',(16.646659876658,77.112322844714,-10.57));
#1516 = LINE('',#1517,#1518);
#1517 = CARTESIAN_POINT('',(16.646659876658,77.112322844714,-10.57));
#1518 = VECTOR('',#1519,1.);
#1519 = DIRECTION('',(-0.,-0.,-1.));
#1520 = ORIENTED_EDGE('',*,*,#1498,.T.);
#1521 = ORIENTED_EDGE('',*,*,#698,.F.);
#1522 = ORIENTED_EDGE('',*,*,#1523,.F.);
#1523 = EDGE_CURVE('',#1514,#699,#1524,.T.);
#1524 = LINE('',#1525,#1526);
#1525 = CARTESIAN_POINT('',(16.646659876658,77.112322844714,-10.57));
#1526 = VECTOR('',#1527,1.);
#1527 = DIRECTION('',(0.986354701848,-0.164634146341,0.));
#1528 = PLANE('',#1529);
#1529 = AXIS2_PLACEMENT_3D('',#1530,#1531,#1532);
#1530 = CARTESIAN_POINT('',(16.646659876658,77.112322844714,-10.57));
#1531 = DIRECTION('',(-0.164634146341,-0.986354701848,0.));
#1532 = DIRECTION('',(0.986354701848,-0.164634146341,0.));
#1533 = ADVANCED_FACE('',(#1534),#1576,.T.);
#1534 = FACE_BOUND('',#1535,.T.);
#1535 = EDGE_LOOP('',(#1536,#1537,#1545,#1554,#1560,#1561,#1562,#1570));
#1536 = ORIENTED_EDGE('',*,*,#791,.T.);
#1537 = ORIENTED_EDGE('',*,*,#1538,.T.);
#1538 = EDGE_CURVE('',#784,#1539,#1541,.T.);
#1539 = VERTEX_POINT('',#1540);
#1540 = CARTESIAN_POINT('',(11.690890230021,84.3,-10.57));
#1541 = LINE('',#1542,#1543);
#1542 = CARTESIAN_POINT('',(15.713694553162,84.3,-10.57));
#1543 = VECTOR('',#1544,1.);
#1544 = DIRECTION('',(-1.,0.,0.));
#1545 = ORIENTED_EDGE('',*,*,#1546,.F.);
#1546 = EDGE_CURVE('',#1547,#1539,#1549,.T.);
#1547 = VERTEX_POINT('',#1548);
#1548 = CARTESIAN_POINT('',(11.690890230021,72.7,-10.57));
#1549 = CIRCLE('',#1550,6.2);
#1550 = AXIS2_PLACEMENT_3D('',#1551,#1552,#1553);
#1551 = CARTESIAN_POINT('',(9.5,78.5,-10.57));
#1552 = DIRECTION('',(0.,0.,1.));
#1553 = DIRECTION('',(1.,0.,0.));
#1554 = ORIENTED_EDGE('',*,*,#1555,.T.);
#1555 = EDGE_CURVE('',#1547,#707,#1556,.T.);
#1556 = LINE('',#1557,#1558);
#1557 = CARTESIAN_POINT('',(3.286305446838,72.7,-10.57));
#1558 = VECTOR('',#1559,1.);
#1559 = DIRECTION('',(1.,0.,0.));
#1560 = ORIENTED_EDGE('',*,*,#706,.T.);
#1561 = ORIENTED_EDGE('',*,*,#1523,.F.);
#1562 = ORIENTED_EDGE('',*,*,#1563,.F.);
#1563 = EDGE_CURVE('',#1564,#1514,#1566,.T.);
#1564 = VERTEX_POINT('',#1565);
#1565 = CARTESIAN_POINT('',(16.646659876658,79.887677155286,-10.57));
#1566 = LINE('',#1567,#1568);
#1567 = CARTESIAN_POINT('',(16.646659876658,79.887677155286,-10.57));
#1568 = VECTOR('',#1569,1.);
#1569 = DIRECTION('',(0.,-1.,0.));
#1570 = ORIENTED_EDGE('',*,*,#1571,.F.);
#1571 = EDGE_CURVE('',#792,#1564,#1572,.T.);
#1572 = LINE('',#1573,#1574);
#1573 = CARTESIAN_POINT('',(17.850236588295,80.088568197936,-10.57));
#1574 = VECTOR('',#1575,1.);
#1575 = DIRECTION('',(-0.986354701848,-0.164634146341,0.));
#1576 = PLANE('',#1577);
#1577 = AXIS2_PLACEMENT_3D('',#1578,#1579,#1580);
#1578 = CARTESIAN_POINT('',(9.5,78.5,-10.57));
#1579 = DIRECTION('',(0.,0.,1.));
#1580 = DIRECTION('',(1.,0.,0.));
#1581 = ADVANCED_FACE('',(#1582),#1602,.F.);
#1582 = FACE_BOUND('',#1583,.F.);
#1583 = EDGE_LOOP('',(#1584,#1585,#1593,#1599,#1600,#1601));
#1584 = ORIENTED_EDGE('',*,*,#749,.T.);
#1585 = ORIENTED_EDGE('',*,*,#1586,.T.);
#1586 = EDGE_CURVE('',#750,#1587,#1589,.T.);
#1587 = VERTEX_POINT('',#1588);
#1588 = CARTESIAN_POINT('',(7.309109769979,72.7,-10.57));
#1589 = LINE('',#1590,#1591);
#1590 = CARTESIAN_POINT('',(3.286305446838,72.7,-10.57));
#1591 = VECTOR('',#1592,1.);
#1592 = DIRECTION('',(1.,0.,0.));
#1593 = ORIENTED_EDGE('',*,*,#1594,.T.);
#1594 = EDGE_CURVE('',#1587,#1547,#1595,.T.);
#1595 = LINE('',#1596,#1597);
#1596 = CARTESIAN_POINT('',(3.286305446838,72.7,-10.57));
#1597 = VECTOR('',#1598,1.);
#1598 = DIRECTION('',(1.,0.,0.));
#1599 = ORIENTED_EDGE('',*,*,#1555,.T.);
#1600 = ORIENTED_EDGE('',*,*,#715,.F.);
#1601 = ORIENTED_EDGE('',*,*,#1414,.F.);
#1602 = PLANE('',#1603);
#1603 = AXIS2_PLACEMENT_3D('',#1604,#1605,#1606);
#1604 = CARTESIAN_POINT('',(3.286305446838,72.7,-9.27));
#1605 = DIRECTION('',(0.,-1.,0.));
#1606 = DIRECTION('',(1.,0.,0.));
#1607 = ADVANCED_FACE('',(#1608),#1627,.T.);
#1608 = FACE_BOUND('',#1609,.T.);
#1609 = EDGE_LOOP('',(#1610,#1618,#1619,#1620));
#1610 = ORIENTED_EDGE('',*,*,#1611,.T.);
#1611 = EDGE_CURVE('',#1612,#758,#1614,.T.);
#1612 = VERTEX_POINT('',#1613);
#1613 = CARTESIAN_POINT('',(7.309109769979,84.3,-10.57));
#1614 = LINE('',#1615,#1616);
#1615 = CARTESIAN_POINT('',(15.713694553162,84.3,-10.57));
#1616 = VECTOR('',#1617,1.);
#1617 = DIRECTION('',(-1.,0.,0.));
#1618 = ORIENTED_EDGE('',*,*,#757,.T.);
#1619 = ORIENTED_EDGE('',*,*,#1586,.T.);
#1620 = ORIENTED_EDGE('',*,*,#1621,.F.);
#1621 = EDGE_CURVE('',#1612,#1587,#1622,.T.);
#1622 = CIRCLE('',#1623,6.2);
#1623 = AXIS2_PLACEMENT_3D('',#1624,#1625,#1626);
#1624 = CARTESIAN_POINT('',(9.5,78.5,-10.57));
#1625 = DIRECTION('',(0.,0.,1.));
#1626 = DIRECTION('',(1.,0.,0.));
#1627 = PLANE('',#1628);
#1628 = AXIS2_PLACEMENT_3D('',#1629,#1630,#1631);
#1629 = CARTESIAN_POINT('',(9.5,78.5,-10.57));
#1630 = DIRECTION('',(0.,0.,1.));
#1631 = DIRECTION('',(1.,0.,0.));
#1632 = ADVANCED_FACE('',(#1633),#1651,.F.);
#1633 = FACE_BOUND('',#1634,.F.);
#1634 = EDGE_LOOP('',(#1635,#1636,#1637,#1643,#1644,#1645));
#1635 = ORIENTED_EDGE('',*,*,#783,.T.);
#1636 = ORIENTED_EDGE('',*,*,#1538,.T.);
#1637 = ORIENTED_EDGE('',*,*,#1638,.T.);
#1638 = EDGE_CURVE('',#1539,#1612,#1639,.T.);
#1639 = LINE('',#1640,#1641);
#1640 = CARTESIAN_POINT('',(15.713694553162,84.3,-10.57));
#1641 = VECTOR('',#1642,1.);
#1642 = DIRECTION('',(-1.,0.,0.));
#1643 = ORIENTED_EDGE('',*,*,#1611,.T.);
#1644 = ORIENTED_EDGE('',*,*,#766,.F.);
#1645 = ORIENTED_EDGE('',*,*,#1646,.F.);
#1646 = EDGE_CURVE('',#775,#767,#1647,.T.);
#1647 = LINE('',#1648,#1649);
#1648 = CARTESIAN_POINT('',(15.713694553162,84.3,-9.27));
#1649 = VECTOR('',#1650,1.);
#1650 = DIRECTION('',(-1.,0.,0.));
#1651 = PLANE('',#1652);
#1652 = AXIS2_PLACEMENT_3D('',#1653,#1654,#1655);
#1653 = CARTESIAN_POINT('',(15.713694553162,84.3,-9.27));
#1654 = DIRECTION('',(0.,1.,0.));
#1655 = DIRECTION('',(-1.,0.,0.));
#1656 = ADVANCED_FACE('',(#1657),#1661,.T.);
#1657 = FACE_BOUND('',#1658,.T.);
#1658 = EDGE_LOOP('',(#1659,#1660));
#1659 = ORIENTED_EDGE('',*,*,#1646,.F.);
#1660 = ORIENTED_EDGE('',*,*,#774,.T.);
#1661 = PLANE('',#1662);
#1662 = AXIS2_PLACEMENT_3D('',#1663,#1664,#1665);
#1663 = CARTESIAN_POINT('',(9.5,72.555848118596,-9.27));
#1664 = DIRECTION('',(0.,0.,1.));
#1665 = DIRECTION('',(1.,0.,0.));
#1666 = ADVANCED_FACE('',(#1667),#1678,.F.);
#1667 = FACE_BOUND('',#1668,.F.);
#1668 = EDGE_LOOP('',(#1669,#1670,#1671,#1677));
#1669 = ORIENTED_EDGE('',*,*,#800,.T.);
#1670 = ORIENTED_EDGE('',*,*,#1482,.T.);
#1671 = ORIENTED_EDGE('',*,*,#1672,.F.);
#1672 = EDGE_CURVE('',#1564,#1483,#1673,.T.);
#1673 = LINE('',#1674,#1675);
#1674 = CARTESIAN_POINT('',(16.646659876658,79.887677155286,-10.57));
#1675 = VECTOR('',#1676,1.);
#1676 = DIRECTION('',(-0.,-0.,-1.));
#1677 = ORIENTED_EDGE('',*,*,#1571,.F.);
#1678 = PLANE('',#1679);
#1679 = AXIS2_PLACEMENT_3D('',#1680,#1681,#1682);
#1680 = CARTESIAN_POINT('',(17.850236588295,80.088568197936,-10.57));
#1681 = DIRECTION('',(-0.164634146341,0.986354701848,0.));
#1682 = DIRECTION('',(-0.986354701848,-0.164634146341,0.));
#1683 = ADVANCED_FACE('',(#1684,#1720),#1723,.T.);
#1684 = FACE_BOUND('',#1685,.T.);
#1685 = EDGE_LOOP('',(#1686,#1697,#1705,#1714));
#1686 = ORIENTED_EDGE('',*,*,#1687,.T.);
#1687 = EDGE_CURVE('',#1688,#1690,#1692,.T.);
#1688 = VERTEX_POINT('',#1689);
#1689 = CARTESIAN_POINT('',(7.304969521821,58.32269850017,-11.22));
#1690 = VERTEX_POINT('',#1691);
#1691 = CARTESIAN_POINT('',(7.304969521821,46.67730149983,-11.22));
#1692 = CIRCLE('',#1693,6.22269850017);
#1693 = AXIS2_PLACEMENT_3D('',#1694,#1695,#1696);
#1694 = CARTESIAN_POINT('',(9.5,52.5,-11.22));
#1695 = DIRECTION('',(0.,0.,1.));
#1696 = DIRECTION('',(1.,0.,0.));
#1697 = ORIENTED_EDGE('',*,*,#1698,.T.);
#1698 = EDGE_CURVE('',#1690,#1699,#1701,.T.);
#1699 = VERTEX_POINT('',#1700);
#1700 = CARTESIAN_POINT('',(11.695030478179,46.67730149983,-11.22));
#1701 = LINE('',#1702,#1703);
#1702 = CARTESIAN_POINT('',(7.309109769979,46.67730149983,-11.22));
#1703 = VECTOR('',#1704,1.);
#1704 = DIRECTION('',(1.,0.,0.));
#1705 = ORIENTED_EDGE('',*,*,#1706,.T.);
#1706 = EDGE_CURVE('',#1699,#1707,#1709,.T.);
#1707 = VERTEX_POINT('',#1708);
#1708 = CARTESIAN_POINT('',(11.695030478179,58.32269850017,-11.22));
#1709 = CIRCLE('',#1710,6.22269850017);
#1710 = AXIS2_PLACEMENT_3D('',#1711,#1712,#1713);
#1711 = CARTESIAN_POINT('',(9.5,52.5,-11.22));
#1712 = DIRECTION('',(0.,0.,1.));
#1713 = DIRECTION('',(1.,0.,0.));
#1714 = ORIENTED_EDGE('',*,*,#1715,.F.);
#1715 = EDGE_CURVE('',#1688,#1707,#1716,.T.);
#1716 = LINE('',#1717,#1718);
#1717 = CARTESIAN_POINT('',(7.309109769979,58.32269850017,-11.22));
#1718 = VECTOR('',#1719,1.);
#1719 = DIRECTION('',(1.,0.,0.));
#1720 = FACE_BOUND('',#1721,.T.);
#1721 = EDGE_LOOP('',(#1722));
#1722 = ORIENTED_EDGE('',*,*,#871,.F.);
#1723 = PLANE('',#1724);
#1724 = AXIS2_PLACEMENT_3D('',#1725,#1726,#1727);
#1725 = CARTESIAN_POINT('',(9.5,52.5,-11.22));
#1726 = DIRECTION('',(0.,0.,1.));
#1727 = DIRECTION('',(1.,0.,0.));
#1728 = ADVANCED_FACE('',(#1729,#1765),#1768,.T.);
#1729 = FACE_BOUND('',#1730,.T.);
#1730 = EDGE_LOOP('',(#1731,#1742,#1750,#1759));
#1731 = ORIENTED_EDGE('',*,*,#1732,.T.);
#1732 = EDGE_CURVE('',#1733,#1735,#1737,.T.);
#1733 = VERTEX_POINT('',#1734);
#1734 = CARTESIAN_POINT('',(51.304969521821,58.32269850017,-11.22));
#1735 = VERTEX_POINT('',#1736);
#1736 = CARTESIAN_POINT('',(51.304969521821,46.67730149983,-11.22));
#1737 = CIRCLE('',#1738,6.22269850017);
#1738 = AXIS2_PLACEMENT_3D('',#1739,#1740,#1741);
#1739 = CARTESIAN_POINT('',(53.5,52.5,-11.22));
#1740 = DIRECTION('',(0.,0.,1.));
#1741 = DIRECTION('',(1.,0.,0.));
#1742 = ORIENTED_EDGE('',*,*,#1743,.T.);
#1743 = EDGE_CURVE('',#1735,#1744,#1746,.T.);
#1744 = VERTEX_POINT('',#1745);
#1745 = CARTESIAN_POINT('',(55.695030478179,46.67730149983,-11.22));
#1746 = LINE('',#1747,#1748);
#1747 = CARTESIAN_POINT('',(51.309109769979,46.67730149983,-11.22));
#1748 = VECTOR('',#1749,1.);
#1749 = DIRECTION('',(1.,0.,0.));
#1750 = ORIENTED_EDGE('',*,*,#1751,.T.);
#1751 = EDGE_CURVE('',#1744,#1752,#1754,.T.);
#1752 = VERTEX_POINT('',#1753);
#1753 = CARTESIAN_POINT('',(55.695030478179,58.32269850017,-11.22));
#1754 = CIRCLE('',#1755,6.22269850017);
#1755 = AXIS2_PLACEMENT_3D('',#1756,#1757,#1758);
#1756 = CARTESIAN_POINT('',(53.5,52.5,-11.22));
#1757 = DIRECTION('',(0.,0.,1.));
#1758 = DIRECTION('',(1.,0.,0.));
#1759 = ORIENTED_EDGE('',*,*,#1760,.F.);
#1760 = EDGE_CURVE('',#1733,#1752,#1761,.T.);
#1761 = LINE('',#1762,#1763);
#1762 = CARTESIAN_POINT('',(51.309109769979,58.32269850017,-11.22));
#1763 = VECTOR('',#1764,1.);
#1764 = DIRECTION('',(1.,0.,0.));
#1765 = FACE_BOUND('',#1766,.T.);
#1766 = EDGE_LOOP('',(#1767));
#1767 = ORIENTED_EDGE('',*,*,#896,.F.);
#1768 = PLANE('',#1769);
#1769 = AXIS2_PLACEMENT_3D('',#1770,#1771,#1772);
#1770 = CARTESIAN_POINT('',(53.5,52.5,-11.22));
#1771 = DIRECTION('',(0.,0.,1.));
#1772 = DIRECTION('',(1.,0.,0.));
#1773 = ADVANCED_FACE('',(#1774,#1810),#1813,.T.);
#1774 = FACE_BOUND('',#1775,.T.);
#1775 = EDGE_LOOP('',(#1776,#1787,#1795,#1804));
#1776 = ORIENTED_EDGE('',*,*,#1777,.T.);
#1777 = EDGE_CURVE('',#1778,#1780,#1782,.T.);
#1778 = VERTEX_POINT('',#1779);
#1779 = CARTESIAN_POINT('',(7.304969521821,84.32269850017,-11.22));
#1780 = VERTEX_POINT('',#1781);
#1781 = CARTESIAN_POINT('',(7.304969521821,72.67730149983,-11.22));
#1782 = CIRCLE('',#1783,6.22269850017);
#1783 = AXIS2_PLACEMENT_3D('',#1784,#1785,#1786);
#1784 = CARTESIAN_POINT('',(9.5,78.5,-11.22));
#1785 = DIRECTION('',(0.,0.,1.));
#1786 = DIRECTION('',(1.,0.,0.));
#1787 = ORIENTED_EDGE('',*,*,#1788,.T.);
#1788 = EDGE_CURVE('',#1780,#1789,#1791,.T.);
#1789 = VERTEX_POINT('',#1790);
#1790 = CARTESIAN_POINT('',(11.695030478179,72.67730149983,-11.22));
#1791 = LINE('',#1792,#1793);
#1792 = CARTESIAN_POINT('',(7.309109769979,72.67730149983,-11.22));
#1793 = VECTOR('',#1794,1.);
#1794 = DIRECTION('',(1.,0.,0.));
#1795 = ORIENTED_EDGE('',*,*,#1796,.T.);
#1796 = EDGE_CURVE('',#1789,#1797,#1799,.T.);
#1797 = VERTEX_POINT('',#1798);
#1798 = CARTESIAN_POINT('',(11.695030478179,84.32269850017,-11.22));
#1799 = CIRCLE('',#1800,6.22269850017);
#1800 = AXIS2_PLACEMENT_3D('',#1801,#1802,#1803);
#1801 = CARTESIAN_POINT('',(9.5,78.5,-11.22));
#1802 = DIRECTION('',(0.,0.,1.));
#1803 = DIRECTION('',(1.,0.,0.));
#1804 = ORIENTED_EDGE('',*,*,#1805,.F.);
#1805 = EDGE_CURVE('',#1778,#1797,#1806,.T.);
#1806 = LINE('',#1807,#1808);
#1807 = CARTESIAN_POINT('',(7.309109769979,84.32269850017,-11.22));
#1808 = VECTOR('',#1809,1.);
#1809 = DIRECTION('',(1.,0.,0.));
#1810 = FACE_BOUND('',#1811,.T.);
#1811 = EDGE_LOOP('',(#1812));
#1812 = ORIENTED_EDGE('',*,*,#921,.F.);
#1813 = PLANE('',#1814);
#1814 = AXIS2_PLACEMENT_3D('',#1815,#1816,#1817);
#1815 = CARTESIAN_POINT('',(9.5,78.5,-11.22));
#1816 = DIRECTION('',(0.,0.,1.));
#1817 = DIRECTION('',(1.,0.,0.));
#1818 = ADVANCED_FACE('',(#1819,#1855),#1858,.T.);
#1819 = FACE_BOUND('',#1820,.T.);
#1820 = EDGE_LOOP('',(#1821,#1832,#1840,#1849));
#1821 = ORIENTED_EDGE('',*,*,#1822,.T.);
#1822 = EDGE_CURVE('',#1823,#1825,#1827,.T.);
#1823 = VERTEX_POINT('',#1824);
#1824 = CARTESIAN_POINT('',(51.304969521821,84.32269850017,-11.22));
#1825 = VERTEX_POINT('',#1826);
#1826 = CARTESIAN_POINT('',(51.304969521821,72.67730149983,-11.22));
#1827 = CIRCLE('',#1828,6.22269850017);
#1828 = AXIS2_PLACEMENT_3D('',#1829,#1830,#1831);
#1829 = CARTESIAN_POINT('',(53.5,78.5,-11.22));
#1830 = DIRECTION('',(0.,0.,1.));
#1831 = DIRECTION('',(1.,0.,0.));
#1832 = ORIENTED_EDGE('',*,*,#1833,.T.);
#1833 = EDGE_CURVE('',#1825,#1834,#1836,.T.);
#1834 = VERTEX_POINT('',#1835);
#1835 = CARTESIAN_POINT('',(55.695030478179,72.67730149983,-11.22));
#1836 = LINE('',#1837,#1838);
#1837 = CARTESIAN_POINT('',(51.309109769979,72.67730149983,-11.22));
#1838 = VECTOR('',#1839,1.);
#1839 = DIRECTION('',(1.,0.,0.));
#1840 = ORIENTED_EDGE('',*,*,#1841,.T.);
#1841 = EDGE_CURVE('',#1834,#1842,#1844,.T.);
#1842 = VERTEX_POINT('',#1843);
#1843 = CARTESIAN_POINT('',(55.695030478179,84.32269850017,-11.22));
#1844 = CIRCLE('',#1845,6.22269850017);
#1845 = AXIS2_PLACEMENT_3D('',#1846,#1847,#1848);
#1846 = CARTESIAN_POINT('',(53.5,78.5,-11.22));
#1847 = DIRECTION('',(0.,0.,1.));
#1848 = DIRECTION('',(1.,0.,0.));
#1849 = ORIENTED_EDGE('',*,*,#1850,.F.);
#1850 = EDGE_CURVE('',#1823,#1842,#1851,.T.);
#1851 = LINE('',#1852,#1853);
#1852 = CARTESIAN_POINT('',(51.309109769979,84.32269850017,-11.22));
#1853 = VECTOR('',#1854,1.);
#1854 = DIRECTION('',(1.,0.,0.));
#1855 = FACE_BOUND('',#1856,.T.);
#1856 = EDGE_LOOP('',(#1857));
#1857 = ORIENTED_EDGE('',*,*,#946,.F.);
#1858 = PLANE('',#1859);
#1859 = AXIS2_PLACEMENT_3D('',#1860,#1861,#1862);
#1860 = CARTESIAN_POINT('',(53.5,78.5,-11.22));
#1861 = DIRECTION('',(0.,0.,1.));
#1862 = DIRECTION('',(1.,0.,0.));
#1863 = ADVANCED_FACE('',(#1864),#1992,.F.);
#1864 = FACE_BOUND('',#1865,.T.);
#1865 = EDGE_LOOP('',(#1866,#1877,#1885,#1894,#1902,#1911,#1917,#1918,
    #1926,#1935,#1943,#1952,#1960,#1969,#1977,#1986));
#1866 = ORIENTED_EDGE('',*,*,#1867,.F.);
#1867 = EDGE_CURVE('',#1868,#1870,#1872,.T.);
#1868 = VERTEX_POINT('',#1869);
#1869 = CARTESIAN_POINT('',(17.850236588295,50.911431802064,-13.57));
#1870 = VERTEX_POINT('',#1871);
#1871 = CARTESIAN_POINT('',(17.850236588295,54.088568197936,-13.57));
#1872 = CIRCLE('',#1873,8.5);
#1873 = AXIS2_PLACEMENT_3D('',#1874,#1875,#1876);
#1874 = CARTESIAN_POINT('',(9.5,52.5,-13.57));
#1875 = DIRECTION('',(0.,0.,1.));
#1876 = DIRECTION('',(1.,0.,0.));
#1877 = ORIENTED_EDGE('',*,*,#1878,.F.);
#1878 = EDGE_CURVE('',#1879,#1868,#1881,.T.);
#1879 = VERTEX_POINT('',#1880);
#1880 = CARTESIAN_POINT('',(17.850236588295,50.911431802064,-10.57));
#1881 = LINE('',#1882,#1883);
#1882 = CARTESIAN_POINT('',(17.850236588295,50.911431802064,-10.57));
#1883 = VECTOR('',#1884,1.);
#1884 = DIRECTION('',(-0.,-0.,-1.));
#1885 = ORIENTED_EDGE('',*,*,#1886,.F.);
#1886 = EDGE_CURVE('',#1887,#1879,#1889,.T.);
#1887 = VERTEX_POINT('',#1888);
#1888 = CARTESIAN_POINT('',(15.713694553162,46.7,-10.57));
#1889 = CIRCLE('',#1890,8.5);
#1890 = AXIS2_PLACEMENT_3D('',#1891,#1892,#1893);
#1891 = CARTESIAN_POINT('',(9.5,52.5,-10.57));
#1892 = DIRECTION('',(0.,0.,1.));
#1893 = DIRECTION('',(1.,0.,0.));
#1894 = ORIENTED_EDGE('',*,*,#1895,.F.);
#1895 = EDGE_CURVE('',#1896,#1887,#1898,.T.);
#1896 = VERTEX_POINT('',#1897);
#1897 = CARTESIAN_POINT('',(15.713694553162,46.7,-9.27));
#1898 = LINE('',#1899,#1900);
#1899 = CARTESIAN_POINT('',(15.713694553162,46.7,-9.27));
#1900 = VECTOR('',#1901,1.);
#1901 = DIRECTION('',(-0.,-0.,-1.));
#1902 = ORIENTED_EDGE('',*,*,#1903,.T.);
#1903 = EDGE_CURVE('',#1896,#1904,#1906,.T.);
#1904 = VERTEX_POINT('',#1905);
#1905 = CARTESIAN_POINT('',(17.2,48.9,-9.27));
#1906 = CIRCLE('',#1907,8.5);
#1907 = AXIS2_PLACEMENT_3D('',#1908,#1909,#1910);
#1908 = CARTESIAN_POINT('',(9.5,52.5,-9.27));
#1909 = DIRECTION('',(0.,0.,1.));
#1910 = DIRECTION('',(1.,0.,0.));
#1911 = ORIENTED_EDGE('',*,*,#1912,.T.);
#1912 = EDGE_CURVE('',#1904,#998,#1913,.T.);
#1913 = LINE('',#1914,#1915);
#1914 = CARTESIAN_POINT('',(17.2,48.9,-9.27));
#1915 = VECTOR('',#1916,1.);
#1916 = DIRECTION('',(0.,0.,1.));
#1917 = ORIENTED_EDGE('',*,*,#995,.F.);
#1918 = ORIENTED_EDGE('',*,*,#1919,.F.);
#1919 = EDGE_CURVE('',#1920,#996,#1922,.T.);
#1920 = VERTEX_POINT('',#1921);
#1921 = CARTESIAN_POINT('',(1.8,48.9,-9.27));
#1922 = LINE('',#1923,#1924);
#1923 = CARTESIAN_POINT('',(1.8,48.9,-9.27));
#1924 = VECTOR('',#1925,1.);
#1925 = DIRECTION('',(0.,0.,1.));
#1926 = ORIENTED_EDGE('',*,*,#1927,.T.);
#1927 = EDGE_CURVE('',#1920,#1928,#1930,.T.);
#1928 = VERTEX_POINT('',#1929);
#1929 = CARTESIAN_POINT('',(3.286305446838,46.7,-9.27));
#1930 = CIRCLE('',#1931,8.5);
#1931 = AXIS2_PLACEMENT_3D('',#1932,#1933,#1934);
#1932 = CARTESIAN_POINT('',(9.5,52.5,-9.27));
#1933 = DIRECTION('',(0.,0.,1.));
#1934 = DIRECTION('',(1.,0.,0.));
#1935 = ORIENTED_EDGE('',*,*,#1936,.T.);
#1936 = EDGE_CURVE('',#1928,#1937,#1939,.T.);
#1937 = VERTEX_POINT('',#1938);
#1938 = CARTESIAN_POINT('',(3.286305446838,46.7,-10.57));
#1939 = LINE('',#1940,#1941);
#1940 = CARTESIAN_POINT('',(3.286305446838,46.7,-9.27));
#1941 = VECTOR('',#1942,1.);
#1942 = DIRECTION('',(-0.,-0.,-1.));
#1943 = ORIENTED_EDGE('',*,*,#1944,.F.);
#1944 = EDGE_CURVE('',#1945,#1937,#1947,.T.);
#1945 = VERTEX_POINT('',#1946);
#1946 = CARTESIAN_POINT('',(3.286305446838,58.3,-10.57));
#1947 = CIRCLE('',#1948,8.5);
#1948 = AXIS2_PLACEMENT_3D('',#1949,#1950,#1951);
#1949 = CARTESIAN_POINT('',(9.5,52.5,-10.57));
#1950 = DIRECTION('',(0.,0.,1.));
#1951 = DIRECTION('',(1.,0.,0.));
#1952 = ORIENTED_EDGE('',*,*,#1953,.F.);
#1953 = EDGE_CURVE('',#1954,#1945,#1956,.T.);
#1954 = VERTEX_POINT('',#1955);
#1955 = CARTESIAN_POINT('',(3.286305446838,58.3,-9.27));
#1956 = LINE('',#1957,#1958);
#1957 = CARTESIAN_POINT('',(3.286305446838,58.3,-9.27));
#1958 = VECTOR('',#1959,1.);
#1959 = DIRECTION('',(-0.,-0.,-1.));
#1960 = ORIENTED_EDGE('',*,*,#1961,.F.);
#1961 = EDGE_CURVE('',#1962,#1954,#1964,.T.);
#1962 = VERTEX_POINT('',#1963);
#1963 = CARTESIAN_POINT('',(15.713694553162,58.3,-9.27));
#1964 = CIRCLE('',#1965,8.5);
#1965 = AXIS2_PLACEMENT_3D('',#1966,#1967,#1968);
#1966 = CARTESIAN_POINT('',(9.5,52.5,-9.27));
#1967 = DIRECTION('',(0.,0.,1.));
#1968 = DIRECTION('',(1.,0.,0.));
#1969 = ORIENTED_EDGE('',*,*,#1970,.T.);
#1970 = EDGE_CURVE('',#1962,#1971,#1973,.T.);
#1971 = VERTEX_POINT('',#1972);
#1972 = CARTESIAN_POINT('',(15.713694553162,58.3,-10.57));
#1973 = LINE('',#1974,#1975);
#1974 = CARTESIAN_POINT('',(15.713694553162,58.3,-9.27));
#1975 = VECTOR('',#1976,1.);
#1976 = DIRECTION('',(-0.,-0.,-1.));
#1977 = ORIENTED_EDGE('',*,*,#1978,.F.);
#1978 = EDGE_CURVE('',#1979,#1971,#1981,.T.);
#1979 = VERTEX_POINT('',#1980);
#1980 = CARTESIAN_POINT('',(17.850236588295,54.088568197936,-10.57));
#1981 = CIRCLE('',#1982,8.5);
#1982 = AXIS2_PLACEMENT_3D('',#1983,#1984,#1985);
#1983 = CARTESIAN_POINT('',(9.5,52.5,-10.57));
#1984 = DIRECTION('',(0.,0.,1.));
#1985 = DIRECTION('',(1.,0.,0.));
#1986 = ORIENTED_EDGE('',*,*,#1987,.T.);
#1987 = EDGE_CURVE('',#1979,#1870,#1988,.T.);
#1988 = LINE('',#1989,#1990);
#1989 = CARTESIAN_POINT('',(17.850236588295,54.088568197936,-10.57));
#1990 = VECTOR('',#1991,1.);
#1991 = DIRECTION('',(-0.,-0.,-1.));
#1992 = CYLINDRICAL_SURFACE('',#1993,8.5);
#1993 = AXIS2_PLACEMENT_3D('',#1994,#1995,#1996);
#1994 = CARTESIAN_POINT('',(9.5,52.5,-9.27));
#1995 = DIRECTION('',(-0.,-0.,-1.));
#1996 = DIRECTION('',(1.,0.,0.));
#1997 = ADVANCED_FACE('',(#1998),#2016,.T.);
#1998 = FACE_BOUND('',#1999,.T.);
#1999 = EDGE_LOOP('',(#2000,#2008,#2009,#2010));
#2000 = ORIENTED_EDGE('',*,*,#2001,.F.);
#2001 = EDGE_CURVE('',#1920,#2002,#2004,.T.);
#2002 = VERTEX_POINT('',#2003);
#2003 = CARTESIAN_POINT('',(1.8,35.4,-9.27));
#2004 = LINE('',#2005,#2006);
#2005 = CARTESIAN_POINT('',(1.8,48.9,-9.27));
#2006 = VECTOR('',#2007,1.);
#2007 = DIRECTION('',(0.,-1.,0.));
#2008 = ORIENTED_EDGE('',*,*,#1919,.T.);
#2009 = ORIENTED_EDGE('',*,*,#1022,.T.);
#2010 = ORIENTED_EDGE('',*,*,#2011,.F.);
#2011 = EDGE_CURVE('',#2002,#1015,#2012,.T.);
#2012 = LINE('',#2013,#2014);
#2013 = CARTESIAN_POINT('',(1.8,35.4,-9.27));
#2014 = VECTOR('',#2015,1.);
#2015 = DIRECTION('',(0.,0.,1.));
#2016 = PLANE('',#2017);
#2017 = AXIS2_PLACEMENT_3D('',#2018,#2019,#2020);
#2018 = CARTESIAN_POINT('',(1.8,48.9,-9.27));
#2019 = DIRECTION('',(1.,0.,0.));
#2020 = DIRECTION('',(0.,-1.,0.));
#2021 = ADVANCED_FACE('',(#2022),#2040,.T.);
#2022 = FACE_BOUND('',#2023,.T.);
#2023 = EDGE_LOOP('',(#2024,#2032,#2038,#2039));
#2024 = ORIENTED_EDGE('',*,*,#2025,.F.);
#2025 = EDGE_CURVE('',#2026,#1904,#2028,.T.);
#2026 = VERTEX_POINT('',#2027);
#2027 = CARTESIAN_POINT('',(17.2,35.4,-9.27));
#2028 = LINE('',#2029,#2030);
#2029 = CARTESIAN_POINT('',(17.2,35.4,-9.27));
#2030 = VECTOR('',#2031,1.);
#2031 = DIRECTION('',(0.,1.,0.));
#2032 = ORIENTED_EDGE('',*,*,#2033,.T.);
#2033 = EDGE_CURVE('',#2026,#1007,#2034,.T.);
#2034 = LINE('',#2035,#2036);
#2035 = CARTESIAN_POINT('',(17.2,35.4,-9.27));
#2036 = VECTOR('',#2037,1.);
#2037 = DIRECTION('',(0.,0.,1.));
#2038 = ORIENTED_EDGE('',*,*,#1006,.T.);
#2039 = ORIENTED_EDGE('',*,*,#1912,.F.);
#2040 = PLANE('',#2041);
#2041 = AXIS2_PLACEMENT_3D('',#2042,#2043,#2044);
#2042 = CARTESIAN_POINT('',(17.2,35.4,-9.27));
#2043 = DIRECTION('',(-1.,0.,0.));
#2044 = DIRECTION('',(0.,1.,0.));
#2045 = ADVANCED_FACE('',(#2046),#2057,.T.);
#2046 = FACE_BOUND('',#2047,.T.);
#2047 = EDGE_LOOP('',(#2048,#2054,#2055,#2056));
#2048 = ORIENTED_EDGE('',*,*,#2049,.F.);
#2049 = EDGE_CURVE('',#2002,#2026,#2050,.T.);
#2050 = LINE('',#2051,#2052);
#2051 = CARTESIAN_POINT('',(1.8,35.4,-9.27));
#2052 = VECTOR('',#2053,1.);
#2053 = DIRECTION('',(1.,0.,0.));
#2054 = ORIENTED_EDGE('',*,*,#2011,.T.);
#2055 = ORIENTED_EDGE('',*,*,#1014,.T.);
#2056 = ORIENTED_EDGE('',*,*,#2033,.F.);
#2057 = PLANE('',#2058);
#2058 = AXIS2_PLACEMENT_3D('',#2059,#2060,#2061);
#2059 = CARTESIAN_POINT('',(1.8,35.4,-9.27));
#2060 = DIRECTION('',(0.,1.,0.));
#2061 = DIRECTION('',(1.,0.,0.));
#2062 = ADVANCED_FACE('',(#2063),#2088,.T.);
#2063 = FACE_BOUND('',#2064,.T.);
#2064 = EDGE_LOOP('',(#2065,#2073,#2081,#2087));
#2065 = ORIENTED_EDGE('',*,*,#2066,.T.);
#2066 = EDGE_CURVE('',#1031,#2067,#2069,.T.);
#2067 = VERTEX_POINT('',#2068);
#2068 = CARTESIAN_POINT('',(60.,2.,-10.));
#2069 = LINE('',#2070,#2071);
#2070 = CARTESIAN_POINT('',(60.,2.,0.));
#2071 = VECTOR('',#2072,1.);
#2072 = DIRECTION('',(-0.,-0.,-1.));
#2073 = ORIENTED_EDGE('',*,*,#2074,.T.);
#2074 = EDGE_CURVE('',#2067,#2075,#2077,.T.);
#2075 = VERTEX_POINT('',#2076);
#2076 = CARTESIAN_POINT('',(3.,2.,-10.));
#2077 = LINE('',#2078,#2079);
#2078 = CARTESIAN_POINT('',(60.,2.,-10.));
#2079 = VECTOR('',#2080,1.);
#2080 = DIRECTION('',(-1.,0.,0.));
#2081 = ORIENTED_EDGE('',*,*,#2082,.F.);
#2082 = EDGE_CURVE('',#1033,#2075,#2083,.T.);
#2083 = LINE('',#2084,#2085);
#2084 = CARTESIAN_POINT('',(3.,2.,0.));
#2085 = VECTOR('',#2086,1.);
#2086 = DIRECTION('',(-0.,-0.,-1.));
#2087 = ORIENTED_EDGE('',*,*,#1030,.F.);
#2088 = PLANE('',#2089);
#2089 = AXIS2_PLACEMENT_3D('',#2090,#2091,#2092);
#2090 = CARTESIAN_POINT('',(60.,2.,0.));
#2091 = DIRECTION('',(0.,1.,0.));
#2092 = DIRECTION('',(-1.,0.,0.));
#2093 = ADVANCED_FACE('',(#2094),#2112,.T.);
#2094 = FACE_BOUND('',#2095,.T.);
#2095 = EDGE_LOOP('',(#2096,#2104,#2110,#2111));
#2096 = ORIENTED_EDGE('',*,*,#2097,.T.);
#2097 = EDGE_CURVE('',#1081,#2098,#2100,.T.);
#2098 = VERTEX_POINT('',#2099);
#2099 = CARTESIAN_POINT('',(60.,33.,-10.));
#2100 = LINE('',#2101,#2102);
#2101 = CARTESIAN_POINT('',(60.,33.,0.));
#2102 = VECTOR('',#2103,1.);
#2103 = DIRECTION('',(-0.,-0.,-1.));
#2104 = ORIENTED_EDGE('',*,*,#2105,.T.);
#2105 = EDGE_CURVE('',#2098,#2067,#2106,.T.);
#2106 = LINE('',#2107,#2108);
#2107 = CARTESIAN_POINT('',(60.,33.,-10.));
#2108 = VECTOR('',#2109,1.);
#2109 = DIRECTION('',(0.,-1.,0.));
#2110 = ORIENTED_EDGE('',*,*,#2066,.F.);
#2111 = ORIENTED_EDGE('',*,*,#1088,.F.);
#2112 = PLANE('',#2113);
#2113 = AXIS2_PLACEMENT_3D('',#2114,#2115,#2116);
#2114 = CARTESIAN_POINT('',(60.,33.,0.));
#2115 = DIRECTION('',(-1.,0.,0.));
#2116 = DIRECTION('',(0.,-1.,0.));
#2117 = ADVANCED_FACE('',(#2118),#2136,.T.);
#2118 = FACE_BOUND('',#2119,.T.);
#2119 = EDGE_LOOP('',(#2120,#2128,#2134,#2135));
#2120 = ORIENTED_EDGE('',*,*,#2121,.T.);
#2121 = EDGE_CURVE('',#1073,#2122,#2124,.T.);
#2122 = VERTEX_POINT('',#2123);
#2123 = CARTESIAN_POINT('',(43.5,33.,-10.));
#2124 = LINE('',#2125,#2126);
#2125 = CARTESIAN_POINT('',(43.5,33.,0.));
#2126 = VECTOR('',#2127,1.);
#2127 = DIRECTION('',(-0.,-0.,-1.));
#2128 = ORIENTED_EDGE('',*,*,#2129,.T.);
#2129 = EDGE_CURVE('',#2122,#2098,#2130,.T.);
#2130 = LINE('',#2131,#2132);
#2131 = CARTESIAN_POINT('',(43.5,33.,-10.));
#2132 = VECTOR('',#2133,1.);
#2133 = DIRECTION('',(1.,0.,0.));
#2134 = ORIENTED_EDGE('',*,*,#2097,.F.);
#2135 = ORIENTED_EDGE('',*,*,#1080,.F.);
#2136 = PLANE('',#2137);
#2137 = AXIS2_PLACEMENT_3D('',#2138,#2139,#2140);
#2138 = CARTESIAN_POINT('',(43.5,33.,0.));
#2139 = DIRECTION('',(0.,-1.,0.));
#2140 = DIRECTION('',(1.,0.,0.));
#2141 = ADVANCED_FACE('',(#2142),#2160,.T.);
#2142 = FACE_BOUND('',#2143,.T.);
#2143 = EDGE_LOOP('',(#2144,#2152,#2158,#2159));
#2144 = ORIENTED_EDGE('',*,*,#2145,.T.);
#2145 = EDGE_CURVE('',#1065,#2146,#2148,.T.);
#2146 = VERTEX_POINT('',#2147);
#2147 = CARTESIAN_POINT('',(43.5,70.,-10.));
#2148 = LINE('',#2149,#2150);
#2149 = CARTESIAN_POINT('',(43.5,70.,0.));
#2150 = VECTOR('',#2151,1.);
#2151 = DIRECTION('',(-0.,-0.,-1.));
#2152 = ORIENTED_EDGE('',*,*,#2153,.T.);
#2153 = EDGE_CURVE('',#2146,#2122,#2154,.T.);
#2154 = LINE('',#2155,#2156);
#2155 = CARTESIAN_POINT('',(43.5,70.,-10.));
#2156 = VECTOR('',#2157,1.);
#2157 = DIRECTION('',(0.,-1.,0.));
#2158 = ORIENTED_EDGE('',*,*,#2121,.F.);
#2159 = ORIENTED_EDGE('',*,*,#1072,.F.);
#2160 = PLANE('',#2161);
#2161 = AXIS2_PLACEMENT_3D('',#2162,#2163,#2164);
#2162 = CARTESIAN_POINT('',(43.5,70.,0.));
#2163 = DIRECTION('',(-1.,0.,0.));
#2164 = DIRECTION('',(0.,-1.,0.));
#2165 = ADVANCED_FACE('',(#2166),#2184,.T.);
#2166 = FACE_BOUND('',#2167,.T.);
#2167 = EDGE_LOOP('',(#2168,#2176,#2182,#2183));
#2168 = ORIENTED_EDGE('',*,*,#2169,.T.);
#2169 = EDGE_CURVE('',#1057,#2170,#2172,.T.);
#2170 = VERTEX_POINT('',#2171);
#2171 = CARTESIAN_POINT('',(19.5,70.,-10.));
#2172 = LINE('',#2173,#2174);
#2173 = CARTESIAN_POINT('',(19.5,70.,0.));
#2174 = VECTOR('',#2175,1.);
#2175 = DIRECTION('',(-0.,-0.,-1.));
#2176 = ORIENTED_EDGE('',*,*,#2177,.T.);
#2177 = EDGE_CURVE('',#2170,#2146,#2178,.T.);
#2178 = LINE('',#2179,#2180);
#2179 = CARTESIAN_POINT('',(19.5,70.,-10.));
#2180 = VECTOR('',#2181,1.);
#2181 = DIRECTION('',(1.,0.,0.));
#2182 = ORIENTED_EDGE('',*,*,#2145,.F.);
#2183 = ORIENTED_EDGE('',*,*,#1064,.F.);
#2184 = PLANE('',#2185);
#2185 = AXIS2_PLACEMENT_3D('',#2186,#2187,#2188);
#2186 = CARTESIAN_POINT('',(19.5,70.,0.));
#2187 = DIRECTION('',(0.,-1.,0.));
#2188 = DIRECTION('',(1.,0.,0.));
#2189 = ADVANCED_FACE('',(#2190),#2208,.T.);
#2190 = FACE_BOUND('',#2191,.T.);
#2191 = EDGE_LOOP('',(#2192,#2200,#2206,#2207));
#2192 = ORIENTED_EDGE('',*,*,#2193,.T.);
#2193 = EDGE_CURVE('',#1049,#2194,#2196,.T.);
#2194 = VERTEX_POINT('',#2195);
#2195 = CARTESIAN_POINT('',(19.5,33.,-10.));
#2196 = LINE('',#2197,#2198);
#2197 = CARTESIAN_POINT('',(19.5,33.,0.));
#2198 = VECTOR('',#2199,1.);
#2199 = DIRECTION('',(-0.,-0.,-1.));
#2200 = ORIENTED_EDGE('',*,*,#2201,.T.);
#2201 = EDGE_CURVE('',#2194,#2170,#2202,.T.);
#2202 = LINE('',#2203,#2204);
#2203 = CARTESIAN_POINT('',(19.5,33.,-10.));
#2204 = VECTOR('',#2205,1.);
#2205 = DIRECTION('',(0.,1.,0.));
#2206 = ORIENTED_EDGE('',*,*,#2169,.F.);
#2207 = ORIENTED_EDGE('',*,*,#1056,.F.);
#2208 = PLANE('',#2209);
#2209 = AXIS2_PLACEMENT_3D('',#2210,#2211,#2212);
#2210 = CARTESIAN_POINT('',(19.5,33.,0.));
#2211 = DIRECTION('',(1.,0.,0.));
#2212 = DIRECTION('',(0.,1.,0.));
#2213 = ADVANCED_FACE('',(#2214),#2232,.T.);
#2214 = FACE_BOUND('',#2215,.T.);
#2215 = EDGE_LOOP('',(#2216,#2224,#2230,#2231));
#2216 = ORIENTED_EDGE('',*,*,#2217,.T.);
#2217 = EDGE_CURVE('',#1041,#2218,#2220,.T.);
#2218 = VERTEX_POINT('',#2219);
#2219 = CARTESIAN_POINT('',(3.,33.,-10.));
#2220 = LINE('',#2221,#2222);
#2221 = CARTESIAN_POINT('',(3.,33.,0.));
#2222 = VECTOR('',#2223,1.);
#2223 = DIRECTION('',(-0.,-0.,-1.));
#2224 = ORIENTED_EDGE('',*,*,#2225,.T.);
#2225 = EDGE_CURVE('',#2218,#2194,#2226,.T.);
#2226 = LINE('',#2227,#2228);
#2227 = CARTESIAN_POINT('',(3.,33.,-10.));
#2228 = VECTOR('',#2229,1.);
#2229 = DIRECTION('',(1.,0.,0.));
#2230 = ORIENTED_EDGE('',*,*,#2193,.F.);
#2231 = ORIENTED_EDGE('',*,*,#1048,.F.);
#2232 = PLANE('',#2233);
#2233 = AXIS2_PLACEMENT_3D('',#2234,#2235,#2236);
#2234 = CARTESIAN_POINT('',(3.,33.,0.));
#2235 = DIRECTION('',(0.,-1.,0.));
#2236 = DIRECTION('',(1.,0.,0.));
#2237 = ADVANCED_FACE('',(#2238),#2249,.T.);
#2238 = FACE_BOUND('',#2239,.T.);
#2239 = EDGE_LOOP('',(#2240,#2241,#2247,#2248));
#2240 = ORIENTED_EDGE('',*,*,#2082,.T.);
#2241 = ORIENTED_EDGE('',*,*,#2242,.T.);
#2242 = EDGE_CURVE('',#2075,#2218,#2243,.T.);
#2243 = LINE('',#2244,#2245);
#2244 = CARTESIAN_POINT('',(3.,2.,-10.));
#2245 = VECTOR('',#2246,1.);
#2246 = DIRECTION('',(0.,1.,0.));
#2247 = ORIENTED_EDGE('',*,*,#2217,.F.);
#2248 = ORIENTED_EDGE('',*,*,#1040,.F.);
#2249 = PLANE('',#2250);
#2250 = AXIS2_PLACEMENT_3D('',#2251,#2252,#2253);
#2251 = CARTESIAN_POINT('',(3.,2.,0.));
#2252 = DIRECTION('',(1.,0.,0.));
#2253 = DIRECTION('',(0.,1.,0.));
#2254 = ADVANCED_FACE('',(#2255),#2383,.F.);
#2255 = FACE_BOUND('',#2256,.T.);
#2256 = EDGE_LOOP('',(#2257,#2268,#2276,#2285,#2293,#2302,#2308,#2309,
    #2317,#2326,#2334,#2343,#2351,#2360,#2368,#2377));
#2257 = ORIENTED_EDGE('',*,*,#2258,.F.);
#2258 = EDGE_CURVE('',#2259,#2261,#2263,.T.);
#2259 = VERTEX_POINT('',#2260);
#2260 = CARTESIAN_POINT('',(61.850236588295,50.911431802064,-13.57));
#2261 = VERTEX_POINT('',#2262);
#2262 = CARTESIAN_POINT('',(61.850236588295,54.088568197936,-13.57));
#2263 = CIRCLE('',#2264,8.5);
#2264 = AXIS2_PLACEMENT_3D('',#2265,#2266,#2267);
#2265 = CARTESIAN_POINT('',(53.5,52.5,-13.57));
#2266 = DIRECTION('',(0.,0.,1.));
#2267 = DIRECTION('',(1.,0.,0.));
#2268 = ORIENTED_EDGE('',*,*,#2269,.F.);
#2269 = EDGE_CURVE('',#2270,#2259,#2272,.T.);
#2270 = VERTEX_POINT('',#2271);
#2271 = CARTESIAN_POINT('',(61.850236588295,50.911431802064,-10.57));
#2272 = LINE('',#2273,#2274);
#2273 = CARTESIAN_POINT('',(61.850236588295,50.911431802064,-10.57));
#2274 = VECTOR('',#2275,1.);
#2275 = DIRECTION('',(-0.,-0.,-1.));
#2276 = ORIENTED_EDGE('',*,*,#2277,.F.);
#2277 = EDGE_CURVE('',#2278,#2270,#2280,.T.);
#2278 = VERTEX_POINT('',#2279);
#2279 = CARTESIAN_POINT('',(59.713694553162,46.7,-10.57));
#2280 = CIRCLE('',#2281,8.5);
#2281 = AXIS2_PLACEMENT_3D('',#2282,#2283,#2284);
#2282 = CARTESIAN_POINT('',(53.5,52.5,-10.57));
#2283 = DIRECTION('',(0.,0.,1.));
#2284 = DIRECTION('',(1.,0.,0.));
#2285 = ORIENTED_EDGE('',*,*,#2286,.F.);
#2286 = EDGE_CURVE('',#2287,#2278,#2289,.T.);
#2287 = VERTEX_POINT('',#2288);
#2288 = CARTESIAN_POINT('',(59.713694553162,46.7,-9.27));
#2289 = LINE('',#2290,#2291);
#2290 = CARTESIAN_POINT('',(59.713694553162,46.7,-9.27));
#2291 = VECTOR('',#2292,1.);
#2292 = DIRECTION('',(-0.,-0.,-1.));
#2293 = ORIENTED_EDGE('',*,*,#2294,.T.);
#2294 = EDGE_CURVE('',#2287,#2295,#2297,.T.);
#2295 = VERTEX_POINT('',#2296);
#2296 = CARTESIAN_POINT('',(61.2,48.9,-9.27));
#2297 = CIRCLE('',#2298,8.5);
#2298 = AXIS2_PLACEMENT_3D('',#2299,#2300,#2301);
#2299 = CARTESIAN_POINT('',(53.5,52.5,-9.27));
#2300 = DIRECTION('',(0.,0.,1.));
#2301 = DIRECTION('',(1.,0.,0.));
#2302 = ORIENTED_EDGE('',*,*,#2303,.T.);
#2303 = EDGE_CURVE('',#2295,#1099,#2304,.T.);
#2304 = LINE('',#2305,#2306);
#2305 = CARTESIAN_POINT('',(61.2,48.9,-9.27));
#2306 = VECTOR('',#2307,1.);
#2307 = DIRECTION('',(0.,0.,1.));
#2308 = ORIENTED_EDGE('',*,*,#1096,.F.);
#2309 = ORIENTED_EDGE('',*,*,#2310,.F.);
#2310 = EDGE_CURVE('',#2311,#1097,#2313,.T.);
#2311 = VERTEX_POINT('',#2312);
#2312 = CARTESIAN_POINT('',(45.8,48.9,-9.27));
#2313 = LINE('',#2314,#2315);
#2314 = CARTESIAN_POINT('',(45.8,48.9,-9.27));
#2315 = VECTOR('',#2316,1.);
#2316 = DIRECTION('',(0.,0.,1.));
#2317 = ORIENTED_EDGE('',*,*,#2318,.T.);
#2318 = EDGE_CURVE('',#2311,#2319,#2321,.T.);
#2319 = VERTEX_POINT('',#2320);
#2320 = CARTESIAN_POINT('',(47.286305446838,46.7,-9.27));
#2321 = CIRCLE('',#2322,8.5);
#2322 = AXIS2_PLACEMENT_3D('',#2323,#2324,#2325);
#2323 = CARTESIAN_POINT('',(53.5,52.5,-9.27));
#2324 = DIRECTION('',(0.,0.,1.));
#2325 = DIRECTION('',(1.,0.,0.));
#2326 = ORIENTED_EDGE('',*,*,#2327,.T.);
#2327 = EDGE_CURVE('',#2319,#2328,#2330,.T.);
#2328 = VERTEX_POINT('',#2329);
#2329 = CARTESIAN_POINT('',(47.286305446838,46.7,-10.57));
#2330 = LINE('',#2331,#2332);
#2331 = CARTESIAN_POINT('',(47.286305446838,46.7,-9.27));
#2332 = VECTOR('',#2333,1.);
#2333 = DIRECTION('',(-0.,-0.,-1.));
#2334 = ORIENTED_EDGE('',*,*,#2335,.F.);
#2335 = EDGE_CURVE('',#2336,#2328,#2338,.T.);
#2336 = VERTEX_POINT('',#2337);
#2337 = CARTESIAN_POINT('',(47.286305446838,58.3,-10.57));
#2338 = CIRCLE('',#2339,8.5);
#2339 = AXIS2_PLACEMENT_3D('',#2340,#2341,#2342);
#2340 = CARTESIAN_POINT('',(53.5,52.5,-10.57));
#2341 = DIRECTION('',(0.,0.,1.));
#2342 = DIRECTION('',(1.,0.,0.));
#2343 = ORIENTED_EDGE('',*,*,#2344,.F.);
#2344 = EDGE_CURVE('',#2345,#2336,#2347,.T.);
#2345 = VERTEX_POINT('',#2346);
#2346 = CARTESIAN_POINT('',(47.286305446838,58.3,-9.27));
#2347 = LINE('',#2348,#2349);
#2348 = CARTESIAN_POINT('',(47.286305446838,58.3,-9.27));
#2349 = VECTOR('',#2350,1.);
#2350 = DIRECTION('',(-0.,-0.,-1.));
#2351 = ORIENTED_EDGE('',*,*,#2352,.F.);
#2352 = EDGE_CURVE('',#2353,#2345,#2355,.T.);
#2353 = VERTEX_POINT('',#2354);
#2354 = CARTESIAN_POINT('',(59.713694553162,58.3,-9.27));
#2355 = CIRCLE('',#2356,8.5);
#2356 = AXIS2_PLACEMENT_3D('',#2357,#2358,#2359);
#2357 = CARTESIAN_POINT('',(53.5,52.5,-9.27));
#2358 = DIRECTION('',(0.,0.,1.));
#2359 = DIRECTION('',(1.,0.,0.));
#2360 = ORIENTED_EDGE('',*,*,#2361,.T.);
#2361 = EDGE_CURVE('',#2353,#2362,#2364,.T.);
#2362 = VERTEX_POINT('',#2363);
#2363 = CARTESIAN_POINT('',(59.713694553162,58.3,-10.57));
#2364 = LINE('',#2365,#2366);
#2365 = CARTESIAN_POINT('',(59.713694553162,58.3,-9.27));
#2366 = VECTOR('',#2367,1.);
#2367 = DIRECTION('',(-0.,-0.,-1.));
#2368 = ORIENTED_EDGE('',*,*,#2369,.F.);
#2369 = EDGE_CURVE('',#2370,#2362,#2372,.T.);
#2370 = VERTEX_POINT('',#2371);
#2371 = CARTESIAN_POINT('',(61.850236588295,54.088568197936,-10.57));
#2372 = CIRCLE('',#2373,8.5);
#2373 = AXIS2_PLACEMENT_3D('',#2374,#2375,#2376);
#2374 = CARTESIAN_POINT('',(53.5,52.5,-10.57));
#2375 = DIRECTION('',(0.,0.,1.));
#2376 = DIRECTION('',(1.,0.,0.));
#2377 = ORIENTED_EDGE('',*,*,#2378,.T.);
#2378 = EDGE_CURVE('',#2370,#2261,#2379,.T.);
#2379 = LINE('',#2380,#2381);
#2380 = CARTESIAN_POINT('',(61.850236588295,54.088568197936,-10.57));
#2381 = VECTOR('',#2382,1.);
#2382 = DIRECTION('',(-0.,-0.,-1.));
#2383 = CYLINDRICAL_SURFACE('',#2384,8.5);
#2384 = AXIS2_PLACEMENT_3D('',#2385,#2386,#2387);
#2385 = CARTESIAN_POINT('',(53.5,52.5,-9.27));
#2386 = DIRECTION('',(-0.,-0.,-1.));
#2387 = DIRECTION('',(1.,0.,0.));
#2388 = ADVANCED_FACE('',(#2389),#2407,.T.);
#2389 = FACE_BOUND('',#2390,.T.);
#2390 = EDGE_LOOP('',(#2391,#2399,#2400,#2401));
#2391 = ORIENTED_EDGE('',*,*,#2392,.F.);
#2392 = EDGE_CURVE('',#2311,#2393,#2395,.T.);
#2393 = VERTEX_POINT('',#2394);
#2394 = CARTESIAN_POINT('',(45.8,35.4,-9.27));
#2395 = LINE('',#2396,#2397);
#2396 = CARTESIAN_POINT('',(45.8,48.9,-9.27));
#2397 = VECTOR('',#2398,1.);
#2398 = DIRECTION('',(0.,-1.,0.));
#2399 = ORIENTED_EDGE('',*,*,#2310,.T.);
#2400 = ORIENTED_EDGE('',*,*,#1123,.T.);
#2401 = ORIENTED_EDGE('',*,*,#2402,.F.);
#2402 = EDGE_CURVE('',#2393,#1116,#2403,.T.);
#2403 = LINE('',#2404,#2405);
#2404 = CARTESIAN_POINT('',(45.8,35.4,-9.27));
#2405 = VECTOR('',#2406,1.);
#2406 = DIRECTION('',(0.,0.,1.));
#2407 = PLANE('',#2408);
#2408 = AXIS2_PLACEMENT_3D('',#2409,#2410,#2411);
#2409 = CARTESIAN_POINT('',(45.8,48.9,-9.27));
#2410 = DIRECTION('',(1.,0.,0.));
#2411 = DIRECTION('',(0.,-1.,0.));
#2412 = ADVANCED_FACE('',(#2413),#2431,.T.);
#2413 = FACE_BOUND('',#2414,.T.);
#2414 = EDGE_LOOP('',(#2415,#2423,#2429,#2430));
#2415 = ORIENTED_EDGE('',*,*,#2416,.F.);
#2416 = EDGE_CURVE('',#2417,#2295,#2419,.T.);
#2417 = VERTEX_POINT('',#2418);
#2418 = CARTESIAN_POINT('',(61.2,35.4,-9.27));
#2419 = LINE('',#2420,#2421);
#2420 = CARTESIAN_POINT('',(61.2,35.4,-9.27));
#2421 = VECTOR('',#2422,1.);
#2422 = DIRECTION('',(0.,1.,0.));
#2423 = ORIENTED_EDGE('',*,*,#2424,.T.);
#2424 = EDGE_CURVE('',#2417,#1108,#2425,.T.);
#2425 = LINE('',#2426,#2427);
#2426 = CARTESIAN_POINT('',(61.2,35.4,-9.27));
#2427 = VECTOR('',#2428,1.);
#2428 = DIRECTION('',(0.,0.,1.));
#2429 = ORIENTED_EDGE('',*,*,#1107,.T.);
#2430 = ORIENTED_EDGE('',*,*,#2303,.F.);
#2431 = PLANE('',#2432);
#2432 = AXIS2_PLACEMENT_3D('',#2433,#2434,#2435);
#2433 = CARTESIAN_POINT('',(61.2,35.4,-9.27));
#2434 = DIRECTION('',(-1.,0.,0.));
#2435 = DIRECTION('',(0.,1.,0.));
#2436 = ADVANCED_FACE('',(#2437),#2448,.T.);
#2437 = FACE_BOUND('',#2438,.T.);
#2438 = EDGE_LOOP('',(#2439,#2445,#2446,#2447));
#2439 = ORIENTED_EDGE('',*,*,#2440,.F.);
#2440 = EDGE_CURVE('',#2393,#2417,#2441,.T.);
#2441 = LINE('',#2442,#2443);
#2442 = CARTESIAN_POINT('',(45.8,35.4,-9.27));
#2443 = VECTOR('',#2444,1.);
#2444 = DIRECTION('',(1.,0.,0.));
#2445 = ORIENTED_EDGE('',*,*,#2402,.T.);
#2446 = ORIENTED_EDGE('',*,*,#1115,.T.);
#2447 = ORIENTED_EDGE('',*,*,#2424,.F.);
#2448 = PLANE('',#2449);
#2449 = AXIS2_PLACEMENT_3D('',#2450,#2451,#2452);
#2450 = CARTESIAN_POINT('',(45.8,35.4,-9.27));
#2451 = DIRECTION('',(0.,1.,0.));
#2452 = DIRECTION('',(1.,0.,0.));
#2453 = ADVANCED_FACE('',(#2454),#2479,.F.);
#2454 = FACE_BOUND('',#2455,.F.);
#2455 = EDGE_LOOP('',(#2456,#2464,#2472,#2478));
#2456 = ORIENTED_EDGE('',*,*,#2457,.T.);
#2457 = EDGE_CURVE('',#1156,#2458,#2460,.T.);
#2458 = VERTEX_POINT('',#2459);
#2459 = CARTESIAN_POINT('',(46.82,72.1,-11.27));
#2460 = LINE('',#2461,#2462);
#2461 = CARTESIAN_POINT('',(46.82,72.1,-9.27));
#2462 = VECTOR('',#2463,1.);
#2463 = DIRECTION('',(-0.,-0.,-1.));
#2464 = ORIENTED_EDGE('',*,*,#2465,.T.);
#2465 = EDGE_CURVE('',#2458,#2466,#2468,.T.);
#2466 = VERTEX_POINT('',#2467);
#2467 = CARTESIAN_POINT('',(46.82,68.4,-11.27));
#2468 = LINE('',#2469,#2470);
#2469 = CARTESIAN_POINT('',(46.82,72.1,-11.27));
#2470 = VECTOR('',#2471,1.);
#2471 = DIRECTION('',(0.,-1.,0.));
#2472 = ORIENTED_EDGE('',*,*,#2473,.F.);
#2473 = EDGE_CURVE('',#1158,#2466,#2474,.T.);
#2474 = LINE('',#2475,#2476);
#2475 = CARTESIAN_POINT('',(46.82,68.4,-9.27));
#2476 = VECTOR('',#2477,1.);
#2477 = DIRECTION('',(-0.,-0.,-1.));
#2478 = ORIENTED_EDGE('',*,*,#1155,.F.);
#2479 = PLANE('',#2480);
#2480 = AXIS2_PLACEMENT_3D('',#2481,#2482,#2483);
#2481 = CARTESIAN_POINT('',(46.82,72.1,-9.27));
#2482 = DIRECTION('',(-1.,0.,0.));
#2483 = DIRECTION('',(0.,-1.,0.));
#2484 = ADVANCED_FACE('',(#2485),#2503,.F.);
#2485 = FACE_BOUND('',#2486,.F.);
#2486 = EDGE_LOOP('',(#2487,#2495,#2501,#2502));
#2487 = ORIENTED_EDGE('',*,*,#2488,.T.);
#2488 = EDGE_CURVE('',#1166,#2489,#2491,.T.);
#2489 = VERTEX_POINT('',#2490);
#2490 = CARTESIAN_POINT('',(60.2,72.1,-11.27));
#2491 = LINE('',#2492,#2493);
#2492 = CARTESIAN_POINT('',(60.2,72.1,-9.27));
#2493 = VECTOR('',#2494,1.);
#2494 = DIRECTION('',(-0.,-0.,-1.));
#2495 = ORIENTED_EDGE('',*,*,#2496,.T.);
#2496 = EDGE_CURVE('',#2489,#2458,#2497,.T.);
#2497 = LINE('',#2498,#2499);
#2498 = CARTESIAN_POINT('',(60.2,72.1,-11.27));
#2499 = VECTOR('',#2500,1.);
#2500 = DIRECTION('',(-1.,0.,0.));
#2501 = ORIENTED_EDGE('',*,*,#2457,.F.);
#2502 = ORIENTED_EDGE('',*,*,#1165,.F.);
#2503 = PLANE('',#2504);
#2504 = AXIS2_PLACEMENT_3D('',#2505,#2506,#2507);
#2505 = CARTESIAN_POINT('',(60.2,72.1,-9.27));
#2506 = DIRECTION('',(0.,1.,0.));
#2507 = DIRECTION('',(-1.,0.,0.));
#2508 = ADVANCED_FACE('',(#2509),#2527,.F.);
#2509 = FACE_BOUND('',#2510,.F.);
#2510 = EDGE_LOOP('',(#2511,#2512,#2520,#2526));
#2511 = ORIENTED_EDGE('',*,*,#2473,.T.);
#2512 = ORIENTED_EDGE('',*,*,#2513,.T.);
#2513 = EDGE_CURVE('',#2466,#2514,#2516,.T.);
#2514 = VERTEX_POINT('',#2515);
#2515 = CARTESIAN_POINT('',(60.2,68.4,-11.27));
#2516 = LINE('',#2517,#2518);
#2517 = CARTESIAN_POINT('',(46.82,68.4,-11.27));
#2518 = VECTOR('',#2519,1.);
#2519 = DIRECTION('',(1.,0.,0.));
#2520 = ORIENTED_EDGE('',*,*,#2521,.F.);
#2521 = EDGE_CURVE('',#1174,#2514,#2522,.T.);
#2522 = LINE('',#2523,#2524);
#2523 = CARTESIAN_POINT('',(60.2,68.4,-9.27));
#2524 = VECTOR('',#2525,1.);
#2525 = DIRECTION('',(-0.,-0.,-1.));
#2526 = ORIENTED_EDGE('',*,*,#1181,.F.);
#2527 = PLANE('',#2528);
#2528 = AXIS2_PLACEMENT_3D('',#2529,#2530,#2531);
#2529 = CARTESIAN_POINT('',(46.82,68.4,-9.27));
#2530 = DIRECTION('',(0.,-1.,0.));
#2531 = DIRECTION('',(1.,0.,0.));
#2532 = ADVANCED_FACE('',(#2533),#2544,.F.);
#2533 = FACE_BOUND('',#2534,.F.);
#2534 = EDGE_LOOP('',(#2535,#2536,#2542,#2543));
#2535 = ORIENTED_EDGE('',*,*,#2521,.T.);
#2536 = ORIENTED_EDGE('',*,*,#2537,.T.);
#2537 = EDGE_CURVE('',#2514,#2489,#2538,.T.);
#2538 = LINE('',#2539,#2540);
#2539 = CARTESIAN_POINT('',(60.2,68.4,-11.27));
#2540 = VECTOR('',#2541,1.);
#2541 = DIRECTION('',(0.,1.,0.));
#2542 = ORIENTED_EDGE('',*,*,#2488,.F.);
#2543 = ORIENTED_EDGE('',*,*,#1173,.F.);
#2544 = PLANE('',#2545);
#2545 = AXIS2_PLACEMENT_3D('',#2546,#2547,#2548);
#2546 = CARTESIAN_POINT('',(60.2,68.4,-9.27));
#2547 = DIRECTION('',(1.,0.,0.));
#2548 = DIRECTION('',(0.,1.,0.));
#2549 = ADVANCED_FACE('',(#2550),#2556,.F.);
#2550 = FACE_BOUND('',#2551,.F.);
#2551 = EDGE_LOOP('',(#2552,#2553,#2554,#2555));
#2552 = ORIENTED_EDGE('',*,*,#1397,.T.);
#2553 = ORIENTED_EDGE('',*,*,#1215,.T.);
#2554 = ORIENTED_EDGE('',*,*,#1238,.F.);
#2555 = ORIENTED_EDGE('',*,*,#1288,.F.);
#2556 = PLANE('',#2557);
#2557 = AXIS2_PLACEMENT_3D('',#2558,#2559,#2560);
#2558 = CARTESIAN_POINT('',(60.646659876658,79.887677155286,-10.57));
#2559 = DIRECTION('',(-1.,0.,0.));
#2560 = DIRECTION('',(0.,-1.,0.));
#2561 = ADVANCED_FACE('',(#2562),#2576,.T.);
#2562 = FACE_BOUND('',#2563,.T.);
#2563 = EDGE_LOOP('',(#2564,#2565,#2570,#2571));
#2564 = ORIENTED_EDGE('',*,*,#1271,.T.);
#2565 = ORIENTED_EDGE('',*,*,#2566,.T.);
#2566 = EDGE_CURVE('',#1264,#1842,#2567,.T.);
#2567 = B_SPLINE_CURVE_WITH_KNOTS('',1,(#2568,#2569),.UNSPECIFIED.,.F.,
  .F.,(2,2),(0.,1.),.PIECEWISE_BEZIER_KNOTS.);
#2568 = CARTESIAN_POINT('',(55.690890230021,84.3,-10.57));
#2569 = CARTESIAN_POINT('',(55.695030478179,84.32269850017,-11.22));
#2570 = ORIENTED_EDGE('',*,*,#1841,.F.);
#2571 = ORIENTED_EDGE('',*,*,#2572,.F.);
#2572 = EDGE_CURVE('',#1272,#1834,#2573,.T.);
#2573 = B_SPLINE_CURVE_WITH_KNOTS('',1,(#2574,#2575),.UNSPECIFIED.,.F.,
  .F.,(2,2),(0.,1.),.PIECEWISE_BEZIER_KNOTS.);
#2574 = CARTESIAN_POINT('',(55.690890230021,72.7,-10.57));
#2575 = CARTESIAN_POINT('',(55.695030478179,72.67730149983,-11.22));
#2576 = B_SPLINE_SURFACE_WITH_KNOTS('',9,1,(
    (#2577,#2578)
    ,(#2579,#2580)
    ,(#2581,#2582)
    ,(#2583,#2584)
    ,(#2585,#2586)
    ,(#2587,#2588)
    ,(#2589,#2590)
    ,(#2591,#2592)
    ,(#2593,#2594)
    ,(#2595,#2596
    )),.UNSPECIFIED.,.F.,.F.,.F.,(10,10),(2,2),(5.072892845838,
    7.493477768522),(0.,1.),.PIECEWISE_BEZIER_KNOTS.);
#2577 = CARTESIAN_POINT('',(55.690890230021,72.7,-10.57));
#2578 = CARTESIAN_POINT('',(55.695030478179,72.67730149983,-11.22));
#2579 = CARTESIAN_POINT('',(57.249963610198,73.288923902848,-10.57));
#2580 = CARTESIAN_POINT('',(57.261067833606,73.267663464309,-11.22));
#2581 = CARTESIAN_POINT('',(58.630944283659,74.349321556541,-10.57));
#2582 = CARTESIAN_POINT('',(58.648479240342,74.331866095152,-11.22));
#2583 = CARTESIAN_POINT('',(59.670872899409,75.819643613771,-10.57));
#2584 = CARTESIAN_POINT('',(59.693396949411,75.808141741847,
    -11.21999999999));
#2585 = CARTESIAN_POINT('',(60.231683418504,77.572630969508,-10.57));
#2586 = CARTESIAN_POINT('',(60.256948966629,77.568610282363,-11.22));
#2587 = CARTESIAN_POINT('',(60.231683418507,79.42736903049,-10.57));
#2588 = CARTESIAN_POINT('',(60.256948966621,79.431389717637,
    -11.21999999999));
#2589 = CARTESIAN_POINT('',(59.670872899407,81.180356386232,-10.57));
#2590 = CARTESIAN_POINT('',(59.693396949417,81.191858258154,-11.22));
#2591 = CARTESIAN_POINT('',(58.630944283659,82.650678443457,-10.57));
#2592 = CARTESIAN_POINT('',(58.648479240339,82.668133904847,-11.22));
#2593 = CARTESIAN_POINT('',(57.249963610198,83.711076097153,-10.57));
#2594 = CARTESIAN_POINT('',(57.261067833607,83.732336535691,-11.22));
#2595 = CARTESIAN_POINT('',(55.690890230021,84.3,-10.57));
#2596 = CARTESIAN_POINT('',(55.695030478179,84.32269850017,-11.22));
#2597 = ADVANCED_FACE('',(#2598),#2608,.T.);
#2598 = FACE_BOUND('',#2599,.T.);
#2599 = EDGE_LOOP('',(#2600,#2601,#2602,#2603));
#2600 = ORIENTED_EDGE('',*,*,#1319,.T.);
#2601 = ORIENTED_EDGE('',*,*,#2572,.T.);
#2602 = ORIENTED_EDGE('',*,*,#1833,.F.);
#2603 = ORIENTED_EDGE('',*,*,#2604,.F.);
#2604 = EDGE_CURVE('',#1312,#1825,#2605,.T.);
#2605 = B_SPLINE_CURVE_WITH_KNOTS('',1,(#2606,#2607),.UNSPECIFIED.,.F.,
  .F.,(2,2),(0.,1.),.PIECEWISE_BEZIER_KNOTS.);
#2606 = CARTESIAN_POINT('',(51.309109769979,72.7,-10.57));
#2607 = CARTESIAN_POINT('',(51.304969521821,72.67730149983,-11.22));
#2608 = B_SPLINE_SURFACE_WITH_KNOTS('',1,1,(
    (#2609,#2610)
    ,(#2611,#2612
    )),.UNSPECIFIED.,.F.,.F.,.F.,(2,2),(2,2),(-4.140248158546E-03,
    4.3859207082),(0.,1.),.PIECEWISE_BEZIER_KNOTS.);
#2609 = CARTESIAN_POINT('',(51.309109769979,72.7,-10.57));
#2610 = CARTESIAN_POINT('',(51.304969521821,72.67730149983,-11.22));
#2611 = CARTESIAN_POINT('',(55.690890230021,72.7,-10.57));
#2612 = CARTESIAN_POINT('',(55.695030478179,72.67730149983,-11.22));
#2613 = ADVANCED_FACE('',(#2614),#2624,.T.);
#2614 = FACE_BOUND('',#2615,.T.);
#2615 = EDGE_LOOP('',(#2616,#2617,#2618,#2619));
#2616 = ORIENTED_EDGE('',*,*,#1346,.T.);
#2617 = ORIENTED_EDGE('',*,*,#2604,.T.);
#2618 = ORIENTED_EDGE('',*,*,#1822,.F.);
#2619 = ORIENTED_EDGE('',*,*,#2620,.F.);
#2620 = EDGE_CURVE('',#1337,#1823,#2621,.T.);
#2621 = B_SPLINE_CURVE_WITH_KNOTS('',1,(#2622,#2623),.UNSPECIFIED.,.F.,
  .F.,(2,2),(0.,1.),.PIECEWISE_BEZIER_KNOTS.);
#2622 = CARTESIAN_POINT('',(51.309109769979,84.3,-10.57));
#2623 = CARTESIAN_POINT('',(51.304969521821,84.32269850017,-11.22));
#2624 = B_SPLINE_SURFACE_WITH_KNOTS('',9,1,(
    (#2625,#2626)
    ,(#2627,#2628)
    ,(#2629,#2630)
    ,(#2631,#2632)
    ,(#2633,#2634)
    ,(#2635,#2636)
    ,(#2637,#2638)
    ,(#2639,#2640)
    ,(#2641,#2642)
    ,(#2643,#2644
    )),.UNSPECIFIED.,.F.,.F.,.F.,(10,10),(2,2),(1.931300192248,
    4.351885114932),(0.,1.),.PIECEWISE_BEZIER_KNOTS.);
#2625 = CARTESIAN_POINT('',(51.309109769979,84.3,-10.57));
#2626 = CARTESIAN_POINT('',(51.304969521821,84.32269850017,-11.22));
#2627 = CARTESIAN_POINT('',(49.750036389802,83.711076097152,-10.57));
#2628 = CARTESIAN_POINT('',(49.738932166393,83.73233653569,-11.22));
#2629 = CARTESIAN_POINT('',(48.369055716341,82.65067844346,-10.57));
#2630 = CARTESIAN_POINT('',(48.351520759659,82.668133904849,-11.22));
#2631 = CARTESIAN_POINT('',(47.329127100592,81.180356386227,-10.57));
#2632 = CARTESIAN_POINT('',(47.306603050586,81.191858258149,-11.22));
#2633 = CARTESIAN_POINT('',(46.768316581495,79.427369030497,
    -10.56999999999));
#2634 = CARTESIAN_POINT('',(46.743051033375,79.431389717645,-11.22));
#2635 = CARTESIAN_POINT('',(46.768316581494,77.572630969502,-10.57));
#2636 = CARTESIAN_POINT('',(46.743051033376,77.568610282355,
    -11.21999999999));
#2637 = CARTESIAN_POINT('',(47.329127100592,75.819643613775,-10.57));
#2638 = CARTESIAN_POINT('',(47.306603050586,75.808141741851,-11.22));
#2639 = CARTESIAN_POINT('',(48.369055716341,74.349321556539,-10.57));
#2640 = CARTESIAN_POINT('',(48.35152075966,74.33186609515,-11.22));
#2641 = CARTESIAN_POINT('',(49.750036389802,73.288923902848,-10.57));
#2642 = CARTESIAN_POINT('',(49.738932166393,73.26766346431,-11.22));
#2643 = CARTESIAN_POINT('',(51.309109769979,72.7,-10.57));
#2644 = CARTESIAN_POINT('',(51.304969521821,72.67730149983,-11.22));
#2645 = ADVANCED_FACE('',(#2646),#2652,.T.);
#2646 = FACE_BOUND('',#2647,.T.);
#2647 = EDGE_LOOP('',(#2648,#2649,#2650,#2651));
#2648 = ORIENTED_EDGE('',*,*,#1363,.T.);
#2649 = ORIENTED_EDGE('',*,*,#2620,.T.);
#2650 = ORIENTED_EDGE('',*,*,#1850,.T.);
#2651 = ORIENTED_EDGE('',*,*,#2566,.F.);
#2652 = B_SPLINE_SURFACE_WITH_KNOTS('',1,1,(
    (#2653,#2654)
    ,(#2655,#2656
    )),.UNSPECIFIED.,.F.,.F.,.F.,(2,2),(2,2),(-4.3859207082,
    4.14024815854E-03),(0.,1.),.PIECEWISE_BEZIER_KNOTS.);
#2653 = CARTESIAN_POINT('',(55.690890230021,84.3,-10.57));
#2654 = CARTESIAN_POINT('',(55.695030478179,84.32269850017,-11.22));
#2655 = CARTESIAN_POINT('',(51.309109769979,84.3,-10.57));
#2656 = CARTESIAN_POINT('',(51.304969521821,84.32269850017,-11.22));
#2657 = ADVANCED_FACE('',(#2658),#2683,.F.);
#2658 = FACE_BOUND('',#2659,.F.);
#2659 = EDGE_LOOP('',(#2660,#2668,#2676,#2682));
#2660 = ORIENTED_EDGE('',*,*,#2661,.T.);
#2661 = EDGE_CURVE('',#1431,#2662,#2664,.T.);
#2662 = VERTEX_POINT('',#2663);
#2663 = CARTESIAN_POINT('',(2.82,72.1,-11.27));
#2664 = LINE('',#2665,#2666);
#2665 = CARTESIAN_POINT('',(2.82,72.1,-9.27));
#2666 = VECTOR('',#2667,1.);
#2667 = DIRECTION('',(-0.,-0.,-1.));
#2668 = ORIENTED_EDGE('',*,*,#2669,.T.);
#2669 = EDGE_CURVE('',#2662,#2670,#2672,.T.);
#2670 = VERTEX_POINT('',#2671);
#2671 = CARTESIAN_POINT('',(2.82,68.4,-11.27));
#2672 = LINE('',#2673,#2674);
#2673 = CARTESIAN_POINT('',(2.82,72.1,-11.27));
#2674 = VECTOR('',#2675,1.);
#2675 = DIRECTION('',(0.,-1.,0.));
#2676 = ORIENTED_EDGE('',*,*,#2677,.F.);
#2677 = EDGE_CURVE('',#1433,#2670,#2678,.T.);
#2678 = LINE('',#2679,#2680);
#2679 = CARTESIAN_POINT('',(2.82,68.4,-9.27));
#2680 = VECTOR('',#2681,1.);
#2681 = DIRECTION('',(-0.,-0.,-1.));
#2682 = ORIENTED_EDGE('',*,*,#1430,.F.);
#2683 = PLANE('',#2684);
#2684 = AXIS2_PLACEMENT_3D('',#2685,#2686,#2687);
#2685 = CARTESIAN_POINT('',(2.82,72.1,-9.27));
#2686 = DIRECTION('',(-1.,0.,0.));
#2687 = DIRECTION('',(0.,-1.,0.));
#2688 = ADVANCED_FACE('',(#2689),#2707,.F.);
#2689 = FACE_BOUND('',#2690,.F.);
#2690 = EDGE_LOOP('',(#2691,#2699,#2705,#2706));
#2691 = ORIENTED_EDGE('',*,*,#2692,.T.);
#2692 = EDGE_CURVE('',#1441,#2693,#2695,.T.);
#2693 = VERTEX_POINT('',#2694);
#2694 = CARTESIAN_POINT('',(16.2,72.1,-11.27));
#2695 = LINE('',#2696,#2697);
#2696 = CARTESIAN_POINT('',(16.2,72.1,-9.27));
#2697 = VECTOR('',#2698,1.);
#2698 = DIRECTION('',(-0.,-0.,-1.));
#2699 = ORIENTED_EDGE('',*,*,#2700,.T.);
#2700 = EDGE_CURVE('',#2693,#2662,#2701,.T.);
#2701 = LINE('',#2702,#2703);
#2702 = CARTESIAN_POINT('',(16.2,72.1,-11.27));
#2703 = VECTOR('',#2704,1.);
#2704 = DIRECTION('',(-1.,0.,0.));
#2705 = ORIENTED_EDGE('',*,*,#2661,.F.);
#2706 = ORIENTED_EDGE('',*,*,#1440,.F.);
#2707 = PLANE('',#2708);
#2708 = AXIS2_PLACEMENT_3D('',#2709,#2710,#2711);
#2709 = CARTESIAN_POINT('',(16.2,72.1,-9.27));
#2710 = DIRECTION('',(0.,1.,0.));
#2711 = DIRECTION('',(-1.,0.,0.));
#2712 = ADVANCED_FACE('',(#2713),#2731,.F.);
#2713 = FACE_BOUND('',#2714,.F.);
#2714 = EDGE_LOOP('',(#2715,#2716,#2724,#2730));
#2715 = ORIENTED_EDGE('',*,*,#2677,.T.);
#2716 = ORIENTED_EDGE('',*,*,#2717,.T.);
#2717 = EDGE_CURVE('',#2670,#2718,#2720,.T.);
#2718 = VERTEX_POINT('',#2719);
#2719 = CARTESIAN_POINT('',(16.2,68.4,-11.27));
#2720 = LINE('',#2721,#2722);
#2721 = CARTESIAN_POINT('',(2.82,68.4,-11.27));
#2722 = VECTOR('',#2723,1.);
#2723 = DIRECTION('',(1.,0.,0.));
#2724 = ORIENTED_EDGE('',*,*,#2725,.F.);
#2725 = EDGE_CURVE('',#1449,#2718,#2726,.T.);
#2726 = LINE('',#2727,#2728);
#2727 = CARTESIAN_POINT('',(16.2,68.4,-9.27));
#2728 = VECTOR('',#2729,1.);
#2729 = DIRECTION('',(-0.,-0.,-1.));
#2730 = ORIENTED_EDGE('',*,*,#1456,.F.);
#2731 = PLANE('',#2732);
#2732 = AXIS2_PLACEMENT_3D('',#2733,#2734,#2735);
#2733 = CARTESIAN_POINT('',(2.82,68.4,-9.27));
#2734 = DIRECTION('',(0.,-1.,0.));
#2735 = DIRECTION('',(1.,0.,0.));
#2736 = ADVANCED_FACE('',(#2737),#2748,.F.);
#2737 = FACE_BOUND('',#2738,.F.);
#2738 = EDGE_LOOP('',(#2739,#2740,#2746,#2747));
#2739 = ORIENTED_EDGE('',*,*,#2725,.T.);
#2740 = ORIENTED_EDGE('',*,*,#2741,.T.);
#2741 = EDGE_CURVE('',#2718,#2693,#2742,.T.);
#2742 = LINE('',#2743,#2744);
#2743 = CARTESIAN_POINT('',(16.2,68.4,-11.27));
#2744 = VECTOR('',#2745,1.);
#2745 = DIRECTION('',(0.,1.,0.));
#2746 = ORIENTED_EDGE('',*,*,#2692,.F.);
#2747 = ORIENTED_EDGE('',*,*,#1448,.F.);
#2748 = PLANE('',#2749);
#2749 = AXIS2_PLACEMENT_3D('',#2750,#2751,#2752);
#2750 = CARTESIAN_POINT('',(16.2,68.4,-9.27));
#2751 = DIRECTION('',(1.,0.,0.));
#2752 = DIRECTION('',(0.,1.,0.));
#2753 = ADVANCED_FACE('',(#2754),#2760,.F.);
#2754 = FACE_BOUND('',#2755,.F.);
#2755 = EDGE_LOOP('',(#2756,#2757,#2758,#2759));
#2756 = ORIENTED_EDGE('',*,*,#1672,.T.);
#2757 = ORIENTED_EDGE('',*,*,#1490,.T.);
#2758 = ORIENTED_EDGE('',*,*,#1513,.F.);
#2759 = ORIENTED_EDGE('',*,*,#1563,.F.);
#2760 = PLANE('',#2761);
#2761 = AXIS2_PLACEMENT_3D('',#2762,#2763,#2764);
#2762 = CARTESIAN_POINT('',(16.646659876658,79.887677155286,-10.57));
#2763 = DIRECTION('',(-1.,0.,0.));
#2764 = DIRECTION('',(0.,-1.,0.));
#2765 = ADVANCED_FACE('',(#2766),#2780,.T.);
#2766 = FACE_BOUND('',#2767,.T.);
#2767 = EDGE_LOOP('',(#2768,#2769,#2774,#2775));
#2768 = ORIENTED_EDGE('',*,*,#1546,.T.);
#2769 = ORIENTED_EDGE('',*,*,#2770,.T.);
#2770 = EDGE_CURVE('',#1539,#1797,#2771,.T.);
#2771 = B_SPLINE_CURVE_WITH_KNOTS('',1,(#2772,#2773),.UNSPECIFIED.,.F.,
  .F.,(2,2),(0.,1.),.PIECEWISE_BEZIER_KNOTS.);
#2772 = CARTESIAN_POINT('',(11.690890230021,84.3,-10.57));
#2773 = CARTESIAN_POINT('',(11.695030478179,84.32269850017,-11.22));
#2774 = ORIENTED_EDGE('',*,*,#1796,.F.);
#2775 = ORIENTED_EDGE('',*,*,#2776,.F.);
#2776 = EDGE_CURVE('',#1547,#1789,#2777,.T.);
#2777 = B_SPLINE_CURVE_WITH_KNOTS('',1,(#2778,#2779),.UNSPECIFIED.,.F.,
  .F.,(2,2),(0.,1.),.PIECEWISE_BEZIER_KNOTS.);
#2778 = CARTESIAN_POINT('',(11.690890230021,72.7,-10.57));
#2779 = CARTESIAN_POINT('',(11.695030478179,72.67730149983,-11.22));
#2780 = B_SPLINE_SURFACE_WITH_KNOTS('',9,1,(
    (#2781,#2782)
    ,(#2783,#2784)
    ,(#2785,#2786)
    ,(#2787,#2788)
    ,(#2789,#2790)
    ,(#2791,#2792)
    ,(#2793,#2794)
    ,(#2795,#2796)
    ,(#2797,#2798)
    ,(#2799,#2800
    )),.UNSPECIFIED.,.F.,.F.,.F.,(10,10),(2,2),(5.072892845838,
    7.493477768522),(0.,1.),.PIECEWISE_BEZIER_KNOTS.);
#2781 = CARTESIAN_POINT('',(11.690890230021,72.7,-10.57));
#2782 = CARTESIAN_POINT('',(11.695030478179,72.67730149983,-11.22));
#2783 = CARTESIAN_POINT('',(13.249963610198,73.288923902848,-10.57));
#2784 = CARTESIAN_POINT('',(13.261067833606,73.267663464309,-11.22));
#2785 = CARTESIAN_POINT('',(14.630944283659,74.349321556541,-10.57));
#2786 = CARTESIAN_POINT('',(14.648479240342,74.331866095152,-11.22));
#2787 = CARTESIAN_POINT('',(15.670872899409,75.819643613771,-10.57));
#2788 = CARTESIAN_POINT('',(15.693396949411,75.808141741847,
    -11.21999999999));
#2789 = CARTESIAN_POINT('',(16.231683418504,77.572630969508,-10.57));
#2790 = CARTESIAN_POINT('',(16.256948966629,77.568610282363,-11.22));
#2791 = CARTESIAN_POINT('',(16.231683418507,79.42736903049,-10.57));
#2792 = CARTESIAN_POINT('',(16.256948966621,79.431389717637,
    -11.21999999999));
#2793 = CARTESIAN_POINT('',(15.670872899407,81.180356386232,-10.57));
#2794 = CARTESIAN_POINT('',(15.693396949417,81.191858258154,-11.22));
#2795 = CARTESIAN_POINT('',(14.630944283659,82.650678443457,-10.57));
#2796 = CARTESIAN_POINT('',(14.648479240339,82.668133904847,-11.22));
#2797 = CARTESIAN_POINT('',(13.249963610198,83.711076097153,-10.57));
#2798 = CARTESIAN_POINT('',(13.261067833607,83.732336535691,-11.22));
#2799 = CARTESIAN_POINT('',(11.690890230021,84.3,-10.57));
#2800 = CARTESIAN_POINT('',(11.695030478179,84.32269850017,-11.22));
#2801 = ADVANCED_FACE('',(#2802),#2812,.T.);
#2802 = FACE_BOUND('',#2803,.T.);
#2803 = EDGE_LOOP('',(#2804,#2805,#2806,#2807));
#2804 = ORIENTED_EDGE('',*,*,#1594,.T.);
#2805 = ORIENTED_EDGE('',*,*,#2776,.T.);
#2806 = ORIENTED_EDGE('',*,*,#1788,.F.);
#2807 = ORIENTED_EDGE('',*,*,#2808,.F.);
#2808 = EDGE_CURVE('',#1587,#1780,#2809,.T.);
#2809 = B_SPLINE_CURVE_WITH_KNOTS('',1,(#2810,#2811),.UNSPECIFIED.,.F.,
  .F.,(2,2),(0.,1.),.PIECEWISE_BEZIER_KNOTS.);
#2810 = CARTESIAN_POINT('',(7.309109769979,72.7,-10.57));
#2811 = CARTESIAN_POINT('',(7.304969521821,72.67730149983,-11.22));
#2812 = B_SPLINE_SURFACE_WITH_KNOTS('',1,1,(
    (#2813,#2814)
    ,(#2815,#2816
    )),.UNSPECIFIED.,.F.,.F.,.F.,(2,2),(2,2),(-4.140248158546E-03,
    4.3859207082),(0.,1.),.PIECEWISE_BEZIER_KNOTS.);
#2813 = CARTESIAN_POINT('',(7.309109769979,72.7,-10.57));
#2814 = CARTESIAN_POINT('',(7.304969521821,72.67730149983,-11.22));
#2815 = CARTESIAN_POINT('',(11.690890230021,72.7,-10.57));
#2816 = CARTESIAN_POINT('',(11.695030478179,72.67730149983,-11.22));
#2817 = ADVANCED_FACE('',(#2818),#2828,.T.);
#2818 = FACE_BOUND('',#2819,.T.);
#2819 = EDGE_LOOP('',(#2820,#2821,#2822,#2823));
#2820 = ORIENTED_EDGE('',*,*,#1621,.T.);
#2821 = ORIENTED_EDGE('',*,*,#2808,.T.);
#2822 = ORIENTED_EDGE('',*,*,#1777,.F.);
#2823 = ORIENTED_EDGE('',*,*,#2824,.F.);
#2824 = EDGE_CURVE('',#1612,#1778,#2825,.T.);
#2825 = B_SPLINE_CURVE_WITH_KNOTS('',1,(#2826,#2827),.UNSPECIFIED.,.F.,
  .F.,(2,2),(0.,1.),.PIECEWISE_BEZIER_KNOTS.);
#2826 = CARTESIAN_POINT('',(7.309109769979,84.3,-10.57));
#2827 = CARTESIAN_POINT('',(7.304969521821,84.32269850017,-11.22));
#2828 = B_SPLINE_SURFACE_WITH_KNOTS('',9,1,(
    (#2829,#2830)
    ,(#2831,#2832)
    ,(#2833,#2834)
    ,(#2835,#2836)
    ,(#2837,#2838)
    ,(#2839,#2840)
    ,(#2841,#2842)
    ,(#2843,#2844)
    ,(#2845,#2846)
    ,(#2847,#2848
    )),.UNSPECIFIED.,.F.,.F.,.F.,(10,10),(2,2),(1.931300192248,
    4.351885114932),(0.,1.),.PIECEWISE_BEZIER_KNOTS.);
#2829 = CARTESIAN_POINT('',(7.309109769979,84.3,-10.57));
#2830 = CARTESIAN_POINT('',(7.304969521821,84.32269850017,-11.22));
#2831 = CARTESIAN_POINT('',(5.750036389802,83.711076097152,-10.57));
#2832 = CARTESIAN_POINT('',(5.738932166393,83.73233653569,-11.22));
#2833 = CARTESIAN_POINT('',(4.369055716341,82.65067844346,-10.57));
#2834 = CARTESIAN_POINT('',(4.351520759659,82.668133904849,-11.22));
#2835 = CARTESIAN_POINT('',(3.329127100592,81.180356386227,-10.57));
#2836 = CARTESIAN_POINT('',(3.306603050586,81.191858258149,-11.22));
#2837 = CARTESIAN_POINT('',(2.768316581495,79.427369030497,
    -10.56999999999));
#2838 = CARTESIAN_POINT('',(2.743051033375,79.431389717645,-11.22));
#2839 = CARTESIAN_POINT('',(2.768316581494,77.572630969502,-10.57));
#2840 = CARTESIAN_POINT('',(2.743051033376,77.568610282355,
    -11.21999999999));
#2841 = CARTESIAN_POINT('',(3.329127100592,75.819643613775,-10.57));
#2842 = CARTESIAN_POINT('',(3.306603050586,75.808141741851,-11.22));
#2843 = CARTESIAN_POINT('',(4.369055716341,74.349321556539,-10.57));
#2844 = CARTESIAN_POINT('',(4.35152075966,74.33186609515,-11.22));
#2845 = CARTESIAN_POINT('',(5.750036389802,73.288923902848,-10.57));
#2846 = CARTESIAN_POINT('',(5.738932166393,73.26766346431,-11.22));
#2847 = CARTESIAN_POINT('',(7.309109769979,72.7,-10.57));
#2848 = CARTESIAN_POINT('',(7.304969521821,72.67730149983,-11.22));
#2849 = ADVANCED_FACE('',(#2850),#2856,.T.);
#2850 = FACE_BOUND('',#2851,.T.);
#2851 = EDGE_LOOP('',(#2852,#2853,#2854,#2855));
#2852 = ORIENTED_EDGE('',*,*,#1638,.T.);
#2853 = ORIENTED_EDGE('',*,*,#2824,.T.);
#2854 = ORIENTED_EDGE('',*,*,#1805,.T.);
#2855 = ORIENTED_EDGE('',*,*,#2770,.F.);
#2856 = B_SPLINE_SURFACE_WITH_KNOTS('',1,1,(
    (#2857,#2858)
    ,(#2859,#2860
    )),.UNSPECIFIED.,.F.,.F.,.F.,(2,2),(2,2),(-4.3859207082,
    4.14024815854E-03),(0.,1.),.PIECEWISE_BEZIER_KNOTS.);
#2857 = CARTESIAN_POINT('',(11.690890230021,84.3,-10.57));
#2858 = CARTESIAN_POINT('',(11.695030478179,84.32269850017,-11.22));
#2859 = CARTESIAN_POINT('',(7.309109769979,84.3,-10.57));
#2860 = CARTESIAN_POINT('',(7.304969521821,84.32269850017,-11.22));
#2861 = ADVANCED_FACE('',(#2862),#2886,.T.);
#2862 = FACE_BOUND('',#2863,.T.);
#2863 = EDGE_LOOP('',(#2864,#2875,#2880,#2881));
#2864 = ORIENTED_EDGE('',*,*,#2865,.T.);
#2865 = EDGE_CURVE('',#2866,#2868,#2870,.T.);
#2866 = VERTEX_POINT('',#2867);
#2867 = CARTESIAN_POINT('',(7.309109769979,58.3,-10.57));
#2868 = VERTEX_POINT('',#2869);
#2869 = CARTESIAN_POINT('',(7.309109769979,46.7,-10.57));
#2870 = CIRCLE('',#2871,6.2);
#2871 = AXIS2_PLACEMENT_3D('',#2872,#2873,#2874);
#2872 = CARTESIAN_POINT('',(9.5,52.5,-10.57));
#2873 = DIRECTION('',(0.,0.,1.));
#2874 = DIRECTION('',(1.,0.,0.));
#2875 = ORIENTED_EDGE('',*,*,#2876,.T.);
#2876 = EDGE_CURVE('',#2868,#1690,#2877,.T.);
#2877 = B_SPLINE_CURVE_WITH_KNOTS('',1,(#2878,#2879),.UNSPECIFIED.,.F.,
  .F.,(2,2),(0.,1.),.PIECEWISE_BEZIER_KNOTS.);
#2878 = CARTESIAN_POINT('',(7.309109769979,46.7,-10.57));
#2879 = CARTESIAN_POINT('',(7.304969521821,46.67730149983,-11.22));
#2880 = ORIENTED_EDGE('',*,*,#1687,.F.);
#2881 = ORIENTED_EDGE('',*,*,#2882,.F.);
#2882 = EDGE_CURVE('',#2866,#1688,#2883,.T.);
#2883 = B_SPLINE_CURVE_WITH_KNOTS('',1,(#2884,#2885),.UNSPECIFIED.,.F.,
  .F.,(2,2),(0.,1.),.PIECEWISE_BEZIER_KNOTS.);
#2884 = CARTESIAN_POINT('',(7.309109769979,58.3,-10.57));
#2885 = CARTESIAN_POINT('',(7.304969521821,58.32269850017,-11.22));
#2886 = B_SPLINE_SURFACE_WITH_KNOTS('',9,1,(
    (#2887,#2888)
    ,(#2889,#2890)
    ,(#2891,#2892)
    ,(#2893,#2894)
    ,(#2895,#2896)
    ,(#2897,#2898)
    ,(#2899,#2900)
    ,(#2901,#2902)
    ,(#2903,#2904)
    ,(#2905,#2906
    )),.UNSPECIFIED.,.F.,.F.,.F.,(10,10),(2,2),(1.931300192248,
    4.351885114932),(0.,1.),.PIECEWISE_BEZIER_KNOTS.);
#2887 = CARTESIAN_POINT('',(7.309109769979,58.3,-10.57));
#2888 = CARTESIAN_POINT('',(7.304969521821,58.32269850017,-11.22));
#2889 = CARTESIAN_POINT('',(5.750036389802,57.711076097152,-10.57));
#2890 = CARTESIAN_POINT('',(5.738932166393,57.73233653569,-11.22));
#2891 = CARTESIAN_POINT('',(4.369055716341,56.65067844346,-10.57));
#2892 = CARTESIAN_POINT('',(4.351520759659,56.668133904849,-11.22));
#2893 = CARTESIAN_POINT('',(3.329127100592,55.180356386227,-10.57));
#2894 = CARTESIAN_POINT('',(3.306603050586,55.191858258149,-11.22));
#2895 = CARTESIAN_POINT('',(2.768316581495,53.427369030497,
    -10.56999999999));
#2896 = CARTESIAN_POINT('',(2.743051033375,53.431389717645,-11.22));
#2897 = CARTESIAN_POINT('',(2.768316581494,51.572630969502,-10.57));
#2898 = CARTESIAN_POINT('',(2.743051033376,51.568610282355,
    -11.21999999999));
#2899 = CARTESIAN_POINT('',(3.329127100592,49.819643613775,-10.57));
#2900 = CARTESIAN_POINT('',(3.306603050586,49.808141741851,-11.22));
#2901 = CARTESIAN_POINT('',(4.369055716341,48.349321556539,-10.57));
#2902 = CARTESIAN_POINT('',(4.35152075966,48.33186609515,-11.22));
#2903 = CARTESIAN_POINT('',(5.750036389802,47.288923902848,-10.57));
#2904 = CARTESIAN_POINT('',(5.738932166393,47.26766346431,-11.22));
#2905 = CARTESIAN_POINT('',(7.309109769979,46.7,-10.57));
#2906 = CARTESIAN_POINT('',(7.304969521821,46.67730149983,-11.22));
#2907 = ADVANCED_FACE('',(#2908),#2925,.T.);
#2908 = FACE_BOUND('',#2909,.T.);
#2909 = EDGE_LOOP('',(#2910,#2918,#2919,#2920));
#2910 = ORIENTED_EDGE('',*,*,#2911,.T.);
#2911 = EDGE_CURVE('',#2912,#2866,#2914,.T.);
#2912 = VERTEX_POINT('',#2913);
#2913 = CARTESIAN_POINT('',(11.690890230021,58.3,-10.57));
#2914 = LINE('',#2915,#2916);
#2915 = CARTESIAN_POINT('',(15.713694553162,58.3,-10.57));
#2916 = VECTOR('',#2917,1.);
#2917 = DIRECTION('',(-1.,0.,0.));
#2918 = ORIENTED_EDGE('',*,*,#2882,.T.);
#2919 = ORIENTED_EDGE('',*,*,#1715,.T.);
#2920 = ORIENTED_EDGE('',*,*,#2921,.F.);
#2921 = EDGE_CURVE('',#2912,#1707,#2922,.T.);
#2922 = B_SPLINE_CURVE_WITH_KNOTS('',1,(#2923,#2924),.UNSPECIFIED.,.F.,
  .F.,(2,2),(0.,1.),.PIECEWISE_BEZIER_KNOTS.);
#2923 = CARTESIAN_POINT('',(11.690890230021,58.3,-10.57));
#2924 = CARTESIAN_POINT('',(11.695030478179,58.32269850017,-11.22));
#2925 = B_SPLINE_SURFACE_WITH_KNOTS('',1,1,(
    (#2926,#2927)
    ,(#2928,#2929
    )),.UNSPECIFIED.,.F.,.F.,.F.,(2,2),(2,2),(-4.3859207082,
    4.14024815854E-03),(0.,1.),.PIECEWISE_BEZIER_KNOTS.);
#2926 = CARTESIAN_POINT('',(11.690890230021,58.3,-10.57));
#2927 = CARTESIAN_POINT('',(11.695030478179,58.32269850017,-11.22));
#2928 = CARTESIAN_POINT('',(7.309109769979,58.3,-10.57));
#2929 = CARTESIAN_POINT('',(7.304969521821,58.32269850017,-11.22));
#2930 = ADVANCED_FACE('',(#2931),#2948,.T.);
#2931 = FACE_BOUND('',#2932,.T.);
#2932 = EDGE_LOOP('',(#2933,#2941,#2946,#2947));
#2933 = ORIENTED_EDGE('',*,*,#2934,.T.);
#2934 = EDGE_CURVE('',#2868,#2935,#2937,.T.);
#2935 = VERTEX_POINT('',#2936);
#2936 = CARTESIAN_POINT('',(11.690890230021,46.7,-10.57));
#2937 = LINE('',#2938,#2939);
#2938 = CARTESIAN_POINT('',(3.286305446838,46.7,-10.57));
#2939 = VECTOR('',#2940,1.);
#2940 = DIRECTION('',(1.,0.,0.));
#2941 = ORIENTED_EDGE('',*,*,#2942,.T.);
#2942 = EDGE_CURVE('',#2935,#1699,#2943,.T.);
#2943 = B_SPLINE_CURVE_WITH_KNOTS('',1,(#2944,#2945),.UNSPECIFIED.,.F.,
  .F.,(2,2),(0.,1.),.PIECEWISE_BEZIER_KNOTS.);
#2944 = CARTESIAN_POINT('',(11.690890230021,46.7,-10.57));
#2945 = CARTESIAN_POINT('',(11.695030478179,46.67730149983,-11.22));
#2946 = ORIENTED_EDGE('',*,*,#1698,.F.);
#2947 = ORIENTED_EDGE('',*,*,#2876,.F.);
#2948 = B_SPLINE_SURFACE_WITH_KNOTS('',1,1,(
    (#2949,#2950)
    ,(#2951,#2952
    )),.UNSPECIFIED.,.F.,.F.,.F.,(2,2),(2,2),(-4.140248158546E-03,
    4.3859207082),(0.,1.),.PIECEWISE_BEZIER_KNOTS.);
#2949 = CARTESIAN_POINT('',(7.309109769979,46.7,-10.57));
#2950 = CARTESIAN_POINT('',(7.304969521821,46.67730149983,-11.22));
#2951 = CARTESIAN_POINT('',(11.690890230021,46.7,-10.57));
#2952 = CARTESIAN_POINT('',(11.695030478179,46.67730149983,-11.22));
#2953 = ADVANCED_FACE('',(#2954),#2966,.T.);
#2954 = FACE_BOUND('',#2955,.T.);
#2955 = EDGE_LOOP('',(#2956,#2963,#2964,#2965));
#2956 = ORIENTED_EDGE('',*,*,#2957,.T.);
#2957 = EDGE_CURVE('',#2935,#2912,#2958,.T.);
#2958 = CIRCLE('',#2959,6.2);
#2959 = AXIS2_PLACEMENT_3D('',#2960,#2961,#2962);
#2960 = CARTESIAN_POINT('',(9.5,52.5,-10.57));
#2961 = DIRECTION('',(0.,0.,1.));
#2962 = DIRECTION('',(1.,0.,0.));
#2963 = ORIENTED_EDGE('',*,*,#2921,.T.);
#2964 = ORIENTED_EDGE('',*,*,#1706,.F.);
#2965 = ORIENTED_EDGE('',*,*,#2942,.F.);
#2966 = B_SPLINE_SURFACE_WITH_KNOTS('',9,1,(
    (#2967,#2968)
    ,(#2969,#2970)
    ,(#2971,#2972)
    ,(#2973,#2974)
    ,(#2975,#2976)
    ,(#2977,#2978)
    ,(#2979,#2980)
    ,(#2981,#2982)
    ,(#2983,#2984)
    ,(#2985,#2986
    )),.UNSPECIFIED.,.F.,.F.,.F.,(10,10),(2,2),(5.072892845838,
    7.493477768522),(0.,1.),.PIECEWISE_BEZIER_KNOTS.);
#2967 = CARTESIAN_POINT('',(11.690890230021,46.7,-10.57));
#2968 = CARTESIAN_POINT('',(11.695030478179,46.67730149983,-11.22));
#2969 = CARTESIAN_POINT('',(13.249963610198,47.288923902847,-10.57));
#2970 = CARTESIAN_POINT('',(13.261067833606,47.267663464309,-11.22));
#2971 = CARTESIAN_POINT('',(14.630944283659,48.349321556541,-10.57));
#2972 = CARTESIAN_POINT('',(14.648479240342,48.331866095152,-11.22));
#2973 = CARTESIAN_POINT('',(15.670872899409,49.819643613771,-10.57));
#2974 = CARTESIAN_POINT('',(15.693396949411,49.808141741847,
    -11.21999999999));
#2975 = CARTESIAN_POINT('',(16.231683418504,51.572630969508,-10.57));
#2976 = CARTESIAN_POINT('',(16.256948966629,51.568610282363,-11.22));
#2977 = CARTESIAN_POINT('',(16.231683418507,53.42736903049,-10.57));
#2978 = CARTESIAN_POINT('',(16.256948966621,53.431389717637,
    -11.21999999999));
#2979 = CARTESIAN_POINT('',(15.670872899407,55.180356386232,-10.57));
#2980 = CARTESIAN_POINT('',(15.693396949417,55.191858258154,-11.22));
#2981 = CARTESIAN_POINT('',(14.630944283659,56.650678443457,-10.57));
#2982 = CARTESIAN_POINT('',(14.648479240339,56.668133904847,-11.22));
#2983 = CARTESIAN_POINT('',(13.249963610198,57.711076097153,-10.57));
#2984 = CARTESIAN_POINT('',(13.261067833607,57.732336535691,-11.22));
#2985 = CARTESIAN_POINT('',(11.690890230021,58.3,-10.57));
#2986 = CARTESIAN_POINT('',(11.695030478179,58.32269850017,-11.22));
#2987 = ADVANCED_FACE('',(#2988),#3012,.T.);
#2988 = FACE_BOUND('',#2989,.T.);
#2989 = EDGE_LOOP('',(#2990,#3001,#3006,#3007));
#2990 = ORIENTED_EDGE('',*,*,#2991,.T.);
#2991 = EDGE_CURVE('',#2992,#2994,#2996,.T.);
#2992 = VERTEX_POINT('',#2993);
#2993 = CARTESIAN_POINT('',(51.309109769979,58.3,-10.57));
#2994 = VERTEX_POINT('',#2995);
#2995 = CARTESIAN_POINT('',(51.309109769979,46.7,-10.57));
#2996 = CIRCLE('',#2997,6.2);
#2997 = AXIS2_PLACEMENT_3D('',#2998,#2999,#3000);
#2998 = CARTESIAN_POINT('',(53.5,52.5,-10.57));
#2999 = DIRECTION('',(0.,0.,1.));
#3000 = DIRECTION('',(1.,0.,0.));
#3001 = ORIENTED_EDGE('',*,*,#3002,.T.);
#3002 = EDGE_CURVE('',#2994,#1735,#3003,.T.);
#3003 = B_SPLINE_CURVE_WITH_KNOTS('',1,(#3004,#3005),.UNSPECIFIED.,.F.,
  .F.,(2,2),(0.,1.),.PIECEWISE_BEZIER_KNOTS.);
#3004 = CARTESIAN_POINT('',(51.309109769979,46.7,-10.57));
#3005 = CARTESIAN_POINT('',(51.304969521821,46.67730149983,-11.22));
#3006 = ORIENTED_EDGE('',*,*,#1732,.F.);
#3007 = ORIENTED_EDGE('',*,*,#3008,.F.);
#3008 = EDGE_CURVE('',#2992,#1733,#3009,.T.);
#3009 = B_SPLINE_CURVE_WITH_KNOTS('',1,(#3010,#3011),.UNSPECIFIED.,.F.,
  .F.,(2,2),(0.,1.),.PIECEWISE_BEZIER_KNOTS.);
#3010 = CARTESIAN_POINT('',(51.309109769979,58.3,-10.57));
#3011 = CARTESIAN_POINT('',(51.304969521821,58.32269850017,-11.22));
#3012 = B_SPLINE_SURFACE_WITH_KNOTS('',9,1,(
    (#3013,#3014)
    ,(#3015,#3016)
    ,(#3017,#3018)
    ,(#3019,#3020)
    ,(#3021,#3022)
    ,(#3023,#3024)
    ,(#3025,#3026)
    ,(#3027,#3028)
    ,(#3029,#3030)
    ,(#3031,#3032
    )),.UNSPECIFIED.,.F.,.F.,.F.,(10,10),(2,2),(1.931300192248,
    4.351885114932),(0.,1.),.PIECEWISE_BEZIER_KNOTS.);
#3013 = CARTESIAN_POINT('',(51.309109769979,58.3,-10.57));
#3014 = CARTESIAN_POINT('',(51.304969521821,58.32269850017,-11.22));
#3015 = CARTESIAN_POINT('',(49.750036389802,57.711076097152,-10.57));
#3016 = CARTESIAN_POINT('',(49.738932166393,57.73233653569,-11.22));
#3017 = CARTESIAN_POINT('',(48.369055716341,56.65067844346,-10.57));
#3018 = CARTESIAN_POINT('',(48.351520759659,56.668133904849,-11.22));
#3019 = CARTESIAN_POINT('',(47.329127100592,55.180356386227,-10.57));
#3020 = CARTESIAN_POINT('',(47.306603050586,55.191858258149,-11.22));
#3021 = CARTESIAN_POINT('',(46.768316581495,53.427369030497,
    -10.56999999999));
#3022 = CARTESIAN_POINT('',(46.743051033375,53.431389717645,-11.22));
#3023 = CARTESIAN_POINT('',(46.768316581494,51.572630969502,-10.57));
#3024 = CARTESIAN_POINT('',(46.743051033376,51.568610282355,
    -11.21999999999));
#3025 = CARTESIAN_POINT('',(47.329127100592,49.819643613775,-10.57));
#3026 = CARTESIAN_POINT('',(47.306603050586,49.808141741851,-11.22));
#3027 = CARTESIAN_POINT('',(48.369055716341,48.349321556539,-10.57));
#3028 = CARTESIAN_POINT('',(48.35152075966,48.33186609515,-11.22));
#3029 = CARTESIAN_POINT('',(49.750036389802,47.288923902848,-10.57));
#3030 = CARTESIAN_POINT('',(49.738932166393,47.26766346431,-11.22));
#3031 = CARTESIAN_POINT('',(51.309109769979,46.7,-10.57));
#3032 = CARTESIAN_POINT('',(51.304969521821,46.67730149983,-11.22));
#3033 = ADVANCED_FACE('',(#3034),#3051,.T.);
#3034 = FACE_BOUND('',#3035,.T.);
#3035 = EDGE_LOOP('',(#3036,#3044,#3045,#3046));
#3036 = ORIENTED_EDGE('',*,*,#3037,.T.);
#3037 = EDGE_CURVE('',#3038,#2992,#3040,.T.);
#3038 = VERTEX_POINT('',#3039);
#3039 = CARTESIAN_POINT('',(55.690890230021,58.3,-10.57));
#3040 = LINE('',#3041,#3042);
#3041 = CARTESIAN_POINT('',(59.713694553162,58.3,-10.57));
#3042 = VECTOR('',#3043,1.);
#3043 = DIRECTION('',(-1.,0.,0.));
#3044 = ORIENTED_EDGE('',*,*,#3008,.T.);
#3045 = ORIENTED_EDGE('',*,*,#1760,.T.);
#3046 = ORIENTED_EDGE('',*,*,#3047,.F.);
#3047 = EDGE_CURVE('',#3038,#1752,#3048,.T.);
#3048 = B_SPLINE_CURVE_WITH_KNOTS('',1,(#3049,#3050),.UNSPECIFIED.,.F.,
  .F.,(2,2),(0.,1.),.PIECEWISE_BEZIER_KNOTS.);
#3049 = CARTESIAN_POINT('',(55.690890230021,58.3,-10.57));
#3050 = CARTESIAN_POINT('',(55.695030478179,58.32269850017,-11.22));
#3051 = B_SPLINE_SURFACE_WITH_KNOTS('',1,1,(
    (#3052,#3053)
    ,(#3054,#3055
    )),.UNSPECIFIED.,.F.,.F.,.F.,(2,2),(2,2),(-4.3859207082,
    4.14024815854E-03),(0.,1.),.PIECEWISE_BEZIER_KNOTS.);
#3052 = CARTESIAN_POINT('',(55.690890230021,58.3,-10.57));
#3053 = CARTESIAN_POINT('',(55.695030478179,58.32269850017,-11.22));
#3054 = CARTESIAN_POINT('',(51.309109769979,58.3,-10.57));
#3055 = CARTESIAN_POINT('',(51.304969521821,58.32269850017,-11.22));
#3056 = ADVANCED_FACE('',(#3057),#3074,.T.);
#3057 = FACE_BOUND('',#3058,.T.);
#3058 = EDGE_LOOP('',(#3059,#3067,#3072,#3073));
#3059 = ORIENTED_EDGE('',*,*,#3060,.T.);
#3060 = EDGE_CURVE('',#2994,#3061,#3063,.T.);
#3061 = VERTEX_POINT('',#3062);
#3062 = CARTESIAN_POINT('',(55.690890230021,46.7,-10.57));
#3063 = LINE('',#3064,#3065);
#3064 = CARTESIAN_POINT('',(47.286305446838,46.7,-10.57));
#3065 = VECTOR('',#3066,1.);
#3066 = DIRECTION('',(1.,0.,0.));
#3067 = ORIENTED_EDGE('',*,*,#3068,.T.);
#3068 = EDGE_CURVE('',#3061,#1744,#3069,.T.);
#3069 = B_SPLINE_CURVE_WITH_KNOTS('',1,(#3070,#3071),.UNSPECIFIED.,.F.,
  .F.,(2,2),(0.,1.),.PIECEWISE_BEZIER_KNOTS.);
#3070 = CARTESIAN_POINT('',(55.690890230021,46.7,-10.57));
#3071 = CARTESIAN_POINT('',(55.695030478179,46.67730149983,-11.22));
#3072 = ORIENTED_EDGE('',*,*,#1743,.F.);
#3073 = ORIENTED_EDGE('',*,*,#3002,.F.);
#3074 = B_SPLINE_SURFACE_WITH_KNOTS('',1,1,(
    (#3075,#3076)
    ,(#3077,#3078
    )),.UNSPECIFIED.,.F.,.F.,.F.,(2,2),(2,2),(-4.140248158546E-03,
    4.3859207082),(0.,1.),.PIECEWISE_BEZIER_KNOTS.);
#3075 = CARTESIAN_POINT('',(51.309109769979,46.7,-10.57));
#3076 = CARTESIAN_POINT('',(51.304969521821,46.67730149983,-11.22));
#3077 = CARTESIAN_POINT('',(55.690890230021,46.7,-10.57));
#3078 = CARTESIAN_POINT('',(55.695030478179,46.67730149983,-11.22));
#3079 = ADVANCED_FACE('',(#3080),#3092,.T.);
#3080 = FACE_BOUND('',#3081,.T.);
#3081 = EDGE_LOOP('',(#3082,#3089,#3090,#3091));
#3082 = ORIENTED_EDGE('',*,*,#3083,.T.);
#3083 = EDGE_CURVE('',#3061,#3038,#3084,.T.);
#3084 = CIRCLE('',#3085,6.2);
#3085 = AXIS2_PLACEMENT_3D('',#3086,#3087,#3088);
#3086 = CARTESIAN_POINT('',(53.5,52.5,-10.57));
#3087 = DIRECTION('',(0.,0.,1.));
#3088 = DIRECTION('',(1.,0.,0.));
#3089 = ORIENTED_EDGE('',*,*,#3047,.T.);
#3090 = ORIENTED_EDGE('',*,*,#1751,.F.);
#3091 = ORIENTED_EDGE('',*,*,#3068,.F.);
#3092 = B_SPLINE_SURFACE_WITH_KNOTS('',9,1,(
    (#3093,#3094)
    ,(#3095,#3096)
    ,(#3097,#3098)
    ,(#3099,#3100)
    ,(#3101,#3102)
    ,(#3103,#3104)
    ,(#3105,#3106)
    ,(#3107,#3108)
    ,(#3109,#3110)
    ,(#3111,#3112
    )),.UNSPECIFIED.,.F.,.F.,.F.,(10,10),(2,2),(5.072892845838,
    7.493477768522),(0.,1.),.PIECEWISE_BEZIER_KNOTS.);
#3093 = CARTESIAN_POINT('',(55.690890230021,46.7,-10.57));
#3094 = CARTESIAN_POINT('',(55.695030478179,46.67730149983,-11.22));
#3095 = CARTESIAN_POINT('',(57.249963610198,47.288923902847,-10.57));
#3096 = CARTESIAN_POINT('',(57.261067833606,47.267663464309,-11.22));
#3097 = CARTESIAN_POINT('',(58.630944283659,48.349321556541,-10.57));
#3098 = CARTESIAN_POINT('',(58.648479240342,48.331866095152,-11.22));
#3099 = CARTESIAN_POINT('',(59.670872899409,49.819643613771,-10.57));
#3100 = CARTESIAN_POINT('',(59.693396949411,49.808141741847,
    -11.21999999999));
#3101 = CARTESIAN_POINT('',(60.231683418504,51.572630969508,-10.57));
#3102 = CARTESIAN_POINT('',(60.256948966629,51.568610282363,-11.22));
#3103 = CARTESIAN_POINT('',(60.231683418507,53.42736903049,-10.57));
#3104 = CARTESIAN_POINT('',(60.256948966621,53.431389717637,
    -11.21999999999));
#3105 = CARTESIAN_POINT('',(59.670872899407,55.180356386232,-10.57));
#3106 = CARTESIAN_POINT('',(59.693396949417,55.191858258154,-11.22));
#3107 = CARTESIAN_POINT('',(58.630944283659,56.650678443457,-10.57));
#3108 = CARTESIAN_POINT('',(58.648479240339,56.668133904847,-11.22));
#3109 = CARTESIAN_POINT('',(57.249963610198,57.711076097153,-10.57));
#3110 = CARTESIAN_POINT('',(57.261067833607,57.732336535691,-11.22));
#3111 = CARTESIAN_POINT('',(55.690890230021,58.3,-10.57));
#3112 = CARTESIAN_POINT('',(55.695030478179,58.32269850017,-11.22));
#3113 = ADVANCED_FACE('',(#3114),#3139,.T.);
#3114 = FACE_BOUND('',#3115,.T.);
#3115 = EDGE_LOOP('',(#3116,#3124,#3132,#3138));
#3116 = ORIENTED_EDGE('',*,*,#3117,.T.);
#3117 = EDGE_CURVE('',#1870,#3118,#3120,.T.);
#3118 = VERTEX_POINT('',#3119);
#3119 = CARTESIAN_POINT('',(16.646659876658,53.887677155286,-13.57));
#3120 = LINE('',#3121,#3122);
#3121 = CARTESIAN_POINT('',(17.850236588295,54.088568197936,-13.57));
#3122 = VECTOR('',#3123,1.);
#3123 = DIRECTION('',(-0.986354701848,-0.164634146341,0.));
#3124 = ORIENTED_EDGE('',*,*,#3125,.T.);
#3125 = EDGE_CURVE('',#3118,#3126,#3128,.T.);
#3126 = VERTEX_POINT('',#3127);
#3127 = CARTESIAN_POINT('',(16.646659876658,51.112322844714,-13.57));
#3128 = LINE('',#3129,#3130);
#3129 = CARTESIAN_POINT('',(16.646659876658,53.887677155286,-13.57));
#3130 = VECTOR('',#3131,1.);
#3131 = DIRECTION('',(0.,-1.,0.));
#3132 = ORIENTED_EDGE('',*,*,#3133,.T.);
#3133 = EDGE_CURVE('',#3126,#1868,#3134,.T.);
#3134 = LINE('',#3135,#3136);
#3135 = CARTESIAN_POINT('',(16.646659876658,51.112322844714,-13.57));
#3136 = VECTOR('',#3137,1.);
#3137 = DIRECTION('',(0.986354701848,-0.164634146341,0.));
#3138 = ORIENTED_EDGE('',*,*,#1867,.T.);
#3139 = PLANE('',#3140);
#3140 = AXIS2_PLACEMENT_3D('',#3141,#3142,#3143);
#3141 = CARTESIAN_POINT('',(17.312088733951,52.5,-13.57));
#3142 = DIRECTION('',(0.,0.,1.));
#3143 = DIRECTION('',(1.,0.,0.));
#3144 = ADVANCED_FACE('',(#3145),#3163,.F.);
#3145 = FACE_BOUND('',#3146,.F.);
#3146 = EDGE_LOOP('',(#3147,#3155,#3156,#3157));
#3147 = ORIENTED_EDGE('',*,*,#3148,.T.);
#3148 = EDGE_CURVE('',#3149,#3126,#3151,.T.);
#3149 = VERTEX_POINT('',#3150);
#3150 = CARTESIAN_POINT('',(16.646659876658,51.112322844714,-10.57));
#3151 = LINE('',#3152,#3153);
#3152 = CARTESIAN_POINT('',(16.646659876658,51.112322844714,-10.57));
#3153 = VECTOR('',#3154,1.);
#3154 = DIRECTION('',(-0.,-0.,-1.));
#3155 = ORIENTED_EDGE('',*,*,#3133,.T.);
#3156 = ORIENTED_EDGE('',*,*,#1878,.F.);
#3157 = ORIENTED_EDGE('',*,*,#3158,.F.);
#3158 = EDGE_CURVE('',#3149,#1879,#3159,.T.);
#3159 = LINE('',#3160,#3161);
#3160 = CARTESIAN_POINT('',(16.646659876658,51.112322844714,-10.57));
#3161 = VECTOR('',#3162,1.);
#3162 = DIRECTION('',(0.986354701848,-0.164634146341,0.));
#3163 = PLANE('',#3164);
#3164 = AXIS2_PLACEMENT_3D('',#3165,#3166,#3167);
#3165 = CARTESIAN_POINT('',(16.646659876658,51.112322844714,-10.57));
#3166 = DIRECTION('',(-0.164634146341,-0.986354701848,0.));
#3167 = DIRECTION('',(0.986354701848,-0.164634146341,0.));
#3168 = ADVANCED_FACE('',(#3169),#3201,.T.);
#3169 = FACE_BOUND('',#3170,.T.);
#3170 = EDGE_LOOP('',(#3171,#3172,#3178,#3179,#3185,#3186,#3187,#3195));
#3171 = ORIENTED_EDGE('',*,*,#1978,.T.);
#3172 = ORIENTED_EDGE('',*,*,#3173,.T.);
#3173 = EDGE_CURVE('',#1971,#2912,#3174,.T.);
#3174 = LINE('',#3175,#3176);
#3175 = CARTESIAN_POINT('',(15.713694553162,58.3,-10.57));
#3176 = VECTOR('',#3177,1.);
#3177 = DIRECTION('',(-1.,0.,0.));
#3178 = ORIENTED_EDGE('',*,*,#2957,.F.);
#3179 = ORIENTED_EDGE('',*,*,#3180,.T.);
#3180 = EDGE_CURVE('',#2935,#1887,#3181,.T.);
#3181 = LINE('',#3182,#3183);
#3182 = CARTESIAN_POINT('',(3.286305446838,46.7,-10.57));
#3183 = VECTOR('',#3184,1.);
#3184 = DIRECTION('',(1.,0.,0.));
#3185 = ORIENTED_EDGE('',*,*,#1886,.T.);
#3186 = ORIENTED_EDGE('',*,*,#3158,.F.);
#3187 = ORIENTED_EDGE('',*,*,#3188,.F.);
#3188 = EDGE_CURVE('',#3189,#3149,#3191,.T.);
#3189 = VERTEX_POINT('',#3190);
#3190 = CARTESIAN_POINT('',(16.646659876658,53.887677155286,-10.57));
#3191 = LINE('',#3192,#3193);
#3192 = CARTESIAN_POINT('',(16.646659876658,53.887677155286,-10.57));
#3193 = VECTOR('',#3194,1.);
#3194 = DIRECTION('',(0.,-1.,0.));
#3195 = ORIENTED_EDGE('',*,*,#3196,.F.);
#3196 = EDGE_CURVE('',#1979,#3189,#3197,.T.);
#3197 = LINE('',#3198,#3199);
#3198 = CARTESIAN_POINT('',(17.850236588295,54.088568197936,-10.57));
#3199 = VECTOR('',#3200,1.);
#3200 = DIRECTION('',(-0.986354701848,-0.164634146341,0.));
#3201 = PLANE('',#3202);
#3202 = AXIS2_PLACEMENT_3D('',#3203,#3204,#3205);
#3203 = CARTESIAN_POINT('',(9.5,52.5,-10.57));
#3204 = DIRECTION('',(0.,0.,1.));
#3205 = DIRECTION('',(1.,0.,0.));
#3206 = ADVANCED_FACE('',(#3207),#3225,.F.);
#3207 = FACE_BOUND('',#3208,.F.);
#3208 = EDGE_LOOP('',(#3209,#3210,#3216,#3217,#3218,#3219));
#3209 = ORIENTED_EDGE('',*,*,#1936,.T.);
#3210 = ORIENTED_EDGE('',*,*,#3211,.T.);
#3211 = EDGE_CURVE('',#1937,#2868,#3212,.T.);
#3212 = LINE('',#3213,#3214);
#3213 = CARTESIAN_POINT('',(3.286305446838,46.7,-10.57));
#3214 = VECTOR('',#3215,1.);
#3215 = DIRECTION('',(1.,0.,0.));
#3216 = ORIENTED_EDGE('',*,*,#2934,.T.);
#3217 = ORIENTED_EDGE('',*,*,#3180,.T.);
#3218 = ORIENTED_EDGE('',*,*,#1895,.F.);
#3219 = ORIENTED_EDGE('',*,*,#3220,.F.);
#3220 = EDGE_CURVE('',#1928,#1896,#3221,.T.);
#3221 = LINE('',#3222,#3223);
#3222 = CARTESIAN_POINT('',(3.286305446838,46.7,-9.27));
#3223 = VECTOR('',#3224,1.);
#3224 = DIRECTION('',(1.,0.,0.));
#3225 = PLANE('',#3226);
#3226 = AXIS2_PLACEMENT_3D('',#3227,#3228,#3229);
#3227 = CARTESIAN_POINT('',(3.286305446838,46.7,-9.27));
#3228 = DIRECTION('',(0.,-1.,0.));
#3229 = DIRECTION('',(1.,0.,0.));
#3230 = ADVANCED_FACE('',(#3231,#3239),#3273,.T.);
#3231 = FACE_BOUND('',#3232,.T.);
#3232 = EDGE_LOOP('',(#3233,#3234,#3235,#3236,#3237,#3238));
#3233 = ORIENTED_EDGE('',*,*,#2025,.T.);
#3234 = ORIENTED_EDGE('',*,*,#1903,.F.);
#3235 = ORIENTED_EDGE('',*,*,#3220,.F.);
#3236 = ORIENTED_EDGE('',*,*,#1927,.F.);
#3237 = ORIENTED_EDGE('',*,*,#2001,.T.);
#3238 = ORIENTED_EDGE('',*,*,#2049,.T.);
#3239 = FACE_BOUND('',#3240,.T.);
#3240 = EDGE_LOOP('',(#3241,#3251,#3259,#3267));
#3241 = ORIENTED_EDGE('',*,*,#3242,.F.);
#3242 = EDGE_CURVE('',#3243,#3245,#3247,.T.);
#3243 = VERTEX_POINT('',#3244);
#3244 = CARTESIAN_POINT('',(2.82,46.1,-9.27));
#3245 = VERTEX_POINT('',#3246);
#3246 = CARTESIAN_POINT('',(2.82,42.4,-9.27));
#3247 = LINE('',#3248,#3249);
#3248 = CARTESIAN_POINT('',(2.82,46.1,-9.27));
#3249 = VECTOR('',#3250,1.);
#3250 = DIRECTION('',(0.,-1.,0.));
#3251 = ORIENTED_EDGE('',*,*,#3252,.F.);
#3252 = EDGE_CURVE('',#3253,#3243,#3255,.T.);
#3253 = VERTEX_POINT('',#3254);
#3254 = CARTESIAN_POINT('',(16.2,46.1,-9.27));
#3255 = LINE('',#3256,#3257);
#3256 = CARTESIAN_POINT('',(16.2,46.1,-9.27));
#3257 = VECTOR('',#3258,1.);
#3258 = DIRECTION('',(-1.,0.,0.));
#3259 = ORIENTED_EDGE('',*,*,#3260,.F.);
#3260 = EDGE_CURVE('',#3261,#3253,#3263,.T.);
#3261 = VERTEX_POINT('',#3262);
#3262 = CARTESIAN_POINT('',(16.2,42.4,-9.27));
#3263 = LINE('',#3264,#3265);
#3264 = CARTESIAN_POINT('',(16.2,42.4,-9.27));
#3265 = VECTOR('',#3266,1.);
#3266 = DIRECTION('',(0.,1.,0.));
#3267 = ORIENTED_EDGE('',*,*,#3268,.F.);
#3268 = EDGE_CURVE('',#3245,#3261,#3269,.T.);
#3269 = LINE('',#3270,#3271);
#3270 = CARTESIAN_POINT('',(2.82,42.4,-9.27));
#3271 = VECTOR('',#3272,1.);
#3272 = DIRECTION('',(1.,0.,0.));
#3273 = PLANE('',#3274);
#3274 = AXIS2_PLACEMENT_3D('',#3275,#3276,#3277);
#3275 = CARTESIAN_POINT('',(9.5,46.555848118596,-9.27));
#3276 = DIRECTION('',(0.,0.,1.));
#3277 = DIRECTION('',(1.,0.,0.));
#3278 = ADVANCED_FACE('',(#3279),#3290,.T.);
#3279 = FACE_BOUND('',#3280,.T.);
#3280 = EDGE_LOOP('',(#3281,#3287,#3288,#3289));
#3281 = ORIENTED_EDGE('',*,*,#3282,.T.);
#3282 = EDGE_CURVE('',#2866,#1945,#3283,.T.);
#3283 = LINE('',#3284,#3285);
#3284 = CARTESIAN_POINT('',(15.713694553162,58.3,-10.57));
#3285 = VECTOR('',#3286,1.);
#3286 = DIRECTION('',(-1.,0.,0.));
#3287 = ORIENTED_EDGE('',*,*,#1944,.T.);
#3288 = ORIENTED_EDGE('',*,*,#3211,.T.);
#3289 = ORIENTED_EDGE('',*,*,#2865,.F.);
#3290 = PLANE('',#3291);
#3291 = AXIS2_PLACEMENT_3D('',#3292,#3293,#3294);
#3292 = CARTESIAN_POINT('',(9.5,52.5,-10.57));
#3293 = DIRECTION('',(0.,0.,1.));
#3294 = DIRECTION('',(1.,0.,0.));
#3295 = ADVANCED_FACE('',(#3296),#3309,.F.);
#3296 = FACE_BOUND('',#3297,.F.);
#3297 = EDGE_LOOP('',(#3298,#3299,#3300,#3301,#3302,#3303));
#3298 = ORIENTED_EDGE('',*,*,#1970,.T.);
#3299 = ORIENTED_EDGE('',*,*,#3173,.T.);
#3300 = ORIENTED_EDGE('',*,*,#2911,.T.);
#3301 = ORIENTED_EDGE('',*,*,#3282,.T.);
#3302 = ORIENTED_EDGE('',*,*,#1953,.F.);
#3303 = ORIENTED_EDGE('',*,*,#3304,.F.);
#3304 = EDGE_CURVE('',#1962,#1954,#3305,.T.);
#3305 = LINE('',#3306,#3307);
#3306 = CARTESIAN_POINT('',(15.713694553162,58.3,-9.27));
#3307 = VECTOR('',#3308,1.);
#3308 = DIRECTION('',(-1.,0.,0.));
#3309 = PLANE('',#3310);
#3310 = AXIS2_PLACEMENT_3D('',#3311,#3312,#3313);
#3311 = CARTESIAN_POINT('',(15.713694553162,58.3,-9.27));
#3312 = DIRECTION('',(0.,1.,0.));
#3313 = DIRECTION('',(-1.,0.,0.));
#3314 = ADVANCED_FACE('',(#3315),#3319,.T.);
#3315 = FACE_BOUND('',#3316,.T.);
#3316 = EDGE_LOOP('',(#3317,#3318));
#3317 = ORIENTED_EDGE('',*,*,#3304,.F.);
#3318 = ORIENTED_EDGE('',*,*,#1961,.T.);
#3319 = PLANE('',#3320);
#3320 = AXIS2_PLACEMENT_3D('',#3321,#3322,#3323);
#3321 = CARTESIAN_POINT('',(9.5,46.555848118596,-9.27));
#3322 = DIRECTION('',(0.,0.,1.));
#3323 = DIRECTION('',(1.,0.,0.));
#3324 = ADVANCED_FACE('',(#3325),#3336,.F.);
#3325 = FACE_BOUND('',#3326,.F.);
#3326 = EDGE_LOOP('',(#3327,#3328,#3329,#3335));
#3327 = ORIENTED_EDGE('',*,*,#1987,.T.);
#3328 = ORIENTED_EDGE('',*,*,#3117,.T.);
#3329 = ORIENTED_EDGE('',*,*,#3330,.F.);
#3330 = EDGE_CURVE('',#3189,#3118,#3331,.T.);
#3331 = LINE('',#3332,#3333);
#3332 = CARTESIAN_POINT('',(16.646659876658,53.887677155286,-10.57));
#3333 = VECTOR('',#3334,1.);
#3334 = DIRECTION('',(-0.,-0.,-1.));
#3335 = ORIENTED_EDGE('',*,*,#3196,.F.);
#3336 = PLANE('',#3337);
#3337 = AXIS2_PLACEMENT_3D('',#3338,#3339,#3340);
#3338 = CARTESIAN_POINT('',(17.850236588295,54.088568197936,-10.57));
#3339 = DIRECTION('',(-0.164634146341,0.986354701848,0.));
#3340 = DIRECTION('',(-0.986354701848,-0.164634146341,0.));
#3341 = ADVANCED_FACE('',(#3342),#3352,.T.);
#3342 = FACE_BOUND('',#3343,.F.);
#3343 = EDGE_LOOP('',(#3344,#3345,#3346,#3347,#3348,#3349,#3350,#3351));
#3344 = ORIENTED_EDGE('',*,*,#2242,.T.);
#3345 = ORIENTED_EDGE('',*,*,#2225,.T.);
#3346 = ORIENTED_EDGE('',*,*,#2201,.T.);
#3347 = ORIENTED_EDGE('',*,*,#2177,.T.);
#3348 = ORIENTED_EDGE('',*,*,#2153,.T.);
#3349 = ORIENTED_EDGE('',*,*,#2129,.T.);
#3350 = ORIENTED_EDGE('',*,*,#2105,.T.);
#3351 = ORIENTED_EDGE('',*,*,#2074,.T.);
#3352 = PLANE('',#3353);
#3353 = AXIS2_PLACEMENT_3D('',#3354,#3355,#3356);
#3354 = CARTESIAN_POINT('',(31.5,31.116,-10.));
#3355 = DIRECTION('',(0.,0.,1.));
#3356 = DIRECTION('',(1.,0.,0.));
#3357 = ADVANCED_FACE('',(#3358),#3383,.T.);
#3358 = FACE_BOUND('',#3359,.T.);
#3359 = EDGE_LOOP('',(#3360,#3368,#3376,#3382));
#3360 = ORIENTED_EDGE('',*,*,#3361,.T.);
#3361 = EDGE_CURVE('',#2261,#3362,#3364,.T.);
#3362 = VERTEX_POINT('',#3363);
#3363 = CARTESIAN_POINT('',(60.646659876658,53.887677155286,-13.57));
#3364 = LINE('',#3365,#3366);
#3365 = CARTESIAN_POINT('',(61.850236588295,54.088568197936,-13.57));
#3366 = VECTOR('',#3367,1.);
#3367 = DIRECTION('',(-0.986354701848,-0.164634146341,0.));
#3368 = ORIENTED_EDGE('',*,*,#3369,.T.);
#3369 = EDGE_CURVE('',#3362,#3370,#3372,.T.);
#3370 = VERTEX_POINT('',#3371);
#3371 = CARTESIAN_POINT('',(60.646659876658,51.112322844714,-13.57));
#3372 = LINE('',#3373,#3374);
#3373 = CARTESIAN_POINT('',(60.646659876658,53.887677155286,-13.57));
#3374 = VECTOR('',#3375,1.);
#3375 = DIRECTION('',(0.,-1.,0.));
#3376 = ORIENTED_EDGE('',*,*,#3377,.T.);
#3377 = EDGE_CURVE('',#3370,#2259,#3378,.T.);
#3378 = LINE('',#3379,#3380);
#3379 = CARTESIAN_POINT('',(60.646659876658,51.112322844714,-13.57));
#3380 = VECTOR('',#3381,1.);
#3381 = DIRECTION('',(0.986354701848,-0.164634146341,0.));
#3382 = ORIENTED_EDGE('',*,*,#2258,.T.);
#3383 = PLANE('',#3384);
#3384 = AXIS2_PLACEMENT_3D('',#3385,#3386,#3387);
#3385 = CARTESIAN_POINT('',(61.312088733951,52.5,-13.57));
#3386 = DIRECTION('',(0.,0.,1.));
#3387 = DIRECTION('',(1.,0.,0.));
#3388 = ADVANCED_FACE('',(#3389),#3407,.F.);
#3389 = FACE_BOUND('',#3390,.F.);
#3390 = EDGE_LOOP('',(#3391,#3399,#3400,#3401));
#3391 = ORIENTED_EDGE('',*,*,#3392,.T.);
#3392 = EDGE_CURVE('',#3393,#3370,#3395,.T.);
#3393 = VERTEX_POINT('',#3394);
#3394 = CARTESIAN_POINT('',(60.646659876658,51.112322844714,-10.57));
#3395 = LINE('',#3396,#3397);
#3396 = CARTESIAN_POINT('',(60.646659876658,51.112322844714,-10.57));
#3397 = VECTOR('',#3398,1.);
#3398 = DIRECTION('',(-0.,-0.,-1.));
#3399 = ORIENTED_EDGE('',*,*,#3377,.T.);
#3400 = ORIENTED_EDGE('',*,*,#2269,.F.);
#3401 = ORIENTED_EDGE('',*,*,#3402,.F.);
#3402 = EDGE_CURVE('',#3393,#2270,#3403,.T.);
#3403 = LINE('',#3404,#3405);
#3404 = CARTESIAN_POINT('',(60.646659876658,51.112322844714,-10.57));
#3405 = VECTOR('',#3406,1.);
#3406 = DIRECTION('',(0.986354701848,-0.164634146341,0.));
#3407 = PLANE('',#3408);
#3408 = AXIS2_PLACEMENT_3D('',#3409,#3410,#3411);
#3409 = CARTESIAN_POINT('',(60.646659876658,51.112322844714,-10.57));
#3410 = DIRECTION('',(-0.164634146341,-0.986354701848,0.));
#3411 = DIRECTION('',(0.986354701848,-0.164634146341,0.));
#3412 = ADVANCED_FACE('',(#3413),#3445,.T.);
#3413 = FACE_BOUND('',#3414,.T.);
#3414 = EDGE_LOOP('',(#3415,#3416,#3422,#3423,#3429,#3430,#3431,#3439));
#3415 = ORIENTED_EDGE('',*,*,#2369,.T.);
#3416 = ORIENTED_EDGE('',*,*,#3417,.T.);
#3417 = EDGE_CURVE('',#2362,#3038,#3418,.T.);
#3418 = LINE('',#3419,#3420);
#3419 = CARTESIAN_POINT('',(59.713694553162,58.3,-10.57));
#3420 = VECTOR('',#3421,1.);
#3421 = DIRECTION('',(-1.,0.,0.));
#3422 = ORIENTED_EDGE('',*,*,#3083,.F.);
#3423 = ORIENTED_EDGE('',*,*,#3424,.T.);
#3424 = EDGE_CURVE('',#3061,#2278,#3425,.T.);
#3425 = LINE('',#3426,#3427);
#3426 = CARTESIAN_POINT('',(47.286305446838,46.7,-10.57));
#3427 = VECTOR('',#3428,1.);
#3428 = DIRECTION('',(1.,0.,0.));
#3429 = ORIENTED_EDGE('',*,*,#2277,.T.);
#3430 = ORIENTED_EDGE('',*,*,#3402,.F.);
#3431 = ORIENTED_EDGE('',*,*,#3432,.F.);
#3432 = EDGE_CURVE('',#3433,#3393,#3435,.T.);
#3433 = VERTEX_POINT('',#3434);
#3434 = CARTESIAN_POINT('',(60.646659876658,53.887677155286,-10.57));
#3435 = LINE('',#3436,#3437);
#3436 = CARTESIAN_POINT('',(60.646659876658,53.887677155286,-10.57));
#3437 = VECTOR('',#3438,1.);
#3438 = DIRECTION('',(0.,-1.,0.));
#3439 = ORIENTED_EDGE('',*,*,#3440,.F.);
#3440 = EDGE_CURVE('',#2370,#3433,#3441,.T.);
#3441 = LINE('',#3442,#3443);
#3442 = CARTESIAN_POINT('',(61.850236588295,54.088568197936,-10.57));
#3443 = VECTOR('',#3444,1.);
#3444 = DIRECTION('',(-0.986354701848,-0.164634146341,0.));
#3445 = PLANE('',#3446);
#3446 = AXIS2_PLACEMENT_3D('',#3447,#3448,#3449);
#3447 = CARTESIAN_POINT('',(53.5,52.5,-10.57));
#3448 = DIRECTION('',(0.,0.,1.));
#3449 = DIRECTION('',(1.,0.,0.));
#3450 = ADVANCED_FACE('',(#3451),#3469,.F.);
#3451 = FACE_BOUND('',#3452,.F.);
#3452 = EDGE_LOOP('',(#3453,#3454,#3460,#3461,#3462,#3463));
#3453 = ORIENTED_EDGE('',*,*,#2327,.T.);
#3454 = ORIENTED_EDGE('',*,*,#3455,.T.);
#3455 = EDGE_CURVE('',#2328,#2994,#3456,.T.);
#3456 = LINE('',#3457,#3458);
#3457 = CARTESIAN_POINT('',(47.286305446838,46.7,-10.57));
#3458 = VECTOR('',#3459,1.);
#3459 = DIRECTION('',(1.,0.,0.));
#3460 = ORIENTED_EDGE('',*,*,#3060,.T.);
#3461 = ORIENTED_EDGE('',*,*,#3424,.T.);
#3462 = ORIENTED_EDGE('',*,*,#2286,.F.);
#3463 = ORIENTED_EDGE('',*,*,#3464,.F.);
#3464 = EDGE_CURVE('',#2319,#2287,#3465,.T.);
#3465 = LINE('',#3466,#3467);
#3466 = CARTESIAN_POINT('',(47.286305446838,46.7,-9.27));
#3467 = VECTOR('',#3468,1.);
#3468 = DIRECTION('',(1.,0.,0.));
#3469 = PLANE('',#3470);
#3470 = AXIS2_PLACEMENT_3D('',#3471,#3472,#3473);
#3471 = CARTESIAN_POINT('',(47.286305446838,46.7,-9.27));
#3472 = DIRECTION('',(0.,-1.,0.));
#3473 = DIRECTION('',(1.,0.,0.));
#3474 = ADVANCED_FACE('',(#3475,#3483),#3517,.T.);
#3475 = FACE_BOUND('',#3476,.T.);
#3476 = EDGE_LOOP('',(#3477,#3478,#3479,#3480,#3481,#3482));
#3477 = ORIENTED_EDGE('',*,*,#2416,.T.);
#3478 = ORIENTED_EDGE('',*,*,#2294,.F.);
#3479 = ORIENTED_EDGE('',*,*,#3464,.F.);
#3480 = ORIENTED_EDGE('',*,*,#2318,.F.);
#3481 = ORIENTED_EDGE('',*,*,#2392,.T.);
#3482 = ORIENTED_EDGE('',*,*,#2440,.T.);
#3483 = FACE_BOUND('',#3484,.T.);
#3484 = EDGE_LOOP('',(#3485,#3495,#3503,#3511));
#3485 = ORIENTED_EDGE('',*,*,#3486,.F.);
#3486 = EDGE_CURVE('',#3487,#3489,#3491,.T.);
#3487 = VERTEX_POINT('',#3488);
#3488 = CARTESIAN_POINT('',(46.82,46.1,-9.27));
#3489 = VERTEX_POINT('',#3490);
#3490 = CARTESIAN_POINT('',(46.82,42.4,-9.27));
#3491 = LINE('',#3492,#3493);
#3492 = CARTESIAN_POINT('',(46.82,46.1,-9.27));
#3493 = VECTOR('',#3494,1.);
#3494 = DIRECTION('',(0.,-1.,0.));
#3495 = ORIENTED_EDGE('',*,*,#3496,.F.);
#3496 = EDGE_CURVE('',#3497,#3487,#3499,.T.);
#3497 = VERTEX_POINT('',#3498);
#3498 = CARTESIAN_POINT('',(60.2,46.1,-9.27));
#3499 = LINE('',#3500,#3501);
#3500 = CARTESIAN_POINT('',(60.2,46.1,-9.27));
#3501 = VECTOR('',#3502,1.);
#3502 = DIRECTION('',(-1.,0.,0.));
#3503 = ORIENTED_EDGE('',*,*,#3504,.F.);
#3504 = EDGE_CURVE('',#3505,#3497,#3507,.T.);
#3505 = VERTEX_POINT('',#3506);
#3506 = CARTESIAN_POINT('',(60.2,42.4,-9.27));
#3507 = LINE('',#3508,#3509);
#3508 = CARTESIAN_POINT('',(60.2,42.4,-9.27));
#3509 = VECTOR('',#3510,1.);
#3510 = DIRECTION('',(0.,1.,0.));
#3511 = ORIENTED_EDGE('',*,*,#3512,.F.);
#3512 = EDGE_CURVE('',#3489,#3505,#3513,.T.);
#3513 = LINE('',#3514,#3515);
#3514 = CARTESIAN_POINT('',(46.82,42.4,-9.27));
#3515 = VECTOR('',#3516,1.);
#3516 = DIRECTION('',(1.,0.,0.));
#3517 = PLANE('',#3518);
#3518 = AXIS2_PLACEMENT_3D('',#3519,#3520,#3521);
#3519 = CARTESIAN_POINT('',(53.5,46.555848118596,-9.27));
#3520 = DIRECTION('',(0.,0.,1.));
#3521 = DIRECTION('',(1.,0.,0.));
#3522 = ADVANCED_FACE('',(#3523),#3534,.T.);
#3523 = FACE_BOUND('',#3524,.T.);
#3524 = EDGE_LOOP('',(#3525,#3531,#3532,#3533));
#3525 = ORIENTED_EDGE('',*,*,#3526,.T.);
#3526 = EDGE_CURVE('',#2992,#2336,#3527,.T.);
#3527 = LINE('',#3528,#3529);
#3528 = CARTESIAN_POINT('',(59.713694553162,58.3,-10.57));
#3529 = VECTOR('',#3530,1.);
#3530 = DIRECTION('',(-1.,0.,0.));
#3531 = ORIENTED_EDGE('',*,*,#2335,.T.);
#3532 = ORIENTED_EDGE('',*,*,#3455,.T.);
#3533 = ORIENTED_EDGE('',*,*,#2991,.F.);
#3534 = PLANE('',#3535);
#3535 = AXIS2_PLACEMENT_3D('',#3536,#3537,#3538);
#3536 = CARTESIAN_POINT('',(53.5,52.5,-10.57));
#3537 = DIRECTION('',(0.,0.,1.));
#3538 = DIRECTION('',(1.,0.,0.));
#3539 = ADVANCED_FACE('',(#3540),#3553,.F.);
#3540 = FACE_BOUND('',#3541,.F.);
#3541 = EDGE_LOOP('',(#3542,#3543,#3544,#3545,#3546,#3547));
#3542 = ORIENTED_EDGE('',*,*,#2361,.T.);
#3543 = ORIENTED_EDGE('',*,*,#3417,.T.);
#3544 = ORIENTED_EDGE('',*,*,#3037,.T.);
#3545 = ORIENTED_EDGE('',*,*,#3526,.T.);
#3546 = ORIENTED_EDGE('',*,*,#2344,.F.);
#3547 = ORIENTED_EDGE('',*,*,#3548,.F.);
#3548 = EDGE_CURVE('',#2353,#2345,#3549,.T.);
#3549 = LINE('',#3550,#3551);
#3550 = CARTESIAN_POINT('',(59.713694553162,58.3,-9.27));
#3551 = VECTOR('',#3552,1.);
#3552 = DIRECTION('',(-1.,0.,0.));
#3553 = PLANE('',#3554);
#3554 = AXIS2_PLACEMENT_3D('',#3555,#3556,#3557);
#3555 = CARTESIAN_POINT('',(59.713694553162,58.3,-9.27));
#3556 = DIRECTION('',(0.,1.,0.));
#3557 = DIRECTION('',(-1.,0.,0.));
#3558 = ADVANCED_FACE('',(#3559),#3563,.T.);
#3559 = FACE_BOUND('',#3560,.T.);
#3560 = EDGE_LOOP('',(#3561,#3562));
#3561 = ORIENTED_EDGE('',*,*,#3548,.F.);
#3562 = ORIENTED_EDGE('',*,*,#2352,.T.);
#3563 = PLANE('',#3564);
#3564 = AXIS2_PLACEMENT_3D('',#3565,#3566,#3567);
#3565 = CARTESIAN_POINT('',(53.5,46.555848118596,-9.27));
#3566 = DIRECTION('',(0.,0.,1.));
#3567 = DIRECTION('',(1.,0.,0.));
#3568 = ADVANCED_FACE('',(#3569),#3580,.F.);
#3569 = FACE_BOUND('',#3570,.F.);
#3570 = EDGE_LOOP('',(#3571,#3572,#3573,#3579));
#3571 = ORIENTED_EDGE('',*,*,#2378,.T.);
#3572 = ORIENTED_EDGE('',*,*,#3361,.T.);
#3573 = ORIENTED_EDGE('',*,*,#3574,.F.);
#3574 = EDGE_CURVE('',#3433,#3362,#3575,.T.);
#3575 = LINE('',#3576,#3577);
#3576 = CARTESIAN_POINT('',(60.646659876658,53.887677155286,-10.57));
#3577 = VECTOR('',#3578,1.);
#3578 = DIRECTION('',(-0.,-0.,-1.));
#3579 = ORIENTED_EDGE('',*,*,#3440,.F.);
#3580 = PLANE('',#3581);
#3581 = AXIS2_PLACEMENT_3D('',#3582,#3583,#3584);
#3582 = CARTESIAN_POINT('',(61.850236588295,54.088568197936,-10.57));
#3583 = DIRECTION('',(-0.164634146341,0.986354701848,0.));
#3584 = DIRECTION('',(-0.986354701848,-0.164634146341,0.));
#3585 = ADVANCED_FACE('',(#3586),#3592,.T.);
#3586 = FACE_BOUND('',#3587,.T.);
#3587 = EDGE_LOOP('',(#3588,#3589,#3590,#3591));
#3588 = ORIENTED_EDGE('',*,*,#2465,.T.);
#3589 = ORIENTED_EDGE('',*,*,#2513,.T.);
#3590 = ORIENTED_EDGE('',*,*,#2537,.T.);
#3591 = ORIENTED_EDGE('',*,*,#2496,.T.);
#3592 = PLANE('',#3593);
#3593 = AXIS2_PLACEMENT_3D('',#3594,#3595,#3596);
#3594 = CARTESIAN_POINT('',(53.51,70.25,-11.27));
#3595 = DIRECTION('',(0.,0.,1.));
#3596 = DIRECTION('',(1.,0.,0.));
#3597 = ADVANCED_FACE('',(#3598),#3604,.T.);
#3598 = FACE_BOUND('',#3599,.T.);
#3599 = EDGE_LOOP('',(#3600,#3601,#3602,#3603));
#3600 = ORIENTED_EDGE('',*,*,#2669,.T.);
#3601 = ORIENTED_EDGE('',*,*,#2717,.T.);
#3602 = ORIENTED_EDGE('',*,*,#2741,.T.);
#3603 = ORIENTED_EDGE('',*,*,#2700,.T.);
#3604 = PLANE('',#3605);
#3605 = AXIS2_PLACEMENT_3D('',#3606,#3607,#3608);
#3606 = CARTESIAN_POINT('',(9.51,70.25,-11.27));
#3607 = DIRECTION('',(0.,0.,1.));
#3608 = DIRECTION('',(1.,0.,0.));
#3609 = ADVANCED_FACE('',(#3610),#3616,.F.);
#3610 = FACE_BOUND('',#3611,.F.);
#3611 = EDGE_LOOP('',(#3612,#3613,#3614,#3615));
#3612 = ORIENTED_EDGE('',*,*,#3330,.T.);
#3613 = ORIENTED_EDGE('',*,*,#3125,.T.);
#3614 = ORIENTED_EDGE('',*,*,#3148,.F.);
#3615 = ORIENTED_EDGE('',*,*,#3188,.F.);
#3616 = PLANE('',#3617);
#3617 = AXIS2_PLACEMENT_3D('',#3618,#3619,#3620);
#3618 = CARTESIAN_POINT('',(16.646659876658,53.887677155286,-10.57));
#3619 = DIRECTION('',(-1.,0.,0.));
#3620 = DIRECTION('',(0.,-1.,0.));
#3621 = ADVANCED_FACE('',(#3622),#3647,.F.);
#3622 = FACE_BOUND('',#3623,.F.);
#3623 = EDGE_LOOP('',(#3624,#3632,#3640,#3646));
#3624 = ORIENTED_EDGE('',*,*,#3625,.T.);
#3625 = EDGE_CURVE('',#3243,#3626,#3628,.T.);
#3626 = VERTEX_POINT('',#3627);
#3627 = CARTESIAN_POINT('',(2.82,46.1,-11.27));
#3628 = LINE('',#3629,#3630);
#3629 = CARTESIAN_POINT('',(2.82,46.1,-9.27));
#3630 = VECTOR('',#3631,1.);
#3631 = DIRECTION('',(-0.,-0.,-1.));
#3632 = ORIENTED_EDGE('',*,*,#3633,.T.);
#3633 = EDGE_CURVE('',#3626,#3634,#3636,.T.);
#3634 = VERTEX_POINT('',#3635);
#3635 = CARTESIAN_POINT('',(2.82,42.4,-11.27));
#3636 = LINE('',#3637,#3638);
#3637 = CARTESIAN_POINT('',(2.82,46.1,-11.27));
#3638 = VECTOR('',#3639,1.);
#3639 = DIRECTION('',(0.,-1.,0.));
#3640 = ORIENTED_EDGE('',*,*,#3641,.F.);
#3641 = EDGE_CURVE('',#3245,#3634,#3642,.T.);
#3642 = LINE('',#3643,#3644);
#3643 = CARTESIAN_POINT('',(2.82,42.4,-9.27));
#3644 = VECTOR('',#3645,1.);
#3645 = DIRECTION('',(-0.,-0.,-1.));
#3646 = ORIENTED_EDGE('',*,*,#3242,.F.);
#3647 = PLANE('',#3648);
#3648 = AXIS2_PLACEMENT_3D('',#3649,#3650,#3651);
#3649 = CARTESIAN_POINT('',(2.82,46.1,-9.27));
#3650 = DIRECTION('',(-1.,0.,0.));
#3651 = DIRECTION('',(0.,-1.,0.));
#3652 = ADVANCED_FACE('',(#3653),#3671,.F.);
#3653 = FACE_BOUND('',#3654,.F.);
#3654 = EDGE_LOOP('',(#3655,#3663,#3669,#3670));
#3655 = ORIENTED_EDGE('',*,*,#3656,.T.);
#3656 = EDGE_CURVE('',#3253,#3657,#3659,.T.);
#3657 = VERTEX_POINT('',#3658);
#3658 = CARTESIAN_POINT('',(16.2,46.1,-11.27));
#3659 = LINE('',#3660,#3661);
#3660 = CARTESIAN_POINT('',(16.2,46.1,-9.27));
#3661 = VECTOR('',#3662,1.);
#3662 = DIRECTION('',(-0.,-0.,-1.));
#3663 = ORIENTED_EDGE('',*,*,#3664,.T.);
#3664 = EDGE_CURVE('',#3657,#3626,#3665,.T.);
#3665 = LINE('',#3666,#3667);
#3666 = CARTESIAN_POINT('',(16.2,46.1,-11.27));
#3667 = VECTOR('',#3668,1.);
#3668 = DIRECTION('',(-1.,0.,0.));
#3669 = ORIENTED_EDGE('',*,*,#3625,.F.);
#3670 = ORIENTED_EDGE('',*,*,#3252,.F.);
#3671 = PLANE('',#3672);
#3672 = AXIS2_PLACEMENT_3D('',#3673,#3674,#3675);
#3673 = CARTESIAN_POINT('',(16.2,46.1,-9.27));
#3674 = DIRECTION('',(0.,1.,0.));
#3675 = DIRECTION('',(-1.,0.,0.));
#3676 = ADVANCED_FACE('',(#3677),#3695,.F.);
#3677 = FACE_BOUND('',#3678,.F.);
#3678 = EDGE_LOOP('',(#3679,#3680,#3688,#3694));
#3679 = ORIENTED_EDGE('',*,*,#3641,.T.);
#3680 = ORIENTED_EDGE('',*,*,#3681,.T.);
#3681 = EDGE_CURVE('',#3634,#3682,#3684,.T.);
#3682 = VERTEX_POINT('',#3683);
#3683 = CARTESIAN_POINT('',(16.2,42.4,-11.27));
#3684 = LINE('',#3685,#3686);
#3685 = CARTESIAN_POINT('',(2.82,42.4,-11.27));
#3686 = VECTOR('',#3687,1.);
#3687 = DIRECTION('',(1.,0.,0.));
#3688 = ORIENTED_EDGE('',*,*,#3689,.F.);
#3689 = EDGE_CURVE('',#3261,#3682,#3690,.T.);
#3690 = LINE('',#3691,#3692);
#3691 = CARTESIAN_POINT('',(16.2,42.4,-9.27));
#3692 = VECTOR('',#3693,1.);
#3693 = DIRECTION('',(-0.,-0.,-1.));
#3694 = ORIENTED_EDGE('',*,*,#3268,.F.);
#3695 = PLANE('',#3696);
#3696 = AXIS2_PLACEMENT_3D('',#3697,#3698,#3699);
#3697 = CARTESIAN_POINT('',(2.82,42.4,-9.27));
#3698 = DIRECTION('',(0.,-1.,0.));
#3699 = DIRECTION('',(1.,0.,0.));
#3700 = ADVANCED_FACE('',(#3701),#3712,.F.);
#3701 = FACE_BOUND('',#3702,.F.);
#3702 = EDGE_LOOP('',(#3703,#3704,#3710,#3711));
#3703 = ORIENTED_EDGE('',*,*,#3689,.T.);
#3704 = ORIENTED_EDGE('',*,*,#3705,.T.);
#3705 = EDGE_CURVE('',#3682,#3657,#3706,.T.);
#3706 = LINE('',#3707,#3708);
#3707 = CARTESIAN_POINT('',(16.2,42.4,-11.27));
#3708 = VECTOR('',#3709,1.);
#3709 = DIRECTION('',(0.,1.,0.));
#3710 = ORIENTED_EDGE('',*,*,#3656,.F.);
#3711 = ORIENTED_EDGE('',*,*,#3260,.F.);
#3712 = PLANE('',#3713);
#3713 = AXIS2_PLACEMENT_3D('',#3714,#3715,#3716);
#3714 = CARTESIAN_POINT('',(16.2,42.4,-9.27));
#3715 = DIRECTION('',(1.,0.,0.));
#3716 = DIRECTION('',(0.,1.,0.));
#3717 = ADVANCED_FACE('',(#3718),#3724,.F.);
#3718 = FACE_BOUND('',#3719,.F.);
#3719 = EDGE_LOOP('',(#3720,#3721,#3722,#3723));
#3720 = ORIENTED_EDGE('',*,*,#3574,.T.);
#3721 = ORIENTED_EDGE('',*,*,#3369,.T.);
#3722 = ORIENTED_EDGE('',*,*,#3392,.F.);
#3723 = ORIENTED_EDGE('',*,*,#3432,.F.);
#3724 = PLANE('',#3725);
#3725 = AXIS2_PLACEMENT_3D('',#3726,#3727,#3728);
#3726 = CARTESIAN_POINT('',(60.646659876658,53.887677155286,-10.57));
#3727 = DIRECTION('',(-1.,0.,0.));
#3728 = DIRECTION('',(0.,-1.,0.));
#3729 = ADVANCED_FACE('',(#3730),#3755,.F.);
#3730 = FACE_BOUND('',#3731,.F.);
#3731 = EDGE_LOOP('',(#3732,#3740,#3748,#3754));
#3732 = ORIENTED_EDGE('',*,*,#3733,.T.);
#3733 = EDGE_CURVE('',#3487,#3734,#3736,.T.);
#3734 = VERTEX_POINT('',#3735);
#3735 = CARTESIAN_POINT('',(46.82,46.1,-11.27));
#3736 = LINE('',#3737,#3738);
#3737 = CARTESIAN_POINT('',(46.82,46.1,-9.27));
#3738 = VECTOR('',#3739,1.);
#3739 = DIRECTION('',(-0.,-0.,-1.));
#3740 = ORIENTED_EDGE('',*,*,#3741,.T.);
#3741 = EDGE_CURVE('',#3734,#3742,#3744,.T.);
#3742 = VERTEX_POINT('',#3743);
#3743 = CARTESIAN_POINT('',(46.82,42.4,-11.27));
#3744 = LINE('',#3745,#3746);
#3745 = CARTESIAN_POINT('',(46.82,46.1,-11.27));
#3746 = VECTOR('',#3747,1.);
#3747 = DIRECTION('',(0.,-1.,0.));
#3748 = ORIENTED_EDGE('',*,*,#3749,.F.);
#3749 = EDGE_CURVE('',#3489,#3742,#3750,.T.);
#3750 = LINE('',#3751,#3752);
#3751 = CARTESIAN_POINT('',(46.82,42.4,-9.27));
#3752 = VECTOR('',#3753,1.);
#3753 = DIRECTION('',(-0.,-0.,-1.));
#3754 = ORIENTED_EDGE('',*,*,#3486,.F.);
#3755 = PLANE('',#3756);
#3756 = AXIS2_PLACEMENT_3D('',#3757,#3758,#3759);
#3757 = CARTESIAN_POINT('',(46.82,46.1,-9.27));
#3758 = DIRECTION('',(-1.,0.,0.));
#3759 = DIRECTION('',(0.,-1.,0.));
#3760 = ADVANCED_FACE('',(#3761),#3779,.F.);
#3761 = FACE_BOUND('',#3762,.F.);
#3762 = EDGE_LOOP('',(#3763,#3771,#3777,#3778));
#3763 = ORIENTED_EDGE('',*,*,#3764,.T.);
#3764 = EDGE_CURVE('',#3497,#3765,#3767,.T.);
#3765 = VERTEX_POINT('',#3766);
#3766 = CARTESIAN_POINT('',(60.2,46.1,-11.27));
#3767 = LINE('',#3768,#3769);
#3768 = CARTESIAN_POINT('',(60.2,46.1,-9.27));
#3769 = VECTOR('',#3770,1.);
#3770 = DIRECTION('',(-0.,-0.,-1.));
#3771 = ORIENTED_EDGE('',*,*,#3772,.T.);
#3772 = EDGE_CURVE('',#3765,#3734,#3773,.T.);
#3773 = LINE('',#3774,#3775);
#3774 = CARTESIAN_POINT('',(60.2,46.1,-11.27));
#3775 = VECTOR('',#3776,1.);
#3776 = DIRECTION('',(-1.,0.,0.));
#3777 = ORIENTED_EDGE('',*,*,#3733,.F.);
#3778 = ORIENTED_EDGE('',*,*,#3496,.F.);
#3779 = PLANE('',#3780);
#3780 = AXIS2_PLACEMENT_3D('',#3781,#3782,#3783);
#3781 = CARTESIAN_POINT('',(60.2,46.1,-9.27));
#3782 = DIRECTION('',(0.,1.,0.));
#3783 = DIRECTION('',(-1.,0.,0.));
#3784 = ADVANCED_FACE('',(#3785),#3803,.F.);
#3785 = FACE_BOUND('',#3786,.F.);
#3786 = EDGE_LOOP('',(#3787,#3788,#3796,#3802));
#3787 = ORIENTED_EDGE('',*,*,#3749,.T.);
#3788 = ORIENTED_EDGE('',*,*,#3789,.T.);
#3789 = EDGE_CURVE('',#3742,#3790,#3792,.T.);
#3790 = VERTEX_POINT('',#3791);
#3791 = CARTESIAN_POINT('',(60.2,42.4,-11.27));
#3792 = LINE('',#3793,#3794);
#3793 = CARTESIAN_POINT('',(46.82,42.4,-11.27));
#3794 = VECTOR('',#3795,1.);
#3795 = DIRECTION('',(1.,0.,0.));
#3796 = ORIENTED_EDGE('',*,*,#3797,.F.);
#3797 = EDGE_CURVE('',#3505,#3790,#3798,.T.);
#3798 = LINE('',#3799,#3800);
#3799 = CARTESIAN_POINT('',(60.2,42.4,-9.27));
#3800 = VECTOR('',#3801,1.);
#3801 = DIRECTION('',(-0.,-0.,-1.));
#3802 = ORIENTED_EDGE('',*,*,#3512,.F.);
#3803 = PLANE('',#3804);
#3804 = AXIS2_PLACEMENT_3D('',#3805,#3806,#3807);
#3805 = CARTESIAN_POINT('',(46.82,42.4,-9.27));
#3806 = DIRECTION('',(0.,-1.,0.));
#3807 = DIRECTION('',(1.,0.,0.));
#3808 = ADVANCED_FACE('',(#3809),#3820,.F.);
#3809 = FACE_BOUND('',#3810,.F.);
#3810 = EDGE_LOOP('',(#3811,#3812,#3818,#3819));
#3811 = ORIENTED_EDGE('',*,*,#3797,.T.);
#3812 = ORIENTED_EDGE('',*,*,#3813,.T.);
#3813 = EDGE_CURVE('',#3790,#3765,#3814,.T.);
#3814 = LINE('',#3815,#3816);
#3815 = CARTESIAN_POINT('',(60.2,42.4,-11.27));
#3816 = VECTOR('',#3817,1.);
#3817 = DIRECTION('',(0.,1.,0.));
#3818 = ORIENTED_EDGE('',*,*,#3764,.F.);
#3819 = ORIENTED_EDGE('',*,*,#3504,.F.);
#3820 = PLANE('',#3821);
#3821 = AXIS2_PLACEMENT_3D('',#3822,#3823,#3824);
#3822 = CARTESIAN_POINT('',(60.2,42.4,-9.27));
#3823 = DIRECTION('',(1.,0.,0.));
#3824 = DIRECTION('',(0.,1.,0.));
#3825 = ADVANCED_FACE('',(#3826),#3832,.T.);
#3826 = FACE_BOUND('',#3827,.T.);
#3827 = EDGE_LOOP('',(#3828,#3829,#3830,#3831));
#3828 = ORIENTED_EDGE('',*,*,#3633,.T.);
#3829 = ORIENTED_EDGE('',*,*,#3681,.T.);
#3830 = ORIENTED_EDGE('',*,*,#3705,.T.);
#3831 = ORIENTED_EDGE('',*,*,#3664,.T.);
#3832 = PLANE('',#3833);
#3833 = AXIS2_PLACEMENT_3D('',#3834,#3835,#3836);
#3834 = CARTESIAN_POINT('',(9.51,44.25,-11.27));
#3835 = DIRECTION('',(0.,0.,1.));
#3836 = DIRECTION('',(1.,0.,0.));
#3837 = ADVANCED_FACE('',(#3838),#3844,.T.);
#3838 = FACE_BOUND('',#3839,.T.);
#3839 = EDGE_LOOP('',(#3840,#3841,#3842,#3843));
#3840 = ORIENTED_EDGE('',*,*,#3741,.T.);
#3841 = ORIENTED_EDGE('',*,*,#3789,.T.);
#3842 = ORIENTED_EDGE('',*,*,#3813,.T.);
#3843 = ORIENTED_EDGE('',*,*,#3772,.T.);
#3844 = PLANE('',#3845);
#3845 = AXIS2_PLACEMENT_3D('',#3846,#3847,#3848);
#3846 = CARTESIAN_POINT('',(53.51,44.25,-11.27));
#3847 = DIRECTION('',(0.,0.,1.));
#3848 = DIRECTION('',(1.,0.,0.));
#3849 = ( GEOMETRIC_REPRESENTATION_CONTEXT(3) 
GLOBAL_UNCERTAINTY_ASSIGNED_CONTEXT((#3853)) 
GLOBAL_UNIT_ASSIGNED_CONTEXT((#3850,#3851,#3852)) REPRESENTATION_CONTEXT
('Context #1','3D Context with UNIT and UNCERTAINTY') );
#3850 = ( LENGTH_UNIT() NAMED_UNIT(*) SI_UNIT(.MILLI.,.METRE.) );
#3851 = ( NAMED_UNIT(*) PLANE_ANGLE_UNIT() SI_UNIT($,.RADIAN.) );
#3852 = ( NAMED_UNIT(*) SI_UNIT($,.STERADIAN.) SOLID_ANGLE_UNIT() );
#3853 = UNCERTAINTY_MEASURE_WITH_UNIT(LENGTH_MEASURE(2.E-05),#3850,
  'distance_accuracy_value','confusion accuracy');
#3854 = PRODUCT_RELATED_PRODUCT_CATEGORY('part',$,(#7));
#3855 = MECHANICAL_DESIGN_GEOMETRIC_PRESENTATION_REPRESENTATION('',(
    #3856),#3849);
#3856 = STYLED_ITEM('color',(#3857),#15);
#3857 = PRESENTATION_STYLE_ASSIGNMENT((#3858,#3866));
#3858 = SURFACE_STYLE_USAGE(.BOTH.,#3859);
#3859 = SURFACE_SIDE_STYLE('',(#3860,#3864));
#3860 = SURFACE_STYLE_FILL_AREA(#3861);
#3861 = FILL_AREA_STYLE('',(#3862));
#3862 = FILL_AREA_STYLE_COLOUR('',#3863);
#3863 = COLOUR_RGB('',0.384313730969,0.447058818107,0.643137266454);
#3864 = SURFACE_STYLE_RENDERING_WITH_PROPERTIES(.NORMAL_SHADING.,#3863,(
    #3865));
#3865 = SURFACE_STYLE_TRANSPARENT(0.899999976158);
#3866 = CURVE_STYLE('',#3867,POSITIVE_LENGTH_MEASURE(0.1),#3868);
#3867 = DRAUGHTING_PRE_DEFINED_CURVE_FONT('continuous');
#3868 = COLOUR_RGB('',9.803921802644E-02,9.803921802644E-02,
  9.803921802644E-02);
ENDSEC;
END-ISO-10303-21;
