ISO-10303-21;
HEADER;
FILE_DESCRIPTION(('FreeCAD Model'),'2;1');
FILE_NAME('Open CASCADE Shape Model','2026-05-26T21:17:22',(''),(''),
  'Open CASCADE STEP processor 7.9','FreeCAD','Unknown');
FILE_SCHEMA(('AUTOMOTIVE_DESIGN { 1 0 10303 214 1 1 1 1 }'));
ENDSEC;
DATA;
#1 = APPLICATION_PROTOCOL_DEFINITION('international standard',
  'automotive_design',2000,#2);
#2 = APPLICATION_CONTEXT(
  'core data for automotive mechanical design processes');
#3 = SHAPE_DEFINITION_REPRESENTATION(#4,#10);
#4 = PRODUCT_DEFINITION_SHAPE('','',#5);
#5 = PRODUCT_DEFINITION('design','',#6,#9);
#6 = PRODUCT_DEFINITION_FORMATION('','',#7);
#7 = PRODUCT('Body001','Body001','',(#8));
#8 = PRODUCT_CONTEXT('',#2,'mechanical');
#9 = PRODUCT_DEFINITION_CONTEXT('part definition',#2,'design');
#10 = ADVANCED_BREP_SHAPE_REPRESENTATION('',(#11,#15),#5803);
#11 = AXIS2_PLACEMENT_3D('',#12,#13,#14);
#12 = CARTESIAN_POINT('',(0.,0.,0.));
#13 = DIRECTION('',(0.,0.,1.));
#14 = DIRECTION('',(1.,0.,-0.));
#15 = MANIFOLD_SOLID_BREP('',#16);
#16 = CLOSED_SHELL('',(#17,#89,#274,#314,#338,#371,#395,#485,#502,#514,
    #538,#562,#586,#626,#753,#793,#817,#857,#984,#1024,#1048,#1088,#1215
    ,#1255,#1279,#1303,#1320,#1571,#1583,#1608,#1633,#1658,#1683,#1708,
    #1733,#1791,#1803,#1834,#1858,#1906,#1932,#1957,#1981,#1991,#2008,
    #2066,#2078,#2109,#2133,#2181,#2207,#2232,#2256,#2266,#2283,#2341,
    #2353,#2384,#2408,#2456,#2482,#2507,#2531,#2541,#2558,#2692,#2716,
    #2740,#2757,#2788,#2812,#2836,#2860,#2884,#2908,#2932,#2956,#2980,
    #3004,#3028,#3045,#3179,#3203,#3227,#3244,#3378,#3402,#3426,#3443,
    #3488,#3533,#3578,#3623,#3668,#3713,#3744,#3768,#3792,#3809,#3821,
    #3857,#3873,#3905,#3917,#3948,#3972,#3996,#4013,#4025,#4061,#4077,
    #4109,#4121,#4152,#4176,#4200,#4217,#4229,#4265,#4281,#4313,#4325,
    #4356,#4380,#4428,#4459,#4507,#4532,#4556,#4566,#4583,#4603,#4634,
    #4658,#4706,#4737,#4785,#4810,#4834,#4844,#4861,#4892,#4916,#4964,
    #4995,#5043,#5068,#5092,#5102,#5119,#5155,#5171,#5187,#5215,#5251,
    #5267,#5283,#5311,#5347,#5363,#5379,#5407,#5419,#5431,#5443,#5455,
    #5486,#5510,#5534,#5551,#5563,#5594,#5618,#5642,#5659,#5671,#5702,
    #5726,#5750,#5767,#5779,#5791));
#17 = ADVANCED_FACE('',(#18),#84,.T.);
#18 = FACE_BOUND('',#19,.T.);
#19 = EDGE_LOOP('',(#20,#30,#38,#46,#54,#62,#70,#78));
#20 = ORIENTED_EDGE('',*,*,#21,.F.);
#21 = EDGE_CURVE('',#22,#24,#26,.T.);
#22 = VERTEX_POINT('',#23);
#23 = CARTESIAN_POINT('',(-5.,-5.,1.46));
#24 = VERTEX_POINT('',#25);
#25 = CARTESIAN_POINT('',(26.5,-5.,1.46));
#26 = LINE('',#27,#28);
#27 = CARTESIAN_POINT('',(-5.,-5.,1.46));
#28 = VECTOR('',#29,1.);
#29 = DIRECTION('',(1.,0.,0.));
#30 = ORIENTED_EDGE('',*,*,#31,.T.);
#31 = EDGE_CURVE('',#22,#32,#34,.T.);
#32 = VERTEX_POINT('',#33);
#33 = CARTESIAN_POINT('',(-5.,-5.,-15.));
#34 = LINE('',#35,#36);
#35 = CARTESIAN_POINT('',(-5.,-5.,1.46));
#36 = VECTOR('',#37,1.);
#37 = DIRECTION('',(-0.,-0.,-1.));
#38 = ORIENTED_EDGE('',*,*,#39,.T.);
#39 = EDGE_CURVE('',#32,#40,#42,.T.);
#40 = VERTEX_POINT('',#41);
#41 = CARTESIAN_POINT('',(68.,-5.,-15.));
#42 = LINE('',#43,#44);
#43 = CARTESIAN_POINT('',(-5.,-5.,-15.));
#44 = VECTOR('',#45,1.);
#45 = DIRECTION('',(1.,0.,0.));
#46 = ORIENTED_EDGE('',*,*,#47,.F.);
#47 = EDGE_CURVE('',#48,#40,#50,.T.);
#48 = VERTEX_POINT('',#49);
#49 = CARTESIAN_POINT('',(68.,-5.,1.46));
#50 = LINE('',#51,#52);
#51 = CARTESIAN_POINT('',(68.,-5.,1.46));
#52 = VECTOR('',#53,1.);
#53 = DIRECTION('',(-0.,-0.,-1.));
#54 = ORIENTED_EDGE('',*,*,#55,.F.);
#55 = EDGE_CURVE('',#56,#48,#58,.T.);
#56 = VERTEX_POINT('',#57);
#57 = CARTESIAN_POINT('',(36.5,-5.,1.46));
#58 = LINE('',#59,#60);
#59 = CARTESIAN_POINT('',(-5.,-5.,1.46));
#60 = VECTOR('',#61,1.);
#61 = DIRECTION('',(1.,0.,0.));
#62 = ORIENTED_EDGE('',*,*,#63,.T.);
#63 = EDGE_CURVE('',#56,#64,#66,.T.);
#64 = VERTEX_POINT('',#65);
#65 = CARTESIAN_POINT('',(36.5,-5.,-0.54));
#66 = LINE('',#67,#68);
#67 = CARTESIAN_POINT('',(36.5,-5.,1.46));
#68 = VECTOR('',#69,1.);
#69 = DIRECTION('',(-0.,-0.,-1.));
#70 = ORIENTED_EDGE('',*,*,#71,.F.);
#71 = EDGE_CURVE('',#72,#64,#74,.T.);
#72 = VERTEX_POINT('',#73);
#73 = CARTESIAN_POINT('',(26.5,-5.,-0.54));
#74 = LINE('',#75,#76);
#75 = CARTESIAN_POINT('',(26.5,-5.,-0.54));
#76 = VECTOR('',#77,1.);
#77 = DIRECTION('',(1.,0.,0.));
#78 = ORIENTED_EDGE('',*,*,#79,.F.);
#79 = EDGE_CURVE('',#24,#72,#80,.T.);
#80 = LINE('',#81,#82);
#81 = CARTESIAN_POINT('',(26.5,-5.,1.46));
#82 = VECTOR('',#83,1.);
#83 = DIRECTION('',(-0.,-0.,-1.));
#84 = PLANE('',#85);
#85 = AXIS2_PLACEMENT_3D('',#86,#87,#88);
#86 = CARTESIAN_POINT('',(-5.,-5.,1.46));
#87 = DIRECTION('',(0.,-1.,0.));
#88 = DIRECTION('',(1.,0.,0.));
#89 = ADVANCED_FACE('',(#90),#269,.T.);
#90 = FACE_BOUND('',#91,.T.);
#91 = EDGE_LOOP('',(#92,#100,#101,#109,#117,#125,#133,#141,#150,#158,
    #166,#174,#183,#191,#199,#207,#216,#224,#232,#240,#248,#254,#255,
    #263));
#92 = ORIENTED_EDGE('',*,*,#93,.T.);
#93 = EDGE_CURVE('',#94,#22,#96,.T.);
#94 = VERTEX_POINT('',#95);
#95 = CARTESIAN_POINT('',(-5.,90.,1.46));
#96 = LINE('',#97,#98);
#97 = CARTESIAN_POINT('',(-5.,90.,1.46));
#98 = VECTOR('',#99,1.);
#99 = DIRECTION('',(0.,-1.,0.));
#100 = ORIENTED_EDGE('',*,*,#21,.T.);
#101 = ORIENTED_EDGE('',*,*,#102,.F.);
#102 = EDGE_CURVE('',#103,#24,#105,.T.);
#103 = VERTEX_POINT('',#104);
#104 = CARTESIAN_POINT('',(26.5,0.,1.46));
#105 = LINE('',#106,#107);
#106 = CARTESIAN_POINT('',(26.5,0.5,1.46));
#107 = VECTOR('',#108,1.);
#108 = DIRECTION('',(0.,-1.,0.));
#109 = ORIENTED_EDGE('',*,*,#110,.F.);
#110 = EDGE_CURVE('',#111,#103,#113,.T.);
#111 = VERTEX_POINT('',#112);
#112 = CARTESIAN_POINT('',(0.,0.,1.46));
#113 = LINE('',#114,#115);
#114 = CARTESIAN_POINT('',(47.25,0.,1.46));
#115 = VECTOR('',#116,1.);
#116 = DIRECTION('',(1.,0.,0.));
#117 = ORIENTED_EDGE('',*,*,#118,.F.);
#118 = EDGE_CURVE('',#119,#111,#121,.T.);
#119 = VERTEX_POINT('',#120);
#120 = CARTESIAN_POINT('',(0.,72.,1.46));
#121 = LINE('',#122,#123);
#122 = CARTESIAN_POINT('',(0.,21.25,1.46));
#123 = VECTOR('',#124,1.);
#124 = DIRECTION('',(0.,-1.,0.));
#125 = ORIENTED_EDGE('',*,*,#126,.F.);
#126 = EDGE_CURVE('',#127,#119,#129,.T.);
#127 = VERTEX_POINT('',#128);
#128 = CARTESIAN_POINT('',(1.8,72.,1.46));
#129 = LINE('',#130,#131);
#130 = CARTESIAN_POINT('',(15.75,72.,1.46));
#131 = VECTOR('',#132,1.);
#132 = DIRECTION('',(-1.,0.,0.));
#133 = ORIENTED_EDGE('',*,*,#134,.T.);
#134 = EDGE_CURVE('',#127,#135,#137,.T.);
#135 = VERTEX_POINT('',#136);
#136 = CARTESIAN_POINT('',(1.8,74.9,1.46));
#137 = LINE('',#138,#139);
#138 = CARTESIAN_POINT('',(1.8,58.7,1.46));
#139 = VECTOR('',#140,1.);
#140 = DIRECTION('',(0.,1.,0.));
#141 = ORIENTED_EDGE('',*,*,#142,.T.);
#142 = EDGE_CURVE('',#135,#143,#145,.T.);
#143 = VERTEX_POINT('',#144);
#144 = CARTESIAN_POINT('',(17.2,74.9,1.46));
#145 = CIRCLE('',#146,8.5);
#146 = AXIS2_PLACEMENT_3D('',#147,#148,#149);
#147 = CARTESIAN_POINT('',(9.5,78.5,1.46));
#148 = DIRECTION('',(0.,0.,-1.));
#149 = DIRECTION('',(1.,0.,0.));
#150 = ORIENTED_EDGE('',*,*,#151,.T.);
#151 = EDGE_CURVE('',#143,#152,#154,.T.);
#152 = VERTEX_POINT('',#153);
#153 = CARTESIAN_POINT('',(17.2,72.,1.46));
#154 = LINE('',#155,#156);
#155 = CARTESIAN_POINT('',(17.2,51.95,1.46));
#156 = VECTOR('',#157,1.);
#157 = DIRECTION('',(0.,-1.,0.));
#158 = ORIENTED_EDGE('',*,*,#159,.F.);
#159 = EDGE_CURVE('',#160,#152,#162,.T.);
#160 = VERTEX_POINT('',#161);
#161 = CARTESIAN_POINT('',(23.8,72.,1.46));
#162 = LINE('',#163,#164);
#163 = CARTESIAN_POINT('',(15.75,72.,1.46));
#164 = VECTOR('',#165,1.);
#165 = DIRECTION('',(-1.,0.,0.));
#166 = ORIENTED_EDGE('',*,*,#167,.T.);
#167 = EDGE_CURVE('',#160,#168,#170,.T.);
#168 = VERTEX_POINT('',#169);
#169 = CARTESIAN_POINT('',(23.8,74.9,1.46));
#170 = LINE('',#171,#172);
#171 = CARTESIAN_POINT('',(23.8,58.7,1.46));
#172 = VECTOR('',#173,1.);
#173 = DIRECTION('',(0.,1.,0.));
#174 = ORIENTED_EDGE('',*,*,#175,.T.);
#175 = EDGE_CURVE('',#168,#176,#178,.T.);
#176 = VERTEX_POINT('',#177);
#177 = CARTESIAN_POINT('',(39.2,74.9,1.46));
#178 = CIRCLE('',#179,8.5);
#179 = AXIS2_PLACEMENT_3D('',#180,#181,#182);
#180 = CARTESIAN_POINT('',(31.5,78.5,1.46));
#181 = DIRECTION('',(0.,0.,-1.));
#182 = DIRECTION('',(1.,0.,0.));
#183 = ORIENTED_EDGE('',*,*,#184,.T.);
#184 = EDGE_CURVE('',#176,#185,#187,.T.);
#185 = VERTEX_POINT('',#186);
#186 = CARTESIAN_POINT('',(39.2,72.,1.46));
#187 = LINE('',#188,#189);
#188 = CARTESIAN_POINT('',(39.2,51.95,1.46));
#189 = VECTOR('',#190,1.);
#190 = DIRECTION('',(0.,-1.,0.));
#191 = ORIENTED_EDGE('',*,*,#192,.F.);
#192 = EDGE_CURVE('',#193,#185,#195,.T.);
#193 = VERTEX_POINT('',#194);
#194 = CARTESIAN_POINT('',(45.8,72.,1.46));
#195 = LINE('',#196,#197);
#196 = CARTESIAN_POINT('',(15.75,72.,1.46));
#197 = VECTOR('',#198,1.);
#198 = DIRECTION('',(-1.,0.,0.));
#199 = ORIENTED_EDGE('',*,*,#200,.T.);
#200 = EDGE_CURVE('',#193,#201,#203,.T.);
#201 = VERTEX_POINT('',#202);
#202 = CARTESIAN_POINT('',(45.8,74.9,1.46));
#203 = LINE('',#204,#205);
#204 = CARTESIAN_POINT('',(45.8,58.7,1.46));
#205 = VECTOR('',#206,1.);
#206 = DIRECTION('',(0.,1.,0.));
#207 = ORIENTED_EDGE('',*,*,#208,.T.);
#208 = EDGE_CURVE('',#201,#209,#211,.T.);
#209 = VERTEX_POINT('',#210);
#210 = CARTESIAN_POINT('',(61.2,74.9,1.46));
#211 = CIRCLE('',#212,8.5);
#212 = AXIS2_PLACEMENT_3D('',#213,#214,#215);
#213 = CARTESIAN_POINT('',(53.5,78.5,1.46));
#214 = DIRECTION('',(0.,0.,-1.));
#215 = DIRECTION('',(1.,0.,0.));
#216 = ORIENTED_EDGE('',*,*,#217,.T.);
#217 = EDGE_CURVE('',#209,#218,#220,.T.);
#218 = VERTEX_POINT('',#219);
#219 = CARTESIAN_POINT('',(61.2,72.,1.46));
#220 = LINE('',#221,#222);
#221 = CARTESIAN_POINT('',(61.2,51.95,1.46));
#222 = VECTOR('',#223,1.);
#223 = DIRECTION('',(0.,-1.,0.));
#224 = ORIENTED_EDGE('',*,*,#225,.F.);
#225 = EDGE_CURVE('',#226,#218,#228,.T.);
#226 = VERTEX_POINT('',#227);
#227 = CARTESIAN_POINT('',(63.,72.,1.46));
#228 = LINE('',#229,#230);
#229 = CARTESIAN_POINT('',(15.75,72.,1.46));
#230 = VECTOR('',#231,1.);
#231 = DIRECTION('',(-1.,0.,0.));
#232 = ORIENTED_EDGE('',*,*,#233,.F.);
#233 = EDGE_CURVE('',#234,#226,#236,.T.);
#234 = VERTEX_POINT('',#235);
#235 = CARTESIAN_POINT('',(63.,0.,1.46));
#236 = LINE('',#237,#238);
#237 = CARTESIAN_POINT('',(63.,57.25,1.46));
#238 = VECTOR('',#239,1.);
#239 = DIRECTION('',(0.,1.,0.));
#240 = ORIENTED_EDGE('',*,*,#241,.F.);
#241 = EDGE_CURVE('',#242,#234,#244,.T.);
#242 = VERTEX_POINT('',#243);
#243 = CARTESIAN_POINT('',(36.5,0.,1.46));
#244 = LINE('',#245,#246);
#245 = CARTESIAN_POINT('',(47.25,0.,1.46));
#246 = VECTOR('',#247,1.);
#247 = DIRECTION('',(1.,0.,0.));
#248 = ORIENTED_EDGE('',*,*,#249,.F.);
#249 = EDGE_CURVE('',#56,#242,#250,.T.);
#250 = LINE('',#251,#252);
#251 = CARTESIAN_POINT('',(36.5,-5.,1.46));
#252 = VECTOR('',#253,1.);
#253 = DIRECTION('',(0.,1.,0.));
#254 = ORIENTED_EDGE('',*,*,#55,.T.);
#255 = ORIENTED_EDGE('',*,*,#256,.T.);
#256 = EDGE_CURVE('',#48,#257,#259,.T.);
#257 = VERTEX_POINT('',#258);
#258 = CARTESIAN_POINT('',(68.,90.,1.46));
#259 = LINE('',#260,#261);
#260 = CARTESIAN_POINT('',(68.,-5.,1.46));
#261 = VECTOR('',#262,1.);
#262 = DIRECTION('',(0.,1.,0.));
#263 = ORIENTED_EDGE('',*,*,#264,.T.);
#264 = EDGE_CURVE('',#257,#94,#265,.T.);
#265 = LINE('',#266,#267);
#266 = CARTESIAN_POINT('',(68.,90.,1.46));
#267 = VECTOR('',#268,1.);
#268 = DIRECTION('',(-1.,0.,0.));
#269 = PLANE('',#270);
#270 = AXIS2_PLACEMENT_3D('',#271,#272,#273);
#271 = CARTESIAN_POINT('',(31.5,42.5,1.46));
#272 = DIRECTION('',(0.,0.,1.));
#273 = DIRECTION('',(1.,0.,0.));
#274 = ADVANCED_FACE('',(#275),#309,.F.);
#275 = FACE_BOUND('',#276,.F.);
#276 = EDGE_LOOP('',(#277,#287,#295,#301,#302,#303));
#277 = ORIENTED_EDGE('',*,*,#278,.T.);
#278 = EDGE_CURVE('',#279,#281,#283,.T.);
#279 = VERTEX_POINT('',#280);
#280 = CARTESIAN_POINT('',(26.5,0.,0.));
#281 = VERTEX_POINT('',#282);
#282 = CARTESIAN_POINT('',(26.5,0.5,0.));
#283 = LINE('',#284,#285);
#284 = CARTESIAN_POINT('',(26.5,18.25,0.));
#285 = VECTOR('',#286,1.);
#286 = DIRECTION('',(0.,1.,0.));
#287 = ORIENTED_EDGE('',*,*,#288,.T.);
#288 = EDGE_CURVE('',#281,#289,#291,.T.);
#289 = VERTEX_POINT('',#290);
#290 = CARTESIAN_POINT('',(26.5,0.5,-0.54));
#291 = LINE('',#292,#293);
#292 = CARTESIAN_POINT('',(26.5,0.5,1.46));
#293 = VECTOR('',#294,1.);
#294 = DIRECTION('',(-0.,-0.,-1.));
#295 = ORIENTED_EDGE('',*,*,#296,.T.);
#296 = EDGE_CURVE('',#289,#72,#297,.T.);
#297 = LINE('',#298,#299);
#298 = CARTESIAN_POINT('',(26.5,0.5,-0.54));
#299 = VECTOR('',#300,1.);
#300 = DIRECTION('',(0.,-1.,0.));
#301 = ORIENTED_EDGE('',*,*,#79,.F.);
#302 = ORIENTED_EDGE('',*,*,#102,.F.);
#303 = ORIENTED_EDGE('',*,*,#304,.T.);
#304 = EDGE_CURVE('',#103,#279,#305,.T.);
#305 = LINE('',#306,#307);
#306 = CARTESIAN_POINT('',(26.5,0.,0.73));
#307 = VECTOR('',#308,1.);
#308 = DIRECTION('',(-0.,-0.,-1.));
#309 = PLANE('',#310);
#310 = AXIS2_PLACEMENT_3D('',#311,#312,#313);
#311 = CARTESIAN_POINT('',(26.5,0.5,1.46));
#312 = DIRECTION('',(-1.,0.,0.));
#313 = DIRECTION('',(0.,-1.,0.));
#314 = ADVANCED_FACE('',(#315),#333,.T.);
#315 = FACE_BOUND('',#316,.T.);
#316 = EDGE_LOOP('',(#317,#318,#326,#332));
#317 = ORIENTED_EDGE('',*,*,#71,.T.);
#318 = ORIENTED_EDGE('',*,*,#319,.T.);
#319 = EDGE_CURVE('',#64,#320,#322,.T.);
#320 = VERTEX_POINT('',#321);
#321 = CARTESIAN_POINT('',(36.5,0.5,-0.54));
#322 = LINE('',#323,#324);
#323 = CARTESIAN_POINT('',(36.5,-5.,-0.54));
#324 = VECTOR('',#325,1.);
#325 = DIRECTION('',(0.,1.,0.));
#326 = ORIENTED_EDGE('',*,*,#327,.T.);
#327 = EDGE_CURVE('',#320,#289,#328,.T.);
#328 = LINE('',#329,#330);
#329 = CARTESIAN_POINT('',(36.5,0.5,-0.54));
#330 = VECTOR('',#331,1.);
#331 = DIRECTION('',(-1.,0.,0.));
#332 = ORIENTED_EDGE('',*,*,#296,.T.);
#333 = PLANE('',#334);
#334 = AXIS2_PLACEMENT_3D('',#335,#336,#337);
#335 = CARTESIAN_POINT('',(31.5,-2.25,-0.54));
#336 = DIRECTION('',(0.,0.,1.));
#337 = DIRECTION('',(1.,0.,0.));
#338 = ADVANCED_FACE('',(#339),#366,.F.);
#339 = FACE_BOUND('',#340,.F.);
#340 = EDGE_LOOP('',(#341,#342,#343,#344,#352,#360));
#341 = ORIENTED_EDGE('',*,*,#249,.F.);
#342 = ORIENTED_EDGE('',*,*,#63,.T.);
#343 = ORIENTED_EDGE('',*,*,#319,.T.);
#344 = ORIENTED_EDGE('',*,*,#345,.F.);
#345 = EDGE_CURVE('',#346,#320,#348,.T.);
#346 = VERTEX_POINT('',#347);
#347 = CARTESIAN_POINT('',(36.5,0.5,0.));
#348 = LINE('',#349,#350);
#349 = CARTESIAN_POINT('',(36.5,0.5,1.46));
#350 = VECTOR('',#351,1.);
#351 = DIRECTION('',(-0.,-0.,-1.));
#352 = ORIENTED_EDGE('',*,*,#353,.T.);
#353 = EDGE_CURVE('',#346,#354,#356,.T.);
#354 = VERTEX_POINT('',#355);
#355 = CARTESIAN_POINT('',(36.5,0.,0.));
#356 = LINE('',#357,#358);
#357 = CARTESIAN_POINT('',(36.5,15.5,0.));
#358 = VECTOR('',#359,1.);
#359 = DIRECTION('',(0.,-1.,0.));
#360 = ORIENTED_EDGE('',*,*,#361,.T.);
#361 = EDGE_CURVE('',#354,#242,#362,.T.);
#362 = LINE('',#363,#364);
#363 = CARTESIAN_POINT('',(36.5,0.,0.73));
#364 = VECTOR('',#365,1.);
#365 = DIRECTION('',(0.,0.,1.));
#366 = PLANE('',#367);
#367 = AXIS2_PLACEMENT_3D('',#368,#369,#370);
#368 = CARTESIAN_POINT('',(36.5,-5.,1.46));
#369 = DIRECTION('',(1.,0.,0.));
#370 = DIRECTION('',(0.,1.,0.));
#371 = ADVANCED_FACE('',(#372),#390,.T.);
#372 = FACE_BOUND('',#373,.T.);
#373 = EDGE_LOOP('',(#374,#375,#383,#389));
#374 = ORIENTED_EDGE('',*,*,#47,.T.);
#375 = ORIENTED_EDGE('',*,*,#376,.T.);
#376 = EDGE_CURVE('',#40,#377,#379,.T.);
#377 = VERTEX_POINT('',#378);
#378 = CARTESIAN_POINT('',(68.,90.,-15.));
#379 = LINE('',#380,#381);
#380 = CARTESIAN_POINT('',(68.,-5.,-15.));
#381 = VECTOR('',#382,1.);
#382 = DIRECTION('',(0.,1.,0.));
#383 = ORIENTED_EDGE('',*,*,#384,.F.);
#384 = EDGE_CURVE('',#257,#377,#385,.T.);
#385 = LINE('',#386,#387);
#386 = CARTESIAN_POINT('',(68.,90.,1.46));
#387 = VECTOR('',#388,1.);
#388 = DIRECTION('',(-0.,-0.,-1.));
#389 = ORIENTED_EDGE('',*,*,#256,.F.);
#390 = PLANE('',#391);
#391 = AXIS2_PLACEMENT_3D('',#392,#393,#394);
#392 = CARTESIAN_POINT('',(68.,-5.,1.46));
#393 = DIRECTION('',(1.,0.,0.));
#394 = DIRECTION('',(0.,1.,0.));
#395 = ADVANCED_FACE('',(#396,#414,#425,#436,#447,#458,#469),#480,.F.);
#396 = FACE_BOUND('',#397,.F.);
#397 = EDGE_LOOP('',(#398,#399,#400,#408));
#398 = ORIENTED_EDGE('',*,*,#39,.T.);
#399 = ORIENTED_EDGE('',*,*,#376,.T.);
#400 = ORIENTED_EDGE('',*,*,#401,.T.);
#401 = EDGE_CURVE('',#377,#402,#404,.T.);
#402 = VERTEX_POINT('',#403);
#403 = CARTESIAN_POINT('',(-5.,90.,-15.));
#404 = LINE('',#405,#406);
#405 = CARTESIAN_POINT('',(68.,90.,-15.));
#406 = VECTOR('',#407,1.);
#407 = DIRECTION('',(-1.,0.,0.));
#408 = ORIENTED_EDGE('',*,*,#409,.T.);
#409 = EDGE_CURVE('',#402,#32,#410,.T.);
#410 = LINE('',#411,#412);
#411 = CARTESIAN_POINT('',(-5.,90.,-15.));
#412 = VECTOR('',#413,1.);
#413 = DIRECTION('',(0.,-1.,0.));
#414 = FACE_BOUND('',#415,.F.);
#415 = EDGE_LOOP('',(#416));
#416 = ORIENTED_EDGE('',*,*,#417,.F.);
#417 = EDGE_CURVE('',#418,#418,#420,.T.);
#418 = VERTEX_POINT('',#419);
#419 = CARTESIAN_POINT('',(13.25,52.5,-15.));
#420 = CIRCLE('',#421,3.75);
#421 = AXIS2_PLACEMENT_3D('',#422,#423,#424);
#422 = CARTESIAN_POINT('',(9.5,52.5,-15.));
#423 = DIRECTION('',(0.,0.,1.));
#424 = DIRECTION('',(1.,0.,0.));
#425 = FACE_BOUND('',#426,.F.);
#426 = EDGE_LOOP('',(#427));
#427 = ORIENTED_EDGE('',*,*,#428,.F.);
#428 = EDGE_CURVE('',#429,#429,#431,.T.);
#429 = VERTEX_POINT('',#430);
#430 = CARTESIAN_POINT('',(35.25,52.5,-15.));
#431 = CIRCLE('',#432,3.75);
#432 = AXIS2_PLACEMENT_3D('',#433,#434,#435);
#433 = CARTESIAN_POINT('',(31.5,52.5,-15.));
#434 = DIRECTION('',(0.,0.,1.));
#435 = DIRECTION('',(1.,0.,0.));
#436 = FACE_BOUND('',#437,.F.);
#437 = EDGE_LOOP('',(#438));
#438 = ORIENTED_EDGE('',*,*,#439,.F.);
#439 = EDGE_CURVE('',#440,#440,#442,.T.);
#440 = VERTEX_POINT('',#441);
#441 = CARTESIAN_POINT('',(57.25,52.5,-15.));
#442 = CIRCLE('',#443,3.75);
#443 = AXIS2_PLACEMENT_3D('',#444,#445,#446);
#444 = CARTESIAN_POINT('',(53.5,52.5,-15.));
#445 = DIRECTION('',(0.,0.,1.));
#446 = DIRECTION('',(1.,0.,0.));
#447 = FACE_BOUND('',#448,.F.);
#448 = EDGE_LOOP('',(#449));
#449 = ORIENTED_EDGE('',*,*,#450,.F.);
#450 = EDGE_CURVE('',#451,#451,#453,.T.);
#451 = VERTEX_POINT('',#452);
#452 = CARTESIAN_POINT('',(13.25,78.5,-15.));
#453 = CIRCLE('',#454,3.75);
#454 = AXIS2_PLACEMENT_3D('',#455,#456,#457);
#455 = CARTESIAN_POINT('',(9.5,78.5,-15.));
#456 = DIRECTION('',(0.,0.,1.));
#457 = DIRECTION('',(1.,0.,0.));
#458 = FACE_BOUND('',#459,.F.);
#459 = EDGE_LOOP('',(#460));
#460 = ORIENTED_EDGE('',*,*,#461,.F.);
#461 = EDGE_CURVE('',#462,#462,#464,.T.);
#462 = VERTEX_POINT('',#463);
#463 = CARTESIAN_POINT('',(35.25,78.5,-15.));
#464 = CIRCLE('',#465,3.75);
#465 = AXIS2_PLACEMENT_3D('',#466,#467,#468);
#466 = CARTESIAN_POINT('',(31.5,78.5,-15.));
#467 = DIRECTION('',(0.,0.,1.));
#468 = DIRECTION('',(1.,0.,0.));
#469 = FACE_BOUND('',#470,.F.);
#470 = EDGE_LOOP('',(#471));
#471 = ORIENTED_EDGE('',*,*,#472,.F.);
#472 = EDGE_CURVE('',#473,#473,#475,.T.);
#473 = VERTEX_POINT('',#474);
#474 = CARTESIAN_POINT('',(57.25,78.5,-15.));
#475 = CIRCLE('',#476,3.75);
#476 = AXIS2_PLACEMENT_3D('',#477,#478,#479);
#477 = CARTESIAN_POINT('',(53.5,78.5,-15.));
#478 = DIRECTION('',(0.,0.,1.));
#479 = DIRECTION('',(1.,0.,0.));
#480 = PLANE('',#481);
#481 = AXIS2_PLACEMENT_3D('',#482,#483,#484);
#482 = CARTESIAN_POINT('',(31.5,42.5,-15.));
#483 = DIRECTION('',(0.,0.,1.));
#484 = DIRECTION('',(1.,0.,0.));
#485 = ADVANCED_FACE('',(#486),#497,.T.);
#486 = FACE_BOUND('',#487,.T.);
#487 = EDGE_LOOP('',(#488,#494,#495,#496));
#488 = ORIENTED_EDGE('',*,*,#489,.T.);
#489 = EDGE_CURVE('',#94,#402,#490,.T.);
#490 = LINE('',#491,#492);
#491 = CARTESIAN_POINT('',(-5.,90.,1.46));
#492 = VECTOR('',#493,1.);
#493 = DIRECTION('',(-0.,-0.,-1.));
#494 = ORIENTED_EDGE('',*,*,#409,.T.);
#495 = ORIENTED_EDGE('',*,*,#31,.F.);
#496 = ORIENTED_EDGE('',*,*,#93,.F.);
#497 = PLANE('',#498);
#498 = AXIS2_PLACEMENT_3D('',#499,#500,#501);
#499 = CARTESIAN_POINT('',(-5.,90.,1.46));
#500 = DIRECTION('',(-1.,0.,0.));
#501 = DIRECTION('',(0.,-1.,0.));
#502 = ADVANCED_FACE('',(#503),#509,.T.);
#503 = FACE_BOUND('',#504,.T.);
#504 = EDGE_LOOP('',(#505,#506,#507,#508));
#505 = ORIENTED_EDGE('',*,*,#384,.T.);
#506 = ORIENTED_EDGE('',*,*,#401,.T.);
#507 = ORIENTED_EDGE('',*,*,#489,.F.);
#508 = ORIENTED_EDGE('',*,*,#264,.F.);
#509 = PLANE('',#510);
#510 = AXIS2_PLACEMENT_3D('',#511,#512,#513);
#511 = CARTESIAN_POINT('',(68.,90.,1.46));
#512 = DIRECTION('',(0.,1.,0.));
#513 = DIRECTION('',(-1.,0.,0.));
#514 = ADVANCED_FACE('',(#515),#533,.F.);
#515 = FACE_BOUND('',#516,.F.);
#516 = EDGE_LOOP('',(#517,#525,#531,#532));
#517 = ORIENTED_EDGE('',*,*,#518,.F.);
#518 = EDGE_CURVE('',#519,#354,#521,.T.);
#519 = VERTEX_POINT('',#520);
#520 = CARTESIAN_POINT('',(63.,0.,0.));
#521 = LINE('',#522,#523);
#522 = CARTESIAN_POINT('',(63.,0.,0.));
#523 = VECTOR('',#524,1.);
#524 = DIRECTION('',(-1.,0.,0.));
#525 = ORIENTED_EDGE('',*,*,#526,.T.);
#526 = EDGE_CURVE('',#519,#234,#527,.T.);
#527 = LINE('',#528,#529);
#528 = CARTESIAN_POINT('',(63.,0.,0.));
#529 = VECTOR('',#530,1.);
#530 = DIRECTION('',(0.,0.,1.));
#531 = ORIENTED_EDGE('',*,*,#241,.F.);
#532 = ORIENTED_EDGE('',*,*,#361,.F.);
#533 = PLANE('',#534);
#534 = AXIS2_PLACEMENT_3D('',#535,#536,#537);
#535 = CARTESIAN_POINT('',(63.,0.,0.));
#536 = DIRECTION('',(0.,-1.,0.));
#537 = DIRECTION('',(-1.,0.,0.));
#538 = ADVANCED_FACE('',(#539),#557,.F.);
#539 = FACE_BOUND('',#540,.F.);
#540 = EDGE_LOOP('',(#541,#549,#555,#556));
#541 = ORIENTED_EDGE('',*,*,#542,.F.);
#542 = EDGE_CURVE('',#543,#519,#545,.T.);
#543 = VERTEX_POINT('',#544);
#544 = CARTESIAN_POINT('',(63.,72.,0.));
#545 = LINE('',#546,#547);
#546 = CARTESIAN_POINT('',(63.,72.,0.));
#547 = VECTOR('',#548,1.);
#548 = DIRECTION('',(0.,-1.,0.));
#549 = ORIENTED_EDGE('',*,*,#550,.T.);
#550 = EDGE_CURVE('',#543,#226,#551,.T.);
#551 = LINE('',#552,#553);
#552 = CARTESIAN_POINT('',(63.,72.,0.));
#553 = VECTOR('',#554,1.);
#554 = DIRECTION('',(0.,0.,1.));
#555 = ORIENTED_EDGE('',*,*,#233,.F.);
#556 = ORIENTED_EDGE('',*,*,#526,.F.);
#557 = PLANE('',#558);
#558 = AXIS2_PLACEMENT_3D('',#559,#560,#561);
#559 = CARTESIAN_POINT('',(63.,72.,0.));
#560 = DIRECTION('',(1.,0.,0.));
#561 = DIRECTION('',(0.,-1.,0.));
#562 = ADVANCED_FACE('',(#563),#581,.F.);
#563 = FACE_BOUND('',#564,.F.);
#564 = EDGE_LOOP('',(#565,#573,#579,#580));
#565 = ORIENTED_EDGE('',*,*,#566,.F.);
#566 = EDGE_CURVE('',#567,#543,#569,.T.);
#567 = VERTEX_POINT('',#568);
#568 = CARTESIAN_POINT('',(61.2,72.,0.));
#569 = LINE('',#570,#571);
#570 = CARTESIAN_POINT('',(0.,72.,0.));
#571 = VECTOR('',#572,1.);
#572 = DIRECTION('',(1.,0.,0.));
#573 = ORIENTED_EDGE('',*,*,#574,.T.);
#574 = EDGE_CURVE('',#567,#218,#575,.T.);
#575 = LINE('',#576,#577);
#576 = CARTESIAN_POINT('',(61.2,72.,-4.635));
#577 = VECTOR('',#578,1.);
#578 = DIRECTION('',(0.,0.,1.));
#579 = ORIENTED_EDGE('',*,*,#225,.F.);
#580 = ORIENTED_EDGE('',*,*,#550,.F.);
#581 = PLANE('',#582);
#582 = AXIS2_PLACEMENT_3D('',#583,#584,#585);
#583 = CARTESIAN_POINT('',(0.,72.,0.));
#584 = DIRECTION('',(0.,1.,0.));
#585 = DIRECTION('',(1.,0.,0.));
#586 = ADVANCED_FACE('',(#587),#621,.T.);
#587 = FACE_BOUND('',#588,.T.);
#588 = EDGE_LOOP('',(#589,#599,#607,#613,#614,#615));
#589 = ORIENTED_EDGE('',*,*,#590,.F.);
#590 = EDGE_CURVE('',#591,#593,#595,.T.);
#591 = VERTEX_POINT('',#592);
#592 = CARTESIAN_POINT('',(61.2,61.4,-9.27));
#593 = VERTEX_POINT('',#594);
#594 = CARTESIAN_POINT('',(61.2,74.9,-9.27));
#595 = LINE('',#596,#597);
#596 = CARTESIAN_POINT('',(61.2,61.4,-9.27));
#597 = VECTOR('',#598,1.);
#598 = DIRECTION('',(0.,1.,0.));
#599 = ORIENTED_EDGE('',*,*,#600,.T.);
#600 = EDGE_CURVE('',#591,#601,#603,.T.);
#601 = VERTEX_POINT('',#602);
#602 = CARTESIAN_POINT('',(61.2,61.4,0.));
#603 = LINE('',#604,#605);
#604 = CARTESIAN_POINT('',(61.2,61.4,-9.27));
#605 = VECTOR('',#606,1.);
#606 = DIRECTION('',(0.,0.,1.));
#607 = ORIENTED_EDGE('',*,*,#608,.T.);
#608 = EDGE_CURVE('',#601,#567,#609,.T.);
#609 = LINE('',#610,#611);
#610 = CARTESIAN_POINT('',(61.2,48.7,0.));
#611 = VECTOR('',#612,1.);
#612 = DIRECTION('',(0.,1.,0.));
#613 = ORIENTED_EDGE('',*,*,#574,.T.);
#614 = ORIENTED_EDGE('',*,*,#217,.F.);
#615 = ORIENTED_EDGE('',*,*,#616,.F.);
#616 = EDGE_CURVE('',#593,#209,#617,.T.);
#617 = LINE('',#618,#619);
#618 = CARTESIAN_POINT('',(61.2,74.9,-9.27));
#619 = VECTOR('',#620,1.);
#620 = DIRECTION('',(0.,0.,1.));
#621 = PLANE('',#622);
#622 = AXIS2_PLACEMENT_3D('',#623,#624,#625);
#623 = CARTESIAN_POINT('',(61.2,61.4,-9.27));
#624 = DIRECTION('',(-1.,0.,0.));
#625 = DIRECTION('',(0.,1.,0.));
#626 = ADVANCED_FACE('',(#627),#748,.F.);
#627 = FACE_BOUND('',#628,.T.);
#628 = EDGE_LOOP('',(#629,#640,#648,#657,#665,#672,#673,#674,#682,#691,
    #699,#708,#716,#725,#733,#742));
#629 = ORIENTED_EDGE('',*,*,#630,.F.);
#630 = EDGE_CURVE('',#631,#633,#635,.T.);
#631 = VERTEX_POINT('',#632);
#632 = CARTESIAN_POINT('',(61.850236588295,76.911431802064,-13.57));
#633 = VERTEX_POINT('',#634);
#634 = CARTESIAN_POINT('',(61.850236588295,80.088568197936,-13.57));
#635 = CIRCLE('',#636,8.5);
#636 = AXIS2_PLACEMENT_3D('',#637,#638,#639);
#637 = CARTESIAN_POINT('',(53.5,78.5,-13.57));
#638 = DIRECTION('',(0.,0.,1.));
#639 = DIRECTION('',(1.,0.,0.));
#640 = ORIENTED_EDGE('',*,*,#641,.F.);
#641 = EDGE_CURVE('',#642,#631,#644,.T.);
#642 = VERTEX_POINT('',#643);
#643 = CARTESIAN_POINT('',(61.850236588295,76.911431802064,-10.57));
#644 = LINE('',#645,#646);
#645 = CARTESIAN_POINT('',(61.850236588295,76.911431802064,-10.57));
#646 = VECTOR('',#647,1.);
#647 = DIRECTION('',(-0.,-0.,-1.));
#648 = ORIENTED_EDGE('',*,*,#649,.F.);
#649 = EDGE_CURVE('',#650,#642,#652,.T.);
#650 = VERTEX_POINT('',#651);
#651 = CARTESIAN_POINT('',(59.713694553162,72.7,-10.57));
#652 = CIRCLE('',#653,8.5);
#653 = AXIS2_PLACEMENT_3D('',#654,#655,#656);
#654 = CARTESIAN_POINT('',(53.5,78.5,-10.57));
#655 = DIRECTION('',(0.,0.,1.));
#656 = DIRECTION('',(1.,0.,0.));
#657 = ORIENTED_EDGE('',*,*,#658,.F.);
#658 = EDGE_CURVE('',#659,#650,#661,.T.);
#659 = VERTEX_POINT('',#660);
#660 = CARTESIAN_POINT('',(59.713694553162,72.7,-9.27));
#661 = LINE('',#662,#663);
#662 = CARTESIAN_POINT('',(59.713694553162,72.7,-9.27));
#663 = VECTOR('',#664,1.);
#664 = DIRECTION('',(-0.,-0.,-1.));
#665 = ORIENTED_EDGE('',*,*,#666,.T.);
#666 = EDGE_CURVE('',#659,#593,#667,.T.);
#667 = CIRCLE('',#668,8.5);
#668 = AXIS2_PLACEMENT_3D('',#669,#670,#671);
#669 = CARTESIAN_POINT('',(53.5,78.5,-9.27));
#670 = DIRECTION('',(0.,0.,1.));
#671 = DIRECTION('',(1.,0.,0.));
#672 = ORIENTED_EDGE('',*,*,#616,.T.);
#673 = ORIENTED_EDGE('',*,*,#208,.F.);
#674 = ORIENTED_EDGE('',*,*,#675,.F.);
#675 = EDGE_CURVE('',#676,#201,#678,.T.);
#676 = VERTEX_POINT('',#677);
#677 = CARTESIAN_POINT('',(45.8,74.9,-9.27));
#678 = LINE('',#679,#680);
#679 = CARTESIAN_POINT('',(45.8,74.9,-9.27));
#680 = VECTOR('',#681,1.);
#681 = DIRECTION('',(0.,0.,1.));
#682 = ORIENTED_EDGE('',*,*,#683,.T.);
#683 = EDGE_CURVE('',#676,#684,#686,.T.);
#684 = VERTEX_POINT('',#685);
#685 = CARTESIAN_POINT('',(47.286305446838,72.7,-9.27));
#686 = CIRCLE('',#687,8.5);
#687 = AXIS2_PLACEMENT_3D('',#688,#689,#690);
#688 = CARTESIAN_POINT('',(53.5,78.5,-9.27));
#689 = DIRECTION('',(0.,0.,1.));
#690 = DIRECTION('',(1.,0.,0.));
#691 = ORIENTED_EDGE('',*,*,#692,.T.);
#692 = EDGE_CURVE('',#684,#693,#695,.T.);
#693 = VERTEX_POINT('',#694);
#694 = CARTESIAN_POINT('',(47.286305446838,72.7,-10.57));
#695 = LINE('',#696,#697);
#696 = CARTESIAN_POINT('',(47.286305446838,72.7,-9.27));
#697 = VECTOR('',#698,1.);
#698 = DIRECTION('',(-0.,-0.,-1.));
#699 = ORIENTED_EDGE('',*,*,#700,.F.);
#700 = EDGE_CURVE('',#701,#693,#703,.T.);
#701 = VERTEX_POINT('',#702);
#702 = CARTESIAN_POINT('',(47.286305446838,84.3,-10.57));
#703 = CIRCLE('',#704,8.5);
#704 = AXIS2_PLACEMENT_3D('',#705,#706,#707);
#705 = CARTESIAN_POINT('',(53.5,78.5,-10.57));
#706 = DIRECTION('',(0.,0.,1.));
#707 = DIRECTION('',(1.,0.,0.));
#708 = ORIENTED_EDGE('',*,*,#709,.F.);
#709 = EDGE_CURVE('',#710,#701,#712,.T.);
#710 = VERTEX_POINT('',#711);
#711 = CARTESIAN_POINT('',(47.286305446838,84.3,-9.27));
#712 = LINE('',#713,#714);
#713 = CARTESIAN_POINT('',(47.286305446838,84.3,-9.27));
#714 = VECTOR('',#715,1.);
#715 = DIRECTION('',(-0.,-0.,-1.));
#716 = ORIENTED_EDGE('',*,*,#717,.F.);
#717 = EDGE_CURVE('',#718,#710,#720,.T.);
#718 = VERTEX_POINT('',#719);
#719 = CARTESIAN_POINT('',(59.713694553162,84.3,-9.27));
#720 = CIRCLE('',#721,8.5);
#721 = AXIS2_PLACEMENT_3D('',#722,#723,#724);
#722 = CARTESIAN_POINT('',(53.5,78.5,-9.27));
#723 = DIRECTION('',(0.,0.,1.));
#724 = DIRECTION('',(1.,0.,0.));
#725 = ORIENTED_EDGE('',*,*,#726,.T.);
#726 = EDGE_CURVE('',#718,#727,#729,.T.);
#727 = VERTEX_POINT('',#728);
#728 = CARTESIAN_POINT('',(59.713694553162,84.3,-10.57));
#729 = LINE('',#730,#731);
#730 = CARTESIAN_POINT('',(59.713694553162,84.3,-9.27));
#731 = VECTOR('',#732,1.);
#732 = DIRECTION('',(-0.,-0.,-1.));
#733 = ORIENTED_EDGE('',*,*,#734,.F.);
#734 = EDGE_CURVE('',#735,#727,#737,.T.);
#735 = VERTEX_POINT('',#736);
#736 = CARTESIAN_POINT('',(61.850236588295,80.088568197936,-10.57));
#737 = CIRCLE('',#738,8.5);
#738 = AXIS2_PLACEMENT_3D('',#739,#740,#741);
#739 = CARTESIAN_POINT('',(53.5,78.5,-10.57));
#740 = DIRECTION('',(0.,0.,1.));
#741 = DIRECTION('',(1.,0.,0.));
#742 = ORIENTED_EDGE('',*,*,#743,.T.);
#743 = EDGE_CURVE('',#735,#633,#744,.T.);
#744 = LINE('',#745,#746);
#745 = CARTESIAN_POINT('',(61.850236588295,80.088568197936,-10.57));
#746 = VECTOR('',#747,1.);
#747 = DIRECTION('',(-0.,-0.,-1.));
#748 = CYLINDRICAL_SURFACE('',#749,8.5);
#749 = AXIS2_PLACEMENT_3D('',#750,#751,#752);
#750 = CARTESIAN_POINT('',(53.5,78.5,-9.27));
#751 = DIRECTION('',(-0.,-0.,-1.));
#752 = DIRECTION('',(1.,0.,0.));
#753 = ADVANCED_FACE('',(#754),#788,.T.);
#754 = FACE_BOUND('',#755,.T.);
#755 = EDGE_LOOP('',(#756,#764,#765,#766,#774,#782));
#756 = ORIENTED_EDGE('',*,*,#757,.F.);
#757 = EDGE_CURVE('',#676,#758,#760,.T.);
#758 = VERTEX_POINT('',#759);
#759 = CARTESIAN_POINT('',(45.8,61.4,-9.27));
#760 = LINE('',#761,#762);
#761 = CARTESIAN_POINT('',(45.8,74.9,-9.27));
#762 = VECTOR('',#763,1.);
#763 = DIRECTION('',(0.,-1.,0.));
#764 = ORIENTED_EDGE('',*,*,#675,.T.);
#765 = ORIENTED_EDGE('',*,*,#200,.F.);
#766 = ORIENTED_EDGE('',*,*,#767,.T.);
#767 = EDGE_CURVE('',#193,#768,#770,.T.);
#768 = VERTEX_POINT('',#769);
#769 = CARTESIAN_POINT('',(45.8,72.,0.));
#770 = LINE('',#771,#772);
#771 = CARTESIAN_POINT('',(45.8,72.,-4.635));
#772 = VECTOR('',#773,1.);
#773 = DIRECTION('',(0.,0.,-1.));
#774 = ORIENTED_EDGE('',*,*,#775,.T.);
#775 = EDGE_CURVE('',#768,#776,#778,.T.);
#776 = VERTEX_POINT('',#777);
#777 = CARTESIAN_POINT('',(45.8,61.4,0.));
#778 = LINE('',#779,#780);
#779 = CARTESIAN_POINT('',(45.8,55.45,0.));
#780 = VECTOR('',#781,1.);
#781 = DIRECTION('',(0.,-1.,0.));
#782 = ORIENTED_EDGE('',*,*,#783,.F.);
#783 = EDGE_CURVE('',#758,#776,#784,.T.);
#784 = LINE('',#785,#786);
#785 = CARTESIAN_POINT('',(45.8,61.4,-9.27));
#786 = VECTOR('',#787,1.);
#787 = DIRECTION('',(0.,0.,1.));
#788 = PLANE('',#789);
#789 = AXIS2_PLACEMENT_3D('',#790,#791,#792);
#790 = CARTESIAN_POINT('',(45.8,74.9,-9.27));
#791 = DIRECTION('',(1.,0.,0.));
#792 = DIRECTION('',(0.,-1.,0.));
#793 = ADVANCED_FACE('',(#794),#812,.F.);
#794 = FACE_BOUND('',#795,.F.);
#795 = EDGE_LOOP('',(#796,#804,#810,#811));
#796 = ORIENTED_EDGE('',*,*,#797,.F.);
#797 = EDGE_CURVE('',#798,#768,#800,.T.);
#798 = VERTEX_POINT('',#799);
#799 = CARTESIAN_POINT('',(39.2,72.,0.));
#800 = LINE('',#801,#802);
#801 = CARTESIAN_POINT('',(0.,72.,0.));
#802 = VECTOR('',#803,1.);
#803 = DIRECTION('',(1.,0.,0.));
#804 = ORIENTED_EDGE('',*,*,#805,.T.);
#805 = EDGE_CURVE('',#798,#185,#806,.T.);
#806 = LINE('',#807,#808);
#807 = CARTESIAN_POINT('',(39.2,72.,-4.635));
#808 = VECTOR('',#809,1.);
#809 = DIRECTION('',(0.,0.,1.));
#810 = ORIENTED_EDGE('',*,*,#192,.F.);
#811 = ORIENTED_EDGE('',*,*,#767,.T.);
#812 = PLANE('',#813);
#813 = AXIS2_PLACEMENT_3D('',#814,#815,#816);
#814 = CARTESIAN_POINT('',(0.,72.,0.));
#815 = DIRECTION('',(0.,1.,0.));
#816 = DIRECTION('',(1.,0.,0.));
#817 = ADVANCED_FACE('',(#818),#852,.T.);
#818 = FACE_BOUND('',#819,.T.);
#819 = EDGE_LOOP('',(#820,#830,#838,#844,#845,#846));
#820 = ORIENTED_EDGE('',*,*,#821,.F.);
#821 = EDGE_CURVE('',#822,#824,#826,.T.);
#822 = VERTEX_POINT('',#823);
#823 = CARTESIAN_POINT('',(39.2,61.4,-9.27));
#824 = VERTEX_POINT('',#825);
#825 = CARTESIAN_POINT('',(39.2,74.9,-9.27));
#826 = LINE('',#827,#828);
#827 = CARTESIAN_POINT('',(39.2,61.4,-9.27));
#828 = VECTOR('',#829,1.);
#829 = DIRECTION('',(0.,1.,0.));
#830 = ORIENTED_EDGE('',*,*,#831,.T.);
#831 = EDGE_CURVE('',#822,#832,#834,.T.);
#832 = VERTEX_POINT('',#833);
#833 = CARTESIAN_POINT('',(39.2,61.4,0.));
#834 = LINE('',#835,#836);
#835 = CARTESIAN_POINT('',(39.2,61.4,-9.27));
#836 = VECTOR('',#837,1.);
#837 = DIRECTION('',(0.,0.,1.));
#838 = ORIENTED_EDGE('',*,*,#839,.T.);
#839 = EDGE_CURVE('',#832,#798,#840,.T.);
#840 = LINE('',#841,#842);
#841 = CARTESIAN_POINT('',(39.2,48.7,0.));
#842 = VECTOR('',#843,1.);
#843 = DIRECTION('',(0.,1.,0.));
#844 = ORIENTED_EDGE('',*,*,#805,.T.);
#845 = ORIENTED_EDGE('',*,*,#184,.F.);
#846 = ORIENTED_EDGE('',*,*,#847,.F.);
#847 = EDGE_CURVE('',#824,#176,#848,.T.);
#848 = LINE('',#849,#850);
#849 = CARTESIAN_POINT('',(39.2,74.9,-9.27));
#850 = VECTOR('',#851,1.);
#851 = DIRECTION('',(0.,0.,1.));
#852 = PLANE('',#853);
#853 = AXIS2_PLACEMENT_3D('',#854,#855,#856);
#854 = CARTESIAN_POINT('',(39.2,61.4,-9.27));
#855 = DIRECTION('',(-1.,0.,0.));
#856 = DIRECTION('',(0.,1.,0.));
#857 = ADVANCED_FACE('',(#858),#979,.F.);
#858 = FACE_BOUND('',#859,.T.);
#859 = EDGE_LOOP('',(#860,#871,#879,#888,#896,#903,#904,#905,#913,#922,
    #930,#939,#947,#956,#964,#973));
#860 = ORIENTED_EDGE('',*,*,#861,.F.);
#861 = EDGE_CURVE('',#862,#864,#866,.T.);
#862 = VERTEX_POINT('',#863);
#863 = CARTESIAN_POINT('',(39.850236588295,76.911431802064,-13.57));
#864 = VERTEX_POINT('',#865);
#865 = CARTESIAN_POINT('',(39.850236588295,80.088568197936,-13.57));
#866 = CIRCLE('',#867,8.5);
#867 = AXIS2_PLACEMENT_3D('',#868,#869,#870);
#868 = CARTESIAN_POINT('',(31.5,78.5,-13.57));
#869 = DIRECTION('',(0.,0.,1.));
#870 = DIRECTION('',(1.,0.,0.));
#871 = ORIENTED_EDGE('',*,*,#872,.F.);
#872 = EDGE_CURVE('',#873,#862,#875,.T.);
#873 = VERTEX_POINT('',#874);
#874 = CARTESIAN_POINT('',(39.850236588295,76.911431802064,-10.57));
#875 = LINE('',#876,#877);
#876 = CARTESIAN_POINT('',(39.850236588295,76.911431802064,-10.57));
#877 = VECTOR('',#878,1.);
#878 = DIRECTION('',(-0.,-0.,-1.));
#879 = ORIENTED_EDGE('',*,*,#880,.F.);
#880 = EDGE_CURVE('',#881,#873,#883,.T.);
#881 = VERTEX_POINT('',#882);
#882 = CARTESIAN_POINT('',(37.713694553162,72.7,-10.57));
#883 = CIRCLE('',#884,8.5);
#884 = AXIS2_PLACEMENT_3D('',#885,#886,#887);
#885 = CARTESIAN_POINT('',(31.5,78.5,-10.57));
#886 = DIRECTION('',(0.,0.,1.));
#887 = DIRECTION('',(1.,0.,0.));
#888 = ORIENTED_EDGE('',*,*,#889,.F.);
#889 = EDGE_CURVE('',#890,#881,#892,.T.);
#890 = VERTEX_POINT('',#891);
#891 = CARTESIAN_POINT('',(37.713694553162,72.7,-9.27));
#892 = LINE('',#893,#894);
#893 = CARTESIAN_POINT('',(37.713694553162,72.7,-9.27));
#894 = VECTOR('',#895,1.);
#895 = DIRECTION('',(-0.,-0.,-1.));
#896 = ORIENTED_EDGE('',*,*,#897,.T.);
#897 = EDGE_CURVE('',#890,#824,#898,.T.);
#898 = CIRCLE('',#899,8.5);
#899 = AXIS2_PLACEMENT_3D('',#900,#901,#902);
#900 = CARTESIAN_POINT('',(31.5,78.5,-9.27));
#901 = DIRECTION('',(0.,0.,1.));
#902 = DIRECTION('',(1.,0.,0.));
#903 = ORIENTED_EDGE('',*,*,#847,.T.);
#904 = ORIENTED_EDGE('',*,*,#175,.F.);
#905 = ORIENTED_EDGE('',*,*,#906,.F.);
#906 = EDGE_CURVE('',#907,#168,#909,.T.);
#907 = VERTEX_POINT('',#908);
#908 = CARTESIAN_POINT('',(23.8,74.9,-9.27));
#909 = LINE('',#910,#911);
#910 = CARTESIAN_POINT('',(23.8,74.9,-9.27));
#911 = VECTOR('',#912,1.);
#912 = DIRECTION('',(0.,0.,1.));
#913 = ORIENTED_EDGE('',*,*,#914,.T.);
#914 = EDGE_CURVE('',#907,#915,#917,.T.);
#915 = VERTEX_POINT('',#916);
#916 = CARTESIAN_POINT('',(25.286305446838,72.7,-9.27));
#917 = CIRCLE('',#918,8.5);
#918 = AXIS2_PLACEMENT_3D('',#919,#920,#921);
#919 = CARTESIAN_POINT('',(31.5,78.5,-9.27));
#920 = DIRECTION('',(0.,0.,1.));
#921 = DIRECTION('',(1.,0.,0.));
#922 = ORIENTED_EDGE('',*,*,#923,.T.);
#923 = EDGE_CURVE('',#915,#924,#926,.T.);
#924 = VERTEX_POINT('',#925);
#925 = CARTESIAN_POINT('',(25.286305446838,72.7,-10.57));
#926 = LINE('',#927,#928);
#927 = CARTESIAN_POINT('',(25.286305446838,72.7,-9.27));
#928 = VECTOR('',#929,1.);
#929 = DIRECTION('',(-0.,-0.,-1.));
#930 = ORIENTED_EDGE('',*,*,#931,.F.);
#931 = EDGE_CURVE('',#932,#924,#934,.T.);
#932 = VERTEX_POINT('',#933);
#933 = CARTESIAN_POINT('',(25.286305446838,84.3,-10.57));
#934 = CIRCLE('',#935,8.5);
#935 = AXIS2_PLACEMENT_3D('',#936,#937,#938);
#936 = CARTESIAN_POINT('',(31.5,78.5,-10.57));
#937 = DIRECTION('',(0.,0.,1.));
#938 = DIRECTION('',(1.,0.,0.));
#939 = ORIENTED_EDGE('',*,*,#940,.F.);
#940 = EDGE_CURVE('',#941,#932,#943,.T.);
#941 = VERTEX_POINT('',#942);
#942 = CARTESIAN_POINT('',(25.286305446838,84.3,-9.27));
#943 = LINE('',#944,#945);
#944 = CARTESIAN_POINT('',(25.286305446838,84.3,-9.27));
#945 = VECTOR('',#946,1.);
#946 = DIRECTION('',(-0.,-0.,-1.));
#947 = ORIENTED_EDGE('',*,*,#948,.F.);
#948 = EDGE_CURVE('',#949,#941,#951,.T.);
#949 = VERTEX_POINT('',#950);
#950 = CARTESIAN_POINT('',(37.713694553162,84.3,-9.27));
#951 = CIRCLE('',#952,8.5);
#952 = AXIS2_PLACEMENT_3D('',#953,#954,#955);
#953 = CARTESIAN_POINT('',(31.5,78.5,-9.27));
#954 = DIRECTION('',(0.,0.,1.));
#955 = DIRECTION('',(1.,0.,0.));
#956 = ORIENTED_EDGE('',*,*,#957,.T.);
#957 = EDGE_CURVE('',#949,#958,#960,.T.);
#958 = VERTEX_POINT('',#959);
#959 = CARTESIAN_POINT('',(37.713694553162,84.3,-10.57));
#960 = LINE('',#961,#962);
#961 = CARTESIAN_POINT('',(37.713694553162,84.3,-9.27));
#962 = VECTOR('',#963,1.);
#963 = DIRECTION('',(-0.,-0.,-1.));
#964 = ORIENTED_EDGE('',*,*,#965,.F.);
#965 = EDGE_CURVE('',#966,#958,#968,.T.);
#966 = VERTEX_POINT('',#967);
#967 = CARTESIAN_POINT('',(39.850236588295,80.088568197936,-10.57));
#968 = CIRCLE('',#969,8.5);
#969 = AXIS2_PLACEMENT_3D('',#970,#971,#972);
#970 = CARTESIAN_POINT('',(31.5,78.5,-10.57));
#971 = DIRECTION('',(0.,0.,1.));
#972 = DIRECTION('',(1.,0.,0.));
#973 = ORIENTED_EDGE('',*,*,#974,.T.);
#974 = EDGE_CURVE('',#966,#864,#975,.T.);
#975 = LINE('',#976,#977);
#976 = CARTESIAN_POINT('',(39.850236588295,80.088568197936,-10.57));
#977 = VECTOR('',#978,1.);
#978 = DIRECTION('',(-0.,-0.,-1.));
#979 = CYLINDRICAL_SURFACE('',#980,8.5);
#980 = AXIS2_PLACEMENT_3D('',#981,#982,#983);
#981 = CARTESIAN_POINT('',(31.5,78.5,-9.27));
#982 = DIRECTION('',(-0.,-0.,-1.));
#983 = DIRECTION('',(1.,0.,0.));
#984 = ADVANCED_FACE('',(#985),#1019,.T.);
#985 = FACE_BOUND('',#986,.T.);
#986 = EDGE_LOOP('',(#987,#995,#996,#997,#1005,#1013));
#987 = ORIENTED_EDGE('',*,*,#988,.F.);
#988 = EDGE_CURVE('',#907,#989,#991,.T.);
#989 = VERTEX_POINT('',#990);
#990 = CARTESIAN_POINT('',(23.8,61.4,-9.27));
#991 = LINE('',#992,#993);
#992 = CARTESIAN_POINT('',(23.8,74.9,-9.27));
#993 = VECTOR('',#994,1.);
#994 = DIRECTION('',(0.,-1.,0.));
#995 = ORIENTED_EDGE('',*,*,#906,.T.);
#996 = ORIENTED_EDGE('',*,*,#167,.F.);
#997 = ORIENTED_EDGE('',*,*,#998,.T.);
#998 = EDGE_CURVE('',#160,#999,#1001,.T.);
#999 = VERTEX_POINT('',#1000);
#1000 = CARTESIAN_POINT('',(23.8,72.,0.));
#1001 = LINE('',#1002,#1003);
#1002 = CARTESIAN_POINT('',(23.8,72.,-4.635));
#1003 = VECTOR('',#1004,1.);
#1004 = DIRECTION('',(0.,0.,-1.));
#1005 = ORIENTED_EDGE('',*,*,#1006,.T.);
#1006 = EDGE_CURVE('',#999,#1007,#1009,.T.);
#1007 = VERTEX_POINT('',#1008);
#1008 = CARTESIAN_POINT('',(23.8,61.4,0.));
#1009 = LINE('',#1010,#1011);
#1010 = CARTESIAN_POINT('',(23.8,55.45,0.));
#1011 = VECTOR('',#1012,1.);
#1012 = DIRECTION('',(0.,-1.,0.));
#1013 = ORIENTED_EDGE('',*,*,#1014,.F.);
#1014 = EDGE_CURVE('',#989,#1007,#1015,.T.);
#1015 = LINE('',#1016,#1017);
#1016 = CARTESIAN_POINT('',(23.8,61.4,-9.27));
#1017 = VECTOR('',#1018,1.);
#1018 = DIRECTION('',(0.,0.,1.));
#1019 = PLANE('',#1020);
#1020 = AXIS2_PLACEMENT_3D('',#1021,#1022,#1023);
#1021 = CARTESIAN_POINT('',(23.8,74.9,-9.27));
#1022 = DIRECTION('',(1.,0.,0.));
#1023 = DIRECTION('',(0.,-1.,0.));
#1024 = ADVANCED_FACE('',(#1025),#1043,.F.);
#1025 = FACE_BOUND('',#1026,.F.);
#1026 = EDGE_LOOP('',(#1027,#1035,#1041,#1042));
#1027 = ORIENTED_EDGE('',*,*,#1028,.F.);
#1028 = EDGE_CURVE('',#1029,#999,#1031,.T.);
#1029 = VERTEX_POINT('',#1030);
#1030 = CARTESIAN_POINT('',(17.2,72.,0.));
#1031 = LINE('',#1032,#1033);
#1032 = CARTESIAN_POINT('',(0.,72.,0.));
#1033 = VECTOR('',#1034,1.);
#1034 = DIRECTION('',(1.,0.,0.));
#1035 = ORIENTED_EDGE('',*,*,#1036,.T.);
#1036 = EDGE_CURVE('',#1029,#152,#1037,.T.);
#1037 = LINE('',#1038,#1039);
#1038 = CARTESIAN_POINT('',(17.2,72.,-4.635));
#1039 = VECTOR('',#1040,1.);
#1040 = DIRECTION('',(0.,0.,1.));
#1041 = ORIENTED_EDGE('',*,*,#159,.F.);
#1042 = ORIENTED_EDGE('',*,*,#998,.T.);
#1043 = PLANE('',#1044);
#1044 = AXIS2_PLACEMENT_3D('',#1045,#1046,#1047);
#1045 = CARTESIAN_POINT('',(0.,72.,0.));
#1046 = DIRECTION('',(0.,1.,0.));
#1047 = DIRECTION('',(1.,0.,0.));
#1048 = ADVANCED_FACE('',(#1049),#1083,.T.);
#1049 = FACE_BOUND('',#1050,.T.);
#1050 = EDGE_LOOP('',(#1051,#1061,#1069,#1075,#1076,#1077));
#1051 = ORIENTED_EDGE('',*,*,#1052,.F.);
#1052 = EDGE_CURVE('',#1053,#1055,#1057,.T.);
#1053 = VERTEX_POINT('',#1054);
#1054 = CARTESIAN_POINT('',(17.2,61.4,-9.27));
#1055 = VERTEX_POINT('',#1056);
#1056 = CARTESIAN_POINT('',(17.2,74.9,-9.27));
#1057 = LINE('',#1058,#1059);
#1058 = CARTESIAN_POINT('',(17.2,61.4,-9.27));
#1059 = VECTOR('',#1060,1.);
#1060 = DIRECTION('',(0.,1.,0.));
#1061 = ORIENTED_EDGE('',*,*,#1062,.T.);
#1062 = EDGE_CURVE('',#1053,#1063,#1065,.T.);
#1063 = VERTEX_POINT('',#1064);
#1064 = CARTESIAN_POINT('',(17.2,61.4,0.));
#1065 = LINE('',#1066,#1067);
#1066 = CARTESIAN_POINT('',(17.2,61.4,-9.27));
#1067 = VECTOR('',#1068,1.);
#1068 = DIRECTION('',(0.,0.,1.));
#1069 = ORIENTED_EDGE('',*,*,#1070,.T.);
#1070 = EDGE_CURVE('',#1063,#1029,#1071,.T.);
#1071 = LINE('',#1072,#1073);
#1072 = CARTESIAN_POINT('',(17.2,48.7,0.));
#1073 = VECTOR('',#1074,1.);
#1074 = DIRECTION('',(0.,1.,0.));
#1075 = ORIENTED_EDGE('',*,*,#1036,.T.);
#1076 = ORIENTED_EDGE('',*,*,#151,.F.);
#1077 = ORIENTED_EDGE('',*,*,#1078,.F.);
#1078 = EDGE_CURVE('',#1055,#143,#1079,.T.);
#1079 = LINE('',#1080,#1081);
#1080 = CARTESIAN_POINT('',(17.2,74.9,-9.27));
#1081 = VECTOR('',#1082,1.);
#1082 = DIRECTION('',(0.,0.,1.));
#1083 = PLANE('',#1084);
#1084 = AXIS2_PLACEMENT_3D('',#1085,#1086,#1087);
#1085 = CARTESIAN_POINT('',(17.2,61.4,-9.27));
#1086 = DIRECTION('',(-1.,0.,0.));
#1087 = DIRECTION('',(0.,1.,0.));
#1088 = ADVANCED_FACE('',(#1089),#1210,.F.);
#1089 = FACE_BOUND('',#1090,.T.);
#1090 = EDGE_LOOP('',(#1091,#1102,#1110,#1119,#1127,#1134,#1135,#1136,
    #1144,#1153,#1161,#1170,#1178,#1187,#1195,#1204));
#1091 = ORIENTED_EDGE('',*,*,#1092,.F.);
#1092 = EDGE_CURVE('',#1093,#1095,#1097,.T.);
#1093 = VERTEX_POINT('',#1094);
#1094 = CARTESIAN_POINT('',(17.850236588295,76.911431802064,-13.57));
#1095 = VERTEX_POINT('',#1096);
#1096 = CARTESIAN_POINT('',(17.850236588295,80.088568197936,-13.57));
#1097 = CIRCLE('',#1098,8.5);
#1098 = AXIS2_PLACEMENT_3D('',#1099,#1100,#1101);
#1099 = CARTESIAN_POINT('',(9.5,78.5,-13.57));
#1100 = DIRECTION('',(0.,0.,1.));
#1101 = DIRECTION('',(1.,0.,0.));
#1102 = ORIENTED_EDGE('',*,*,#1103,.F.);
#1103 = EDGE_CURVE('',#1104,#1093,#1106,.T.);
#1104 = VERTEX_POINT('',#1105);
#1105 = CARTESIAN_POINT('',(17.850236588295,76.911431802064,-10.57));
#1106 = LINE('',#1107,#1108);
#1107 = CARTESIAN_POINT('',(17.850236588295,76.911431802064,-10.57));
#1108 = VECTOR('',#1109,1.);
#1109 = DIRECTION('',(-0.,-0.,-1.));
#1110 = ORIENTED_EDGE('',*,*,#1111,.F.);
#1111 = EDGE_CURVE('',#1112,#1104,#1114,.T.);
#1112 = VERTEX_POINT('',#1113);
#1113 = CARTESIAN_POINT('',(15.713694553162,72.7,-10.57));
#1114 = CIRCLE('',#1115,8.5);
#1115 = AXIS2_PLACEMENT_3D('',#1116,#1117,#1118);
#1116 = CARTESIAN_POINT('',(9.5,78.5,-10.57));
#1117 = DIRECTION('',(0.,0.,1.));
#1118 = DIRECTION('',(1.,0.,0.));
#1119 = ORIENTED_EDGE('',*,*,#1120,.F.);
#1120 = EDGE_CURVE('',#1121,#1112,#1123,.T.);
#1121 = VERTEX_POINT('',#1122);
#1122 = CARTESIAN_POINT('',(15.713694553162,72.7,-9.27));
#1123 = LINE('',#1124,#1125);
#1124 = CARTESIAN_POINT('',(15.713694553162,72.7,-9.27));
#1125 = VECTOR('',#1126,1.);
#1126 = DIRECTION('',(-0.,-0.,-1.));
#1127 = ORIENTED_EDGE('',*,*,#1128,.T.);
#1128 = EDGE_CURVE('',#1121,#1055,#1129,.T.);
#1129 = CIRCLE('',#1130,8.5);
#1130 = AXIS2_PLACEMENT_3D('',#1131,#1132,#1133);
#1131 = CARTESIAN_POINT('',(9.5,78.5,-9.27));
#1132 = DIRECTION('',(0.,0.,1.));
#1133 = DIRECTION('',(1.,0.,0.));
#1134 = ORIENTED_EDGE('',*,*,#1078,.T.);
#1135 = ORIENTED_EDGE('',*,*,#142,.F.);
#1136 = ORIENTED_EDGE('',*,*,#1137,.F.);
#1137 = EDGE_CURVE('',#1138,#135,#1140,.T.);
#1138 = VERTEX_POINT('',#1139);
#1139 = CARTESIAN_POINT('',(1.8,74.9,-9.27));
#1140 = LINE('',#1141,#1142);
#1141 = CARTESIAN_POINT('',(1.8,74.9,-9.27));
#1142 = VECTOR('',#1143,1.);
#1143 = DIRECTION('',(0.,0.,1.));
#1144 = ORIENTED_EDGE('',*,*,#1145,.T.);
#1145 = EDGE_CURVE('',#1138,#1146,#1148,.T.);
#1146 = VERTEX_POINT('',#1147);
#1147 = CARTESIAN_POINT('',(3.286305446838,72.7,-9.27));
#1148 = CIRCLE('',#1149,8.5);
#1149 = AXIS2_PLACEMENT_3D('',#1150,#1151,#1152);
#1150 = CARTESIAN_POINT('',(9.5,78.5,-9.27));
#1151 = DIRECTION('',(0.,0.,1.));
#1152 = DIRECTION('',(1.,0.,0.));
#1153 = ORIENTED_EDGE('',*,*,#1154,.T.);
#1154 = EDGE_CURVE('',#1146,#1155,#1157,.T.);
#1155 = VERTEX_POINT('',#1156);
#1156 = CARTESIAN_POINT('',(3.286305446838,72.7,-10.57));
#1157 = LINE('',#1158,#1159);
#1158 = CARTESIAN_POINT('',(3.286305446838,72.7,-9.27));
#1159 = VECTOR('',#1160,1.);
#1160 = DIRECTION('',(-0.,-0.,-1.));
#1161 = ORIENTED_EDGE('',*,*,#1162,.F.);
#1162 = EDGE_CURVE('',#1163,#1155,#1165,.T.);
#1163 = VERTEX_POINT('',#1164);
#1164 = CARTESIAN_POINT('',(3.286305446838,84.3,-10.57));
#1165 = CIRCLE('',#1166,8.5);
#1166 = AXIS2_PLACEMENT_3D('',#1167,#1168,#1169);
#1167 = CARTESIAN_POINT('',(9.5,78.5,-10.57));
#1168 = DIRECTION('',(0.,0.,1.));
#1169 = DIRECTION('',(1.,0.,0.));
#1170 = ORIENTED_EDGE('',*,*,#1171,.F.);
#1171 = EDGE_CURVE('',#1172,#1163,#1174,.T.);
#1172 = VERTEX_POINT('',#1173);
#1173 = CARTESIAN_POINT('',(3.286305446838,84.3,-9.27));
#1174 = LINE('',#1175,#1176);
#1175 = CARTESIAN_POINT('',(3.286305446838,84.3,-9.27));
#1176 = VECTOR('',#1177,1.);
#1177 = DIRECTION('',(-0.,-0.,-1.));
#1178 = ORIENTED_EDGE('',*,*,#1179,.F.);
#1179 = EDGE_CURVE('',#1180,#1172,#1182,.T.);
#1180 = VERTEX_POINT('',#1181);
#1181 = CARTESIAN_POINT('',(15.713694553162,84.3,-9.27));
#1182 = CIRCLE('',#1183,8.5);
#1183 = AXIS2_PLACEMENT_3D('',#1184,#1185,#1186);
#1184 = CARTESIAN_POINT('',(9.5,78.5,-9.27));
#1185 = DIRECTION('',(0.,0.,1.));
#1186 = DIRECTION('',(1.,0.,0.));
#1187 = ORIENTED_EDGE('',*,*,#1188,.T.);
#1188 = EDGE_CURVE('',#1180,#1189,#1191,.T.);
#1189 = VERTEX_POINT('',#1190);
#1190 = CARTESIAN_POINT('',(15.713694553162,84.3,-10.57));
#1191 = LINE('',#1192,#1193);
#1192 = CARTESIAN_POINT('',(15.713694553162,84.3,-9.27));
#1193 = VECTOR('',#1194,1.);
#1194 = DIRECTION('',(-0.,-0.,-1.));
#1195 = ORIENTED_EDGE('',*,*,#1196,.F.);
#1196 = EDGE_CURVE('',#1197,#1189,#1199,.T.);
#1197 = VERTEX_POINT('',#1198);
#1198 = CARTESIAN_POINT('',(17.850236588295,80.088568197936,-10.57));
#1199 = CIRCLE('',#1200,8.5);
#1200 = AXIS2_PLACEMENT_3D('',#1201,#1202,#1203);
#1201 = CARTESIAN_POINT('',(9.5,78.5,-10.57));
#1202 = DIRECTION('',(0.,0.,1.));
#1203 = DIRECTION('',(1.,0.,0.));
#1204 = ORIENTED_EDGE('',*,*,#1205,.T.);
#1205 = EDGE_CURVE('',#1197,#1095,#1206,.T.);
#1206 = LINE('',#1207,#1208);
#1207 = CARTESIAN_POINT('',(17.850236588295,80.088568197936,-10.57));
#1208 = VECTOR('',#1209,1.);
#1209 = DIRECTION('',(-0.,-0.,-1.));
#1210 = CYLINDRICAL_SURFACE('',#1211,8.5);
#1211 = AXIS2_PLACEMENT_3D('',#1212,#1213,#1214);
#1212 = CARTESIAN_POINT('',(9.5,78.5,-9.27));
#1213 = DIRECTION('',(-0.,-0.,-1.));
#1214 = DIRECTION('',(1.,0.,0.));
#1215 = ADVANCED_FACE('',(#1216),#1250,.T.);
#1216 = FACE_BOUND('',#1217,.T.);
#1217 = EDGE_LOOP('',(#1218,#1226,#1227,#1228,#1236,#1244));
#1218 = ORIENTED_EDGE('',*,*,#1219,.F.);
#1219 = EDGE_CURVE('',#1138,#1220,#1222,.T.);
#1220 = VERTEX_POINT('',#1221);
#1221 = CARTESIAN_POINT('',(1.8,61.4,-9.27));
#1222 = LINE('',#1223,#1224);
#1223 = CARTESIAN_POINT('',(1.8,74.9,-9.27));
#1224 = VECTOR('',#1225,1.);
#1225 = DIRECTION('',(0.,-1.,0.));
#1226 = ORIENTED_EDGE('',*,*,#1137,.T.);
#1227 = ORIENTED_EDGE('',*,*,#134,.F.);
#1228 = ORIENTED_EDGE('',*,*,#1229,.T.);
#1229 = EDGE_CURVE('',#127,#1230,#1232,.T.);
#1230 = VERTEX_POINT('',#1231);
#1231 = CARTESIAN_POINT('',(1.8,72.,0.));
#1232 = LINE('',#1233,#1234);
#1233 = CARTESIAN_POINT('',(1.8,72.,-4.635));
#1234 = VECTOR('',#1235,1.);
#1235 = DIRECTION('',(0.,0.,-1.));
#1236 = ORIENTED_EDGE('',*,*,#1237,.T.);
#1237 = EDGE_CURVE('',#1230,#1238,#1240,.T.);
#1238 = VERTEX_POINT('',#1239);
#1239 = CARTESIAN_POINT('',(1.8,61.4,0.));
#1240 = LINE('',#1241,#1242);
#1241 = CARTESIAN_POINT('',(1.8,55.45,0.));
#1242 = VECTOR('',#1243,1.);
#1243 = DIRECTION('',(0.,-1.,0.));
#1244 = ORIENTED_EDGE('',*,*,#1245,.F.);
#1245 = EDGE_CURVE('',#1220,#1238,#1246,.T.);
#1246 = LINE('',#1247,#1248);
#1247 = CARTESIAN_POINT('',(1.8,61.4,-9.27));
#1248 = VECTOR('',#1249,1.);
#1249 = DIRECTION('',(0.,0.,1.));
#1250 = PLANE('',#1251);
#1251 = AXIS2_PLACEMENT_3D('',#1252,#1253,#1254);
#1252 = CARTESIAN_POINT('',(1.8,74.9,-9.27));
#1253 = DIRECTION('',(1.,0.,0.));
#1254 = DIRECTION('',(0.,-1.,0.));
#1255 = ADVANCED_FACE('',(#1256),#1274,.F.);
#1256 = FACE_BOUND('',#1257,.F.);
#1257 = EDGE_LOOP('',(#1258,#1266,#1272,#1273));
#1258 = ORIENTED_EDGE('',*,*,#1259,.F.);
#1259 = EDGE_CURVE('',#1260,#1230,#1262,.T.);
#1260 = VERTEX_POINT('',#1261);
#1261 = CARTESIAN_POINT('',(0.,72.,0.));
#1262 = LINE('',#1263,#1264);
#1263 = CARTESIAN_POINT('',(0.,72.,0.));
#1264 = VECTOR('',#1265,1.);
#1265 = DIRECTION('',(1.,0.,0.));
#1266 = ORIENTED_EDGE('',*,*,#1267,.T.);
#1267 = EDGE_CURVE('',#1260,#119,#1268,.T.);
#1268 = LINE('',#1269,#1270);
#1269 = CARTESIAN_POINT('',(0.,72.,0.));
#1270 = VECTOR('',#1271,1.);
#1271 = DIRECTION('',(0.,0.,1.));
#1272 = ORIENTED_EDGE('',*,*,#126,.F.);
#1273 = ORIENTED_EDGE('',*,*,#1229,.T.);
#1274 = PLANE('',#1275);
#1275 = AXIS2_PLACEMENT_3D('',#1276,#1277,#1278);
#1276 = CARTESIAN_POINT('',(0.,72.,0.));
#1277 = DIRECTION('',(0.,1.,0.));
#1278 = DIRECTION('',(1.,0.,0.));
#1279 = ADVANCED_FACE('',(#1280),#1298,.F.);
#1280 = FACE_BOUND('',#1281,.F.);
#1281 = EDGE_LOOP('',(#1282,#1290,#1296,#1297));
#1282 = ORIENTED_EDGE('',*,*,#1283,.F.);
#1283 = EDGE_CURVE('',#1284,#1260,#1286,.T.);
#1284 = VERTEX_POINT('',#1285);
#1285 = CARTESIAN_POINT('',(0.,0.,0.));
#1286 = LINE('',#1287,#1288);
#1287 = CARTESIAN_POINT('',(0.,0.,0.));
#1288 = VECTOR('',#1289,1.);
#1289 = DIRECTION('',(0.,1.,0.));
#1290 = ORIENTED_EDGE('',*,*,#1291,.T.);
#1291 = EDGE_CURVE('',#1284,#111,#1292,.T.);
#1292 = LINE('',#1293,#1294);
#1293 = CARTESIAN_POINT('',(0.,0.,0.));
#1294 = VECTOR('',#1295,1.);
#1295 = DIRECTION('',(0.,0.,1.));
#1296 = ORIENTED_EDGE('',*,*,#118,.F.);
#1297 = ORIENTED_EDGE('',*,*,#1267,.F.);
#1298 = PLANE('',#1299);
#1299 = AXIS2_PLACEMENT_3D('',#1300,#1301,#1302);
#1300 = CARTESIAN_POINT('',(0.,0.,0.));
#1301 = DIRECTION('',(-1.,0.,0.));
#1302 = DIRECTION('',(0.,1.,0.));
#1303 = ADVANCED_FACE('',(#1304),#1315,.F.);
#1304 = FACE_BOUND('',#1305,.F.);
#1305 = EDGE_LOOP('',(#1306,#1312,#1313,#1314));
#1306 = ORIENTED_EDGE('',*,*,#1307,.F.);
#1307 = EDGE_CURVE('',#279,#1284,#1308,.T.);
#1308 = LINE('',#1309,#1310);
#1309 = CARTESIAN_POINT('',(63.,0.,0.));
#1310 = VECTOR('',#1311,1.);
#1311 = DIRECTION('',(-1.,0.,0.));
#1312 = ORIENTED_EDGE('',*,*,#304,.F.);
#1313 = ORIENTED_EDGE('',*,*,#110,.F.);
#1314 = ORIENTED_EDGE('',*,*,#1291,.F.);
#1315 = PLANE('',#1316);
#1316 = AXIS2_PLACEMENT_3D('',#1317,#1318,#1319);
#1317 = CARTESIAN_POINT('',(63.,0.,0.));
#1318 = DIRECTION('',(0.,-1.,0.));
#1319 = DIRECTION('',(-1.,0.,0.));
#1320 = ADVANCED_FACE('',(#1321,#1363,#1398,#1496,#1531),#1566,.F.);
#1321 = FACE_BOUND('',#1322,.F.);
#1322 = EDGE_LOOP('',(#1323,#1324,#1325,#1326,#1332,#1333,#1334,#1335,
    #1336,#1337,#1343,#1344,#1345,#1346,#1352,#1353,#1354,#1355,#1361,
    #1362));
#1323 = ORIENTED_EDGE('',*,*,#542,.T.);
#1324 = ORIENTED_EDGE('',*,*,#518,.T.);
#1325 = ORIENTED_EDGE('',*,*,#353,.F.);
#1326 = ORIENTED_EDGE('',*,*,#1327,.F.);
#1327 = EDGE_CURVE('',#281,#346,#1328,.T.);
#1328 = LINE('',#1329,#1330);
#1329 = CARTESIAN_POINT('',(34.,0.5,0.));
#1330 = VECTOR('',#1331,1.);
#1331 = DIRECTION('',(1.,0.,0.));
#1332 = ORIENTED_EDGE('',*,*,#278,.F.);
#1333 = ORIENTED_EDGE('',*,*,#1307,.T.);
#1334 = ORIENTED_EDGE('',*,*,#1283,.T.);
#1335 = ORIENTED_EDGE('',*,*,#1259,.T.);
#1336 = ORIENTED_EDGE('',*,*,#1237,.T.);
#1337 = ORIENTED_EDGE('',*,*,#1338,.T.);
#1338 = EDGE_CURVE('',#1238,#1063,#1339,.T.);
#1339 = LINE('',#1340,#1341);
#1340 = CARTESIAN_POINT('',(16.65,61.4,0.));
#1341 = VECTOR('',#1342,1.);
#1342 = DIRECTION('',(1.,0.,0.));
#1343 = ORIENTED_EDGE('',*,*,#1070,.T.);
#1344 = ORIENTED_EDGE('',*,*,#1028,.T.);
#1345 = ORIENTED_EDGE('',*,*,#1006,.T.);
#1346 = ORIENTED_EDGE('',*,*,#1347,.T.);
#1347 = EDGE_CURVE('',#1007,#832,#1348,.T.);
#1348 = LINE('',#1349,#1350);
#1349 = CARTESIAN_POINT('',(27.65,61.4,0.));
#1350 = VECTOR('',#1351,1.);
#1351 = DIRECTION('',(1.,0.,0.));
#1352 = ORIENTED_EDGE('',*,*,#839,.T.);
#1353 = ORIENTED_EDGE('',*,*,#797,.T.);
#1354 = ORIENTED_EDGE('',*,*,#775,.T.);
#1355 = ORIENTED_EDGE('',*,*,#1356,.T.);
#1356 = EDGE_CURVE('',#776,#601,#1357,.T.);
#1357 = LINE('',#1358,#1359);
#1358 = CARTESIAN_POINT('',(38.65,61.4,0.));
#1359 = VECTOR('',#1360,1.);
#1360 = DIRECTION('',(1.,0.,0.));
#1361 = ORIENTED_EDGE('',*,*,#608,.T.);
#1362 = ORIENTED_EDGE('',*,*,#566,.T.);
#1363 = FACE_BOUND('',#1364,.F.);
#1364 = EDGE_LOOP('',(#1365,#1376,#1384,#1392));
#1365 = ORIENTED_EDGE('',*,*,#1366,.F.);
#1366 = EDGE_CURVE('',#1367,#1369,#1371,.T.);
#1367 = VERTEX_POINT('',#1368);
#1368 = CARTESIAN_POINT('',(45.8,48.9,0.));
#1369 = VERTEX_POINT('',#1370);
#1370 = CARTESIAN_POINT('',(61.2,48.9,0.));
#1371 = CIRCLE('',#1372,8.5);
#1372 = AXIS2_PLACEMENT_3D('',#1373,#1374,#1375);
#1373 = CARTESIAN_POINT('',(53.5,52.5,0.));
#1374 = DIRECTION('',(0.,0.,-1.));
#1375 = DIRECTION('',(1.,0.,0.));
#1376 = ORIENTED_EDGE('',*,*,#1377,.T.);
#1377 = EDGE_CURVE('',#1367,#1378,#1380,.T.);
#1378 = VERTEX_POINT('',#1379);
#1379 = CARTESIAN_POINT('',(45.8,35.4,0.));
#1380 = LINE('',#1381,#1382);
#1381 = CARTESIAN_POINT('',(45.8,42.45,0.));
#1382 = VECTOR('',#1383,1.);
#1383 = DIRECTION('',(0.,-1.,0.));
#1384 = ORIENTED_EDGE('',*,*,#1385,.T.);
#1385 = EDGE_CURVE('',#1378,#1386,#1388,.T.);
#1386 = VERTEX_POINT('',#1387);
#1387 = CARTESIAN_POINT('',(61.2,35.4,0.));
#1388 = LINE('',#1389,#1390);
#1389 = CARTESIAN_POINT('',(38.65,35.4,0.));
#1390 = VECTOR('',#1391,1.);
#1391 = DIRECTION('',(1.,0.,0.));
#1392 = ORIENTED_EDGE('',*,*,#1393,.T.);
#1393 = EDGE_CURVE('',#1386,#1369,#1394,.T.);
#1394 = LINE('',#1395,#1396);
#1395 = CARTESIAN_POINT('',(61.2,35.7,0.));
#1396 = VECTOR('',#1397,1.);
#1397 = DIRECTION('',(0.,1.,0.));
#1398 = FACE_BOUND('',#1399,.F.);
#1399 = EDGE_LOOP('',(#1400,#1410,#1418,#1426,#1434,#1442,#1450,#1458,
    #1466,#1474,#1482,#1490));
#1400 = ORIENTED_EDGE('',*,*,#1401,.F.);
#1401 = EDGE_CURVE('',#1402,#1404,#1406,.T.);
#1402 = VERTEX_POINT('',#1403);
#1403 = CARTESIAN_POINT('',(3.,2.,0.));
#1404 = VERTEX_POINT('',#1405);
#1405 = CARTESIAN_POINT('',(3.,33.4,0.));
#1406 = LINE('',#1407,#1408);
#1407 = CARTESIAN_POINT('',(3.,2.,0.));
#1408 = VECTOR('',#1409,1.);
#1409 = DIRECTION('',(0.,1.,0.));
#1410 = ORIENTED_EDGE('',*,*,#1411,.F.);
#1411 = EDGE_CURVE('',#1412,#1402,#1414,.T.);
#1412 = VERTEX_POINT('',#1413);
#1413 = CARTESIAN_POINT('',(60.,2.,0.));
#1414 = LINE('',#1415,#1416);
#1415 = CARTESIAN_POINT('',(60.,2.,0.));
#1416 = VECTOR('',#1417,1.);
#1417 = DIRECTION('',(-1.,0.,0.));
#1418 = ORIENTED_EDGE('',*,*,#1419,.F.);
#1419 = EDGE_CURVE('',#1420,#1412,#1422,.T.);
#1420 = VERTEX_POINT('',#1421);
#1421 = CARTESIAN_POINT('',(60.,33.4,0.));
#1422 = LINE('',#1423,#1424);
#1423 = CARTESIAN_POINT('',(60.,33.4,0.));
#1424 = VECTOR('',#1425,1.);
#1425 = DIRECTION('',(0.,-1.,0.));
#1426 = ORIENTED_EDGE('',*,*,#1427,.F.);
#1427 = EDGE_CURVE('',#1428,#1420,#1430,.T.);
#1428 = VERTEX_POINT('',#1429);
#1429 = CARTESIAN_POINT('',(43.8,33.4,0.));
#1430 = LINE('',#1431,#1432);
#1431 = CARTESIAN_POINT('',(43.8,33.4,0.));
#1432 = VECTOR('',#1433,1.);
#1433 = DIRECTION('',(1.,0.,0.));
#1434 = ORIENTED_EDGE('',*,*,#1435,.F.);
#1435 = EDGE_CURVE('',#1436,#1428,#1438,.T.);
#1436 = VERTEX_POINT('',#1437);
#1437 = CARTESIAN_POINT('',(43.8,70.,0.));
#1438 = LINE('',#1439,#1440);
#1439 = CARTESIAN_POINT('',(43.8,70.,0.));
#1440 = VECTOR('',#1441,1.);
#1441 = DIRECTION('',(0.,-1.,0.));
#1442 = ORIENTED_EDGE('',*,*,#1443,.F.);
#1443 = EDGE_CURVE('',#1444,#1436,#1446,.T.);
#1444 = VERTEX_POINT('',#1445);
#1445 = CARTESIAN_POINT('',(41.2,70.,0.));
#1446 = LINE('',#1447,#1448);
#1447 = CARTESIAN_POINT('',(41.2,70.,0.));
#1448 = VECTOR('',#1449,1.);
#1449 = DIRECTION('',(1.,0.,0.));
#1450 = ORIENTED_EDGE('',*,*,#1451,.F.);
#1451 = EDGE_CURVE('',#1452,#1444,#1454,.T.);
#1452 = VERTEX_POINT('',#1453);
#1453 = CARTESIAN_POINT('',(41.2,33.4,0.));
#1454 = LINE('',#1455,#1456);
#1455 = CARTESIAN_POINT('',(41.2,33.4,0.));
#1456 = VECTOR('',#1457,1.);
#1457 = DIRECTION('',(0.,1.,0.));
#1458 = ORIENTED_EDGE('',*,*,#1459,.F.);
#1459 = EDGE_CURVE('',#1460,#1452,#1462,.T.);
#1460 = VERTEX_POINT('',#1461);
#1461 = CARTESIAN_POINT('',(21.8,33.4,0.));
#1462 = LINE('',#1463,#1464);
#1463 = CARTESIAN_POINT('',(21.8,33.4,0.));
#1464 = VECTOR('',#1465,1.);
#1465 = DIRECTION('',(1.,0.,0.));
#1466 = ORIENTED_EDGE('',*,*,#1467,.F.);
#1467 = EDGE_CURVE('',#1468,#1460,#1470,.T.);
#1468 = VERTEX_POINT('',#1469);
#1469 = CARTESIAN_POINT('',(21.8,70.,0.));
#1470 = LINE('',#1471,#1472);
#1471 = CARTESIAN_POINT('',(21.8,70.,0.));
#1472 = VECTOR('',#1473,1.);
#1473 = DIRECTION('',(0.,-1.,0.));
#1474 = ORIENTED_EDGE('',*,*,#1475,.F.);
#1475 = EDGE_CURVE('',#1476,#1468,#1478,.T.);
#1476 = VERTEX_POINT('',#1477);
#1477 = CARTESIAN_POINT('',(19.2,70.,0.));
#1478 = LINE('',#1479,#1480);
#1479 = CARTESIAN_POINT('',(19.2,70.,0.));
#1480 = VECTOR('',#1481,1.);
#1481 = DIRECTION('',(1.,0.,0.));
#1482 = ORIENTED_EDGE('',*,*,#1483,.F.);
#1483 = EDGE_CURVE('',#1484,#1476,#1486,.T.);
#1484 = VERTEX_POINT('',#1485);
#1485 = CARTESIAN_POINT('',(19.2,33.4,0.));
#1486 = LINE('',#1487,#1488);
#1487 = CARTESIAN_POINT('',(19.2,33.4,0.));
#1488 = VECTOR('',#1489,1.);
#1489 = DIRECTION('',(0.,1.,0.));
#1490 = ORIENTED_EDGE('',*,*,#1491,.F.);
#1491 = EDGE_CURVE('',#1404,#1484,#1492,.T.);
#1492 = LINE('',#1493,#1494);
#1493 = CARTESIAN_POINT('',(3.,33.4,0.));
#1494 = VECTOR('',#1495,1.);
#1495 = DIRECTION('',(1.,0.,0.));
#1496 = FACE_BOUND('',#1497,.F.);
#1497 = EDGE_LOOP('',(#1498,#1509,#1517,#1525));
#1498 = ORIENTED_EDGE('',*,*,#1499,.F.);
#1499 = EDGE_CURVE('',#1500,#1502,#1504,.T.);
#1500 = VERTEX_POINT('',#1501);
#1501 = CARTESIAN_POINT('',(23.8,48.9,0.));
#1502 = VERTEX_POINT('',#1503);
#1503 = CARTESIAN_POINT('',(39.2,48.9,0.));
#1504 = CIRCLE('',#1505,8.5);
#1505 = AXIS2_PLACEMENT_3D('',#1506,#1507,#1508);
#1506 = CARTESIAN_POINT('',(31.5,52.5,0.));
#1507 = DIRECTION('',(0.,0.,-1.));
#1508 = DIRECTION('',(1.,0.,0.));
#1509 = ORIENTED_EDGE('',*,*,#1510,.T.);
#1510 = EDGE_CURVE('',#1500,#1511,#1513,.T.);
#1511 = VERTEX_POINT('',#1512);
#1512 = CARTESIAN_POINT('',(23.8,35.4,0.));
#1513 = LINE('',#1514,#1515);
#1514 = CARTESIAN_POINT('',(23.8,42.45,0.));
#1515 = VECTOR('',#1516,1.);
#1516 = DIRECTION('',(0.,-1.,0.));
#1517 = ORIENTED_EDGE('',*,*,#1518,.T.);
#1518 = EDGE_CURVE('',#1511,#1519,#1521,.T.);
#1519 = VERTEX_POINT('',#1520);
#1520 = CARTESIAN_POINT('',(39.2,35.4,0.));
#1521 = LINE('',#1522,#1523);
#1522 = CARTESIAN_POINT('',(27.65,35.4,0.));
#1523 = VECTOR('',#1524,1.);
#1524 = DIRECTION('',(1.,0.,0.));
#1525 = ORIENTED_EDGE('',*,*,#1526,.T.);
#1526 = EDGE_CURVE('',#1519,#1502,#1527,.T.);
#1527 = LINE('',#1528,#1529);
#1528 = CARTESIAN_POINT('',(39.2,35.7,0.));
#1529 = VECTOR('',#1530,1.);
#1530 = DIRECTION('',(0.,1.,0.));
#1531 = FACE_BOUND('',#1532,.F.);
#1532 = EDGE_LOOP('',(#1533,#1544,#1552,#1560));
#1533 = ORIENTED_EDGE('',*,*,#1534,.F.);
#1534 = EDGE_CURVE('',#1535,#1537,#1539,.T.);
#1535 = VERTEX_POINT('',#1536);
#1536 = CARTESIAN_POINT('',(1.8,48.9,0.));
#1537 = VERTEX_POINT('',#1538);
#1538 = CARTESIAN_POINT('',(17.2,48.9,0.));
#1539 = CIRCLE('',#1540,8.5);
#1540 = AXIS2_PLACEMENT_3D('',#1541,#1542,#1543);
#1541 = CARTESIAN_POINT('',(9.5,52.5,0.));
#1542 = DIRECTION('',(0.,0.,-1.));
#1543 = DIRECTION('',(1.,0.,0.));
#1544 = ORIENTED_EDGE('',*,*,#1545,.T.);
#1545 = EDGE_CURVE('',#1535,#1546,#1548,.T.);
#1546 = VERTEX_POINT('',#1547);
#1547 = CARTESIAN_POINT('',(1.8,35.4,0.));
#1548 = LINE('',#1549,#1550);
#1549 = CARTESIAN_POINT('',(1.8,42.45,0.));
#1550 = VECTOR('',#1551,1.);
#1551 = DIRECTION('',(0.,-1.,0.));
#1552 = ORIENTED_EDGE('',*,*,#1553,.T.);
#1553 = EDGE_CURVE('',#1546,#1554,#1556,.T.);
#1554 = VERTEX_POINT('',#1555);
#1555 = CARTESIAN_POINT('',(17.2,35.4,0.));
#1556 = LINE('',#1557,#1558);
#1557 = CARTESIAN_POINT('',(16.65,35.4,0.));
#1558 = VECTOR('',#1559,1.);
#1559 = DIRECTION('',(1.,0.,0.));
#1560 = ORIENTED_EDGE('',*,*,#1561,.T.);
#1561 = EDGE_CURVE('',#1554,#1537,#1562,.T.);
#1562 = LINE('',#1563,#1564);
#1563 = CARTESIAN_POINT('',(17.2,35.7,0.));
#1564 = VECTOR('',#1565,1.);
#1565 = DIRECTION('',(0.,1.,0.));
#1566 = PLANE('',#1567);
#1567 = AXIS2_PLACEMENT_3D('',#1568,#1569,#1570);
#1568 = CARTESIAN_POINT('',(31.5,36.,0.));
#1569 = DIRECTION('',(-0.,-0.,-1.));
#1570 = DIRECTION('',(-1.,0.,0.));
#1571 = ADVANCED_FACE('',(#1572),#1578,.F.);
#1572 = FACE_BOUND('',#1573,.F.);
#1573 = EDGE_LOOP('',(#1574,#1575,#1576,#1577));
#1574 = ORIENTED_EDGE('',*,*,#1327,.T.);
#1575 = ORIENTED_EDGE('',*,*,#345,.T.);
#1576 = ORIENTED_EDGE('',*,*,#327,.T.);
#1577 = ORIENTED_EDGE('',*,*,#288,.F.);
#1578 = PLANE('',#1579);
#1579 = AXIS2_PLACEMENT_3D('',#1580,#1581,#1582);
#1580 = CARTESIAN_POINT('',(36.5,0.5,1.46));
#1581 = DIRECTION('',(0.,1.,0.));
#1582 = DIRECTION('',(-1.,0.,0.));
#1583 = ADVANCED_FACE('',(#1584),#1603,.F.);
#1584 = FACE_BOUND('',#1585,.F.);
#1585 = EDGE_LOOP('',(#1586,#1595,#1601,#1602));
#1586 = ORIENTED_EDGE('',*,*,#1587,.F.);
#1587 = EDGE_CURVE('',#1588,#1588,#1590,.T.);
#1588 = VERTEX_POINT('',#1589);
#1589 = CARTESIAN_POINT('',(13.25,52.5,-11.22));
#1590 = CIRCLE('',#1591,3.75);
#1591 = AXIS2_PLACEMENT_3D('',#1592,#1593,#1594);
#1592 = CARTESIAN_POINT('',(9.5,52.5,-11.22));
#1593 = DIRECTION('',(0.,0.,1.));
#1594 = DIRECTION('',(1.,0.,0.));
#1595 = ORIENTED_EDGE('',*,*,#1596,.T.);
#1596 = EDGE_CURVE('',#1588,#418,#1597,.T.);
#1597 = LINE('',#1598,#1599);
#1598 = CARTESIAN_POINT('',(13.25,52.5,-11.22));
#1599 = VECTOR('',#1600,1.);
#1600 = DIRECTION('',(-0.,-0.,-1.));
#1601 = ORIENTED_EDGE('',*,*,#417,.T.);
#1602 = ORIENTED_EDGE('',*,*,#1596,.F.);
#1603 = CYLINDRICAL_SURFACE('',#1604,3.75);
#1604 = AXIS2_PLACEMENT_3D('',#1605,#1606,#1607);
#1605 = CARTESIAN_POINT('',(9.5,52.5,-11.22));
#1606 = DIRECTION('',(0.,0.,1.));
#1607 = DIRECTION('',(1.,0.,0.));
#1608 = ADVANCED_FACE('',(#1609),#1628,.F.);
#1609 = FACE_BOUND('',#1610,.F.);
#1610 = EDGE_LOOP('',(#1611,#1620,#1626,#1627));
#1611 = ORIENTED_EDGE('',*,*,#1612,.F.);
#1612 = EDGE_CURVE('',#1613,#1613,#1615,.T.);
#1613 = VERTEX_POINT('',#1614);
#1614 = CARTESIAN_POINT('',(35.25,52.5,-11.22));
#1615 = CIRCLE('',#1616,3.75);
#1616 = AXIS2_PLACEMENT_3D('',#1617,#1618,#1619);
#1617 = CARTESIAN_POINT('',(31.5,52.5,-11.22));
#1618 = DIRECTION('',(0.,0.,1.));
#1619 = DIRECTION('',(1.,0.,0.));
#1620 = ORIENTED_EDGE('',*,*,#1621,.T.);
#1621 = EDGE_CURVE('',#1613,#429,#1622,.T.);
#1622 = LINE('',#1623,#1624);
#1623 = CARTESIAN_POINT('',(35.25,52.5,-11.22));
#1624 = VECTOR('',#1625,1.);
#1625 = DIRECTION('',(-0.,-0.,-1.));
#1626 = ORIENTED_EDGE('',*,*,#428,.T.);
#1627 = ORIENTED_EDGE('',*,*,#1621,.F.);
#1628 = CYLINDRICAL_SURFACE('',#1629,3.75);
#1629 = AXIS2_PLACEMENT_3D('',#1630,#1631,#1632);
#1630 = CARTESIAN_POINT('',(31.5,52.5,-11.22));
#1631 = DIRECTION('',(0.,0.,1.));
#1632 = DIRECTION('',(1.,0.,0.));
#1633 = ADVANCED_FACE('',(#1634),#1653,.F.);
#1634 = FACE_BOUND('',#1635,.F.);
#1635 = EDGE_LOOP('',(#1636,#1645,#1651,#1652));
#1636 = ORIENTED_EDGE('',*,*,#1637,.F.);
#1637 = EDGE_CURVE('',#1638,#1638,#1640,.T.);
#1638 = VERTEX_POINT('',#1639);
#1639 = CARTESIAN_POINT('',(57.25,52.5,-11.22));
#1640 = CIRCLE('',#1641,3.75);
#1641 = AXIS2_PLACEMENT_3D('',#1642,#1643,#1644);
#1642 = CARTESIAN_POINT('',(53.5,52.5,-11.22));
#1643 = DIRECTION('',(0.,0.,1.));
#1644 = DIRECTION('',(1.,0.,0.));
#1645 = ORIENTED_EDGE('',*,*,#1646,.T.);
#1646 = EDGE_CURVE('',#1638,#440,#1647,.T.);
#1647 = LINE('',#1648,#1649);
#1648 = CARTESIAN_POINT('',(57.25,52.5,-11.22));
#1649 = VECTOR('',#1650,1.);
#1650 = DIRECTION('',(-0.,-0.,-1.));
#1651 = ORIENTED_EDGE('',*,*,#439,.T.);
#1652 = ORIENTED_EDGE('',*,*,#1646,.F.);
#1653 = CYLINDRICAL_SURFACE('',#1654,3.75);
#1654 = AXIS2_PLACEMENT_3D('',#1655,#1656,#1657);
#1655 = CARTESIAN_POINT('',(53.5,52.5,-11.22));
#1656 = DIRECTION('',(0.,0.,1.));
#1657 = DIRECTION('',(1.,0.,0.));
#1658 = ADVANCED_FACE('',(#1659),#1678,.F.);
#1659 = FACE_BOUND('',#1660,.F.);
#1660 = EDGE_LOOP('',(#1661,#1670,#1676,#1677));
#1661 = ORIENTED_EDGE('',*,*,#1662,.F.);
#1662 = EDGE_CURVE('',#1663,#1663,#1665,.T.);
#1663 = VERTEX_POINT('',#1664);
#1664 = CARTESIAN_POINT('',(13.25,78.5,-11.22));
#1665 = CIRCLE('',#1666,3.75);
#1666 = AXIS2_PLACEMENT_3D('',#1667,#1668,#1669);
#1667 = CARTESIAN_POINT('',(9.5,78.5,-11.22));
#1668 = DIRECTION('',(0.,0.,1.));
#1669 = DIRECTION('',(1.,0.,0.));
#1670 = ORIENTED_EDGE('',*,*,#1671,.T.);
#1671 = EDGE_CURVE('',#1663,#451,#1672,.T.);
#1672 = LINE('',#1673,#1674);
#1673 = CARTESIAN_POINT('',(13.25,78.5,-11.22));
#1674 = VECTOR('',#1675,1.);
#1675 = DIRECTION('',(-0.,-0.,-1.));
#1676 = ORIENTED_EDGE('',*,*,#450,.T.);
#1677 = ORIENTED_EDGE('',*,*,#1671,.F.);
#1678 = CYLINDRICAL_SURFACE('',#1679,3.75);
#1679 = AXIS2_PLACEMENT_3D('',#1680,#1681,#1682);
#1680 = CARTESIAN_POINT('',(9.5,78.5,-11.22));
#1681 = DIRECTION('',(0.,0.,1.));
#1682 = DIRECTION('',(1.,0.,0.));
#1683 = ADVANCED_FACE('',(#1684),#1703,.F.);
#1684 = FACE_BOUND('',#1685,.F.);
#1685 = EDGE_LOOP('',(#1686,#1695,#1701,#1702));
#1686 = ORIENTED_EDGE('',*,*,#1687,.F.);
#1687 = EDGE_CURVE('',#1688,#1688,#1690,.T.);
#1688 = VERTEX_POINT('',#1689);
#1689 = CARTESIAN_POINT('',(35.25,78.5,-11.22));
#1690 = CIRCLE('',#1691,3.75);
#1691 = AXIS2_PLACEMENT_3D('',#1692,#1693,#1694);
#1692 = CARTESIAN_POINT('',(31.5,78.5,-11.22));
#1693 = DIRECTION('',(0.,0.,1.));
#1694 = DIRECTION('',(1.,0.,0.));
#1695 = ORIENTED_EDGE('',*,*,#1696,.T.);
#1696 = EDGE_CURVE('',#1688,#462,#1697,.T.);
#1697 = LINE('',#1698,#1699);
#1698 = CARTESIAN_POINT('',(35.25,78.5,-11.22));
#1699 = VECTOR('',#1700,1.);
#1700 = DIRECTION('',(-0.,-0.,-1.));
#1701 = ORIENTED_EDGE('',*,*,#461,.T.);
#1702 = ORIENTED_EDGE('',*,*,#1696,.F.);
#1703 = CYLINDRICAL_SURFACE('',#1704,3.75);
#1704 = AXIS2_PLACEMENT_3D('',#1705,#1706,#1707);
#1705 = CARTESIAN_POINT('',(31.5,78.5,-11.22));
#1706 = DIRECTION('',(0.,0.,1.));
#1707 = DIRECTION('',(1.,0.,0.));
#1708 = ADVANCED_FACE('',(#1709),#1728,.F.);
#1709 = FACE_BOUND('',#1710,.F.);
#1710 = EDGE_LOOP('',(#1711,#1720,#1726,#1727));
#1711 = ORIENTED_EDGE('',*,*,#1712,.F.);
#1712 = EDGE_CURVE('',#1713,#1713,#1715,.T.);
#1713 = VERTEX_POINT('',#1714);
#1714 = CARTESIAN_POINT('',(57.25,78.5,-11.22));
#1715 = CIRCLE('',#1716,3.75);
#1716 = AXIS2_PLACEMENT_3D('',#1717,#1718,#1719);
#1717 = CARTESIAN_POINT('',(53.5,78.5,-11.22));
#1718 = DIRECTION('',(0.,0.,1.));
#1719 = DIRECTION('',(1.,0.,0.));
#1720 = ORIENTED_EDGE('',*,*,#1721,.T.);
#1721 = EDGE_CURVE('',#1713,#473,#1722,.T.);
#1722 = LINE('',#1723,#1724);
#1723 = CARTESIAN_POINT('',(57.25,78.5,-11.22));
#1724 = VECTOR('',#1725,1.);
#1725 = DIRECTION('',(-0.,-0.,-1.));
#1726 = ORIENTED_EDGE('',*,*,#472,.T.);
#1727 = ORIENTED_EDGE('',*,*,#1721,.F.);
#1728 = CYLINDRICAL_SURFACE('',#1729,3.75);
#1729 = AXIS2_PLACEMENT_3D('',#1730,#1731,#1732);
#1730 = CARTESIAN_POINT('',(53.5,78.5,-11.22));
#1731 = DIRECTION('',(0.,0.,1.));
#1732 = DIRECTION('',(1.,0.,0.));
#1733 = ADVANCED_FACE('',(#1734,#1752),#1786,.T.);
#1734 = FACE_BOUND('',#1735,.T.);
#1735 = EDGE_LOOP('',(#1736,#1737,#1738,#1744,#1745,#1746));
#1736 = ORIENTED_EDGE('',*,*,#590,.T.);
#1737 = ORIENTED_EDGE('',*,*,#666,.F.);
#1738 = ORIENTED_EDGE('',*,*,#1739,.F.);
#1739 = EDGE_CURVE('',#684,#659,#1740,.T.);
#1740 = LINE('',#1741,#1742);
#1741 = CARTESIAN_POINT('',(47.286305446838,72.7,-9.27));
#1742 = VECTOR('',#1743,1.);
#1743 = DIRECTION('',(1.,0.,0.));
#1744 = ORIENTED_EDGE('',*,*,#683,.F.);
#1745 = ORIENTED_EDGE('',*,*,#757,.T.);
#1746 = ORIENTED_EDGE('',*,*,#1747,.T.);
#1747 = EDGE_CURVE('',#758,#591,#1748,.T.);
#1748 = LINE('',#1749,#1750);
#1749 = CARTESIAN_POINT('',(45.8,61.4,-9.27));
#1750 = VECTOR('',#1751,1.);
#1751 = DIRECTION('',(1.,0.,0.));
#1752 = FACE_BOUND('',#1753,.T.);
#1753 = EDGE_LOOP('',(#1754,#1764,#1772,#1780));
#1754 = ORIENTED_EDGE('',*,*,#1755,.F.);
#1755 = EDGE_CURVE('',#1756,#1758,#1760,.T.);
#1756 = VERTEX_POINT('',#1757);
#1757 = CARTESIAN_POINT('',(46.82,72.1,-9.27));
#1758 = VERTEX_POINT('',#1759);
#1759 = CARTESIAN_POINT('',(46.82,68.4,-9.27));
#1760 = LINE('',#1761,#1762);
#1761 = CARTESIAN_POINT('',(46.82,72.1,-9.27));
#1762 = VECTOR('',#1763,1.);
#1763 = DIRECTION('',(0.,-1.,0.));
#1764 = ORIENTED_EDGE('',*,*,#1765,.F.);
#1765 = EDGE_CURVE('',#1766,#1756,#1768,.T.);
#1766 = VERTEX_POINT('',#1767);
#1767 = CARTESIAN_POINT('',(60.2,72.1,-9.27));
#1768 = LINE('',#1769,#1770);
#1769 = CARTESIAN_POINT('',(60.2,72.1,-9.27));
#1770 = VECTOR('',#1771,1.);
#1771 = DIRECTION('',(-1.,0.,0.));
#1772 = ORIENTED_EDGE('',*,*,#1773,.F.);
#1773 = EDGE_CURVE('',#1774,#1766,#1776,.T.);
#1774 = VERTEX_POINT('',#1775);
#1775 = CARTESIAN_POINT('',(60.2,68.4,-9.27));
#1776 = LINE('',#1777,#1778);
#1777 = CARTESIAN_POINT('',(60.2,68.4,-9.27));
#1778 = VECTOR('',#1779,1.);
#1779 = DIRECTION('',(0.,1.,0.));
#1780 = ORIENTED_EDGE('',*,*,#1781,.F.);
#1781 = EDGE_CURVE('',#1758,#1774,#1782,.T.);
#1782 = LINE('',#1783,#1784);
#1783 = CARTESIAN_POINT('',(46.82,68.4,-9.27));
#1784 = VECTOR('',#1785,1.);
#1785 = DIRECTION('',(1.,0.,0.));
#1786 = PLANE('',#1787);
#1787 = AXIS2_PLACEMENT_3D('',#1788,#1789,#1790);
#1788 = CARTESIAN_POINT('',(53.5,72.555848118596,-9.27));
#1789 = DIRECTION('',(0.,0.,1.));
#1790 = DIRECTION('',(1.,0.,0.));
#1791 = ADVANCED_FACE('',(#1792),#1798,.T.);
#1792 = FACE_BOUND('',#1793,.T.);
#1793 = EDGE_LOOP('',(#1794,#1795,#1796,#1797));
#1794 = ORIENTED_EDGE('',*,*,#1747,.F.);
#1795 = ORIENTED_EDGE('',*,*,#783,.T.);
#1796 = ORIENTED_EDGE('',*,*,#1356,.T.);
#1797 = ORIENTED_EDGE('',*,*,#600,.F.);
#1798 = PLANE('',#1799);
#1799 = AXIS2_PLACEMENT_3D('',#1800,#1801,#1802);
#1800 = CARTESIAN_POINT('',(45.8,61.4,-9.27));
#1801 = DIRECTION('',(0.,1.,0.));
#1802 = DIRECTION('',(1.,0.,0.));
#1803 = ADVANCED_FACE('',(#1804),#1829,.T.);
#1804 = FACE_BOUND('',#1805,.T.);
#1805 = EDGE_LOOP('',(#1806,#1814,#1822,#1828));
#1806 = ORIENTED_EDGE('',*,*,#1807,.T.);
#1807 = EDGE_CURVE('',#633,#1808,#1810,.T.);
#1808 = VERTEX_POINT('',#1809);
#1809 = CARTESIAN_POINT('',(60.646659876658,79.887677155286,-13.57));
#1810 = LINE('',#1811,#1812);
#1811 = CARTESIAN_POINT('',(61.850236588295,80.088568197936,-13.57));
#1812 = VECTOR('',#1813,1.);
#1813 = DIRECTION('',(-0.986354701848,-0.164634146341,0.));
#1814 = ORIENTED_EDGE('',*,*,#1815,.T.);
#1815 = EDGE_CURVE('',#1808,#1816,#1818,.T.);
#1816 = VERTEX_POINT('',#1817);
#1817 = CARTESIAN_POINT('',(60.646659876658,77.112322844714,-13.57));
#1818 = LINE('',#1819,#1820);
#1819 = CARTESIAN_POINT('',(60.646659876658,79.887677155286,-13.57));
#1820 = VECTOR('',#1821,1.);
#1821 = DIRECTION('',(0.,-1.,0.));
#1822 = ORIENTED_EDGE('',*,*,#1823,.T.);
#1823 = EDGE_CURVE('',#1816,#631,#1824,.T.);
#1824 = LINE('',#1825,#1826);
#1825 = CARTESIAN_POINT('',(60.646659876658,77.112322844714,-13.57));
#1826 = VECTOR('',#1827,1.);
#1827 = DIRECTION('',(0.986354701848,-0.164634146341,0.));
#1828 = ORIENTED_EDGE('',*,*,#630,.T.);
#1829 = PLANE('',#1830);
#1830 = AXIS2_PLACEMENT_3D('',#1831,#1832,#1833);
#1831 = CARTESIAN_POINT('',(61.312088733951,78.5,-13.57));
#1832 = DIRECTION('',(0.,0.,1.));
#1833 = DIRECTION('',(1.,0.,0.));
#1834 = ADVANCED_FACE('',(#1835),#1853,.F.);
#1835 = FACE_BOUND('',#1836,.F.);
#1836 = EDGE_LOOP('',(#1837,#1845,#1846,#1847));
#1837 = ORIENTED_EDGE('',*,*,#1838,.T.);
#1838 = EDGE_CURVE('',#1839,#1816,#1841,.T.);
#1839 = VERTEX_POINT('',#1840);
#1840 = CARTESIAN_POINT('',(60.646659876658,77.112322844714,-10.57));
#1841 = LINE('',#1842,#1843);
#1842 = CARTESIAN_POINT('',(60.646659876658,77.112322844714,-10.57));
#1843 = VECTOR('',#1844,1.);
#1844 = DIRECTION('',(-0.,-0.,-1.));
#1845 = ORIENTED_EDGE('',*,*,#1823,.T.);
#1846 = ORIENTED_EDGE('',*,*,#641,.F.);
#1847 = ORIENTED_EDGE('',*,*,#1848,.F.);
#1848 = EDGE_CURVE('',#1839,#642,#1849,.T.);
#1849 = LINE('',#1850,#1851);
#1850 = CARTESIAN_POINT('',(60.646659876658,77.112322844714,-10.57));
#1851 = VECTOR('',#1852,1.);
#1852 = DIRECTION('',(0.986354701848,-0.164634146341,0.));
#1853 = PLANE('',#1854);
#1854 = AXIS2_PLACEMENT_3D('',#1855,#1856,#1857);
#1855 = CARTESIAN_POINT('',(60.646659876658,77.112322844714,-10.57));
#1856 = DIRECTION('',(-0.164634146341,-0.986354701848,0.));
#1857 = DIRECTION('',(0.986354701848,-0.164634146341,0.));
#1858 = ADVANCED_FACE('',(#1859),#1901,.T.);
#1859 = FACE_BOUND('',#1860,.T.);
#1860 = EDGE_LOOP('',(#1861,#1862,#1870,#1879,#1885,#1886,#1887,#1895));
#1861 = ORIENTED_EDGE('',*,*,#734,.T.);
#1862 = ORIENTED_EDGE('',*,*,#1863,.T.);
#1863 = EDGE_CURVE('',#727,#1864,#1866,.T.);
#1864 = VERTEX_POINT('',#1865);
#1865 = CARTESIAN_POINT('',(55.690890230021,84.3,-10.57));
#1866 = LINE('',#1867,#1868);
#1867 = CARTESIAN_POINT('',(59.713694553162,84.3,-10.57));
#1868 = VECTOR('',#1869,1.);
#1869 = DIRECTION('',(-1.,0.,0.));
#1870 = ORIENTED_EDGE('',*,*,#1871,.F.);
#1871 = EDGE_CURVE('',#1872,#1864,#1874,.T.);
#1872 = VERTEX_POINT('',#1873);
#1873 = CARTESIAN_POINT('',(55.690890230021,72.7,-10.57));
#1874 = CIRCLE('',#1875,6.2);
#1875 = AXIS2_PLACEMENT_3D('',#1876,#1877,#1878);
#1876 = CARTESIAN_POINT('',(53.5,78.5,-10.57));
#1877 = DIRECTION('',(0.,0.,1.));
#1878 = DIRECTION('',(1.,0.,0.));
#1879 = ORIENTED_EDGE('',*,*,#1880,.T.);
#1880 = EDGE_CURVE('',#1872,#650,#1881,.T.);
#1881 = LINE('',#1882,#1883);
#1882 = CARTESIAN_POINT('',(47.286305446838,72.7,-10.57));
#1883 = VECTOR('',#1884,1.);
#1884 = DIRECTION('',(1.,0.,0.));
#1885 = ORIENTED_EDGE('',*,*,#649,.T.);
#1886 = ORIENTED_EDGE('',*,*,#1848,.F.);
#1887 = ORIENTED_EDGE('',*,*,#1888,.F.);
#1888 = EDGE_CURVE('',#1889,#1839,#1891,.T.);
#1889 = VERTEX_POINT('',#1890);
#1890 = CARTESIAN_POINT('',(60.646659876658,79.887677155286,-10.57));
#1891 = LINE('',#1892,#1893);
#1892 = CARTESIAN_POINT('',(60.646659876658,79.887677155286,-10.57));
#1893 = VECTOR('',#1894,1.);
#1894 = DIRECTION('',(0.,-1.,0.));
#1895 = ORIENTED_EDGE('',*,*,#1896,.F.);
#1896 = EDGE_CURVE('',#735,#1889,#1897,.T.);
#1897 = LINE('',#1898,#1899);
#1898 = CARTESIAN_POINT('',(61.850236588295,80.088568197936,-10.57));
#1899 = VECTOR('',#1900,1.);
#1900 = DIRECTION('',(-0.986354701848,-0.164634146341,0.));
#1901 = PLANE('',#1902);
#1902 = AXIS2_PLACEMENT_3D('',#1903,#1904,#1905);
#1903 = CARTESIAN_POINT('',(53.5,78.5,-10.57));
#1904 = DIRECTION('',(0.,0.,1.));
#1905 = DIRECTION('',(1.,0.,0.));
#1906 = ADVANCED_FACE('',(#1907),#1927,.F.);
#1907 = FACE_BOUND('',#1908,.F.);
#1908 = EDGE_LOOP('',(#1909,#1910,#1918,#1924,#1925,#1926));
#1909 = ORIENTED_EDGE('',*,*,#692,.T.);
#1910 = ORIENTED_EDGE('',*,*,#1911,.T.);
#1911 = EDGE_CURVE('',#693,#1912,#1914,.T.);
#1912 = VERTEX_POINT('',#1913);
#1913 = CARTESIAN_POINT('',(51.309109769979,72.7,-10.57));
#1914 = LINE('',#1915,#1916);
#1915 = CARTESIAN_POINT('',(47.286305446838,72.7,-10.57));
#1916 = VECTOR('',#1917,1.);
#1917 = DIRECTION('',(1.,0.,0.));
#1918 = ORIENTED_EDGE('',*,*,#1919,.T.);
#1919 = EDGE_CURVE('',#1912,#1872,#1920,.T.);
#1920 = LINE('',#1921,#1922);
#1921 = CARTESIAN_POINT('',(47.286305446838,72.7,-10.57));
#1922 = VECTOR('',#1923,1.);
#1923 = DIRECTION('',(1.,0.,0.));
#1924 = ORIENTED_EDGE('',*,*,#1880,.T.);
#1925 = ORIENTED_EDGE('',*,*,#658,.F.);
#1926 = ORIENTED_EDGE('',*,*,#1739,.F.);
#1927 = PLANE('',#1928);
#1928 = AXIS2_PLACEMENT_3D('',#1929,#1930,#1931);
#1929 = CARTESIAN_POINT('',(47.286305446838,72.7,-9.27));
#1930 = DIRECTION('',(0.,-1.,0.));
#1931 = DIRECTION('',(1.,0.,0.));
#1932 = ADVANCED_FACE('',(#1933),#1952,.T.);
#1933 = FACE_BOUND('',#1934,.T.);
#1934 = EDGE_LOOP('',(#1935,#1943,#1944,#1945));
#1935 = ORIENTED_EDGE('',*,*,#1936,.T.);
#1936 = EDGE_CURVE('',#1937,#701,#1939,.T.);
#1937 = VERTEX_POINT('',#1938);
#1938 = CARTESIAN_POINT('',(51.309109769979,84.3,-10.57));
#1939 = LINE('',#1940,#1941);
#1940 = CARTESIAN_POINT('',(59.713694553162,84.3,-10.57));
#1941 = VECTOR('',#1942,1.);
#1942 = DIRECTION('',(-1.,0.,0.));
#1943 = ORIENTED_EDGE('',*,*,#700,.T.);
#1944 = ORIENTED_EDGE('',*,*,#1911,.T.);
#1945 = ORIENTED_EDGE('',*,*,#1946,.F.);
#1946 = EDGE_CURVE('',#1937,#1912,#1947,.T.);
#1947 = CIRCLE('',#1948,6.2);
#1948 = AXIS2_PLACEMENT_3D('',#1949,#1950,#1951);
#1949 = CARTESIAN_POINT('',(53.5,78.5,-10.57));
#1950 = DIRECTION('',(0.,0.,1.));
#1951 = DIRECTION('',(1.,0.,0.));
#1952 = PLANE('',#1953);
#1953 = AXIS2_PLACEMENT_3D('',#1954,#1955,#1956);
#1954 = CARTESIAN_POINT('',(53.5,78.5,-10.57));
#1955 = DIRECTION('',(0.,0.,1.));
#1956 = DIRECTION('',(1.,0.,0.));
#1957 = ADVANCED_FACE('',(#1958),#1976,.F.);
#1958 = FACE_BOUND('',#1959,.F.);
#1959 = EDGE_LOOP('',(#1960,#1961,#1962,#1968,#1969,#1970));
#1960 = ORIENTED_EDGE('',*,*,#726,.T.);
#1961 = ORIENTED_EDGE('',*,*,#1863,.T.);
#1962 = ORIENTED_EDGE('',*,*,#1963,.T.);
#1963 = EDGE_CURVE('',#1864,#1937,#1964,.T.);
#1964 = LINE('',#1965,#1966);
#1965 = CARTESIAN_POINT('',(59.713694553162,84.3,-10.57));
#1966 = VECTOR('',#1967,1.);
#1967 = DIRECTION('',(-1.,0.,0.));
#1968 = ORIENTED_EDGE('',*,*,#1936,.T.);
#1969 = ORIENTED_EDGE('',*,*,#709,.F.);
#1970 = ORIENTED_EDGE('',*,*,#1971,.F.);
#1971 = EDGE_CURVE('',#718,#710,#1972,.T.);
#1972 = LINE('',#1973,#1974);
#1973 = CARTESIAN_POINT('',(59.713694553162,84.3,-9.27));
#1974 = VECTOR('',#1975,1.);
#1975 = DIRECTION('',(-1.,0.,0.));
#1976 = PLANE('',#1977);
#1977 = AXIS2_PLACEMENT_3D('',#1978,#1979,#1980);
#1978 = CARTESIAN_POINT('',(59.713694553162,84.3,-9.27));
#1979 = DIRECTION('',(0.,1.,0.));
#1980 = DIRECTION('',(-1.,0.,0.));
#1981 = ADVANCED_FACE('',(#1982),#1986,.T.);
#1982 = FACE_BOUND('',#1983,.T.);
#1983 = EDGE_LOOP('',(#1984,#1985));
#1984 = ORIENTED_EDGE('',*,*,#1971,.F.);
#1985 = ORIENTED_EDGE('',*,*,#717,.T.);
#1986 = PLANE('',#1987);
#1987 = AXIS2_PLACEMENT_3D('',#1988,#1989,#1990);
#1988 = CARTESIAN_POINT('',(53.5,72.555848118596,-9.27));
#1989 = DIRECTION('',(0.,0.,1.));
#1990 = DIRECTION('',(1.,0.,0.));
#1991 = ADVANCED_FACE('',(#1992),#2003,.F.);
#1992 = FACE_BOUND('',#1993,.F.);
#1993 = EDGE_LOOP('',(#1994,#1995,#1996,#2002));
#1994 = ORIENTED_EDGE('',*,*,#743,.T.);
#1995 = ORIENTED_EDGE('',*,*,#1807,.T.);
#1996 = ORIENTED_EDGE('',*,*,#1997,.F.);
#1997 = EDGE_CURVE('',#1889,#1808,#1998,.T.);
#1998 = LINE('',#1999,#2000);
#1999 = CARTESIAN_POINT('',(60.646659876658,79.887677155286,-10.57));
#2000 = VECTOR('',#2001,1.);
#2001 = DIRECTION('',(-0.,-0.,-1.));
#2002 = ORIENTED_EDGE('',*,*,#1896,.F.);
#2003 = PLANE('',#2004);
#2004 = AXIS2_PLACEMENT_3D('',#2005,#2006,#2007);
#2005 = CARTESIAN_POINT('',(61.850236588295,80.088568197936,-10.57));
#2006 = DIRECTION('',(-0.164634146341,0.986354701848,0.));
#2007 = DIRECTION('',(-0.986354701848,-0.164634146341,0.));
#2008 = ADVANCED_FACE('',(#2009,#2027),#2061,.T.);
#2009 = FACE_BOUND('',#2010,.T.);
#2010 = EDGE_LOOP('',(#2011,#2012,#2013,#2019,#2020,#2021));
#2011 = ORIENTED_EDGE('',*,*,#821,.T.);
#2012 = ORIENTED_EDGE('',*,*,#897,.F.);
#2013 = ORIENTED_EDGE('',*,*,#2014,.F.);
#2014 = EDGE_CURVE('',#915,#890,#2015,.T.);
#2015 = LINE('',#2016,#2017);
#2016 = CARTESIAN_POINT('',(25.286305446838,72.7,-9.27));
#2017 = VECTOR('',#2018,1.);
#2018 = DIRECTION('',(1.,0.,0.));
#2019 = ORIENTED_EDGE('',*,*,#914,.F.);
#2020 = ORIENTED_EDGE('',*,*,#988,.T.);
#2021 = ORIENTED_EDGE('',*,*,#2022,.T.);
#2022 = EDGE_CURVE('',#989,#822,#2023,.T.);
#2023 = LINE('',#2024,#2025);
#2024 = CARTESIAN_POINT('',(23.8,61.4,-9.27));
#2025 = VECTOR('',#2026,1.);
#2026 = DIRECTION('',(1.,0.,0.));
#2027 = FACE_BOUND('',#2028,.T.);
#2028 = EDGE_LOOP('',(#2029,#2039,#2047,#2055));
#2029 = ORIENTED_EDGE('',*,*,#2030,.F.);
#2030 = EDGE_CURVE('',#2031,#2033,#2035,.T.);
#2031 = VERTEX_POINT('',#2032);
#2032 = CARTESIAN_POINT('',(24.82,72.1,-9.27));
#2033 = VERTEX_POINT('',#2034);
#2034 = CARTESIAN_POINT('',(24.82,68.4,-9.27));
#2035 = LINE('',#2036,#2037);
#2036 = CARTESIAN_POINT('',(24.82,72.1,-9.27));
#2037 = VECTOR('',#2038,1.);
#2038 = DIRECTION('',(0.,-1.,0.));
#2039 = ORIENTED_EDGE('',*,*,#2040,.F.);
#2040 = EDGE_CURVE('',#2041,#2031,#2043,.T.);
#2041 = VERTEX_POINT('',#2042);
#2042 = CARTESIAN_POINT('',(38.2,72.1,-9.27));
#2043 = LINE('',#2044,#2045);
#2044 = CARTESIAN_POINT('',(38.2,72.1,-9.27));
#2045 = VECTOR('',#2046,1.);
#2046 = DIRECTION('',(-1.,0.,0.));
#2047 = ORIENTED_EDGE('',*,*,#2048,.F.);
#2048 = EDGE_CURVE('',#2049,#2041,#2051,.T.);
#2049 = VERTEX_POINT('',#2050);
#2050 = CARTESIAN_POINT('',(38.2,68.4,-9.27));
#2051 = LINE('',#2052,#2053);
#2052 = CARTESIAN_POINT('',(38.2,68.4,-9.27));
#2053 = VECTOR('',#2054,1.);
#2054 = DIRECTION('',(0.,1.,0.));
#2055 = ORIENTED_EDGE('',*,*,#2056,.F.);
#2056 = EDGE_CURVE('',#2033,#2049,#2057,.T.);
#2057 = LINE('',#2058,#2059);
#2058 = CARTESIAN_POINT('',(24.82,68.4,-9.27));
#2059 = VECTOR('',#2060,1.);
#2060 = DIRECTION('',(1.,0.,0.));
#2061 = PLANE('',#2062);
#2062 = AXIS2_PLACEMENT_3D('',#2063,#2064,#2065);
#2063 = CARTESIAN_POINT('',(31.5,72.555848118596,-9.27));
#2064 = DIRECTION('',(0.,0.,1.));
#2065 = DIRECTION('',(1.,0.,0.));
#2066 = ADVANCED_FACE('',(#2067),#2073,.T.);
#2067 = FACE_BOUND('',#2068,.T.);
#2068 = EDGE_LOOP('',(#2069,#2070,#2071,#2072));
#2069 = ORIENTED_EDGE('',*,*,#2022,.F.);
#2070 = ORIENTED_EDGE('',*,*,#1014,.T.);
#2071 = ORIENTED_EDGE('',*,*,#1347,.T.);
#2072 = ORIENTED_EDGE('',*,*,#831,.F.);
#2073 = PLANE('',#2074);
#2074 = AXIS2_PLACEMENT_3D('',#2075,#2076,#2077);
#2075 = CARTESIAN_POINT('',(23.8,61.4,-9.27));
#2076 = DIRECTION('',(0.,1.,0.));
#2077 = DIRECTION('',(1.,0.,0.));
#2078 = ADVANCED_FACE('',(#2079),#2104,.T.);
#2079 = FACE_BOUND('',#2080,.T.);
#2080 = EDGE_LOOP('',(#2081,#2089,#2097,#2103));
#2081 = ORIENTED_EDGE('',*,*,#2082,.T.);
#2082 = EDGE_CURVE('',#864,#2083,#2085,.T.);
#2083 = VERTEX_POINT('',#2084);
#2084 = CARTESIAN_POINT('',(38.646659876658,79.887677155286,-13.57));
#2085 = LINE('',#2086,#2087);
#2086 = CARTESIAN_POINT('',(39.850236588295,80.088568197936,-13.57));
#2087 = VECTOR('',#2088,1.);
#2088 = DIRECTION('',(-0.986354701848,-0.164634146341,0.));
#2089 = ORIENTED_EDGE('',*,*,#2090,.T.);
#2090 = EDGE_CURVE('',#2083,#2091,#2093,.T.);
#2091 = VERTEX_POINT('',#2092);
#2092 = CARTESIAN_POINT('',(38.646659876658,77.112322844714,-13.57));
#2093 = LINE('',#2094,#2095);
#2094 = CARTESIAN_POINT('',(38.646659876658,79.887677155286,-13.57));
#2095 = VECTOR('',#2096,1.);
#2096 = DIRECTION('',(0.,-1.,0.));
#2097 = ORIENTED_EDGE('',*,*,#2098,.T.);
#2098 = EDGE_CURVE('',#2091,#862,#2099,.T.);
#2099 = LINE('',#2100,#2101);
#2100 = CARTESIAN_POINT('',(38.646659876658,77.112322844714,-13.57));
#2101 = VECTOR('',#2102,1.);
#2102 = DIRECTION('',(0.986354701848,-0.164634146341,0.));
#2103 = ORIENTED_EDGE('',*,*,#861,.T.);
#2104 = PLANE('',#2105);
#2105 = AXIS2_PLACEMENT_3D('',#2106,#2107,#2108);
#2106 = CARTESIAN_POINT('',(39.312088733951,78.5,-13.57));
#2107 = DIRECTION('',(0.,0.,1.));
#2108 = DIRECTION('',(1.,0.,0.));
#2109 = ADVANCED_FACE('',(#2110),#2128,.F.);
#2110 = FACE_BOUND('',#2111,.F.);
#2111 = EDGE_LOOP('',(#2112,#2120,#2121,#2122));
#2112 = ORIENTED_EDGE('',*,*,#2113,.T.);
#2113 = EDGE_CURVE('',#2114,#2091,#2116,.T.);
#2114 = VERTEX_POINT('',#2115);
#2115 = CARTESIAN_POINT('',(38.646659876658,77.112322844714,-10.57));
#2116 = LINE('',#2117,#2118);
#2117 = CARTESIAN_POINT('',(38.646659876658,77.112322844714,-10.57));
#2118 = VECTOR('',#2119,1.);
#2119 = DIRECTION('',(-0.,-0.,-1.));
#2120 = ORIENTED_EDGE('',*,*,#2098,.T.);
#2121 = ORIENTED_EDGE('',*,*,#872,.F.);
#2122 = ORIENTED_EDGE('',*,*,#2123,.F.);
#2123 = EDGE_CURVE('',#2114,#873,#2124,.T.);
#2124 = LINE('',#2125,#2126);
#2125 = CARTESIAN_POINT('',(38.646659876658,77.112322844714,-10.57));
#2126 = VECTOR('',#2127,1.);
#2127 = DIRECTION('',(0.986354701848,-0.164634146341,0.));
#2128 = PLANE('',#2129);
#2129 = AXIS2_PLACEMENT_3D('',#2130,#2131,#2132);
#2130 = CARTESIAN_POINT('',(38.646659876658,77.112322844714,-10.57));
#2131 = DIRECTION('',(-0.164634146341,-0.986354701848,0.));
#2132 = DIRECTION('',(0.986354701848,-0.164634146341,0.));
#2133 = ADVANCED_FACE('',(#2134),#2176,.T.);
#2134 = FACE_BOUND('',#2135,.T.);
#2135 = EDGE_LOOP('',(#2136,#2137,#2145,#2154,#2160,#2161,#2162,#2170));
#2136 = ORIENTED_EDGE('',*,*,#965,.T.);
#2137 = ORIENTED_EDGE('',*,*,#2138,.T.);
#2138 = EDGE_CURVE('',#958,#2139,#2141,.T.);
#2139 = VERTEX_POINT('',#2140);
#2140 = CARTESIAN_POINT('',(33.690890230021,84.3,-10.57));
#2141 = LINE('',#2142,#2143);
#2142 = CARTESIAN_POINT('',(37.713694553162,84.3,-10.57));
#2143 = VECTOR('',#2144,1.);
#2144 = DIRECTION('',(-1.,0.,0.));
#2145 = ORIENTED_EDGE('',*,*,#2146,.F.);
#2146 = EDGE_CURVE('',#2147,#2139,#2149,.T.);
#2147 = VERTEX_POINT('',#2148);
#2148 = CARTESIAN_POINT('',(33.690890230021,72.7,-10.57));
#2149 = CIRCLE('',#2150,6.2);
#2150 = AXIS2_PLACEMENT_3D('',#2151,#2152,#2153);
#2151 = CARTESIAN_POINT('',(31.5,78.5,-10.57));
#2152 = DIRECTION('',(0.,0.,1.));
#2153 = DIRECTION('',(1.,0.,0.));
#2154 = ORIENTED_EDGE('',*,*,#2155,.T.);
#2155 = EDGE_CURVE('',#2147,#881,#2156,.T.);
#2156 = LINE('',#2157,#2158);
#2157 = CARTESIAN_POINT('',(25.286305446838,72.7,-10.57));
#2158 = VECTOR('',#2159,1.);
#2159 = DIRECTION('',(1.,0.,0.));
#2160 = ORIENTED_EDGE('',*,*,#880,.T.);
#2161 = ORIENTED_EDGE('',*,*,#2123,.F.);
#2162 = ORIENTED_EDGE('',*,*,#2163,.F.);
#2163 = EDGE_CURVE('',#2164,#2114,#2166,.T.);
#2164 = VERTEX_POINT('',#2165);
#2165 = CARTESIAN_POINT('',(38.646659876658,79.887677155286,-10.57));
#2166 = LINE('',#2167,#2168);
#2167 = CARTESIAN_POINT('',(38.646659876658,79.887677155286,-10.57));
#2168 = VECTOR('',#2169,1.);
#2169 = DIRECTION('',(0.,-1.,0.));
#2170 = ORIENTED_EDGE('',*,*,#2171,.F.);
#2171 = EDGE_CURVE('',#966,#2164,#2172,.T.);
#2172 = LINE('',#2173,#2174);
#2173 = CARTESIAN_POINT('',(39.850236588295,80.088568197936,-10.57));
#2174 = VECTOR('',#2175,1.);
#2175 = DIRECTION('',(-0.986354701848,-0.164634146341,0.));
#2176 = PLANE('',#2177);
#2177 = AXIS2_PLACEMENT_3D('',#2178,#2179,#2180);
#2178 = CARTESIAN_POINT('',(31.5,78.5,-10.57));
#2179 = DIRECTION('',(0.,0.,1.));
#2180 = DIRECTION('',(1.,0.,0.));
#2181 = ADVANCED_FACE('',(#2182),#2202,.F.);
#2182 = FACE_BOUND('',#2183,.F.);
#2183 = EDGE_LOOP('',(#2184,#2185,#2193,#2199,#2200,#2201));
#2184 = ORIENTED_EDGE('',*,*,#923,.T.);
#2185 = ORIENTED_EDGE('',*,*,#2186,.T.);
#2186 = EDGE_CURVE('',#924,#2187,#2189,.T.);
#2187 = VERTEX_POINT('',#2188);
#2188 = CARTESIAN_POINT('',(29.309109769979,72.7,-10.57));
#2189 = LINE('',#2190,#2191);
#2190 = CARTESIAN_POINT('',(25.286305446838,72.7,-10.57));
#2191 = VECTOR('',#2192,1.);
#2192 = DIRECTION('',(1.,0.,0.));
#2193 = ORIENTED_EDGE('',*,*,#2194,.T.);
#2194 = EDGE_CURVE('',#2187,#2147,#2195,.T.);
#2195 = LINE('',#2196,#2197);
#2196 = CARTESIAN_POINT('',(25.286305446838,72.7,-10.57));
#2197 = VECTOR('',#2198,1.);
#2198 = DIRECTION('',(1.,0.,0.));
#2199 = ORIENTED_EDGE('',*,*,#2155,.T.);
#2200 = ORIENTED_EDGE('',*,*,#889,.F.);
#2201 = ORIENTED_EDGE('',*,*,#2014,.F.);
#2202 = PLANE('',#2203);
#2203 = AXIS2_PLACEMENT_3D('',#2204,#2205,#2206);
#2204 = CARTESIAN_POINT('',(25.286305446838,72.7,-9.27));
#2205 = DIRECTION('',(0.,-1.,0.));
#2206 = DIRECTION('',(1.,0.,0.));
#2207 = ADVANCED_FACE('',(#2208),#2227,.T.);
#2208 = FACE_BOUND('',#2209,.T.);
#2209 = EDGE_LOOP('',(#2210,#2218,#2219,#2220));
#2210 = ORIENTED_EDGE('',*,*,#2211,.T.);
#2211 = EDGE_CURVE('',#2212,#932,#2214,.T.);
#2212 = VERTEX_POINT('',#2213);
#2213 = CARTESIAN_POINT('',(29.309109769979,84.3,-10.57));
#2214 = LINE('',#2215,#2216);
#2215 = CARTESIAN_POINT('',(37.713694553162,84.3,-10.57));
#2216 = VECTOR('',#2217,1.);
#2217 = DIRECTION('',(-1.,0.,0.));
#2218 = ORIENTED_EDGE('',*,*,#931,.T.);
#2219 = ORIENTED_EDGE('',*,*,#2186,.T.);
#2220 = ORIENTED_EDGE('',*,*,#2221,.F.);
#2221 = EDGE_CURVE('',#2212,#2187,#2222,.T.);
#2222 = CIRCLE('',#2223,6.2);
#2223 = AXIS2_PLACEMENT_3D('',#2224,#2225,#2226);
#2224 = CARTESIAN_POINT('',(31.5,78.5,-10.57));
#2225 = DIRECTION('',(0.,0.,1.));
#2226 = DIRECTION('',(1.,0.,0.));
#2227 = PLANE('',#2228);
#2228 = AXIS2_PLACEMENT_3D('',#2229,#2230,#2231);
#2229 = CARTESIAN_POINT('',(31.5,78.5,-10.57));
#2230 = DIRECTION('',(0.,0.,1.));
#2231 = DIRECTION('',(1.,0.,0.));
#2232 = ADVANCED_FACE('',(#2233),#2251,.F.);
#2233 = FACE_BOUND('',#2234,.F.);
#2234 = EDGE_LOOP('',(#2235,#2236,#2237,#2243,#2244,#2245));
#2235 = ORIENTED_EDGE('',*,*,#957,.T.);
#2236 = ORIENTED_EDGE('',*,*,#2138,.T.);
#2237 = ORIENTED_EDGE('',*,*,#2238,.T.);
#2238 = EDGE_CURVE('',#2139,#2212,#2239,.T.);
#2239 = LINE('',#2240,#2241);
#2240 = CARTESIAN_POINT('',(37.713694553162,84.3,-10.57));
#2241 = VECTOR('',#2242,1.);
#2242 = DIRECTION('',(-1.,0.,0.));
#2243 = ORIENTED_EDGE('',*,*,#2211,.T.);
#2244 = ORIENTED_EDGE('',*,*,#940,.F.);
#2245 = ORIENTED_EDGE('',*,*,#2246,.F.);
#2246 = EDGE_CURVE('',#949,#941,#2247,.T.);
#2247 = LINE('',#2248,#2249);
#2248 = CARTESIAN_POINT('',(37.713694553162,84.3,-9.27));
#2249 = VECTOR('',#2250,1.);
#2250 = DIRECTION('',(-1.,0.,0.));
#2251 = PLANE('',#2252);
#2252 = AXIS2_PLACEMENT_3D('',#2253,#2254,#2255);
#2253 = CARTESIAN_POINT('',(37.713694553162,84.3,-9.27));
#2254 = DIRECTION('',(0.,1.,0.));
#2255 = DIRECTION('',(-1.,0.,0.));
#2256 = ADVANCED_FACE('',(#2257),#2261,.T.);
#2257 = FACE_BOUND('',#2258,.T.);
#2258 = EDGE_LOOP('',(#2259,#2260));
#2259 = ORIENTED_EDGE('',*,*,#2246,.F.);
#2260 = ORIENTED_EDGE('',*,*,#948,.T.);
#2261 = PLANE('',#2262);
#2262 = AXIS2_PLACEMENT_3D('',#2263,#2264,#2265);
#2263 = CARTESIAN_POINT('',(31.5,72.555848118596,-9.27));
#2264 = DIRECTION('',(0.,0.,1.));
#2265 = DIRECTION('',(1.,0.,0.));
#2266 = ADVANCED_FACE('',(#2267),#2278,.F.);
#2267 = FACE_BOUND('',#2268,.F.);
#2268 = EDGE_LOOP('',(#2269,#2270,#2271,#2277));
#2269 = ORIENTED_EDGE('',*,*,#974,.T.);
#2270 = ORIENTED_EDGE('',*,*,#2082,.T.);
#2271 = ORIENTED_EDGE('',*,*,#2272,.F.);
#2272 = EDGE_CURVE('',#2164,#2083,#2273,.T.);
#2273 = LINE('',#2274,#2275);
#2274 = CARTESIAN_POINT('',(38.646659876658,79.887677155286,-10.57));
#2275 = VECTOR('',#2276,1.);
#2276 = DIRECTION('',(-0.,-0.,-1.));
#2277 = ORIENTED_EDGE('',*,*,#2171,.F.);
#2278 = PLANE('',#2279);
#2279 = AXIS2_PLACEMENT_3D('',#2280,#2281,#2282);
#2280 = CARTESIAN_POINT('',(39.850236588295,80.088568197936,-10.57));
#2281 = DIRECTION('',(-0.164634146341,0.986354701848,0.));
#2282 = DIRECTION('',(-0.986354701848,-0.164634146341,0.));
#2283 = ADVANCED_FACE('',(#2284,#2302),#2336,.T.);
#2284 = FACE_BOUND('',#2285,.T.);
#2285 = EDGE_LOOP('',(#2286,#2287,#2288,#2294,#2295,#2296));
#2286 = ORIENTED_EDGE('',*,*,#1052,.T.);
#2287 = ORIENTED_EDGE('',*,*,#1128,.F.);
#2288 = ORIENTED_EDGE('',*,*,#2289,.F.);
#2289 = EDGE_CURVE('',#1146,#1121,#2290,.T.);
#2290 = LINE('',#2291,#2292);
#2291 = CARTESIAN_POINT('',(3.286305446838,72.7,-9.27));
#2292 = VECTOR('',#2293,1.);
#2293 = DIRECTION('',(1.,0.,0.));
#2294 = ORIENTED_EDGE('',*,*,#1145,.F.);
#2295 = ORIENTED_EDGE('',*,*,#1219,.T.);
#2296 = ORIENTED_EDGE('',*,*,#2297,.T.);
#2297 = EDGE_CURVE('',#1220,#1053,#2298,.T.);
#2298 = LINE('',#2299,#2300);
#2299 = CARTESIAN_POINT('',(1.8,61.4,-9.27));
#2300 = VECTOR('',#2301,1.);
#2301 = DIRECTION('',(1.,0.,0.));
#2302 = FACE_BOUND('',#2303,.T.);
#2303 = EDGE_LOOP('',(#2304,#2314,#2322,#2330));
#2304 = ORIENTED_EDGE('',*,*,#2305,.F.);
#2305 = EDGE_CURVE('',#2306,#2308,#2310,.T.);
#2306 = VERTEX_POINT('',#2307);
#2307 = CARTESIAN_POINT('',(2.82,72.1,-9.27));
#2308 = VERTEX_POINT('',#2309);
#2309 = CARTESIAN_POINT('',(2.82,68.4,-9.27));
#2310 = LINE('',#2311,#2312);
#2311 = CARTESIAN_POINT('',(2.82,72.1,-9.27));
#2312 = VECTOR('',#2313,1.);
#2313 = DIRECTION('',(0.,-1.,0.));
#2314 = ORIENTED_EDGE('',*,*,#2315,.F.);
#2315 = EDGE_CURVE('',#2316,#2306,#2318,.T.);
#2316 = VERTEX_POINT('',#2317);
#2317 = CARTESIAN_POINT('',(16.2,72.1,-9.27));
#2318 = LINE('',#2319,#2320);
#2319 = CARTESIAN_POINT('',(16.2,72.1,-9.27));
#2320 = VECTOR('',#2321,1.);
#2321 = DIRECTION('',(-1.,0.,0.));
#2322 = ORIENTED_EDGE('',*,*,#2323,.F.);
#2323 = EDGE_CURVE('',#2324,#2316,#2326,.T.);
#2324 = VERTEX_POINT('',#2325);
#2325 = CARTESIAN_POINT('',(16.2,68.4,-9.27));
#2326 = LINE('',#2327,#2328);
#2327 = CARTESIAN_POINT('',(16.2,68.4,-9.27));
#2328 = VECTOR('',#2329,1.);
#2329 = DIRECTION('',(0.,1.,0.));
#2330 = ORIENTED_EDGE('',*,*,#2331,.F.);
#2331 = EDGE_CURVE('',#2308,#2324,#2332,.T.);
#2332 = LINE('',#2333,#2334);
#2333 = CARTESIAN_POINT('',(2.82,68.4,-9.27));
#2334 = VECTOR('',#2335,1.);
#2335 = DIRECTION('',(1.,0.,0.));
#2336 = PLANE('',#2337);
#2337 = AXIS2_PLACEMENT_3D('',#2338,#2339,#2340);
#2338 = CARTESIAN_POINT('',(9.5,72.555848118596,-9.27));
#2339 = DIRECTION('',(0.,0.,1.));
#2340 = DIRECTION('',(1.,0.,0.));
#2341 = ADVANCED_FACE('',(#2342),#2348,.T.);
#2342 = FACE_BOUND('',#2343,.T.);
#2343 = EDGE_LOOP('',(#2344,#2345,#2346,#2347));
#2344 = ORIENTED_EDGE('',*,*,#2297,.F.);
#2345 = ORIENTED_EDGE('',*,*,#1245,.T.);
#2346 = ORIENTED_EDGE('',*,*,#1338,.T.);
#2347 = ORIENTED_EDGE('',*,*,#1062,.F.);
#2348 = PLANE('',#2349);
#2349 = AXIS2_PLACEMENT_3D('',#2350,#2351,#2352);
#2350 = CARTESIAN_POINT('',(1.8,61.4,-9.27));
#2351 = DIRECTION('',(0.,1.,0.));
#2352 = DIRECTION('',(1.,0.,0.));
#2353 = ADVANCED_FACE('',(#2354),#2379,.T.);
#2354 = FACE_BOUND('',#2355,.T.);
#2355 = EDGE_LOOP('',(#2356,#2364,#2372,#2378));
#2356 = ORIENTED_EDGE('',*,*,#2357,.T.);
#2357 = EDGE_CURVE('',#1095,#2358,#2360,.T.);
#2358 = VERTEX_POINT('',#2359);
#2359 = CARTESIAN_POINT('',(16.646659876658,79.887677155286,-13.57));
#2360 = LINE('',#2361,#2362);
#2361 = CARTESIAN_POINT('',(17.850236588295,80.088568197936,-13.57));
#2362 = VECTOR('',#2363,1.);
#2363 = DIRECTION('',(-0.986354701848,-0.164634146341,0.));
#2364 = ORIENTED_EDGE('',*,*,#2365,.T.);
#2365 = EDGE_CURVE('',#2358,#2366,#2368,.T.);
#2366 = VERTEX_POINT('',#2367);
#2367 = CARTESIAN_POINT('',(16.646659876658,77.112322844714,-13.57));
#2368 = LINE('',#2369,#2370);
#2369 = CARTESIAN_POINT('',(16.646659876658,79.887677155286,-13.57));
#2370 = VECTOR('',#2371,1.);
#2371 = DIRECTION('',(0.,-1.,0.));
#2372 = ORIENTED_EDGE('',*,*,#2373,.T.);
#2373 = EDGE_CURVE('',#2366,#1093,#2374,.T.);
#2374 = LINE('',#2375,#2376);
#2375 = CARTESIAN_POINT('',(16.646659876658,77.112322844714,-13.57));
#2376 = VECTOR('',#2377,1.);
#2377 = DIRECTION('',(0.986354701848,-0.164634146341,0.));
#2378 = ORIENTED_EDGE('',*,*,#1092,.T.);
#2379 = PLANE('',#2380);
#2380 = AXIS2_PLACEMENT_3D('',#2381,#2382,#2383);
#2381 = CARTESIAN_POINT('',(17.312088733951,78.5,-13.57));
#2382 = DIRECTION('',(0.,0.,1.));
#2383 = DIRECTION('',(1.,0.,0.));
#2384 = ADVANCED_FACE('',(#2385),#2403,.F.);
#2385 = FACE_BOUND('',#2386,.F.);
#2386 = EDGE_LOOP('',(#2387,#2395,#2396,#2397));
#2387 = ORIENTED_EDGE('',*,*,#2388,.T.);
#2388 = EDGE_CURVE('',#2389,#2366,#2391,.T.);
#2389 = VERTEX_POINT('',#2390);
#2390 = CARTESIAN_POINT('',(16.646659876658,77.112322844714,-10.57));
#2391 = LINE('',#2392,#2393);
#2392 = CARTESIAN_POINT('',(16.646659876658,77.112322844714,-10.57));
#2393 = VECTOR('',#2394,1.);
#2394 = DIRECTION('',(-0.,-0.,-1.));
#2395 = ORIENTED_EDGE('',*,*,#2373,.T.);
#2396 = ORIENTED_EDGE('',*,*,#1103,.F.);
#2397 = ORIENTED_EDGE('',*,*,#2398,.F.);
#2398 = EDGE_CURVE('',#2389,#1104,#2399,.T.);
#2399 = LINE('',#2400,#2401);
#2400 = CARTESIAN_POINT('',(16.646659876658,77.112322844714,-10.57));
#2401 = VECTOR('',#2402,1.);
#2402 = DIRECTION('',(0.986354701848,-0.164634146341,0.));
#2403 = PLANE('',#2404);
#2404 = AXIS2_PLACEMENT_3D('',#2405,#2406,#2407);
#2405 = CARTESIAN_POINT('',(16.646659876658,77.112322844714,-10.57));
#2406 = DIRECTION('',(-0.164634146341,-0.986354701848,0.));
#2407 = DIRECTION('',(0.986354701848,-0.164634146341,0.));
#2408 = ADVANCED_FACE('',(#2409),#2451,.T.);
#2409 = FACE_BOUND('',#2410,.T.);
#2410 = EDGE_LOOP('',(#2411,#2412,#2420,#2429,#2435,#2436,#2437,#2445));
#2411 = ORIENTED_EDGE('',*,*,#1196,.T.);
#2412 = ORIENTED_EDGE('',*,*,#2413,.T.);
#2413 = EDGE_CURVE('',#1189,#2414,#2416,.T.);
#2414 = VERTEX_POINT('',#2415);
#2415 = CARTESIAN_POINT('',(11.690890230021,84.3,-10.57));
#2416 = LINE('',#2417,#2418);
#2417 = CARTESIAN_POINT('',(15.713694553162,84.3,-10.57));
#2418 = VECTOR('',#2419,1.);
#2419 = DIRECTION('',(-1.,0.,0.));
#2420 = ORIENTED_EDGE('',*,*,#2421,.F.);
#2421 = EDGE_CURVE('',#2422,#2414,#2424,.T.);
#2422 = VERTEX_POINT('',#2423);
#2423 = CARTESIAN_POINT('',(11.690890230021,72.7,-10.57));
#2424 = CIRCLE('',#2425,6.2);
#2425 = AXIS2_PLACEMENT_3D('',#2426,#2427,#2428);
#2426 = CARTESIAN_POINT('',(9.5,78.5,-10.57));
#2427 = DIRECTION('',(0.,0.,1.));
#2428 = DIRECTION('',(1.,0.,0.));
#2429 = ORIENTED_EDGE('',*,*,#2430,.T.);
#2430 = EDGE_CURVE('',#2422,#1112,#2431,.T.);
#2431 = LINE('',#2432,#2433);
#2432 = CARTESIAN_POINT('',(3.286305446838,72.7,-10.57));
#2433 = VECTOR('',#2434,1.);
#2434 = DIRECTION('',(1.,0.,0.));
#2435 = ORIENTED_EDGE('',*,*,#1111,.T.);
#2436 = ORIENTED_EDGE('',*,*,#2398,.F.);
#2437 = ORIENTED_EDGE('',*,*,#2438,.F.);
#2438 = EDGE_CURVE('',#2439,#2389,#2441,.T.);
#2439 = VERTEX_POINT('',#2440);
#2440 = CARTESIAN_POINT('',(16.646659876658,79.887677155286,-10.57));
#2441 = LINE('',#2442,#2443);
#2442 = CARTESIAN_POINT('',(16.646659876658,79.887677155286,-10.57));
#2443 = VECTOR('',#2444,1.);
#2444 = DIRECTION('',(0.,-1.,0.));
#2445 = ORIENTED_EDGE('',*,*,#2446,.F.);
#2446 = EDGE_CURVE('',#1197,#2439,#2447,.T.);
#2447 = LINE('',#2448,#2449);
#2448 = CARTESIAN_POINT('',(17.850236588295,80.088568197936,-10.57));
#2449 = VECTOR('',#2450,1.);
#2450 = DIRECTION('',(-0.986354701848,-0.164634146341,0.));
#2451 = PLANE('',#2452);
#2452 = AXIS2_PLACEMENT_3D('',#2453,#2454,#2455);
#2453 = CARTESIAN_POINT('',(9.5,78.5,-10.57));
#2454 = DIRECTION('',(0.,0.,1.));
#2455 = DIRECTION('',(1.,0.,0.));
#2456 = ADVANCED_FACE('',(#2457),#2477,.F.);
#2457 = FACE_BOUND('',#2458,.F.);
#2458 = EDGE_LOOP('',(#2459,#2460,#2468,#2474,#2475,#2476));
#2459 = ORIENTED_EDGE('',*,*,#1154,.T.);
#2460 = ORIENTED_EDGE('',*,*,#2461,.T.);
#2461 = EDGE_CURVE('',#1155,#2462,#2464,.T.);
#2462 = VERTEX_POINT('',#2463);
#2463 = CARTESIAN_POINT('',(7.309109769979,72.7,-10.57));
#2464 = LINE('',#2465,#2466);
#2465 = CARTESIAN_POINT('',(3.286305446838,72.7,-10.57));
#2466 = VECTOR('',#2467,1.);
#2467 = DIRECTION('',(1.,0.,0.));
#2468 = ORIENTED_EDGE('',*,*,#2469,.T.);
#2469 = EDGE_CURVE('',#2462,#2422,#2470,.T.);
#2470 = LINE('',#2471,#2472);
#2471 = CARTESIAN_POINT('',(3.286305446838,72.7,-10.57));
#2472 = VECTOR('',#2473,1.);
#2473 = DIRECTION('',(1.,0.,0.));
#2474 = ORIENTED_EDGE('',*,*,#2430,.T.);
#2475 = ORIENTED_EDGE('',*,*,#1120,.F.);
#2476 = ORIENTED_EDGE('',*,*,#2289,.F.);
#2477 = PLANE('',#2478);
#2478 = AXIS2_PLACEMENT_3D('',#2479,#2480,#2481);
#2479 = CARTESIAN_POINT('',(3.286305446838,72.7,-9.27));
#2480 = DIRECTION('',(0.,-1.,0.));
#2481 = DIRECTION('',(1.,0.,0.));
#2482 = ADVANCED_FACE('',(#2483),#2502,.T.);
#2483 = FACE_BOUND('',#2484,.T.);
#2484 = EDGE_LOOP('',(#2485,#2493,#2494,#2495));
#2485 = ORIENTED_EDGE('',*,*,#2486,.T.);
#2486 = EDGE_CURVE('',#2487,#1163,#2489,.T.);
#2487 = VERTEX_POINT('',#2488);
#2488 = CARTESIAN_POINT('',(7.309109769979,84.3,-10.57));
#2489 = LINE('',#2490,#2491);
#2490 = CARTESIAN_POINT('',(15.713694553162,84.3,-10.57));
#2491 = VECTOR('',#2492,1.);
#2492 = DIRECTION('',(-1.,0.,0.));
#2493 = ORIENTED_EDGE('',*,*,#1162,.T.);
#2494 = ORIENTED_EDGE('',*,*,#2461,.T.);
#2495 = ORIENTED_EDGE('',*,*,#2496,.F.);
#2496 = EDGE_CURVE('',#2487,#2462,#2497,.T.);
#2497 = CIRCLE('',#2498,6.2);
#2498 = AXIS2_PLACEMENT_3D('',#2499,#2500,#2501);
#2499 = CARTESIAN_POINT('',(9.5,78.5,-10.57));
#2500 = DIRECTION('',(0.,0.,1.));
#2501 = DIRECTION('',(1.,0.,0.));
#2502 = PLANE('',#2503);
#2503 = AXIS2_PLACEMENT_3D('',#2504,#2505,#2506);
#2504 = CARTESIAN_POINT('',(9.5,78.5,-10.57));
#2505 = DIRECTION('',(0.,0.,1.));
#2506 = DIRECTION('',(1.,0.,0.));
#2507 = ADVANCED_FACE('',(#2508),#2526,.F.);
#2508 = FACE_BOUND('',#2509,.F.);
#2509 = EDGE_LOOP('',(#2510,#2511,#2512,#2518,#2519,#2520));
#2510 = ORIENTED_EDGE('',*,*,#1188,.T.);
#2511 = ORIENTED_EDGE('',*,*,#2413,.T.);
#2512 = ORIENTED_EDGE('',*,*,#2513,.T.);
#2513 = EDGE_CURVE('',#2414,#2487,#2514,.T.);
#2514 = LINE('',#2515,#2516);
#2515 = CARTESIAN_POINT('',(15.713694553162,84.3,-10.57));
#2516 = VECTOR('',#2517,1.);
#2517 = DIRECTION('',(-1.,0.,0.));
#2518 = ORIENTED_EDGE('',*,*,#2486,.T.);
#2519 = ORIENTED_EDGE('',*,*,#1171,.F.);
#2520 = ORIENTED_EDGE('',*,*,#2521,.F.);
#2521 = EDGE_CURVE('',#1180,#1172,#2522,.T.);
#2522 = LINE('',#2523,#2524);
#2523 = CARTESIAN_POINT('',(15.713694553162,84.3,-9.27));
#2524 = VECTOR('',#2525,1.);
#2525 = DIRECTION('',(-1.,0.,0.));
#2526 = PLANE('',#2527);
#2527 = AXIS2_PLACEMENT_3D('',#2528,#2529,#2530);
#2528 = CARTESIAN_POINT('',(15.713694553162,84.3,-9.27));
#2529 = DIRECTION('',(0.,1.,0.));
#2530 = DIRECTION('',(-1.,0.,0.));
#2531 = ADVANCED_FACE('',(#2532),#2536,.T.);
#2532 = FACE_BOUND('',#2533,.T.);
#2533 = EDGE_LOOP('',(#2534,#2535));
#2534 = ORIENTED_EDGE('',*,*,#2521,.F.);
#2535 = ORIENTED_EDGE('',*,*,#1179,.T.);
#2536 = PLANE('',#2537);
#2537 = AXIS2_PLACEMENT_3D('',#2538,#2539,#2540);
#2538 = CARTESIAN_POINT('',(9.5,72.555848118596,-9.27));
#2539 = DIRECTION('',(0.,0.,1.));
#2540 = DIRECTION('',(1.,0.,0.));
#2541 = ADVANCED_FACE('',(#2542),#2553,.F.);
#2542 = FACE_BOUND('',#2543,.F.);
#2543 = EDGE_LOOP('',(#2544,#2545,#2546,#2552));
#2544 = ORIENTED_EDGE('',*,*,#1205,.T.);
#2545 = ORIENTED_EDGE('',*,*,#2357,.T.);
#2546 = ORIENTED_EDGE('',*,*,#2547,.F.);
#2547 = EDGE_CURVE('',#2439,#2358,#2548,.T.);
#2548 = LINE('',#2549,#2550);
#2549 = CARTESIAN_POINT('',(16.646659876658,79.887677155286,-10.57));
#2550 = VECTOR('',#2551,1.);
#2551 = DIRECTION('',(-0.,-0.,-1.));
#2552 = ORIENTED_EDGE('',*,*,#2446,.F.);
#2553 = PLANE('',#2554);
#2554 = AXIS2_PLACEMENT_3D('',#2555,#2556,#2557);
#2555 = CARTESIAN_POINT('',(17.850236588295,80.088568197936,-10.57));
#2556 = DIRECTION('',(-0.164634146341,0.986354701848,0.));
#2557 = DIRECTION('',(-0.986354701848,-0.164634146341,0.));
#2558 = ADVANCED_FACE('',(#2559),#2687,.F.);
#2559 = FACE_BOUND('',#2560,.T.);
#2560 = EDGE_LOOP('',(#2561,#2572,#2580,#2589,#2597,#2606,#2612,#2613,
    #2621,#2630,#2638,#2647,#2655,#2664,#2672,#2681));
#2561 = ORIENTED_EDGE('',*,*,#2562,.F.);
#2562 = EDGE_CURVE('',#2563,#2565,#2567,.T.);
#2563 = VERTEX_POINT('',#2564);
#2564 = CARTESIAN_POINT('',(61.850236588295,50.911431802064,-13.57));
#2565 = VERTEX_POINT('',#2566);
#2566 = CARTESIAN_POINT('',(61.850236588295,54.088568197936,-13.57));
#2567 = CIRCLE('',#2568,8.5);
#2568 = AXIS2_PLACEMENT_3D('',#2569,#2570,#2571);
#2569 = CARTESIAN_POINT('',(53.5,52.5,-13.57));
#2570 = DIRECTION('',(0.,0.,1.));
#2571 = DIRECTION('',(1.,0.,0.));
#2572 = ORIENTED_EDGE('',*,*,#2573,.F.);
#2573 = EDGE_CURVE('',#2574,#2563,#2576,.T.);
#2574 = VERTEX_POINT('',#2575);
#2575 = CARTESIAN_POINT('',(61.850236588295,50.911431802064,-10.57));
#2576 = LINE('',#2577,#2578);
#2577 = CARTESIAN_POINT('',(61.850236588295,50.911431802064,-10.57));
#2578 = VECTOR('',#2579,1.);
#2579 = DIRECTION('',(-0.,-0.,-1.));
#2580 = ORIENTED_EDGE('',*,*,#2581,.F.);
#2581 = EDGE_CURVE('',#2582,#2574,#2584,.T.);
#2582 = VERTEX_POINT('',#2583);
#2583 = CARTESIAN_POINT('',(59.713694553162,46.7,-10.57));
#2584 = CIRCLE('',#2585,8.5);
#2585 = AXIS2_PLACEMENT_3D('',#2586,#2587,#2588);
#2586 = CARTESIAN_POINT('',(53.5,52.5,-10.57));
#2587 = DIRECTION('',(0.,0.,1.));
#2588 = DIRECTION('',(1.,0.,0.));
#2589 = ORIENTED_EDGE('',*,*,#2590,.F.);
#2590 = EDGE_CURVE('',#2591,#2582,#2593,.T.);
#2591 = VERTEX_POINT('',#2592);
#2592 = CARTESIAN_POINT('',(59.713694553162,46.7,-9.27));
#2593 = LINE('',#2594,#2595);
#2594 = CARTESIAN_POINT('',(59.713694553162,46.7,-9.27));
#2595 = VECTOR('',#2596,1.);
#2596 = DIRECTION('',(-0.,-0.,-1.));
#2597 = ORIENTED_EDGE('',*,*,#2598,.T.);
#2598 = EDGE_CURVE('',#2591,#2599,#2601,.T.);
#2599 = VERTEX_POINT('',#2600);
#2600 = CARTESIAN_POINT('',(61.2,48.9,-9.27));
#2601 = CIRCLE('',#2602,8.5);
#2602 = AXIS2_PLACEMENT_3D('',#2603,#2604,#2605);
#2603 = CARTESIAN_POINT('',(53.5,52.5,-9.27));
#2604 = DIRECTION('',(0.,0.,1.));
#2605 = DIRECTION('',(1.,0.,0.));
#2606 = ORIENTED_EDGE('',*,*,#2607,.T.);
#2607 = EDGE_CURVE('',#2599,#1369,#2608,.T.);
#2608 = LINE('',#2609,#2610);
#2609 = CARTESIAN_POINT('',(61.2,48.9,-9.27));
#2610 = VECTOR('',#2611,1.);
#2611 = DIRECTION('',(0.,0.,1.));
#2612 = ORIENTED_EDGE('',*,*,#1366,.F.);
#2613 = ORIENTED_EDGE('',*,*,#2614,.F.);
#2614 = EDGE_CURVE('',#2615,#1367,#2617,.T.);
#2615 = VERTEX_POINT('',#2616);
#2616 = CARTESIAN_POINT('',(45.8,48.9,-9.27));
#2617 = LINE('',#2618,#2619);
#2618 = CARTESIAN_POINT('',(45.8,48.9,-9.27));
#2619 = VECTOR('',#2620,1.);
#2620 = DIRECTION('',(0.,0.,1.));
#2621 = ORIENTED_EDGE('',*,*,#2622,.T.);
#2622 = EDGE_CURVE('',#2615,#2623,#2625,.T.);
#2623 = VERTEX_POINT('',#2624);
#2624 = CARTESIAN_POINT('',(47.286305446838,46.7,-9.27));
#2625 = CIRCLE('',#2626,8.5);
#2626 = AXIS2_PLACEMENT_3D('',#2627,#2628,#2629);
#2627 = CARTESIAN_POINT('',(53.5,52.5,-9.27));
#2628 = DIRECTION('',(0.,0.,1.));
#2629 = DIRECTION('',(1.,0.,0.));
#2630 = ORIENTED_EDGE('',*,*,#2631,.T.);
#2631 = EDGE_CURVE('',#2623,#2632,#2634,.T.);
#2632 = VERTEX_POINT('',#2633);
#2633 = CARTESIAN_POINT('',(47.286305446838,46.7,-10.57));
#2634 = LINE('',#2635,#2636);
#2635 = CARTESIAN_POINT('',(47.286305446838,46.7,-9.27));
#2636 = VECTOR('',#2637,1.);
#2637 = DIRECTION('',(-0.,-0.,-1.));
#2638 = ORIENTED_EDGE('',*,*,#2639,.F.);
#2639 = EDGE_CURVE('',#2640,#2632,#2642,.T.);
#2640 = VERTEX_POINT('',#2641);
#2641 = CARTESIAN_POINT('',(47.286305446838,58.3,-10.57));
#2642 = CIRCLE('',#2643,8.5);
#2643 = AXIS2_PLACEMENT_3D('',#2644,#2645,#2646);
#2644 = CARTESIAN_POINT('',(53.5,52.5,-10.57));
#2645 = DIRECTION('',(0.,0.,1.));
#2646 = DIRECTION('',(1.,0.,0.));
#2647 = ORIENTED_EDGE('',*,*,#2648,.F.);
#2648 = EDGE_CURVE('',#2649,#2640,#2651,.T.);
#2649 = VERTEX_POINT('',#2650);
#2650 = CARTESIAN_POINT('',(47.286305446838,58.3,-9.27));
#2651 = LINE('',#2652,#2653);
#2652 = CARTESIAN_POINT('',(47.286305446838,58.3,-9.27));
#2653 = VECTOR('',#2654,1.);
#2654 = DIRECTION('',(-0.,-0.,-1.));
#2655 = ORIENTED_EDGE('',*,*,#2656,.F.);
#2656 = EDGE_CURVE('',#2657,#2649,#2659,.T.);
#2657 = VERTEX_POINT('',#2658);
#2658 = CARTESIAN_POINT('',(59.713694553162,58.3,-9.27));
#2659 = CIRCLE('',#2660,8.5);
#2660 = AXIS2_PLACEMENT_3D('',#2661,#2662,#2663);
#2661 = CARTESIAN_POINT('',(53.5,52.5,-9.27));
#2662 = DIRECTION('',(0.,0.,1.));
#2663 = DIRECTION('',(1.,0.,0.));
#2664 = ORIENTED_EDGE('',*,*,#2665,.T.);
#2665 = EDGE_CURVE('',#2657,#2666,#2668,.T.);
#2666 = VERTEX_POINT('',#2667);
#2667 = CARTESIAN_POINT('',(59.713694553162,58.3,-10.57));
#2668 = LINE('',#2669,#2670);
#2669 = CARTESIAN_POINT('',(59.713694553162,58.3,-9.27));
#2670 = VECTOR('',#2671,1.);
#2671 = DIRECTION('',(-0.,-0.,-1.));
#2672 = ORIENTED_EDGE('',*,*,#2673,.F.);
#2673 = EDGE_CURVE('',#2674,#2666,#2676,.T.);
#2674 = VERTEX_POINT('',#2675);
#2675 = CARTESIAN_POINT('',(61.850236588295,54.088568197936,-10.57));
#2676 = CIRCLE('',#2677,8.5);
#2677 = AXIS2_PLACEMENT_3D('',#2678,#2679,#2680);
#2678 = CARTESIAN_POINT('',(53.5,52.5,-10.57));
#2679 = DIRECTION('',(0.,0.,1.));
#2680 = DIRECTION('',(1.,0.,0.));
#2681 = ORIENTED_EDGE('',*,*,#2682,.T.);
#2682 = EDGE_CURVE('',#2674,#2565,#2683,.T.);
#2683 = LINE('',#2684,#2685);
#2684 = CARTESIAN_POINT('',(61.850236588295,54.088568197936,-10.57));
#2685 = VECTOR('',#2686,1.);
#2686 = DIRECTION('',(-0.,-0.,-1.));
#2687 = CYLINDRICAL_SURFACE('',#2688,8.5);
#2688 = AXIS2_PLACEMENT_3D('',#2689,#2690,#2691);
#2689 = CARTESIAN_POINT('',(53.5,52.5,-9.27));
#2690 = DIRECTION('',(-0.,-0.,-1.));
#2691 = DIRECTION('',(1.,0.,0.));
#2692 = ADVANCED_FACE('',(#2693),#2711,.T.);
#2693 = FACE_BOUND('',#2694,.T.);
#2694 = EDGE_LOOP('',(#2695,#2703,#2704,#2705));
#2695 = ORIENTED_EDGE('',*,*,#2696,.F.);
#2696 = EDGE_CURVE('',#2615,#2697,#2699,.T.);
#2697 = VERTEX_POINT('',#2698);
#2698 = CARTESIAN_POINT('',(45.8,35.4,-9.27));
#2699 = LINE('',#2700,#2701);
#2700 = CARTESIAN_POINT('',(45.8,48.9,-9.27));
#2701 = VECTOR('',#2702,1.);
#2702 = DIRECTION('',(0.,-1.,0.));
#2703 = ORIENTED_EDGE('',*,*,#2614,.T.);
#2704 = ORIENTED_EDGE('',*,*,#1377,.T.);
#2705 = ORIENTED_EDGE('',*,*,#2706,.F.);
#2706 = EDGE_CURVE('',#2697,#1378,#2707,.T.);
#2707 = LINE('',#2708,#2709);
#2708 = CARTESIAN_POINT('',(45.8,35.4,-9.27));
#2709 = VECTOR('',#2710,1.);
#2710 = DIRECTION('',(0.,0.,1.));
#2711 = PLANE('',#2712);
#2712 = AXIS2_PLACEMENT_3D('',#2713,#2714,#2715);
#2713 = CARTESIAN_POINT('',(45.8,48.9,-9.27));
#2714 = DIRECTION('',(1.,0.,0.));
#2715 = DIRECTION('',(0.,-1.,0.));
#2716 = ADVANCED_FACE('',(#2717),#2735,.T.);
#2717 = FACE_BOUND('',#2718,.T.);
#2718 = EDGE_LOOP('',(#2719,#2727,#2733,#2734));
#2719 = ORIENTED_EDGE('',*,*,#2720,.F.);
#2720 = EDGE_CURVE('',#2721,#2599,#2723,.T.);
#2721 = VERTEX_POINT('',#2722);
#2722 = CARTESIAN_POINT('',(61.2,35.4,-9.27));
#2723 = LINE('',#2724,#2725);
#2724 = CARTESIAN_POINT('',(61.2,35.4,-9.27));
#2725 = VECTOR('',#2726,1.);
#2726 = DIRECTION('',(0.,1.,0.));
#2727 = ORIENTED_EDGE('',*,*,#2728,.T.);
#2728 = EDGE_CURVE('',#2721,#1386,#2729,.T.);
#2729 = LINE('',#2730,#2731);
#2730 = CARTESIAN_POINT('',(61.2,35.4,-9.27));
#2731 = VECTOR('',#2732,1.);
#2732 = DIRECTION('',(0.,0.,1.));
#2733 = ORIENTED_EDGE('',*,*,#1393,.T.);
#2734 = ORIENTED_EDGE('',*,*,#2607,.F.);
#2735 = PLANE('',#2736);
#2736 = AXIS2_PLACEMENT_3D('',#2737,#2738,#2739);
#2737 = CARTESIAN_POINT('',(61.2,35.4,-9.27));
#2738 = DIRECTION('',(-1.,0.,0.));
#2739 = DIRECTION('',(0.,1.,0.));
#2740 = ADVANCED_FACE('',(#2741),#2752,.T.);
#2741 = FACE_BOUND('',#2742,.T.);
#2742 = EDGE_LOOP('',(#2743,#2749,#2750,#2751));
#2743 = ORIENTED_EDGE('',*,*,#2744,.F.);
#2744 = EDGE_CURVE('',#2697,#2721,#2745,.T.);
#2745 = LINE('',#2746,#2747);
#2746 = CARTESIAN_POINT('',(45.8,35.4,-9.27));
#2747 = VECTOR('',#2748,1.);
#2748 = DIRECTION('',(1.,0.,0.));
#2749 = ORIENTED_EDGE('',*,*,#2706,.T.);
#2750 = ORIENTED_EDGE('',*,*,#1385,.T.);
#2751 = ORIENTED_EDGE('',*,*,#2728,.F.);
#2752 = PLANE('',#2753);
#2753 = AXIS2_PLACEMENT_3D('',#2754,#2755,#2756);
#2754 = CARTESIAN_POINT('',(45.8,35.4,-9.27));
#2755 = DIRECTION('',(0.,1.,0.));
#2756 = DIRECTION('',(1.,0.,0.));
#2757 = ADVANCED_FACE('',(#2758),#2783,.T.);
#2758 = FACE_BOUND('',#2759,.T.);
#2759 = EDGE_LOOP('',(#2760,#2768,#2776,#2782));
#2760 = ORIENTED_EDGE('',*,*,#2761,.T.);
#2761 = EDGE_CURVE('',#1402,#2762,#2764,.T.);
#2762 = VERTEX_POINT('',#2763);
#2763 = CARTESIAN_POINT('',(3.,2.,-10.));
#2764 = LINE('',#2765,#2766);
#2765 = CARTESIAN_POINT('',(3.,2.,0.));
#2766 = VECTOR('',#2767,1.);
#2767 = DIRECTION('',(-0.,-0.,-1.));
#2768 = ORIENTED_EDGE('',*,*,#2769,.T.);
#2769 = EDGE_CURVE('',#2762,#2770,#2772,.T.);
#2770 = VERTEX_POINT('',#2771);
#2771 = CARTESIAN_POINT('',(3.,33.4,-10.));
#2772 = LINE('',#2773,#2774);
#2773 = CARTESIAN_POINT('',(3.,2.,-10.));
#2774 = VECTOR('',#2775,1.);
#2775 = DIRECTION('',(0.,1.,0.));
#2776 = ORIENTED_EDGE('',*,*,#2777,.F.);
#2777 = EDGE_CURVE('',#1404,#2770,#2778,.T.);
#2778 = LINE('',#2779,#2780);
#2779 = CARTESIAN_POINT('',(3.,33.4,0.));
#2780 = VECTOR('',#2781,1.);
#2781 = DIRECTION('',(-0.,-0.,-1.));
#2782 = ORIENTED_EDGE('',*,*,#1401,.F.);
#2783 = PLANE('',#2784);
#2784 = AXIS2_PLACEMENT_3D('',#2785,#2786,#2787);
#2785 = CARTESIAN_POINT('',(3.,2.,0.));
#2786 = DIRECTION('',(1.,0.,0.));
#2787 = DIRECTION('',(0.,1.,0.));
#2788 = ADVANCED_FACE('',(#2789),#2807,.T.);
#2789 = FACE_BOUND('',#2790,.T.);
#2790 = EDGE_LOOP('',(#2791,#2799,#2805,#2806));
#2791 = ORIENTED_EDGE('',*,*,#2792,.T.);
#2792 = EDGE_CURVE('',#1412,#2793,#2795,.T.);
#2793 = VERTEX_POINT('',#2794);
#2794 = CARTESIAN_POINT('',(60.,2.,-10.));
#2795 = LINE('',#2796,#2797);
#2796 = CARTESIAN_POINT('',(60.,2.,0.));
#2797 = VECTOR('',#2798,1.);
#2798 = DIRECTION('',(-0.,-0.,-1.));
#2799 = ORIENTED_EDGE('',*,*,#2800,.T.);
#2800 = EDGE_CURVE('',#2793,#2762,#2801,.T.);
#2801 = LINE('',#2802,#2803);
#2802 = CARTESIAN_POINT('',(60.,2.,-10.));
#2803 = VECTOR('',#2804,1.);
#2804 = DIRECTION('',(-1.,0.,0.));
#2805 = ORIENTED_EDGE('',*,*,#2761,.F.);
#2806 = ORIENTED_EDGE('',*,*,#1411,.F.);
#2807 = PLANE('',#2808);
#2808 = AXIS2_PLACEMENT_3D('',#2809,#2810,#2811);
#2809 = CARTESIAN_POINT('',(60.,2.,0.));
#2810 = DIRECTION('',(0.,1.,0.));
#2811 = DIRECTION('',(-1.,0.,0.));
#2812 = ADVANCED_FACE('',(#2813),#2831,.T.);
#2813 = FACE_BOUND('',#2814,.T.);
#2814 = EDGE_LOOP('',(#2815,#2816,#2824,#2830));
#2815 = ORIENTED_EDGE('',*,*,#2777,.T.);
#2816 = ORIENTED_EDGE('',*,*,#2817,.T.);
#2817 = EDGE_CURVE('',#2770,#2818,#2820,.T.);
#2818 = VERTEX_POINT('',#2819);
#2819 = CARTESIAN_POINT('',(19.2,33.4,-10.));
#2820 = LINE('',#2821,#2822);
#2821 = CARTESIAN_POINT('',(3.,33.4,-10.));
#2822 = VECTOR('',#2823,1.);
#2823 = DIRECTION('',(1.,0.,0.));
#2824 = ORIENTED_EDGE('',*,*,#2825,.F.);
#2825 = EDGE_CURVE('',#1484,#2818,#2826,.T.);
#2826 = LINE('',#2827,#2828);
#2827 = CARTESIAN_POINT('',(19.2,33.4,0.));
#2828 = VECTOR('',#2829,1.);
#2829 = DIRECTION('',(-0.,-0.,-1.));
#2830 = ORIENTED_EDGE('',*,*,#1491,.F.);
#2831 = PLANE('',#2832);
#2832 = AXIS2_PLACEMENT_3D('',#2833,#2834,#2835);
#2833 = CARTESIAN_POINT('',(3.,33.4,0.));
#2834 = DIRECTION('',(0.,-1.,0.));
#2835 = DIRECTION('',(1.,0.,0.));
#2836 = ADVANCED_FACE('',(#2837),#2855,.T.);
#2837 = FACE_BOUND('',#2838,.T.);
#2838 = EDGE_LOOP('',(#2839,#2847,#2853,#2854));
#2839 = ORIENTED_EDGE('',*,*,#2840,.T.);
#2840 = EDGE_CURVE('',#1420,#2841,#2843,.T.);
#2841 = VERTEX_POINT('',#2842);
#2842 = CARTESIAN_POINT('',(60.,33.4,-10.));
#2843 = LINE('',#2844,#2845);
#2844 = CARTESIAN_POINT('',(60.,33.4,0.));
#2845 = VECTOR('',#2846,1.);
#2846 = DIRECTION('',(-0.,-0.,-1.));
#2847 = ORIENTED_EDGE('',*,*,#2848,.T.);
#2848 = EDGE_CURVE('',#2841,#2793,#2849,.T.);
#2849 = LINE('',#2850,#2851);
#2850 = CARTESIAN_POINT('',(60.,33.4,-10.));
#2851 = VECTOR('',#2852,1.);
#2852 = DIRECTION('',(0.,-1.,0.));
#2853 = ORIENTED_EDGE('',*,*,#2792,.F.);
#2854 = ORIENTED_EDGE('',*,*,#1419,.F.);
#2855 = PLANE('',#2856);
#2856 = AXIS2_PLACEMENT_3D('',#2857,#2858,#2859);
#2857 = CARTESIAN_POINT('',(60.,33.4,0.));
#2858 = DIRECTION('',(-1.,0.,0.));
#2859 = DIRECTION('',(0.,-1.,0.));
#2860 = ADVANCED_FACE('',(#2861),#2879,.T.);
#2861 = FACE_BOUND('',#2862,.T.);
#2862 = EDGE_LOOP('',(#2863,#2864,#2872,#2878));
#2863 = ORIENTED_EDGE('',*,*,#2825,.T.);
#2864 = ORIENTED_EDGE('',*,*,#2865,.T.);
#2865 = EDGE_CURVE('',#2818,#2866,#2868,.T.);
#2866 = VERTEX_POINT('',#2867);
#2867 = CARTESIAN_POINT('',(19.2,70.,-10.));
#2868 = LINE('',#2869,#2870);
#2869 = CARTESIAN_POINT('',(19.2,33.4,-10.));
#2870 = VECTOR('',#2871,1.);
#2871 = DIRECTION('',(0.,1.,0.));
#2872 = ORIENTED_EDGE('',*,*,#2873,.F.);
#2873 = EDGE_CURVE('',#1476,#2866,#2874,.T.);
#2874 = LINE('',#2875,#2876);
#2875 = CARTESIAN_POINT('',(19.2,70.,0.));
#2876 = VECTOR('',#2877,1.);
#2877 = DIRECTION('',(-0.,-0.,-1.));
#2878 = ORIENTED_EDGE('',*,*,#1483,.F.);
#2879 = PLANE('',#2880);
#2880 = AXIS2_PLACEMENT_3D('',#2881,#2882,#2883);
#2881 = CARTESIAN_POINT('',(19.2,33.4,0.));
#2882 = DIRECTION('',(1.,0.,0.));
#2883 = DIRECTION('',(0.,1.,0.));
#2884 = ADVANCED_FACE('',(#2885),#2903,.T.);
#2885 = FACE_BOUND('',#2886,.T.);
#2886 = EDGE_LOOP('',(#2887,#2895,#2901,#2902));
#2887 = ORIENTED_EDGE('',*,*,#2888,.T.);
#2888 = EDGE_CURVE('',#1428,#2889,#2891,.T.);
#2889 = VERTEX_POINT('',#2890);
#2890 = CARTESIAN_POINT('',(43.8,33.4,-10.));
#2891 = LINE('',#2892,#2893);
#2892 = CARTESIAN_POINT('',(43.8,33.4,0.));
#2893 = VECTOR('',#2894,1.);
#2894 = DIRECTION('',(-0.,-0.,-1.));
#2895 = ORIENTED_EDGE('',*,*,#2896,.T.);
#2896 = EDGE_CURVE('',#2889,#2841,#2897,.T.);
#2897 = LINE('',#2898,#2899);
#2898 = CARTESIAN_POINT('',(43.8,33.4,-10.));
#2899 = VECTOR('',#2900,1.);
#2900 = DIRECTION('',(1.,0.,0.));
#2901 = ORIENTED_EDGE('',*,*,#2840,.F.);
#2902 = ORIENTED_EDGE('',*,*,#1427,.F.);
#2903 = PLANE('',#2904);
#2904 = AXIS2_PLACEMENT_3D('',#2905,#2906,#2907);
#2905 = CARTESIAN_POINT('',(43.8,33.4,0.));
#2906 = DIRECTION('',(0.,-1.,0.));
#2907 = DIRECTION('',(1.,0.,0.));
#2908 = ADVANCED_FACE('',(#2909),#2927,.T.);
#2909 = FACE_BOUND('',#2910,.T.);
#2910 = EDGE_LOOP('',(#2911,#2912,#2920,#2926));
#2911 = ORIENTED_EDGE('',*,*,#2873,.T.);
#2912 = ORIENTED_EDGE('',*,*,#2913,.T.);
#2913 = EDGE_CURVE('',#2866,#2914,#2916,.T.);
#2914 = VERTEX_POINT('',#2915);
#2915 = CARTESIAN_POINT('',(21.8,70.,-10.));
#2916 = LINE('',#2917,#2918);
#2917 = CARTESIAN_POINT('',(19.2,70.,-10.));
#2918 = VECTOR('',#2919,1.);
#2919 = DIRECTION('',(1.,0.,0.));
#2920 = ORIENTED_EDGE('',*,*,#2921,.F.);
#2921 = EDGE_CURVE('',#1468,#2914,#2922,.T.);
#2922 = LINE('',#2923,#2924);
#2923 = CARTESIAN_POINT('',(21.8,70.,0.));
#2924 = VECTOR('',#2925,1.);
#2925 = DIRECTION('',(-0.,-0.,-1.));
#2926 = ORIENTED_EDGE('',*,*,#1475,.F.);
#2927 = PLANE('',#2928);
#2928 = AXIS2_PLACEMENT_3D('',#2929,#2930,#2931);
#2929 = CARTESIAN_POINT('',(19.2,70.,0.));
#2930 = DIRECTION('',(0.,-1.,0.));
#2931 = DIRECTION('',(1.,0.,0.));
#2932 = ADVANCED_FACE('',(#2933),#2951,.T.);
#2933 = FACE_BOUND('',#2934,.T.);
#2934 = EDGE_LOOP('',(#2935,#2943,#2949,#2950));
#2935 = ORIENTED_EDGE('',*,*,#2936,.T.);
#2936 = EDGE_CURVE('',#1436,#2937,#2939,.T.);
#2937 = VERTEX_POINT('',#2938);
#2938 = CARTESIAN_POINT('',(43.8,70.,-10.));
#2939 = LINE('',#2940,#2941);
#2940 = CARTESIAN_POINT('',(43.8,70.,0.));
#2941 = VECTOR('',#2942,1.);
#2942 = DIRECTION('',(-0.,-0.,-1.));
#2943 = ORIENTED_EDGE('',*,*,#2944,.T.);
#2944 = EDGE_CURVE('',#2937,#2889,#2945,.T.);
#2945 = LINE('',#2946,#2947);
#2946 = CARTESIAN_POINT('',(43.8,70.,-10.));
#2947 = VECTOR('',#2948,1.);
#2948 = DIRECTION('',(0.,-1.,0.));
#2949 = ORIENTED_EDGE('',*,*,#2888,.F.);
#2950 = ORIENTED_EDGE('',*,*,#1435,.F.);
#2951 = PLANE('',#2952);
#2952 = AXIS2_PLACEMENT_3D('',#2953,#2954,#2955);
#2953 = CARTESIAN_POINT('',(43.8,70.,0.));
#2954 = DIRECTION('',(-1.,0.,0.));
#2955 = DIRECTION('',(0.,-1.,0.));
#2956 = ADVANCED_FACE('',(#2957),#2975,.T.);
#2957 = FACE_BOUND('',#2958,.T.);
#2958 = EDGE_LOOP('',(#2959,#2960,#2968,#2974));
#2959 = ORIENTED_EDGE('',*,*,#2921,.T.);
#2960 = ORIENTED_EDGE('',*,*,#2961,.T.);
#2961 = EDGE_CURVE('',#2914,#2962,#2964,.T.);
#2962 = VERTEX_POINT('',#2963);
#2963 = CARTESIAN_POINT('',(21.8,33.4,-10.));
#2964 = LINE('',#2965,#2966);
#2965 = CARTESIAN_POINT('',(21.8,70.,-10.));
#2966 = VECTOR('',#2967,1.);
#2967 = DIRECTION('',(0.,-1.,0.));
#2968 = ORIENTED_EDGE('',*,*,#2969,.F.);
#2969 = EDGE_CURVE('',#1460,#2962,#2970,.T.);
#2970 = LINE('',#2971,#2972);
#2971 = CARTESIAN_POINT('',(21.8,33.4,0.));
#2972 = VECTOR('',#2973,1.);
#2973 = DIRECTION('',(-0.,-0.,-1.));
#2974 = ORIENTED_EDGE('',*,*,#1467,.F.);
#2975 = PLANE('',#2976);
#2976 = AXIS2_PLACEMENT_3D('',#2977,#2978,#2979);
#2977 = CARTESIAN_POINT('',(21.8,70.,0.));
#2978 = DIRECTION('',(-1.,0.,0.));
#2979 = DIRECTION('',(0.,-1.,0.));
#2980 = ADVANCED_FACE('',(#2981),#2999,.T.);
#2981 = FACE_BOUND('',#2982,.T.);
#2982 = EDGE_LOOP('',(#2983,#2991,#2997,#2998));
#2983 = ORIENTED_EDGE('',*,*,#2984,.T.);
#2984 = EDGE_CURVE('',#1444,#2985,#2987,.T.);
#2985 = VERTEX_POINT('',#2986);
#2986 = CARTESIAN_POINT('',(41.2,70.,-10.));
#2987 = LINE('',#2988,#2989);
#2988 = CARTESIAN_POINT('',(41.2,70.,0.));
#2989 = VECTOR('',#2990,1.);
#2990 = DIRECTION('',(-0.,-0.,-1.));
#2991 = ORIENTED_EDGE('',*,*,#2992,.T.);
#2992 = EDGE_CURVE('',#2985,#2937,#2993,.T.);
#2993 = LINE('',#2994,#2995);
#2994 = CARTESIAN_POINT('',(41.2,70.,-10.));
#2995 = VECTOR('',#2996,1.);
#2996 = DIRECTION('',(1.,0.,0.));
#2997 = ORIENTED_EDGE('',*,*,#2936,.F.);
#2998 = ORIENTED_EDGE('',*,*,#1443,.F.);
#2999 = PLANE('',#3000);
#3000 = AXIS2_PLACEMENT_3D('',#3001,#3002,#3003);
#3001 = CARTESIAN_POINT('',(41.2,70.,0.));
#3002 = DIRECTION('',(0.,-1.,0.));
#3003 = DIRECTION('',(1.,0.,0.));
#3004 = ADVANCED_FACE('',(#3005),#3023,.T.);
#3005 = FACE_BOUND('',#3006,.T.);
#3006 = EDGE_LOOP('',(#3007,#3008,#3016,#3022));
#3007 = ORIENTED_EDGE('',*,*,#2969,.T.);
#3008 = ORIENTED_EDGE('',*,*,#3009,.T.);
#3009 = EDGE_CURVE('',#2962,#3010,#3012,.T.);
#3010 = VERTEX_POINT('',#3011);
#3011 = CARTESIAN_POINT('',(41.2,33.4,-10.));
#3012 = LINE('',#3013,#3014);
#3013 = CARTESIAN_POINT('',(21.8,33.4,-10.));
#3014 = VECTOR('',#3015,1.);
#3015 = DIRECTION('',(1.,0.,0.));
#3016 = ORIENTED_EDGE('',*,*,#3017,.F.);
#3017 = EDGE_CURVE('',#1452,#3010,#3018,.T.);
#3018 = LINE('',#3019,#3020);
#3019 = CARTESIAN_POINT('',(41.2,33.4,0.));
#3020 = VECTOR('',#3021,1.);
#3021 = DIRECTION('',(-0.,-0.,-1.));
#3022 = ORIENTED_EDGE('',*,*,#1459,.F.);
#3023 = PLANE('',#3024);
#3024 = AXIS2_PLACEMENT_3D('',#3025,#3026,#3027);
#3025 = CARTESIAN_POINT('',(21.8,33.4,0.));
#3026 = DIRECTION('',(0.,-1.,0.));
#3027 = DIRECTION('',(1.,0.,0.));
#3028 = ADVANCED_FACE('',(#3029),#3040,.T.);
#3029 = FACE_BOUND('',#3030,.T.);
#3030 = EDGE_LOOP('',(#3031,#3032,#3038,#3039));
#3031 = ORIENTED_EDGE('',*,*,#3017,.T.);
#3032 = ORIENTED_EDGE('',*,*,#3033,.T.);
#3033 = EDGE_CURVE('',#3010,#2985,#3034,.T.);
#3034 = LINE('',#3035,#3036);
#3035 = CARTESIAN_POINT('',(41.2,33.4,-10.));
#3036 = VECTOR('',#3037,1.);
#3037 = DIRECTION('',(0.,1.,0.));
#3038 = ORIENTED_EDGE('',*,*,#2984,.F.);
#3039 = ORIENTED_EDGE('',*,*,#1451,.F.);
#3040 = PLANE('',#3041);
#3041 = AXIS2_PLACEMENT_3D('',#3042,#3043,#3044);
#3042 = CARTESIAN_POINT('',(41.2,33.4,0.));
#3043 = DIRECTION('',(1.,0.,0.));
#3044 = DIRECTION('',(0.,1.,0.));
#3045 = ADVANCED_FACE('',(#3046),#3174,.F.);
#3046 = FACE_BOUND('',#3047,.T.);
#3047 = EDGE_LOOP('',(#3048,#3059,#3067,#3076,#3084,#3093,#3099,#3100,
    #3108,#3117,#3125,#3134,#3142,#3151,#3159,#3168));
#3048 = ORIENTED_EDGE('',*,*,#3049,.F.);
#3049 = EDGE_CURVE('',#3050,#3052,#3054,.T.);
#3050 = VERTEX_POINT('',#3051);
#3051 = CARTESIAN_POINT('',(39.850236588295,50.911431802064,-13.57));
#3052 = VERTEX_POINT('',#3053);
#3053 = CARTESIAN_POINT('',(39.850236588295,54.088568197936,-13.57));
#3054 = CIRCLE('',#3055,8.5);
#3055 = AXIS2_PLACEMENT_3D('',#3056,#3057,#3058);
#3056 = CARTESIAN_POINT('',(31.5,52.5,-13.57));
#3057 = DIRECTION('',(0.,0.,1.));
#3058 = DIRECTION('',(1.,0.,0.));
#3059 = ORIENTED_EDGE('',*,*,#3060,.F.);
#3060 = EDGE_CURVE('',#3061,#3050,#3063,.T.);
#3061 = VERTEX_POINT('',#3062);
#3062 = CARTESIAN_POINT('',(39.850236588295,50.911431802064,-10.57));
#3063 = LINE('',#3064,#3065);
#3064 = CARTESIAN_POINT('',(39.850236588295,50.911431802064,-10.57));
#3065 = VECTOR('',#3066,1.);
#3066 = DIRECTION('',(-0.,-0.,-1.));
#3067 = ORIENTED_EDGE('',*,*,#3068,.F.);
#3068 = EDGE_CURVE('',#3069,#3061,#3071,.T.);
#3069 = VERTEX_POINT('',#3070);
#3070 = CARTESIAN_POINT('',(37.713694553162,46.7,-10.57));
#3071 = CIRCLE('',#3072,8.5);
#3072 = AXIS2_PLACEMENT_3D('',#3073,#3074,#3075);
#3073 = CARTESIAN_POINT('',(31.5,52.5,-10.57));
#3074 = DIRECTION('',(0.,0.,1.));
#3075 = DIRECTION('',(1.,0.,0.));
#3076 = ORIENTED_EDGE('',*,*,#3077,.F.);
#3077 = EDGE_CURVE('',#3078,#3069,#3080,.T.);
#3078 = VERTEX_POINT('',#3079);
#3079 = CARTESIAN_POINT('',(37.713694553162,46.7,-9.27));
#3080 = LINE('',#3081,#3082);
#3081 = CARTESIAN_POINT('',(37.713694553162,46.7,-9.27));
#3082 = VECTOR('',#3083,1.);
#3083 = DIRECTION('',(-0.,-0.,-1.));
#3084 = ORIENTED_EDGE('',*,*,#3085,.T.);
#3085 = EDGE_CURVE('',#3078,#3086,#3088,.T.);
#3086 = VERTEX_POINT('',#3087);
#3087 = CARTESIAN_POINT('',(39.2,48.9,-9.27));
#3088 = CIRCLE('',#3089,8.5);
#3089 = AXIS2_PLACEMENT_3D('',#3090,#3091,#3092);
#3090 = CARTESIAN_POINT('',(31.5,52.5,-9.27));
#3091 = DIRECTION('',(0.,0.,1.));
#3092 = DIRECTION('',(1.,0.,0.));
#3093 = ORIENTED_EDGE('',*,*,#3094,.T.);
#3094 = EDGE_CURVE('',#3086,#1502,#3095,.T.);
#3095 = LINE('',#3096,#3097);
#3096 = CARTESIAN_POINT('',(39.2,48.9,-9.27));
#3097 = VECTOR('',#3098,1.);
#3098 = DIRECTION('',(0.,0.,1.));
#3099 = ORIENTED_EDGE('',*,*,#1499,.F.);
#3100 = ORIENTED_EDGE('',*,*,#3101,.F.);
#3101 = EDGE_CURVE('',#3102,#1500,#3104,.T.);
#3102 = VERTEX_POINT('',#3103);
#3103 = CARTESIAN_POINT('',(23.8,48.9,-9.27));
#3104 = LINE('',#3105,#3106);
#3105 = CARTESIAN_POINT('',(23.8,48.9,-9.27));
#3106 = VECTOR('',#3107,1.);
#3107 = DIRECTION('',(0.,0.,1.));
#3108 = ORIENTED_EDGE('',*,*,#3109,.T.);
#3109 = EDGE_CURVE('',#3102,#3110,#3112,.T.);
#3110 = VERTEX_POINT('',#3111);
#3111 = CARTESIAN_POINT('',(25.286305446838,46.7,-9.27));
#3112 = CIRCLE('',#3113,8.5);
#3113 = AXIS2_PLACEMENT_3D('',#3114,#3115,#3116);
#3114 = CARTESIAN_POINT('',(31.5,52.5,-9.27));
#3115 = DIRECTION('',(0.,0.,1.));
#3116 = DIRECTION('',(1.,0.,0.));
#3117 = ORIENTED_EDGE('',*,*,#3118,.T.);
#3118 = EDGE_CURVE('',#3110,#3119,#3121,.T.);
#3119 = VERTEX_POINT('',#3120);
#3120 = CARTESIAN_POINT('',(25.286305446838,46.7,-10.57));
#3121 = LINE('',#3122,#3123);
#3122 = CARTESIAN_POINT('',(25.286305446838,46.7,-9.27));
#3123 = VECTOR('',#3124,1.);
#3124 = DIRECTION('',(-0.,-0.,-1.));
#3125 = ORIENTED_EDGE('',*,*,#3126,.F.);
#3126 = EDGE_CURVE('',#3127,#3119,#3129,.T.);
#3127 = VERTEX_POINT('',#3128);
#3128 = CARTESIAN_POINT('',(25.286305446838,58.3,-10.57));
#3129 = CIRCLE('',#3130,8.5);
#3130 = AXIS2_PLACEMENT_3D('',#3131,#3132,#3133);
#3131 = CARTESIAN_POINT('',(31.5,52.5,-10.57));
#3132 = DIRECTION('',(0.,0.,1.));
#3133 = DIRECTION('',(1.,0.,0.));
#3134 = ORIENTED_EDGE('',*,*,#3135,.F.);
#3135 = EDGE_CURVE('',#3136,#3127,#3138,.T.);
#3136 = VERTEX_POINT('',#3137);
#3137 = CARTESIAN_POINT('',(25.286305446838,58.3,-9.27));
#3138 = LINE('',#3139,#3140);
#3139 = CARTESIAN_POINT('',(25.286305446838,58.3,-9.27));
#3140 = VECTOR('',#3141,1.);
#3141 = DIRECTION('',(-0.,-0.,-1.));
#3142 = ORIENTED_EDGE('',*,*,#3143,.F.);
#3143 = EDGE_CURVE('',#3144,#3136,#3146,.T.);
#3144 = VERTEX_POINT('',#3145);
#3145 = CARTESIAN_POINT('',(37.713694553162,58.3,-9.27));
#3146 = CIRCLE('',#3147,8.5);
#3147 = AXIS2_PLACEMENT_3D('',#3148,#3149,#3150);
#3148 = CARTESIAN_POINT('',(31.5,52.5,-9.27));
#3149 = DIRECTION('',(0.,0.,1.));
#3150 = DIRECTION('',(1.,0.,0.));
#3151 = ORIENTED_EDGE('',*,*,#3152,.T.);
#3152 = EDGE_CURVE('',#3144,#3153,#3155,.T.);
#3153 = VERTEX_POINT('',#3154);
#3154 = CARTESIAN_POINT('',(37.713694553162,58.3,-10.57));
#3155 = LINE('',#3156,#3157);
#3156 = CARTESIAN_POINT('',(37.713694553162,58.3,-9.27));
#3157 = VECTOR('',#3158,1.);
#3158 = DIRECTION('',(-0.,-0.,-1.));
#3159 = ORIENTED_EDGE('',*,*,#3160,.F.);
#3160 = EDGE_CURVE('',#3161,#3153,#3163,.T.);
#3161 = VERTEX_POINT('',#3162);
#3162 = CARTESIAN_POINT('',(39.850236588295,54.088568197936,-10.57));
#3163 = CIRCLE('',#3164,8.5);
#3164 = AXIS2_PLACEMENT_3D('',#3165,#3166,#3167);
#3165 = CARTESIAN_POINT('',(31.5,52.5,-10.57));
#3166 = DIRECTION('',(0.,0.,1.));
#3167 = DIRECTION('',(1.,0.,0.));
#3168 = ORIENTED_EDGE('',*,*,#3169,.T.);
#3169 = EDGE_CURVE('',#3161,#3052,#3170,.T.);
#3170 = LINE('',#3171,#3172);
#3171 = CARTESIAN_POINT('',(39.850236588295,54.088568197936,-10.57));
#3172 = VECTOR('',#3173,1.);
#3173 = DIRECTION('',(-0.,-0.,-1.));
#3174 = CYLINDRICAL_SURFACE('',#3175,8.5);
#3175 = AXIS2_PLACEMENT_3D('',#3176,#3177,#3178);
#3176 = CARTESIAN_POINT('',(31.5,52.5,-9.27));
#3177 = DIRECTION('',(-0.,-0.,-1.));
#3178 = DIRECTION('',(1.,0.,0.));
#3179 = ADVANCED_FACE('',(#3180),#3198,.T.);
#3180 = FACE_BOUND('',#3181,.T.);
#3181 = EDGE_LOOP('',(#3182,#3190,#3191,#3192));
#3182 = ORIENTED_EDGE('',*,*,#3183,.F.);
#3183 = EDGE_CURVE('',#3102,#3184,#3186,.T.);
#3184 = VERTEX_POINT('',#3185);
#3185 = CARTESIAN_POINT('',(23.8,35.4,-9.27));
#3186 = LINE('',#3187,#3188);
#3187 = CARTESIAN_POINT('',(23.8,48.9,-9.27));
#3188 = VECTOR('',#3189,1.);
#3189 = DIRECTION('',(0.,-1.,0.));
#3190 = ORIENTED_EDGE('',*,*,#3101,.T.);
#3191 = ORIENTED_EDGE('',*,*,#1510,.T.);
#3192 = ORIENTED_EDGE('',*,*,#3193,.F.);
#3193 = EDGE_CURVE('',#3184,#1511,#3194,.T.);
#3194 = LINE('',#3195,#3196);
#3195 = CARTESIAN_POINT('',(23.8,35.4,-9.27));
#3196 = VECTOR('',#3197,1.);
#3197 = DIRECTION('',(0.,0.,1.));
#3198 = PLANE('',#3199);
#3199 = AXIS2_PLACEMENT_3D('',#3200,#3201,#3202);
#3200 = CARTESIAN_POINT('',(23.8,48.9,-9.27));
#3201 = DIRECTION('',(1.,0.,0.));
#3202 = DIRECTION('',(0.,-1.,0.));
#3203 = ADVANCED_FACE('',(#3204),#3222,.T.);
#3204 = FACE_BOUND('',#3205,.T.);
#3205 = EDGE_LOOP('',(#3206,#3214,#3220,#3221));
#3206 = ORIENTED_EDGE('',*,*,#3207,.F.);
#3207 = EDGE_CURVE('',#3208,#3086,#3210,.T.);
#3208 = VERTEX_POINT('',#3209);
#3209 = CARTESIAN_POINT('',(39.2,35.4,-9.27));
#3210 = LINE('',#3211,#3212);
#3211 = CARTESIAN_POINT('',(39.2,35.4,-9.27));
#3212 = VECTOR('',#3213,1.);
#3213 = DIRECTION('',(0.,1.,0.));
#3214 = ORIENTED_EDGE('',*,*,#3215,.T.);
#3215 = EDGE_CURVE('',#3208,#1519,#3216,.T.);
#3216 = LINE('',#3217,#3218);
#3217 = CARTESIAN_POINT('',(39.2,35.4,-9.27));
#3218 = VECTOR('',#3219,1.);
#3219 = DIRECTION('',(0.,0.,1.));
#3220 = ORIENTED_EDGE('',*,*,#1526,.T.);
#3221 = ORIENTED_EDGE('',*,*,#3094,.F.);
#3222 = PLANE('',#3223);
#3223 = AXIS2_PLACEMENT_3D('',#3224,#3225,#3226);
#3224 = CARTESIAN_POINT('',(39.2,35.4,-9.27));
#3225 = DIRECTION('',(-1.,0.,0.));
#3226 = DIRECTION('',(0.,1.,0.));
#3227 = ADVANCED_FACE('',(#3228),#3239,.T.);
#3228 = FACE_BOUND('',#3229,.T.);
#3229 = EDGE_LOOP('',(#3230,#3236,#3237,#3238));
#3230 = ORIENTED_EDGE('',*,*,#3231,.F.);
#3231 = EDGE_CURVE('',#3184,#3208,#3232,.T.);
#3232 = LINE('',#3233,#3234);
#3233 = CARTESIAN_POINT('',(23.8,35.4,-9.27));
#3234 = VECTOR('',#3235,1.);
#3235 = DIRECTION('',(1.,0.,0.));
#3236 = ORIENTED_EDGE('',*,*,#3193,.T.);
#3237 = ORIENTED_EDGE('',*,*,#1518,.T.);
#3238 = ORIENTED_EDGE('',*,*,#3215,.F.);
#3239 = PLANE('',#3240);
#3240 = AXIS2_PLACEMENT_3D('',#3241,#3242,#3243);
#3241 = CARTESIAN_POINT('',(23.8,35.4,-9.27));
#3242 = DIRECTION('',(0.,1.,0.));
#3243 = DIRECTION('',(1.,0.,0.));
#3244 = ADVANCED_FACE('',(#3245),#3373,.F.);
#3245 = FACE_BOUND('',#3246,.T.);
#3246 = EDGE_LOOP('',(#3247,#3258,#3266,#3275,#3283,#3292,#3298,#3299,
    #3307,#3316,#3324,#3333,#3341,#3350,#3358,#3367));
#3247 = ORIENTED_EDGE('',*,*,#3248,.F.);
#3248 = EDGE_CURVE('',#3249,#3251,#3253,.T.);
#3249 = VERTEX_POINT('',#3250);
#3250 = CARTESIAN_POINT('',(17.850236588295,50.911431802064,-13.57));
#3251 = VERTEX_POINT('',#3252);
#3252 = CARTESIAN_POINT('',(17.850236588295,54.088568197936,-13.57));
#3253 = CIRCLE('',#3254,8.5);
#3254 = AXIS2_PLACEMENT_3D('',#3255,#3256,#3257);
#3255 = CARTESIAN_POINT('',(9.5,52.5,-13.57));
#3256 = DIRECTION('',(0.,0.,1.));
#3257 = DIRECTION('',(1.,0.,0.));
#3258 = ORIENTED_EDGE('',*,*,#3259,.F.);
#3259 = EDGE_CURVE('',#3260,#3249,#3262,.T.);
#3260 = VERTEX_POINT('',#3261);
#3261 = CARTESIAN_POINT('',(17.850236588295,50.911431802064,-10.57));
#3262 = LINE('',#3263,#3264);
#3263 = CARTESIAN_POINT('',(17.850236588295,50.911431802064,-10.57));
#3264 = VECTOR('',#3265,1.);
#3265 = DIRECTION('',(-0.,-0.,-1.));
#3266 = ORIENTED_EDGE('',*,*,#3267,.F.);
#3267 = EDGE_CURVE('',#3268,#3260,#3270,.T.);
#3268 = VERTEX_POINT('',#3269);
#3269 = CARTESIAN_POINT('',(15.713694553162,46.7,-10.57));
#3270 = CIRCLE('',#3271,8.5);
#3271 = AXIS2_PLACEMENT_3D('',#3272,#3273,#3274);
#3272 = CARTESIAN_POINT('',(9.5,52.5,-10.57));
#3273 = DIRECTION('',(0.,0.,1.));
#3274 = DIRECTION('',(1.,0.,0.));
#3275 = ORIENTED_EDGE('',*,*,#3276,.F.);
#3276 = EDGE_CURVE('',#3277,#3268,#3279,.T.);
#3277 = VERTEX_POINT('',#3278);
#3278 = CARTESIAN_POINT('',(15.713694553162,46.7,-9.27));
#3279 = LINE('',#3280,#3281);
#3280 = CARTESIAN_POINT('',(15.713694553162,46.7,-9.27));
#3281 = VECTOR('',#3282,1.);
#3282 = DIRECTION('',(-0.,-0.,-1.));
#3283 = ORIENTED_EDGE('',*,*,#3284,.T.);
#3284 = EDGE_CURVE('',#3277,#3285,#3287,.T.);
#3285 = VERTEX_POINT('',#3286);
#3286 = CARTESIAN_POINT('',(17.2,48.9,-9.27));
#3287 = CIRCLE('',#3288,8.5);
#3288 = AXIS2_PLACEMENT_3D('',#3289,#3290,#3291);
#3289 = CARTESIAN_POINT('',(9.5,52.5,-9.27));
#3290 = DIRECTION('',(0.,0.,1.));
#3291 = DIRECTION('',(1.,0.,0.));
#3292 = ORIENTED_EDGE('',*,*,#3293,.T.);
#3293 = EDGE_CURVE('',#3285,#1537,#3294,.T.);
#3294 = LINE('',#3295,#3296);
#3295 = CARTESIAN_POINT('',(17.2,48.9,-9.27));
#3296 = VECTOR('',#3297,1.);
#3297 = DIRECTION('',(0.,0.,1.));
#3298 = ORIENTED_EDGE('',*,*,#1534,.F.);
#3299 = ORIENTED_EDGE('',*,*,#3300,.F.);
#3300 = EDGE_CURVE('',#3301,#1535,#3303,.T.);
#3301 = VERTEX_POINT('',#3302);
#3302 = CARTESIAN_POINT('',(1.8,48.9,-9.27));
#3303 = LINE('',#3304,#3305);
#3304 = CARTESIAN_POINT('',(1.8,48.9,-9.27));
#3305 = VECTOR('',#3306,1.);
#3306 = DIRECTION('',(0.,0.,1.));
#3307 = ORIENTED_EDGE('',*,*,#3308,.T.);
#3308 = EDGE_CURVE('',#3301,#3309,#3311,.T.);
#3309 = VERTEX_POINT('',#3310);
#3310 = CARTESIAN_POINT('',(3.286305446838,46.7,-9.27));
#3311 = CIRCLE('',#3312,8.5);
#3312 = AXIS2_PLACEMENT_3D('',#3313,#3314,#3315);
#3313 = CARTESIAN_POINT('',(9.5,52.5,-9.27));
#3314 = DIRECTION('',(0.,0.,1.));
#3315 = DIRECTION('',(1.,0.,0.));
#3316 = ORIENTED_EDGE('',*,*,#3317,.T.);
#3317 = EDGE_CURVE('',#3309,#3318,#3320,.T.);
#3318 = VERTEX_POINT('',#3319);
#3319 = CARTESIAN_POINT('',(3.286305446838,46.7,-10.57));
#3320 = LINE('',#3321,#3322);
#3321 = CARTESIAN_POINT('',(3.286305446838,46.7,-9.27));
#3322 = VECTOR('',#3323,1.);
#3323 = DIRECTION('',(-0.,-0.,-1.));
#3324 = ORIENTED_EDGE('',*,*,#3325,.F.);
#3325 = EDGE_CURVE('',#3326,#3318,#3328,.T.);
#3326 = VERTEX_POINT('',#3327);
#3327 = CARTESIAN_POINT('',(3.286305446838,58.3,-10.57));
#3328 = CIRCLE('',#3329,8.5);
#3329 = AXIS2_PLACEMENT_3D('',#3330,#3331,#3332);
#3330 = CARTESIAN_POINT('',(9.5,52.5,-10.57));
#3331 = DIRECTION('',(0.,0.,1.));
#3332 = DIRECTION('',(1.,0.,0.));
#3333 = ORIENTED_EDGE('',*,*,#3334,.F.);
#3334 = EDGE_CURVE('',#3335,#3326,#3337,.T.);
#3335 = VERTEX_POINT('',#3336);
#3336 = CARTESIAN_POINT('',(3.286305446838,58.3,-9.27));
#3337 = LINE('',#3338,#3339);
#3338 = CARTESIAN_POINT('',(3.286305446838,58.3,-9.27));
#3339 = VECTOR('',#3340,1.);
#3340 = DIRECTION('',(-0.,-0.,-1.));
#3341 = ORIENTED_EDGE('',*,*,#3342,.F.);
#3342 = EDGE_CURVE('',#3343,#3335,#3345,.T.);
#3343 = VERTEX_POINT('',#3344);
#3344 = CARTESIAN_POINT('',(15.713694553162,58.3,-9.27));
#3345 = CIRCLE('',#3346,8.5);
#3346 = AXIS2_PLACEMENT_3D('',#3347,#3348,#3349);
#3347 = CARTESIAN_POINT('',(9.5,52.5,-9.27));
#3348 = DIRECTION('',(0.,0.,1.));
#3349 = DIRECTION('',(1.,0.,0.));
#3350 = ORIENTED_EDGE('',*,*,#3351,.T.);
#3351 = EDGE_CURVE('',#3343,#3352,#3354,.T.);
#3352 = VERTEX_POINT('',#3353);
#3353 = CARTESIAN_POINT('',(15.713694553162,58.3,-10.57));
#3354 = LINE('',#3355,#3356);
#3355 = CARTESIAN_POINT('',(15.713694553162,58.3,-9.27));
#3356 = VECTOR('',#3357,1.);
#3357 = DIRECTION('',(-0.,-0.,-1.));
#3358 = ORIENTED_EDGE('',*,*,#3359,.F.);
#3359 = EDGE_CURVE('',#3360,#3352,#3362,.T.);
#3360 = VERTEX_POINT('',#3361);
#3361 = CARTESIAN_POINT('',(17.850236588295,54.088568197936,-10.57));
#3362 = CIRCLE('',#3363,8.5);
#3363 = AXIS2_PLACEMENT_3D('',#3364,#3365,#3366);
#3364 = CARTESIAN_POINT('',(9.5,52.5,-10.57));
#3365 = DIRECTION('',(0.,0.,1.));
#3366 = DIRECTION('',(1.,0.,0.));
#3367 = ORIENTED_EDGE('',*,*,#3368,.T.);
#3368 = EDGE_CURVE('',#3360,#3251,#3369,.T.);
#3369 = LINE('',#3370,#3371);
#3370 = CARTESIAN_POINT('',(17.850236588295,54.088568197936,-10.57));
#3371 = VECTOR('',#3372,1.);
#3372 = DIRECTION('',(-0.,-0.,-1.));
#3373 = CYLINDRICAL_SURFACE('',#3374,8.5);
#3374 = AXIS2_PLACEMENT_3D('',#3375,#3376,#3377);
#3375 = CARTESIAN_POINT('',(9.5,52.5,-9.27));
#3376 = DIRECTION('',(-0.,-0.,-1.));
#3377 = DIRECTION('',(1.,0.,0.));
#3378 = ADVANCED_FACE('',(#3379),#3397,.T.);
#3379 = FACE_BOUND('',#3380,.T.);
#3380 = EDGE_LOOP('',(#3381,#3389,#3390,#3391));
#3381 = ORIENTED_EDGE('',*,*,#3382,.F.);
#3382 = EDGE_CURVE('',#3301,#3383,#3385,.T.);
#3383 = VERTEX_POINT('',#3384);
#3384 = CARTESIAN_POINT('',(1.8,35.4,-9.27));
#3385 = LINE('',#3386,#3387);
#3386 = CARTESIAN_POINT('',(1.8,48.9,-9.27));
#3387 = VECTOR('',#3388,1.);
#3388 = DIRECTION('',(0.,-1.,0.));
#3389 = ORIENTED_EDGE('',*,*,#3300,.T.);
#3390 = ORIENTED_EDGE('',*,*,#1545,.T.);
#3391 = ORIENTED_EDGE('',*,*,#3392,.F.);
#3392 = EDGE_CURVE('',#3383,#1546,#3393,.T.);
#3393 = LINE('',#3394,#3395);
#3394 = CARTESIAN_POINT('',(1.8,35.4,-9.27));
#3395 = VECTOR('',#3396,1.);
#3396 = DIRECTION('',(0.,0.,1.));
#3397 = PLANE('',#3398);
#3398 = AXIS2_PLACEMENT_3D('',#3399,#3400,#3401);
#3399 = CARTESIAN_POINT('',(1.8,48.9,-9.27));
#3400 = DIRECTION('',(1.,0.,0.));
#3401 = DIRECTION('',(0.,-1.,0.));
#3402 = ADVANCED_FACE('',(#3403),#3421,.T.);
#3403 = FACE_BOUND('',#3404,.T.);
#3404 = EDGE_LOOP('',(#3405,#3413,#3419,#3420));
#3405 = ORIENTED_EDGE('',*,*,#3406,.F.);
#3406 = EDGE_CURVE('',#3407,#3285,#3409,.T.);
#3407 = VERTEX_POINT('',#3408);
#3408 = CARTESIAN_POINT('',(17.2,35.4,-9.27));
#3409 = LINE('',#3410,#3411);
#3410 = CARTESIAN_POINT('',(17.2,35.4,-9.27));
#3411 = VECTOR('',#3412,1.);
#3412 = DIRECTION('',(0.,1.,0.));
#3413 = ORIENTED_EDGE('',*,*,#3414,.T.);
#3414 = EDGE_CURVE('',#3407,#1554,#3415,.T.);
#3415 = LINE('',#3416,#3417);
#3416 = CARTESIAN_POINT('',(17.2,35.4,-9.27));
#3417 = VECTOR('',#3418,1.);
#3418 = DIRECTION('',(0.,0.,1.));
#3419 = ORIENTED_EDGE('',*,*,#1561,.T.);
#3420 = ORIENTED_EDGE('',*,*,#3293,.F.);
#3421 = PLANE('',#3422);
#3422 = AXIS2_PLACEMENT_3D('',#3423,#3424,#3425);
#3423 = CARTESIAN_POINT('',(17.2,35.4,-9.27));
#3424 = DIRECTION('',(-1.,0.,0.));
#3425 = DIRECTION('',(0.,1.,0.));
#3426 = ADVANCED_FACE('',(#3427),#3438,.T.);
#3427 = FACE_BOUND('',#3428,.T.);
#3428 = EDGE_LOOP('',(#3429,#3435,#3436,#3437));
#3429 = ORIENTED_EDGE('',*,*,#3430,.F.);
#3430 = EDGE_CURVE('',#3383,#3407,#3431,.T.);
#3431 = LINE('',#3432,#3433);
#3432 = CARTESIAN_POINT('',(1.8,35.4,-9.27));
#3433 = VECTOR('',#3434,1.);
#3434 = DIRECTION('',(1.,0.,0.));
#3435 = ORIENTED_EDGE('',*,*,#3392,.T.);
#3436 = ORIENTED_EDGE('',*,*,#1553,.T.);
#3437 = ORIENTED_EDGE('',*,*,#3414,.F.);
#3438 = PLANE('',#3439);
#3439 = AXIS2_PLACEMENT_3D('',#3440,#3441,#3442);
#3440 = CARTESIAN_POINT('',(1.8,35.4,-9.27));
#3441 = DIRECTION('',(0.,1.,0.));
#3442 = DIRECTION('',(1.,0.,0.));
#3443 = ADVANCED_FACE('',(#3444,#3480),#3483,.T.);
#3444 = FACE_BOUND('',#3445,.T.);
#3445 = EDGE_LOOP('',(#3446,#3457,#3465,#3474));
#3446 = ORIENTED_EDGE('',*,*,#3447,.T.);
#3447 = EDGE_CURVE('',#3448,#3450,#3452,.T.);
#3448 = VERTEX_POINT('',#3449);
#3449 = CARTESIAN_POINT('',(7.304969521821,58.32269850017,-11.22));
#3450 = VERTEX_POINT('',#3451);
#3451 = CARTESIAN_POINT('',(7.304969521821,46.67730149983,-11.22));
#3452 = CIRCLE('',#3453,6.22269850017);
#3453 = AXIS2_PLACEMENT_3D('',#3454,#3455,#3456);
#3454 = CARTESIAN_POINT('',(9.5,52.5,-11.22));
#3455 = DIRECTION('',(0.,0.,1.));
#3456 = DIRECTION('',(1.,0.,0.));
#3457 = ORIENTED_EDGE('',*,*,#3458,.T.);
#3458 = EDGE_CURVE('',#3450,#3459,#3461,.T.);
#3459 = VERTEX_POINT('',#3460);
#3460 = CARTESIAN_POINT('',(11.695030478179,46.67730149983,-11.22));
#3461 = LINE('',#3462,#3463);
#3462 = CARTESIAN_POINT('',(7.309109769979,46.67730149983,-11.22));
#3463 = VECTOR('',#3464,1.);
#3464 = DIRECTION('',(1.,0.,0.));
#3465 = ORIENTED_EDGE('',*,*,#3466,.T.);
#3466 = EDGE_CURVE('',#3459,#3467,#3469,.T.);
#3467 = VERTEX_POINT('',#3468);
#3468 = CARTESIAN_POINT('',(11.695030478179,58.32269850017,-11.22));
#3469 = CIRCLE('',#3470,6.22269850017);
#3470 = AXIS2_PLACEMENT_3D('',#3471,#3472,#3473);
#3471 = CARTESIAN_POINT('',(9.5,52.5,-11.22));
#3472 = DIRECTION('',(0.,0.,1.));
#3473 = DIRECTION('',(1.,0.,0.));
#3474 = ORIENTED_EDGE('',*,*,#3475,.F.);
#3475 = EDGE_CURVE('',#3448,#3467,#3476,.T.);
#3476 = LINE('',#3477,#3478);
#3477 = CARTESIAN_POINT('',(7.309109769979,58.32269850017,-11.22));
#3478 = VECTOR('',#3479,1.);
#3479 = DIRECTION('',(1.,0.,0.));
#3480 = FACE_BOUND('',#3481,.T.);
#3481 = EDGE_LOOP('',(#3482));
#3482 = ORIENTED_EDGE('',*,*,#1587,.F.);
#3483 = PLANE('',#3484);
#3484 = AXIS2_PLACEMENT_3D('',#3485,#3486,#3487);
#3485 = CARTESIAN_POINT('',(9.5,52.5,-11.22));
#3486 = DIRECTION('',(0.,0.,1.));
#3487 = DIRECTION('',(1.,0.,0.));
#3488 = ADVANCED_FACE('',(#3489,#3525),#3528,.T.);
#3489 = FACE_BOUND('',#3490,.T.);
#3490 = EDGE_LOOP('',(#3491,#3502,#3510,#3519));
#3491 = ORIENTED_EDGE('',*,*,#3492,.T.);
#3492 = EDGE_CURVE('',#3493,#3495,#3497,.T.);
#3493 = VERTEX_POINT('',#3494);
#3494 = CARTESIAN_POINT('',(29.304969521821,58.32269850017,-11.22));
#3495 = VERTEX_POINT('',#3496);
#3496 = CARTESIAN_POINT('',(29.304969521821,46.67730149983,-11.22));
#3497 = CIRCLE('',#3498,6.22269850017);
#3498 = AXIS2_PLACEMENT_3D('',#3499,#3500,#3501);
#3499 = CARTESIAN_POINT('',(31.5,52.5,-11.22));
#3500 = DIRECTION('',(0.,0.,1.));
#3501 = DIRECTION('',(1.,0.,0.));
#3502 = ORIENTED_EDGE('',*,*,#3503,.T.);
#3503 = EDGE_CURVE('',#3495,#3504,#3506,.T.);
#3504 = VERTEX_POINT('',#3505);
#3505 = CARTESIAN_POINT('',(33.695030478179,46.67730149983,-11.22));
#3506 = LINE('',#3507,#3508);
#3507 = CARTESIAN_POINT('',(29.309109769979,46.67730149983,-11.22));
#3508 = VECTOR('',#3509,1.);
#3509 = DIRECTION('',(1.,0.,0.));
#3510 = ORIENTED_EDGE('',*,*,#3511,.T.);
#3511 = EDGE_CURVE('',#3504,#3512,#3514,.T.);
#3512 = VERTEX_POINT('',#3513);
#3513 = CARTESIAN_POINT('',(33.695030478179,58.32269850017,-11.22));
#3514 = CIRCLE('',#3515,6.22269850017);
#3515 = AXIS2_PLACEMENT_3D('',#3516,#3517,#3518);
#3516 = CARTESIAN_POINT('',(31.5,52.5,-11.22));
#3517 = DIRECTION('',(0.,0.,1.));
#3518 = DIRECTION('',(1.,0.,0.));
#3519 = ORIENTED_EDGE('',*,*,#3520,.F.);
#3520 = EDGE_CURVE('',#3493,#3512,#3521,.T.);
#3521 = LINE('',#3522,#3523);
#3522 = CARTESIAN_POINT('',(29.309109769979,58.32269850017,-11.22));
#3523 = VECTOR('',#3524,1.);
#3524 = DIRECTION('',(1.,0.,0.));
#3525 = FACE_BOUND('',#3526,.T.);
#3526 = EDGE_LOOP('',(#3527));
#3527 = ORIENTED_EDGE('',*,*,#1612,.F.);
#3528 = PLANE('',#3529);
#3529 = AXIS2_PLACEMENT_3D('',#3530,#3531,#3532);
#3530 = CARTESIAN_POINT('',(31.5,52.5,-11.22));
#3531 = DIRECTION('',(0.,0.,1.));
#3532 = DIRECTION('',(1.,0.,0.));
#3533 = ADVANCED_FACE('',(#3534,#3570),#3573,.T.);
#3534 = FACE_BOUND('',#3535,.T.);
#3535 = EDGE_LOOP('',(#3536,#3547,#3555,#3564));
#3536 = ORIENTED_EDGE('',*,*,#3537,.T.);
#3537 = EDGE_CURVE('',#3538,#3540,#3542,.T.);
#3538 = VERTEX_POINT('',#3539);
#3539 = CARTESIAN_POINT('',(51.304969521821,58.32269850017,-11.22));
#3540 = VERTEX_POINT('',#3541);
#3541 = CARTESIAN_POINT('',(51.304969521821,46.67730149983,-11.22));
#3542 = CIRCLE('',#3543,6.22269850017);
#3543 = AXIS2_PLACEMENT_3D('',#3544,#3545,#3546);
#3544 = CARTESIAN_POINT('',(53.5,52.5,-11.22));
#3545 = DIRECTION('',(0.,0.,1.));
#3546 = DIRECTION('',(1.,0.,0.));
#3547 = ORIENTED_EDGE('',*,*,#3548,.T.);
#3548 = EDGE_CURVE('',#3540,#3549,#3551,.T.);
#3549 = VERTEX_POINT('',#3550);
#3550 = CARTESIAN_POINT('',(55.695030478179,46.67730149983,-11.22));
#3551 = LINE('',#3552,#3553);
#3552 = CARTESIAN_POINT('',(51.309109769979,46.67730149983,-11.22));
#3553 = VECTOR('',#3554,1.);
#3554 = DIRECTION('',(1.,0.,0.));
#3555 = ORIENTED_EDGE('',*,*,#3556,.T.);
#3556 = EDGE_CURVE('',#3549,#3557,#3559,.T.);
#3557 = VERTEX_POINT('',#3558);
#3558 = CARTESIAN_POINT('',(55.695030478179,58.32269850017,-11.22));
#3559 = CIRCLE('',#3560,6.22269850017);
#3560 = AXIS2_PLACEMENT_3D('',#3561,#3562,#3563);
#3561 = CARTESIAN_POINT('',(53.5,52.5,-11.22));
#3562 = DIRECTION('',(0.,0.,1.));
#3563 = DIRECTION('',(1.,0.,0.));
#3564 = ORIENTED_EDGE('',*,*,#3565,.F.);
#3565 = EDGE_CURVE('',#3538,#3557,#3566,.T.);
#3566 = LINE('',#3567,#3568);
#3567 = CARTESIAN_POINT('',(51.309109769979,58.32269850017,-11.22));
#3568 = VECTOR('',#3569,1.);
#3569 = DIRECTION('',(1.,0.,0.));
#3570 = FACE_BOUND('',#3571,.T.);
#3571 = EDGE_LOOP('',(#3572));
#3572 = ORIENTED_EDGE('',*,*,#1637,.F.);
#3573 = PLANE('',#3574);
#3574 = AXIS2_PLACEMENT_3D('',#3575,#3576,#3577);
#3575 = CARTESIAN_POINT('',(53.5,52.5,-11.22));
#3576 = DIRECTION('',(0.,0.,1.));
#3577 = DIRECTION('',(1.,0.,0.));
#3578 = ADVANCED_FACE('',(#3579,#3615),#3618,.T.);
#3579 = FACE_BOUND('',#3580,.T.);
#3580 = EDGE_LOOP('',(#3581,#3592,#3600,#3609));
#3581 = ORIENTED_EDGE('',*,*,#3582,.T.);
#3582 = EDGE_CURVE('',#3583,#3585,#3587,.T.);
#3583 = VERTEX_POINT('',#3584);
#3584 = CARTESIAN_POINT('',(7.304969521821,84.32269850017,-11.22));
#3585 = VERTEX_POINT('',#3586);
#3586 = CARTESIAN_POINT('',(7.304969521821,72.67730149983,-11.22));
#3587 = CIRCLE('',#3588,6.22269850017);
#3588 = AXIS2_PLACEMENT_3D('',#3589,#3590,#3591);
#3589 = CARTESIAN_POINT('',(9.5,78.5,-11.22));
#3590 = DIRECTION('',(0.,0.,1.));
#3591 = DIRECTION('',(1.,0.,0.));
#3592 = ORIENTED_EDGE('',*,*,#3593,.T.);
#3593 = EDGE_CURVE('',#3585,#3594,#3596,.T.);
#3594 = VERTEX_POINT('',#3595);
#3595 = CARTESIAN_POINT('',(11.695030478179,72.67730149983,-11.22));
#3596 = LINE('',#3597,#3598);
#3597 = CARTESIAN_POINT('',(7.309109769979,72.67730149983,-11.22));
#3598 = VECTOR('',#3599,1.);
#3599 = DIRECTION('',(1.,0.,0.));
#3600 = ORIENTED_EDGE('',*,*,#3601,.T.);
#3601 = EDGE_CURVE('',#3594,#3602,#3604,.T.);
#3602 = VERTEX_POINT('',#3603);
#3603 = CARTESIAN_POINT('',(11.695030478179,84.32269850017,-11.22));
#3604 = CIRCLE('',#3605,6.22269850017);
#3605 = AXIS2_PLACEMENT_3D('',#3606,#3607,#3608);
#3606 = CARTESIAN_POINT('',(9.5,78.5,-11.22));
#3607 = DIRECTION('',(0.,0.,1.));
#3608 = DIRECTION('',(1.,0.,0.));
#3609 = ORIENTED_EDGE('',*,*,#3610,.F.);
#3610 = EDGE_CURVE('',#3583,#3602,#3611,.T.);
#3611 = LINE('',#3612,#3613);
#3612 = CARTESIAN_POINT('',(7.309109769979,84.32269850017,-11.22));
#3613 = VECTOR('',#3614,1.);
#3614 = DIRECTION('',(1.,0.,0.));
#3615 = FACE_BOUND('',#3616,.T.);
#3616 = EDGE_LOOP('',(#3617));
#3617 = ORIENTED_EDGE('',*,*,#1662,.F.);
#3618 = PLANE('',#3619);
#3619 = AXIS2_PLACEMENT_3D('',#3620,#3621,#3622);
#3620 = CARTESIAN_POINT('',(9.5,78.5,-11.22));
#3621 = DIRECTION('',(0.,0.,1.));
#3622 = DIRECTION('',(1.,0.,0.));
#3623 = ADVANCED_FACE('',(#3624,#3660),#3663,.T.);
#3624 = FACE_BOUND('',#3625,.T.);
#3625 = EDGE_LOOP('',(#3626,#3637,#3645,#3654));
#3626 = ORIENTED_EDGE('',*,*,#3627,.T.);
#3627 = EDGE_CURVE('',#3628,#3630,#3632,.T.);
#3628 = VERTEX_POINT('',#3629);
#3629 = CARTESIAN_POINT('',(29.304969521821,84.32269850017,-11.22));
#3630 = VERTEX_POINT('',#3631);
#3631 = CARTESIAN_POINT('',(29.304969521821,72.67730149983,-11.22));
#3632 = CIRCLE('',#3633,6.22269850017);
#3633 = AXIS2_PLACEMENT_3D('',#3634,#3635,#3636);
#3634 = CARTESIAN_POINT('',(31.5,78.5,-11.22));
#3635 = DIRECTION('',(0.,0.,1.));
#3636 = DIRECTION('',(1.,0.,0.));
#3637 = ORIENTED_EDGE('',*,*,#3638,.T.);
#3638 = EDGE_CURVE('',#3630,#3639,#3641,.T.);
#3639 = VERTEX_POINT('',#3640);
#3640 = CARTESIAN_POINT('',(33.695030478179,72.67730149983,-11.22));
#3641 = LINE('',#3642,#3643);
#3642 = CARTESIAN_POINT('',(29.309109769979,72.67730149983,-11.22));
#3643 = VECTOR('',#3644,1.);
#3644 = DIRECTION('',(1.,0.,0.));
#3645 = ORIENTED_EDGE('',*,*,#3646,.T.);
#3646 = EDGE_CURVE('',#3639,#3647,#3649,.T.);
#3647 = VERTEX_POINT('',#3648);
#3648 = CARTESIAN_POINT('',(33.695030478179,84.32269850017,-11.22));
#3649 = CIRCLE('',#3650,6.22269850017);
#3650 = AXIS2_PLACEMENT_3D('',#3651,#3652,#3653);
#3651 = CARTESIAN_POINT('',(31.5,78.5,-11.22));
#3652 = DIRECTION('',(0.,0.,1.));
#3653 = DIRECTION('',(1.,0.,0.));
#3654 = ORIENTED_EDGE('',*,*,#3655,.F.);
#3655 = EDGE_CURVE('',#3628,#3647,#3656,.T.);
#3656 = LINE('',#3657,#3658);
#3657 = CARTESIAN_POINT('',(29.309109769979,84.32269850017,-11.22));
#3658 = VECTOR('',#3659,1.);
#3659 = DIRECTION('',(1.,0.,0.));
#3660 = FACE_BOUND('',#3661,.T.);
#3661 = EDGE_LOOP('',(#3662));
#3662 = ORIENTED_EDGE('',*,*,#1687,.F.);
#3663 = PLANE('',#3664);
#3664 = AXIS2_PLACEMENT_3D('',#3665,#3666,#3667);
#3665 = CARTESIAN_POINT('',(31.5,78.5,-11.22));
#3666 = DIRECTION('',(0.,0.,1.));
#3667 = DIRECTION('',(1.,0.,0.));
#3668 = ADVANCED_FACE('',(#3669,#3705),#3708,.T.);
#3669 = FACE_BOUND('',#3670,.T.);
#3670 = EDGE_LOOP('',(#3671,#3682,#3690,#3699));
#3671 = ORIENTED_EDGE('',*,*,#3672,.T.);
#3672 = EDGE_CURVE('',#3673,#3675,#3677,.T.);
#3673 = VERTEX_POINT('',#3674);
#3674 = CARTESIAN_POINT('',(51.304969521821,84.32269850017,-11.22));
#3675 = VERTEX_POINT('',#3676);
#3676 = CARTESIAN_POINT('',(51.304969521821,72.67730149983,-11.22));
#3677 = CIRCLE('',#3678,6.22269850017);
#3678 = AXIS2_PLACEMENT_3D('',#3679,#3680,#3681);
#3679 = CARTESIAN_POINT('',(53.5,78.5,-11.22));
#3680 = DIRECTION('',(0.,0.,1.));
#3681 = DIRECTION('',(1.,0.,0.));
#3682 = ORIENTED_EDGE('',*,*,#3683,.T.);
#3683 = EDGE_CURVE('',#3675,#3684,#3686,.T.);
#3684 = VERTEX_POINT('',#3685);
#3685 = CARTESIAN_POINT('',(55.695030478179,72.67730149983,-11.22));
#3686 = LINE('',#3687,#3688);
#3687 = CARTESIAN_POINT('',(51.309109769979,72.67730149983,-11.22));
#3688 = VECTOR('',#3689,1.);
#3689 = DIRECTION('',(1.,0.,0.));
#3690 = ORIENTED_EDGE('',*,*,#3691,.T.);
#3691 = EDGE_CURVE('',#3684,#3692,#3694,.T.);
#3692 = VERTEX_POINT('',#3693);
#3693 = CARTESIAN_POINT('',(55.695030478179,84.32269850017,-11.22));
#3694 = CIRCLE('',#3695,6.22269850017);
#3695 = AXIS2_PLACEMENT_3D('',#3696,#3697,#3698);
#3696 = CARTESIAN_POINT('',(53.5,78.5,-11.22));
#3697 = DIRECTION('',(0.,0.,1.));
#3698 = DIRECTION('',(1.,0.,0.));
#3699 = ORIENTED_EDGE('',*,*,#3700,.F.);
#3700 = EDGE_CURVE('',#3673,#3692,#3701,.T.);
#3701 = LINE('',#3702,#3703);
#3702 = CARTESIAN_POINT('',(51.309109769979,84.32269850017,-11.22));
#3703 = VECTOR('',#3704,1.);
#3704 = DIRECTION('',(1.,0.,0.));
#3705 = FACE_BOUND('',#3706,.T.);
#3706 = EDGE_LOOP('',(#3707));
#3707 = ORIENTED_EDGE('',*,*,#1712,.F.);
#3708 = PLANE('',#3709);
#3709 = AXIS2_PLACEMENT_3D('',#3710,#3711,#3712);
#3710 = CARTESIAN_POINT('',(53.5,78.5,-11.22));
#3711 = DIRECTION('',(0.,0.,1.));
#3712 = DIRECTION('',(1.,0.,0.));
#3713 = ADVANCED_FACE('',(#3714),#3739,.F.);
#3714 = FACE_BOUND('',#3715,.F.);
#3715 = EDGE_LOOP('',(#3716,#3724,#3732,#3738));
#3716 = ORIENTED_EDGE('',*,*,#3717,.T.);
#3717 = EDGE_CURVE('',#1756,#3718,#3720,.T.);
#3718 = VERTEX_POINT('',#3719);
#3719 = CARTESIAN_POINT('',(46.82,72.1,-11.27));
#3720 = LINE('',#3721,#3722);
#3721 = CARTESIAN_POINT('',(46.82,72.1,-9.27));
#3722 = VECTOR('',#3723,1.);
#3723 = DIRECTION('',(-0.,-0.,-1.));
#3724 = ORIENTED_EDGE('',*,*,#3725,.T.);
#3725 = EDGE_CURVE('',#3718,#3726,#3728,.T.);
#3726 = VERTEX_POINT('',#3727);
#3727 = CARTESIAN_POINT('',(46.82,68.4,-11.27));
#3728 = LINE('',#3729,#3730);
#3729 = CARTESIAN_POINT('',(46.82,72.1,-11.27));
#3730 = VECTOR('',#3731,1.);
#3731 = DIRECTION('',(0.,-1.,0.));
#3732 = ORIENTED_EDGE('',*,*,#3733,.F.);
#3733 = EDGE_CURVE('',#1758,#3726,#3734,.T.);
#3734 = LINE('',#3735,#3736);
#3735 = CARTESIAN_POINT('',(46.82,68.4,-9.27));
#3736 = VECTOR('',#3737,1.);
#3737 = DIRECTION('',(-0.,-0.,-1.));
#3738 = ORIENTED_EDGE('',*,*,#1755,.F.);
#3739 = PLANE('',#3740);
#3740 = AXIS2_PLACEMENT_3D('',#3741,#3742,#3743);
#3741 = CARTESIAN_POINT('',(46.82,72.1,-9.27));
#3742 = DIRECTION('',(-1.,0.,0.));
#3743 = DIRECTION('',(0.,-1.,0.));
#3744 = ADVANCED_FACE('',(#3745),#3763,.F.);
#3745 = FACE_BOUND('',#3746,.F.);
#3746 = EDGE_LOOP('',(#3747,#3755,#3761,#3762));
#3747 = ORIENTED_EDGE('',*,*,#3748,.T.);
#3748 = EDGE_CURVE('',#1766,#3749,#3751,.T.);
#3749 = VERTEX_POINT('',#3750);
#3750 = CARTESIAN_POINT('',(60.2,72.1,-11.27));
#3751 = LINE('',#3752,#3753);
#3752 = CARTESIAN_POINT('',(60.2,72.1,-9.27));
#3753 = VECTOR('',#3754,1.);
#3754 = DIRECTION('',(-0.,-0.,-1.));
#3755 = ORIENTED_EDGE('',*,*,#3756,.T.);
#3756 = EDGE_CURVE('',#3749,#3718,#3757,.T.);
#3757 = LINE('',#3758,#3759);
#3758 = CARTESIAN_POINT('',(60.2,72.1,-11.27));
#3759 = VECTOR('',#3760,1.);
#3760 = DIRECTION('',(-1.,0.,0.));
#3761 = ORIENTED_EDGE('',*,*,#3717,.F.);
#3762 = ORIENTED_EDGE('',*,*,#1765,.F.);
#3763 = PLANE('',#3764);
#3764 = AXIS2_PLACEMENT_3D('',#3765,#3766,#3767);
#3765 = CARTESIAN_POINT('',(60.2,72.1,-9.27));
#3766 = DIRECTION('',(0.,1.,0.));
#3767 = DIRECTION('',(-1.,0.,0.));
#3768 = ADVANCED_FACE('',(#3769),#3787,.F.);
#3769 = FACE_BOUND('',#3770,.F.);
#3770 = EDGE_LOOP('',(#3771,#3772,#3780,#3786));
#3771 = ORIENTED_EDGE('',*,*,#3733,.T.);
#3772 = ORIENTED_EDGE('',*,*,#3773,.T.);
#3773 = EDGE_CURVE('',#3726,#3774,#3776,.T.);
#3774 = VERTEX_POINT('',#3775);
#3775 = CARTESIAN_POINT('',(60.2,68.4,-11.27));
#3776 = LINE('',#3777,#3778);
#3777 = CARTESIAN_POINT('',(46.82,68.4,-11.27));
#3778 = VECTOR('',#3779,1.);
#3779 = DIRECTION('',(1.,0.,0.));
#3780 = ORIENTED_EDGE('',*,*,#3781,.F.);
#3781 = EDGE_CURVE('',#1774,#3774,#3782,.T.);
#3782 = LINE('',#3783,#3784);
#3783 = CARTESIAN_POINT('',(60.2,68.4,-9.27));
#3784 = VECTOR('',#3785,1.);
#3785 = DIRECTION('',(-0.,-0.,-1.));
#3786 = ORIENTED_EDGE('',*,*,#1781,.F.);
#3787 = PLANE('',#3788);
#3788 = AXIS2_PLACEMENT_3D('',#3789,#3790,#3791);
#3789 = CARTESIAN_POINT('',(46.82,68.4,-9.27));
#3790 = DIRECTION('',(0.,-1.,0.));
#3791 = DIRECTION('',(1.,0.,0.));
#3792 = ADVANCED_FACE('',(#3793),#3804,.F.);
#3793 = FACE_BOUND('',#3794,.F.);
#3794 = EDGE_LOOP('',(#3795,#3796,#3802,#3803));
#3795 = ORIENTED_EDGE('',*,*,#3781,.T.);
#3796 = ORIENTED_EDGE('',*,*,#3797,.T.);
#3797 = EDGE_CURVE('',#3774,#3749,#3798,.T.);
#3798 = LINE('',#3799,#3800);
#3799 = CARTESIAN_POINT('',(60.2,68.4,-11.27));
#3800 = VECTOR('',#3801,1.);
#3801 = DIRECTION('',(0.,1.,0.));
#3802 = ORIENTED_EDGE('',*,*,#3748,.F.);
#3803 = ORIENTED_EDGE('',*,*,#1773,.F.);
#3804 = PLANE('',#3805);
#3805 = AXIS2_PLACEMENT_3D('',#3806,#3807,#3808);
#3806 = CARTESIAN_POINT('',(60.2,68.4,-9.27));
#3807 = DIRECTION('',(1.,0.,0.));
#3808 = DIRECTION('',(0.,1.,0.));
#3809 = ADVANCED_FACE('',(#3810),#3816,.F.);
#3810 = FACE_BOUND('',#3811,.F.);
#3811 = EDGE_LOOP('',(#3812,#3813,#3814,#3815));
#3812 = ORIENTED_EDGE('',*,*,#1997,.T.);
#3813 = ORIENTED_EDGE('',*,*,#1815,.T.);
#3814 = ORIENTED_EDGE('',*,*,#1838,.F.);
#3815 = ORIENTED_EDGE('',*,*,#1888,.F.);
#3816 = PLANE('',#3817);
#3817 = AXIS2_PLACEMENT_3D('',#3818,#3819,#3820);
#3818 = CARTESIAN_POINT('',(60.646659876658,79.887677155286,-10.57));
#3819 = DIRECTION('',(-1.,0.,0.));
#3820 = DIRECTION('',(0.,-1.,0.));
#3821 = ADVANCED_FACE('',(#3822),#3836,.T.);
#3822 = FACE_BOUND('',#3823,.T.);
#3823 = EDGE_LOOP('',(#3824,#3825,#3830,#3831));
#3824 = ORIENTED_EDGE('',*,*,#1871,.T.);
#3825 = ORIENTED_EDGE('',*,*,#3826,.T.);
#3826 = EDGE_CURVE('',#1864,#3692,#3827,.T.);
#3827 = B_SPLINE_CURVE_WITH_KNOTS('',1,(#3828,#3829),.UNSPECIFIED.,.F.,
  .F.,(2,2),(0.,1.),.PIECEWISE_BEZIER_KNOTS.);
#3828 = CARTESIAN_POINT('',(55.690890230021,84.3,-10.57));
#3829 = CARTESIAN_POINT('',(55.695030478179,84.32269850017,-11.22));
#3830 = ORIENTED_EDGE('',*,*,#3691,.F.);
#3831 = ORIENTED_EDGE('',*,*,#3832,.F.);
#3832 = EDGE_CURVE('',#1872,#3684,#3833,.T.);
#3833 = B_SPLINE_CURVE_WITH_KNOTS('',1,(#3834,#3835),.UNSPECIFIED.,.F.,
  .F.,(2,2),(0.,1.),.PIECEWISE_BEZIER_KNOTS.);
#3834 = CARTESIAN_POINT('',(55.690890230021,72.7,-10.57));
#3835 = CARTESIAN_POINT('',(55.695030478179,72.67730149983,-11.22));
#3836 = B_SPLINE_SURFACE_WITH_KNOTS('',9,1,(
    (#3837,#3838)
    ,(#3839,#3840)
    ,(#3841,#3842)
    ,(#3843,#3844)
    ,(#3845,#3846)
    ,(#3847,#3848)
    ,(#3849,#3850)
    ,(#3851,#3852)
    ,(#3853,#3854)
    ,(#3855,#3856
    )),.UNSPECIFIED.,.F.,.F.,.F.,(10,10),(2,2),(5.072892845838,
    7.493477768522),(0.,1.),.PIECEWISE_BEZIER_KNOTS.);
#3837 = CARTESIAN_POINT('',(55.690890230021,72.7,-10.57));
#3838 = CARTESIAN_POINT('',(55.695030478179,72.67730149983,-11.22));
#3839 = CARTESIAN_POINT('',(57.249963610198,73.288923902848,-10.57));
#3840 = CARTESIAN_POINT('',(57.261067833606,73.267663464309,-11.22));
#3841 = CARTESIAN_POINT('',(58.630944283659,74.349321556541,-10.57));
#3842 = CARTESIAN_POINT('',(58.648479240342,74.331866095152,-11.22));
#3843 = CARTESIAN_POINT('',(59.670872899409,75.819643613771,-10.57));
#3844 = CARTESIAN_POINT('',(59.693396949411,75.808141741847,
    -11.21999999999));
#3845 = CARTESIAN_POINT('',(60.231683418504,77.572630969508,-10.57));
#3846 = CARTESIAN_POINT('',(60.256948966629,77.568610282363,-11.22));
#3847 = CARTESIAN_POINT('',(60.231683418507,79.42736903049,-10.57));
#3848 = CARTESIAN_POINT('',(60.256948966621,79.431389717637,
    -11.21999999999));
#3849 = CARTESIAN_POINT('',(59.670872899407,81.180356386232,-10.57));
#3850 = CARTESIAN_POINT('',(59.693396949417,81.191858258154,-11.22));
#3851 = CARTESIAN_POINT('',(58.630944283659,82.650678443457,-10.57));
#3852 = CARTESIAN_POINT('',(58.648479240339,82.668133904847,-11.22));
#3853 = CARTESIAN_POINT('',(57.249963610198,83.711076097153,-10.57));
#3854 = CARTESIAN_POINT('',(57.261067833607,83.732336535691,-11.22));
#3855 = CARTESIAN_POINT('',(55.690890230021,84.3,-10.57));
#3856 = CARTESIAN_POINT('',(55.695030478179,84.32269850017,-11.22));
#3857 = ADVANCED_FACE('',(#3858),#3868,.T.);
#3858 = FACE_BOUND('',#3859,.T.);
#3859 = EDGE_LOOP('',(#3860,#3861,#3862,#3863));
#3860 = ORIENTED_EDGE('',*,*,#1919,.T.);
#3861 = ORIENTED_EDGE('',*,*,#3832,.T.);
#3862 = ORIENTED_EDGE('',*,*,#3683,.F.);
#3863 = ORIENTED_EDGE('',*,*,#3864,.F.);
#3864 = EDGE_CURVE('',#1912,#3675,#3865,.T.);
#3865 = B_SPLINE_CURVE_WITH_KNOTS('',1,(#3866,#3867),.UNSPECIFIED.,.F.,
  .F.,(2,2),(0.,1.),.PIECEWISE_BEZIER_KNOTS.);
#3866 = CARTESIAN_POINT('',(51.309109769979,72.7,-10.57));
#3867 = CARTESIAN_POINT('',(51.304969521821,72.67730149983,-11.22));
#3868 = B_SPLINE_SURFACE_WITH_KNOTS('',1,1,(
    (#3869,#3870)
    ,(#3871,#3872
    )),.UNSPECIFIED.,.F.,.F.,.F.,(2,2),(2,2),(-4.140248158546E-03,
    4.3859207082),(0.,1.),.PIECEWISE_BEZIER_KNOTS.);
#3869 = CARTESIAN_POINT('',(51.309109769979,72.7,-10.57));
#3870 = CARTESIAN_POINT('',(51.304969521821,72.67730149983,-11.22));
#3871 = CARTESIAN_POINT('',(55.690890230021,72.7,-10.57));
#3872 = CARTESIAN_POINT('',(55.695030478179,72.67730149983,-11.22));
#3873 = ADVANCED_FACE('',(#3874),#3884,.T.);
#3874 = FACE_BOUND('',#3875,.T.);
#3875 = EDGE_LOOP('',(#3876,#3877,#3878,#3879));
#3876 = ORIENTED_EDGE('',*,*,#1946,.T.);
#3877 = ORIENTED_EDGE('',*,*,#3864,.T.);
#3878 = ORIENTED_EDGE('',*,*,#3672,.F.);
#3879 = ORIENTED_EDGE('',*,*,#3880,.F.);
#3880 = EDGE_CURVE('',#1937,#3673,#3881,.T.);
#3881 = B_SPLINE_CURVE_WITH_KNOTS('',1,(#3882,#3883),.UNSPECIFIED.,.F.,
  .F.,(2,2),(0.,1.),.PIECEWISE_BEZIER_KNOTS.);
#3882 = CARTESIAN_POINT('',(51.309109769979,84.3,-10.57));
#3883 = CARTESIAN_POINT('',(51.304969521821,84.32269850017,-11.22));
#3884 = B_SPLINE_SURFACE_WITH_KNOTS('',9,1,(
    (#3885,#3886)
    ,(#3887,#3888)
    ,(#3889,#3890)
    ,(#3891,#3892)
    ,(#3893,#3894)
    ,(#3895,#3896)
    ,(#3897,#3898)
    ,(#3899,#3900)
    ,(#3901,#3902)
    ,(#3903,#3904
    )),.UNSPECIFIED.,.F.,.F.,.F.,(10,10),(2,2),(1.931300192248,
    4.351885114932),(0.,1.),.PIECEWISE_BEZIER_KNOTS.);
#3885 = CARTESIAN_POINT('',(51.309109769979,84.3,-10.57));
#3886 = CARTESIAN_POINT('',(51.304969521821,84.32269850017,-11.22));
#3887 = CARTESIAN_POINT('',(49.750036389802,83.711076097152,-10.57));
#3888 = CARTESIAN_POINT('',(49.738932166393,83.73233653569,-11.22));
#3889 = CARTESIAN_POINT('',(48.369055716341,82.65067844346,-10.57));
#3890 = CARTESIAN_POINT('',(48.351520759659,82.668133904849,-11.22));
#3891 = CARTESIAN_POINT('',(47.329127100592,81.180356386227,-10.57));
#3892 = CARTESIAN_POINT('',(47.306603050586,81.191858258149,-11.22));
#3893 = CARTESIAN_POINT('',(46.768316581495,79.427369030497,
    -10.56999999999));
#3894 = CARTESIAN_POINT('',(46.743051033375,79.431389717645,-11.22));
#3895 = CARTESIAN_POINT('',(46.768316581494,77.572630969502,-10.57));
#3896 = CARTESIAN_POINT('',(46.743051033376,77.568610282355,
    -11.21999999999));
#3897 = CARTESIAN_POINT('',(47.329127100592,75.819643613775,-10.57));
#3898 = CARTESIAN_POINT('',(47.306603050586,75.808141741851,-11.22));
#3899 = CARTESIAN_POINT('',(48.369055716341,74.349321556539,-10.57));
#3900 = CARTESIAN_POINT('',(48.35152075966,74.33186609515,-11.22));
#3901 = CARTESIAN_POINT('',(49.750036389802,73.288923902848,-10.57));
#3902 = CARTESIAN_POINT('',(49.738932166393,73.26766346431,-11.22));
#3903 = CARTESIAN_POINT('',(51.309109769979,72.7,-10.57));
#3904 = CARTESIAN_POINT('',(51.304969521821,72.67730149983,-11.22));
#3905 = ADVANCED_FACE('',(#3906),#3912,.T.);
#3906 = FACE_BOUND('',#3907,.T.);
#3907 = EDGE_LOOP('',(#3908,#3909,#3910,#3911));
#3908 = ORIENTED_EDGE('',*,*,#1963,.T.);
#3909 = ORIENTED_EDGE('',*,*,#3880,.T.);
#3910 = ORIENTED_EDGE('',*,*,#3700,.T.);
#3911 = ORIENTED_EDGE('',*,*,#3826,.F.);
#3912 = B_SPLINE_SURFACE_WITH_KNOTS('',1,1,(
    (#3913,#3914)
    ,(#3915,#3916
    )),.UNSPECIFIED.,.F.,.F.,.F.,(2,2),(2,2),(-4.3859207082,
    4.14024815854E-03),(0.,1.),.PIECEWISE_BEZIER_KNOTS.);
#3913 = CARTESIAN_POINT('',(55.690890230021,84.3,-10.57));
#3914 = CARTESIAN_POINT('',(55.695030478179,84.32269850017,-11.22));
#3915 = CARTESIAN_POINT('',(51.309109769979,84.3,-10.57));
#3916 = CARTESIAN_POINT('',(51.304969521821,84.32269850017,-11.22));
#3917 = ADVANCED_FACE('',(#3918),#3943,.F.);
#3918 = FACE_BOUND('',#3919,.F.);
#3919 = EDGE_LOOP('',(#3920,#3928,#3936,#3942));
#3920 = ORIENTED_EDGE('',*,*,#3921,.T.);
#3921 = EDGE_CURVE('',#2031,#3922,#3924,.T.);
#3922 = VERTEX_POINT('',#3923);
#3923 = CARTESIAN_POINT('',(24.82,72.1,-11.27));
#3924 = LINE('',#3925,#3926);
#3925 = CARTESIAN_POINT('',(24.82,72.1,-9.27));
#3926 = VECTOR('',#3927,1.);
#3927 = DIRECTION('',(-0.,-0.,-1.));
#3928 = ORIENTED_EDGE('',*,*,#3929,.T.);
#3929 = EDGE_CURVE('',#3922,#3930,#3932,.T.);
#3930 = VERTEX_POINT('',#3931);
#3931 = CARTESIAN_POINT('',(24.82,68.4,-11.27));
#3932 = LINE('',#3933,#3934);
#3933 = CARTESIAN_POINT('',(24.82,72.1,-11.27));
#3934 = VECTOR('',#3935,1.);
#3935 = DIRECTION('',(0.,-1.,0.));
#3936 = ORIENTED_EDGE('',*,*,#3937,.F.);
#3937 = EDGE_CURVE('',#2033,#3930,#3938,.T.);
#3938 = LINE('',#3939,#3940);
#3939 = CARTESIAN_POINT('',(24.82,68.4,-9.27));
#3940 = VECTOR('',#3941,1.);
#3941 = DIRECTION('',(-0.,-0.,-1.));
#3942 = ORIENTED_EDGE('',*,*,#2030,.F.);
#3943 = PLANE('',#3944);
#3944 = AXIS2_PLACEMENT_3D('',#3945,#3946,#3947);
#3945 = CARTESIAN_POINT('',(24.82,72.1,-9.27));
#3946 = DIRECTION('',(-1.,0.,0.));
#3947 = DIRECTION('',(0.,-1.,0.));
#3948 = ADVANCED_FACE('',(#3949),#3967,.F.);
#3949 = FACE_BOUND('',#3950,.F.);
#3950 = EDGE_LOOP('',(#3951,#3959,#3965,#3966));
#3951 = ORIENTED_EDGE('',*,*,#3952,.T.);
#3952 = EDGE_CURVE('',#2041,#3953,#3955,.T.);
#3953 = VERTEX_POINT('',#3954);
#3954 = CARTESIAN_POINT('',(38.2,72.1,-11.27));
#3955 = LINE('',#3956,#3957);
#3956 = CARTESIAN_POINT('',(38.2,72.1,-9.27));
#3957 = VECTOR('',#3958,1.);
#3958 = DIRECTION('',(-0.,-0.,-1.));
#3959 = ORIENTED_EDGE('',*,*,#3960,.T.);
#3960 = EDGE_CURVE('',#3953,#3922,#3961,.T.);
#3961 = LINE('',#3962,#3963);
#3962 = CARTESIAN_POINT('',(38.2,72.1,-11.27));
#3963 = VECTOR('',#3964,1.);
#3964 = DIRECTION('',(-1.,0.,0.));
#3965 = ORIENTED_EDGE('',*,*,#3921,.F.);
#3966 = ORIENTED_EDGE('',*,*,#2040,.F.);
#3967 = PLANE('',#3968);
#3968 = AXIS2_PLACEMENT_3D('',#3969,#3970,#3971);
#3969 = CARTESIAN_POINT('',(38.2,72.1,-9.27));
#3970 = DIRECTION('',(0.,1.,0.));
#3971 = DIRECTION('',(-1.,0.,0.));
#3972 = ADVANCED_FACE('',(#3973),#3991,.F.);
#3973 = FACE_BOUND('',#3974,.F.);
#3974 = EDGE_LOOP('',(#3975,#3976,#3984,#3990));
#3975 = ORIENTED_EDGE('',*,*,#3937,.T.);
#3976 = ORIENTED_EDGE('',*,*,#3977,.T.);
#3977 = EDGE_CURVE('',#3930,#3978,#3980,.T.);
#3978 = VERTEX_POINT('',#3979);
#3979 = CARTESIAN_POINT('',(38.2,68.4,-11.27));
#3980 = LINE('',#3981,#3982);
#3981 = CARTESIAN_POINT('',(24.82,68.4,-11.27));
#3982 = VECTOR('',#3983,1.);
#3983 = DIRECTION('',(1.,0.,0.));
#3984 = ORIENTED_EDGE('',*,*,#3985,.F.);
#3985 = EDGE_CURVE('',#2049,#3978,#3986,.T.);
#3986 = LINE('',#3987,#3988);
#3987 = CARTESIAN_POINT('',(38.2,68.4,-9.27));
#3988 = VECTOR('',#3989,1.);
#3989 = DIRECTION('',(-0.,-0.,-1.));
#3990 = ORIENTED_EDGE('',*,*,#2056,.F.);
#3991 = PLANE('',#3992);
#3992 = AXIS2_PLACEMENT_3D('',#3993,#3994,#3995);
#3993 = CARTESIAN_POINT('',(24.82,68.4,-9.27));
#3994 = DIRECTION('',(0.,-1.,0.));
#3995 = DIRECTION('',(1.,0.,0.));
#3996 = ADVANCED_FACE('',(#3997),#4008,.F.);
#3997 = FACE_BOUND('',#3998,.F.);
#3998 = EDGE_LOOP('',(#3999,#4000,#4006,#4007));
#3999 = ORIENTED_EDGE('',*,*,#3985,.T.);
#4000 = ORIENTED_EDGE('',*,*,#4001,.T.);
#4001 = EDGE_CURVE('',#3978,#3953,#4002,.T.);
#4002 = LINE('',#4003,#4004);
#4003 = CARTESIAN_POINT('',(38.2,68.4,-11.27));
#4004 = VECTOR('',#4005,1.);
#4005 = DIRECTION('',(0.,1.,0.));
#4006 = ORIENTED_EDGE('',*,*,#3952,.F.);
#4007 = ORIENTED_EDGE('',*,*,#2048,.F.);
#4008 = PLANE('',#4009);
#4009 = AXIS2_PLACEMENT_3D('',#4010,#4011,#4012);
#4010 = CARTESIAN_POINT('',(38.2,68.4,-9.27));
#4011 = DIRECTION('',(1.,0.,0.));
#4012 = DIRECTION('',(0.,1.,0.));
#4013 = ADVANCED_FACE('',(#4014),#4020,.F.);
#4014 = FACE_BOUND('',#4015,.F.);
#4015 = EDGE_LOOP('',(#4016,#4017,#4018,#4019));
#4016 = ORIENTED_EDGE('',*,*,#2272,.T.);
#4017 = ORIENTED_EDGE('',*,*,#2090,.T.);
#4018 = ORIENTED_EDGE('',*,*,#2113,.F.);
#4019 = ORIENTED_EDGE('',*,*,#2163,.F.);
#4020 = PLANE('',#4021);
#4021 = AXIS2_PLACEMENT_3D('',#4022,#4023,#4024);
#4022 = CARTESIAN_POINT('',(38.646659876658,79.887677155286,-10.57));
#4023 = DIRECTION('',(-1.,0.,0.));
#4024 = DIRECTION('',(0.,-1.,0.));
#4025 = ADVANCED_FACE('',(#4026),#4040,.T.);
#4026 = FACE_BOUND('',#4027,.T.);
#4027 = EDGE_LOOP('',(#4028,#4029,#4034,#4035));
#4028 = ORIENTED_EDGE('',*,*,#2146,.T.);
#4029 = ORIENTED_EDGE('',*,*,#4030,.T.);
#4030 = EDGE_CURVE('',#2139,#3647,#4031,.T.);
#4031 = B_SPLINE_CURVE_WITH_KNOTS('',1,(#4032,#4033),.UNSPECIFIED.,.F.,
  .F.,(2,2),(0.,1.),.PIECEWISE_BEZIER_KNOTS.);
#4032 = CARTESIAN_POINT('',(33.690890230021,84.3,-10.57));
#4033 = CARTESIAN_POINT('',(33.695030478179,84.32269850017,-11.22));
#4034 = ORIENTED_EDGE('',*,*,#3646,.F.);
#4035 = ORIENTED_EDGE('',*,*,#4036,.F.);
#4036 = EDGE_CURVE('',#2147,#3639,#4037,.T.);
#4037 = B_SPLINE_CURVE_WITH_KNOTS('',1,(#4038,#4039),.UNSPECIFIED.,.F.,
  .F.,(2,2),(0.,1.),.PIECEWISE_BEZIER_KNOTS.);
#4038 = CARTESIAN_POINT('',(33.690890230021,72.7,-10.57));
#4039 = CARTESIAN_POINT('',(33.695030478179,72.67730149983,-11.22));
#4040 = B_SPLINE_SURFACE_WITH_KNOTS('',9,1,(
    (#4041,#4042)
    ,(#4043,#4044)
    ,(#4045,#4046)
    ,(#4047,#4048)
    ,(#4049,#4050)
    ,(#4051,#4052)
    ,(#4053,#4054)
    ,(#4055,#4056)
    ,(#4057,#4058)
    ,(#4059,#4060
    )),.UNSPECIFIED.,.F.,.F.,.F.,(10,10),(2,2),(5.072892845838,
    7.493477768522),(0.,1.),.PIECEWISE_BEZIER_KNOTS.);
#4041 = CARTESIAN_POINT('',(33.690890230021,72.7,-10.57));
#4042 = CARTESIAN_POINT('',(33.695030478179,72.67730149983,-11.22));
#4043 = CARTESIAN_POINT('',(35.249963610198,73.288923902848,-10.57));
#4044 = CARTESIAN_POINT('',(35.261067833606,73.267663464309,-11.22));
#4045 = CARTESIAN_POINT('',(36.630944283659,74.349321556541,-10.57));
#4046 = CARTESIAN_POINT('',(36.648479240342,74.331866095152,-11.22));
#4047 = CARTESIAN_POINT('',(37.670872899409,75.819643613771,-10.57));
#4048 = CARTESIAN_POINT('',(37.693396949411,75.808141741847,
    -11.21999999999));
#4049 = CARTESIAN_POINT('',(38.231683418504,77.572630969508,-10.57));
#4050 = CARTESIAN_POINT('',(38.256948966629,77.568610282363,-11.22));
#4051 = CARTESIAN_POINT('',(38.231683418507,79.42736903049,-10.57));
#4052 = CARTESIAN_POINT('',(38.256948966621,79.431389717637,
    -11.21999999999));
#4053 = CARTESIAN_POINT('',(37.670872899407,81.180356386232,-10.57));
#4054 = CARTESIAN_POINT('',(37.693396949417,81.191858258154,-11.22));
#4055 = CARTESIAN_POINT('',(36.630944283659,82.650678443457,-10.57));
#4056 = CARTESIAN_POINT('',(36.648479240339,82.668133904847,-11.22));
#4057 = CARTESIAN_POINT('',(35.249963610198,83.711076097153,-10.57));
#4058 = CARTESIAN_POINT('',(35.261067833607,83.732336535691,-11.22));
#4059 = CARTESIAN_POINT('',(33.690890230021,84.3,-10.57));
#4060 = CARTESIAN_POINT('',(33.695030478179,84.32269850017,-11.22));
#4061 = ADVANCED_FACE('',(#4062),#4072,.T.);
#4062 = FACE_BOUND('',#4063,.T.);
#4063 = EDGE_LOOP('',(#4064,#4065,#4066,#4067));
#4064 = ORIENTED_EDGE('',*,*,#2194,.T.);
#4065 = ORIENTED_EDGE('',*,*,#4036,.T.);
#4066 = ORIENTED_EDGE('',*,*,#3638,.F.);
#4067 = ORIENTED_EDGE('',*,*,#4068,.F.);
#4068 = EDGE_CURVE('',#2187,#3630,#4069,.T.);
#4069 = B_SPLINE_CURVE_WITH_KNOTS('',1,(#4070,#4071),.UNSPECIFIED.,.F.,
  .F.,(2,2),(0.,1.),.PIECEWISE_BEZIER_KNOTS.);
#4070 = CARTESIAN_POINT('',(29.309109769979,72.7,-10.57));
#4071 = CARTESIAN_POINT('',(29.304969521821,72.67730149983,-11.22));
#4072 = B_SPLINE_SURFACE_WITH_KNOTS('',1,1,(
    (#4073,#4074)
    ,(#4075,#4076
    )),.UNSPECIFIED.,.F.,.F.,.F.,(2,2),(2,2),(-4.140248158546E-03,
    4.3859207082),(0.,1.),.PIECEWISE_BEZIER_KNOTS.);
#4073 = CARTESIAN_POINT('',(29.309109769979,72.7,-10.57));
#4074 = CARTESIAN_POINT('',(29.304969521821,72.67730149983,-11.22));
#4075 = CARTESIAN_POINT('',(33.690890230021,72.7,-10.57));
#4076 = CARTESIAN_POINT('',(33.695030478179,72.67730149983,-11.22));
#4077 = ADVANCED_FACE('',(#4078),#4088,.T.);
#4078 = FACE_BOUND('',#4079,.T.);
#4079 = EDGE_LOOP('',(#4080,#4081,#4082,#4083));
#4080 = ORIENTED_EDGE('',*,*,#2221,.T.);
#4081 = ORIENTED_EDGE('',*,*,#4068,.T.);
#4082 = ORIENTED_EDGE('',*,*,#3627,.F.);
#4083 = ORIENTED_EDGE('',*,*,#4084,.F.);
#4084 = EDGE_CURVE('',#2212,#3628,#4085,.T.);
#4085 = B_SPLINE_CURVE_WITH_KNOTS('',1,(#4086,#4087),.UNSPECIFIED.,.F.,
  .F.,(2,2),(0.,1.),.PIECEWISE_BEZIER_KNOTS.);
#4086 = CARTESIAN_POINT('',(29.309109769979,84.3,-10.57));
#4087 = CARTESIAN_POINT('',(29.304969521821,84.32269850017,-11.22));
#4088 = B_SPLINE_SURFACE_WITH_KNOTS('',9,1,(
    (#4089,#4090)
    ,(#4091,#4092)
    ,(#4093,#4094)
    ,(#4095,#4096)
    ,(#4097,#4098)
    ,(#4099,#4100)
    ,(#4101,#4102)
    ,(#4103,#4104)
    ,(#4105,#4106)
    ,(#4107,#4108
    )),.UNSPECIFIED.,.F.,.F.,.F.,(10,10),(2,2),(1.931300192248,
    4.351885114932),(0.,1.),.PIECEWISE_BEZIER_KNOTS.);
#4089 = CARTESIAN_POINT('',(29.309109769979,84.3,-10.57));
#4090 = CARTESIAN_POINT('',(29.304969521821,84.32269850017,-11.22));
#4091 = CARTESIAN_POINT('',(27.750036389802,83.711076097152,-10.57));
#4092 = CARTESIAN_POINT('',(27.738932166393,83.73233653569,-11.22));
#4093 = CARTESIAN_POINT('',(26.369055716341,82.65067844346,-10.57));
#4094 = CARTESIAN_POINT('',(26.351520759659,82.668133904849,-11.22));
#4095 = CARTESIAN_POINT('',(25.329127100592,81.180356386227,-10.57));
#4096 = CARTESIAN_POINT('',(25.306603050586,81.191858258149,-11.22));
#4097 = CARTESIAN_POINT('',(24.768316581495,79.427369030497,
    -10.56999999999));
#4098 = CARTESIAN_POINT('',(24.743051033375,79.431389717645,-11.22));
#4099 = CARTESIAN_POINT('',(24.768316581494,77.572630969502,-10.57));
#4100 = CARTESIAN_POINT('',(24.743051033376,77.568610282355,
    -11.21999999999));
#4101 = CARTESIAN_POINT('',(25.329127100592,75.819643613775,-10.57));
#4102 = CARTESIAN_POINT('',(25.306603050586,75.808141741851,-11.22));
#4103 = CARTESIAN_POINT('',(26.369055716341,74.349321556539,-10.57));
#4104 = CARTESIAN_POINT('',(26.35152075966,74.33186609515,-11.22));
#4105 = CARTESIAN_POINT('',(27.750036389802,73.288923902848,-10.57));
#4106 = CARTESIAN_POINT('',(27.738932166393,73.26766346431,-11.22));
#4107 = CARTESIAN_POINT('',(29.309109769979,72.7,-10.57));
#4108 = CARTESIAN_POINT('',(29.304969521821,72.67730149983,-11.22));
#4109 = ADVANCED_FACE('',(#4110),#4116,.T.);
#4110 = FACE_BOUND('',#4111,.T.);
#4111 = EDGE_LOOP('',(#4112,#4113,#4114,#4115));
#4112 = ORIENTED_EDGE('',*,*,#2238,.T.);
#4113 = ORIENTED_EDGE('',*,*,#4084,.T.);
#4114 = ORIENTED_EDGE('',*,*,#3655,.T.);
#4115 = ORIENTED_EDGE('',*,*,#4030,.F.);
#4116 = B_SPLINE_SURFACE_WITH_KNOTS('',1,1,(
    (#4117,#4118)
    ,(#4119,#4120
    )),.UNSPECIFIED.,.F.,.F.,.F.,(2,2),(2,2),(-4.3859207082,
    4.14024815854E-03),(0.,1.),.PIECEWISE_BEZIER_KNOTS.);
#4117 = CARTESIAN_POINT('',(33.690890230021,84.3,-10.57));
#4118 = CARTESIAN_POINT('',(33.695030478179,84.32269850017,-11.22));
#4119 = CARTESIAN_POINT('',(29.309109769979,84.3,-10.57));
#4120 = CARTESIAN_POINT('',(29.304969521821,84.32269850017,-11.22));
#4121 = ADVANCED_FACE('',(#4122),#4147,.F.);
#4122 = FACE_BOUND('',#4123,.F.);
#4123 = EDGE_LOOP('',(#4124,#4132,#4140,#4146));
#4124 = ORIENTED_EDGE('',*,*,#4125,.T.);
#4125 = EDGE_CURVE('',#2306,#4126,#4128,.T.);
#4126 = VERTEX_POINT('',#4127);
#4127 = CARTESIAN_POINT('',(2.82,72.1,-11.27));
#4128 = LINE('',#4129,#4130);
#4129 = CARTESIAN_POINT('',(2.82,72.1,-9.27));
#4130 = VECTOR('',#4131,1.);
#4131 = DIRECTION('',(-0.,-0.,-1.));
#4132 = ORIENTED_EDGE('',*,*,#4133,.T.);
#4133 = EDGE_CURVE('',#4126,#4134,#4136,.T.);
#4134 = VERTEX_POINT('',#4135);
#4135 = CARTESIAN_POINT('',(2.82,68.4,-11.27));
#4136 = LINE('',#4137,#4138);
#4137 = CARTESIAN_POINT('',(2.82,72.1,-11.27));
#4138 = VECTOR('',#4139,1.);
#4139 = DIRECTION('',(0.,-1.,0.));
#4140 = ORIENTED_EDGE('',*,*,#4141,.F.);
#4141 = EDGE_CURVE('',#2308,#4134,#4142,.T.);
#4142 = LINE('',#4143,#4144);
#4143 = CARTESIAN_POINT('',(2.82,68.4,-9.27));
#4144 = VECTOR('',#4145,1.);
#4145 = DIRECTION('',(-0.,-0.,-1.));
#4146 = ORIENTED_EDGE('',*,*,#2305,.F.);
#4147 = PLANE('',#4148);
#4148 = AXIS2_PLACEMENT_3D('',#4149,#4150,#4151);
#4149 = CARTESIAN_POINT('',(2.82,72.1,-9.27));
#4150 = DIRECTION('',(-1.,0.,0.));
#4151 = DIRECTION('',(0.,-1.,0.));
#4152 = ADVANCED_FACE('',(#4153),#4171,.F.);
#4153 = FACE_BOUND('',#4154,.F.);
#4154 = EDGE_LOOP('',(#4155,#4163,#4169,#4170));
#4155 = ORIENTED_EDGE('',*,*,#4156,.T.);
#4156 = EDGE_CURVE('',#2316,#4157,#4159,.T.);
#4157 = VERTEX_POINT('',#4158);
#4158 = CARTESIAN_POINT('',(16.2,72.1,-11.27));
#4159 = LINE('',#4160,#4161);
#4160 = CARTESIAN_POINT('',(16.2,72.1,-9.27));
#4161 = VECTOR('',#4162,1.);
#4162 = DIRECTION('',(-0.,-0.,-1.));
#4163 = ORIENTED_EDGE('',*,*,#4164,.T.);
#4164 = EDGE_CURVE('',#4157,#4126,#4165,.T.);
#4165 = LINE('',#4166,#4167);
#4166 = CARTESIAN_POINT('',(16.2,72.1,-11.27));
#4167 = VECTOR('',#4168,1.);
#4168 = DIRECTION('',(-1.,0.,0.));
#4169 = ORIENTED_EDGE('',*,*,#4125,.F.);
#4170 = ORIENTED_EDGE('',*,*,#2315,.F.);
#4171 = PLANE('',#4172);
#4172 = AXIS2_PLACEMENT_3D('',#4173,#4174,#4175);
#4173 = CARTESIAN_POINT('',(16.2,72.1,-9.27));
#4174 = DIRECTION('',(0.,1.,0.));
#4175 = DIRECTION('',(-1.,0.,0.));
#4176 = ADVANCED_FACE('',(#4177),#4195,.F.);
#4177 = FACE_BOUND('',#4178,.F.);
#4178 = EDGE_LOOP('',(#4179,#4180,#4188,#4194));
#4179 = ORIENTED_EDGE('',*,*,#4141,.T.);
#4180 = ORIENTED_EDGE('',*,*,#4181,.T.);
#4181 = EDGE_CURVE('',#4134,#4182,#4184,.T.);
#4182 = VERTEX_POINT('',#4183);
#4183 = CARTESIAN_POINT('',(16.2,68.4,-11.27));
#4184 = LINE('',#4185,#4186);
#4185 = CARTESIAN_POINT('',(2.82,68.4,-11.27));
#4186 = VECTOR('',#4187,1.);
#4187 = DIRECTION('',(1.,0.,0.));
#4188 = ORIENTED_EDGE('',*,*,#4189,.F.);
#4189 = EDGE_CURVE('',#2324,#4182,#4190,.T.);
#4190 = LINE('',#4191,#4192);
#4191 = CARTESIAN_POINT('',(16.2,68.4,-9.27));
#4192 = VECTOR('',#4193,1.);
#4193 = DIRECTION('',(-0.,-0.,-1.));
#4194 = ORIENTED_EDGE('',*,*,#2331,.F.);
#4195 = PLANE('',#4196);
#4196 = AXIS2_PLACEMENT_3D('',#4197,#4198,#4199);
#4197 = CARTESIAN_POINT('',(2.82,68.4,-9.27));
#4198 = DIRECTION('',(0.,-1.,0.));
#4199 = DIRECTION('',(1.,0.,0.));
#4200 = ADVANCED_FACE('',(#4201),#4212,.F.);
#4201 = FACE_BOUND('',#4202,.F.);
#4202 = EDGE_LOOP('',(#4203,#4204,#4210,#4211));
#4203 = ORIENTED_EDGE('',*,*,#4189,.T.);
#4204 = ORIENTED_EDGE('',*,*,#4205,.T.);
#4205 = EDGE_CURVE('',#4182,#4157,#4206,.T.);
#4206 = LINE('',#4207,#4208);
#4207 = CARTESIAN_POINT('',(16.2,68.4,-11.27));
#4208 = VECTOR('',#4209,1.);
#4209 = DIRECTION('',(0.,1.,0.));
#4210 = ORIENTED_EDGE('',*,*,#4156,.F.);
#4211 = ORIENTED_EDGE('',*,*,#2323,.F.);
#4212 = PLANE('',#4213);
#4213 = AXIS2_PLACEMENT_3D('',#4214,#4215,#4216);
#4214 = CARTESIAN_POINT('',(16.2,68.4,-9.27));
#4215 = DIRECTION('',(1.,0.,0.));
#4216 = DIRECTION('',(0.,1.,0.));
#4217 = ADVANCED_FACE('',(#4218),#4224,.F.);
#4218 = FACE_BOUND('',#4219,.F.);
#4219 = EDGE_LOOP('',(#4220,#4221,#4222,#4223));
#4220 = ORIENTED_EDGE('',*,*,#2547,.T.);
#4221 = ORIENTED_EDGE('',*,*,#2365,.T.);
#4222 = ORIENTED_EDGE('',*,*,#2388,.F.);
#4223 = ORIENTED_EDGE('',*,*,#2438,.F.);
#4224 = PLANE('',#4225);
#4225 = AXIS2_PLACEMENT_3D('',#4226,#4227,#4228);
#4226 = CARTESIAN_POINT('',(16.646659876658,79.887677155286,-10.57));
#4227 = DIRECTION('',(-1.,0.,0.));
#4228 = DIRECTION('',(0.,-1.,0.));
#4229 = ADVANCED_FACE('',(#4230),#4244,.T.);
#4230 = FACE_BOUND('',#4231,.T.);
#4231 = EDGE_LOOP('',(#4232,#4233,#4238,#4239));
#4232 = ORIENTED_EDGE('',*,*,#2421,.T.);
#4233 = ORIENTED_EDGE('',*,*,#4234,.T.);
#4234 = EDGE_CURVE('',#2414,#3602,#4235,.T.);
#4235 = B_SPLINE_CURVE_WITH_KNOTS('',1,(#4236,#4237),.UNSPECIFIED.,.F.,
  .F.,(2,2),(0.,1.),.PIECEWISE_BEZIER_KNOTS.);
#4236 = CARTESIAN_POINT('',(11.690890230021,84.3,-10.57));
#4237 = CARTESIAN_POINT('',(11.695030478179,84.32269850017,-11.22));
#4238 = ORIENTED_EDGE('',*,*,#3601,.F.);
#4239 = ORIENTED_EDGE('',*,*,#4240,.F.);
#4240 = EDGE_CURVE('',#2422,#3594,#4241,.T.);
#4241 = B_SPLINE_CURVE_WITH_KNOTS('',1,(#4242,#4243),.UNSPECIFIED.,.F.,
  .F.,(2,2),(0.,1.),.PIECEWISE_BEZIER_KNOTS.);
#4242 = CARTESIAN_POINT('',(11.690890230021,72.7,-10.57));
#4243 = CARTESIAN_POINT('',(11.695030478179,72.67730149983,-11.22));
#4244 = B_SPLINE_SURFACE_WITH_KNOTS('',9,1,(
    (#4245,#4246)
    ,(#4247,#4248)
    ,(#4249,#4250)
    ,(#4251,#4252)
    ,(#4253,#4254)
    ,(#4255,#4256)
    ,(#4257,#4258)
    ,(#4259,#4260)
    ,(#4261,#4262)
    ,(#4263,#4264
    )),.UNSPECIFIED.,.F.,.F.,.F.,(10,10),(2,2),(5.072892845838,
    7.493477768522),(0.,1.),.PIECEWISE_BEZIER_KNOTS.);
#4245 = CARTESIAN_POINT('',(11.690890230021,72.7,-10.57));
#4246 = CARTESIAN_POINT('',(11.695030478179,72.67730149983,-11.22));
#4247 = CARTESIAN_POINT('',(13.249963610198,73.288923902848,-10.57));
#4248 = CARTESIAN_POINT('',(13.261067833606,73.267663464309,-11.22));
#4249 = CARTESIAN_POINT('',(14.630944283659,74.349321556541,-10.57));
#4250 = CARTESIAN_POINT('',(14.648479240342,74.331866095152,-11.22));
#4251 = CARTESIAN_POINT('',(15.670872899409,75.819643613771,-10.57));
#4252 = CARTESIAN_POINT('',(15.693396949411,75.808141741847,
    -11.21999999999));
#4253 = CARTESIAN_POINT('',(16.231683418504,77.572630969508,-10.57));
#4254 = CARTESIAN_POINT('',(16.256948966629,77.568610282363,-11.22));
#4255 = CARTESIAN_POINT('',(16.231683418507,79.42736903049,-10.57));
#4256 = CARTESIAN_POINT('',(16.256948966621,79.431389717637,
    -11.21999999999));
#4257 = CARTESIAN_POINT('',(15.670872899407,81.180356386232,-10.57));
#4258 = CARTESIAN_POINT('',(15.693396949417,81.191858258154,-11.22));
#4259 = CARTESIAN_POINT('',(14.630944283659,82.650678443457,-10.57));
#4260 = CARTESIAN_POINT('',(14.648479240339,82.668133904847,-11.22));
#4261 = CARTESIAN_POINT('',(13.249963610198,83.711076097153,-10.57));
#4262 = CARTESIAN_POINT('',(13.261067833607,83.732336535691,-11.22));
#4263 = CARTESIAN_POINT('',(11.690890230021,84.3,-10.57));
#4264 = CARTESIAN_POINT('',(11.695030478179,84.32269850017,-11.22));
#4265 = ADVANCED_FACE('',(#4266),#4276,.T.);
#4266 = FACE_BOUND('',#4267,.T.);
#4267 = EDGE_LOOP('',(#4268,#4269,#4270,#4271));
#4268 = ORIENTED_EDGE('',*,*,#2469,.T.);
#4269 = ORIENTED_EDGE('',*,*,#4240,.T.);
#4270 = ORIENTED_EDGE('',*,*,#3593,.F.);
#4271 = ORIENTED_EDGE('',*,*,#4272,.F.);
#4272 = EDGE_CURVE('',#2462,#3585,#4273,.T.);
#4273 = B_SPLINE_CURVE_WITH_KNOTS('',1,(#4274,#4275),.UNSPECIFIED.,.F.,
  .F.,(2,2),(0.,1.),.PIECEWISE_BEZIER_KNOTS.);
#4274 = CARTESIAN_POINT('',(7.309109769979,72.7,-10.57));
#4275 = CARTESIAN_POINT('',(7.304969521821,72.67730149983,-11.22));
#4276 = B_SPLINE_SURFACE_WITH_KNOTS('',1,1,(
    (#4277,#4278)
    ,(#4279,#4280
    )),.UNSPECIFIED.,.F.,.F.,.F.,(2,2),(2,2),(-4.140248158546E-03,
    4.3859207082),(0.,1.),.PIECEWISE_BEZIER_KNOTS.);
#4277 = CARTESIAN_POINT('',(7.309109769979,72.7,-10.57));
#4278 = CARTESIAN_POINT('',(7.304969521821,72.67730149983,-11.22));
#4279 = CARTESIAN_POINT('',(11.690890230021,72.7,-10.57));
#4280 = CARTESIAN_POINT('',(11.695030478179,72.67730149983,-11.22));
#4281 = ADVANCED_FACE('',(#4282),#4292,.T.);
#4282 = FACE_BOUND('',#4283,.T.);
#4283 = EDGE_LOOP('',(#4284,#4285,#4286,#4287));
#4284 = ORIENTED_EDGE('',*,*,#2496,.T.);
#4285 = ORIENTED_EDGE('',*,*,#4272,.T.);
#4286 = ORIENTED_EDGE('',*,*,#3582,.F.);
#4287 = ORIENTED_EDGE('',*,*,#4288,.F.);
#4288 = EDGE_CURVE('',#2487,#3583,#4289,.T.);
#4289 = B_SPLINE_CURVE_WITH_KNOTS('',1,(#4290,#4291),.UNSPECIFIED.,.F.,
  .F.,(2,2),(0.,1.),.PIECEWISE_BEZIER_KNOTS.);
#4290 = CARTESIAN_POINT('',(7.309109769979,84.3,-10.57));
#4291 = CARTESIAN_POINT('',(7.304969521821,84.32269850017,-11.22));
#4292 = B_SPLINE_SURFACE_WITH_KNOTS('',9,1,(
    (#4293,#4294)
    ,(#4295,#4296)
    ,(#4297,#4298)
    ,(#4299,#4300)
    ,(#4301,#4302)
    ,(#4303,#4304)
    ,(#4305,#4306)
    ,(#4307,#4308)
    ,(#4309,#4310)
    ,(#4311,#4312
    )),.UNSPECIFIED.,.F.,.F.,.F.,(10,10),(2,2),(1.931300192248,
    4.351885114932),(0.,1.),.PIECEWISE_BEZIER_KNOTS.);
#4293 = CARTESIAN_POINT('',(7.309109769979,84.3,-10.57));
#4294 = CARTESIAN_POINT('',(7.304969521821,84.32269850017,-11.22));
#4295 = CARTESIAN_POINT('',(5.750036389802,83.711076097152,-10.57));
#4296 = CARTESIAN_POINT('',(5.738932166393,83.73233653569,-11.22));
#4297 = CARTESIAN_POINT('',(4.369055716341,82.65067844346,-10.57));
#4298 = CARTESIAN_POINT('',(4.351520759659,82.668133904849,-11.22));
#4299 = CARTESIAN_POINT('',(3.329127100592,81.180356386227,-10.57));
#4300 = CARTESIAN_POINT('',(3.306603050586,81.191858258149,-11.22));
#4301 = CARTESIAN_POINT('',(2.768316581495,79.427369030497,
    -10.56999999999));
#4302 = CARTESIAN_POINT('',(2.743051033375,79.431389717645,-11.22));
#4303 = CARTESIAN_POINT('',(2.768316581494,77.572630969502,-10.57));
#4304 = CARTESIAN_POINT('',(2.743051033376,77.568610282355,
    -11.21999999999));
#4305 = CARTESIAN_POINT('',(3.329127100592,75.819643613775,-10.57));
#4306 = CARTESIAN_POINT('',(3.306603050586,75.808141741851,-11.22));
#4307 = CARTESIAN_POINT('',(4.369055716341,74.349321556539,-10.57));
#4308 = CARTESIAN_POINT('',(4.35152075966,74.33186609515,-11.22));
#4309 = CARTESIAN_POINT('',(5.750036389802,73.288923902848,-10.57));
#4310 = CARTESIAN_POINT('',(5.738932166393,73.26766346431,-11.22));
#4311 = CARTESIAN_POINT('',(7.309109769979,72.7,-10.57));
#4312 = CARTESIAN_POINT('',(7.304969521821,72.67730149983,-11.22));
#4313 = ADVANCED_FACE('',(#4314),#4320,.T.);
#4314 = FACE_BOUND('',#4315,.T.);
#4315 = EDGE_LOOP('',(#4316,#4317,#4318,#4319));
#4316 = ORIENTED_EDGE('',*,*,#2513,.T.);
#4317 = ORIENTED_EDGE('',*,*,#4288,.T.);
#4318 = ORIENTED_EDGE('',*,*,#3610,.T.);
#4319 = ORIENTED_EDGE('',*,*,#4234,.F.);
#4320 = B_SPLINE_SURFACE_WITH_KNOTS('',1,1,(
    (#4321,#4322)
    ,(#4323,#4324
    )),.UNSPECIFIED.,.F.,.F.,.F.,(2,2),(2,2),(-4.3859207082,
    4.14024815854E-03),(0.,1.),.PIECEWISE_BEZIER_KNOTS.);
#4321 = CARTESIAN_POINT('',(11.690890230021,84.3,-10.57));
#4322 = CARTESIAN_POINT('',(11.695030478179,84.32269850017,-11.22));
#4323 = CARTESIAN_POINT('',(7.309109769979,84.3,-10.57));
#4324 = CARTESIAN_POINT('',(7.304969521821,84.32269850017,-11.22));
#4325 = ADVANCED_FACE('',(#4326),#4351,.T.);
#4326 = FACE_BOUND('',#4327,.T.);
#4327 = EDGE_LOOP('',(#4328,#4336,#4344,#4350));
#4328 = ORIENTED_EDGE('',*,*,#4329,.T.);
#4329 = EDGE_CURVE('',#2565,#4330,#4332,.T.);
#4330 = VERTEX_POINT('',#4331);
#4331 = CARTESIAN_POINT('',(60.646659876658,53.887677155286,-13.57));
#4332 = LINE('',#4333,#4334);
#4333 = CARTESIAN_POINT('',(61.850236588295,54.088568197936,-13.57));
#4334 = VECTOR('',#4335,1.);
#4335 = DIRECTION('',(-0.986354701848,-0.164634146341,0.));
#4336 = ORIENTED_EDGE('',*,*,#4337,.T.);
#4337 = EDGE_CURVE('',#4330,#4338,#4340,.T.);
#4338 = VERTEX_POINT('',#4339);
#4339 = CARTESIAN_POINT('',(60.646659876658,51.112322844714,-13.57));
#4340 = LINE('',#4341,#4342);
#4341 = CARTESIAN_POINT('',(60.646659876658,53.887677155286,-13.57));
#4342 = VECTOR('',#4343,1.);
#4343 = DIRECTION('',(0.,-1.,0.));
#4344 = ORIENTED_EDGE('',*,*,#4345,.T.);
#4345 = EDGE_CURVE('',#4338,#2563,#4346,.T.);
#4346 = LINE('',#4347,#4348);
#4347 = CARTESIAN_POINT('',(60.646659876658,51.112322844714,-13.57));
#4348 = VECTOR('',#4349,1.);
#4349 = DIRECTION('',(0.986354701848,-0.164634146341,0.));
#4350 = ORIENTED_EDGE('',*,*,#2562,.T.);
#4351 = PLANE('',#4352);
#4352 = AXIS2_PLACEMENT_3D('',#4353,#4354,#4355);
#4353 = CARTESIAN_POINT('',(61.312088733951,52.5,-13.57));
#4354 = DIRECTION('',(0.,0.,1.));
#4355 = DIRECTION('',(1.,0.,0.));
#4356 = ADVANCED_FACE('',(#4357),#4375,.F.);
#4357 = FACE_BOUND('',#4358,.F.);
#4358 = EDGE_LOOP('',(#4359,#4367,#4368,#4369));
#4359 = ORIENTED_EDGE('',*,*,#4360,.T.);
#4360 = EDGE_CURVE('',#4361,#4338,#4363,.T.);
#4361 = VERTEX_POINT('',#4362);
#4362 = CARTESIAN_POINT('',(60.646659876658,51.112322844714,-10.57));
#4363 = LINE('',#4364,#4365);
#4364 = CARTESIAN_POINT('',(60.646659876658,51.112322844714,-10.57));
#4365 = VECTOR('',#4366,1.);
#4366 = DIRECTION('',(-0.,-0.,-1.));
#4367 = ORIENTED_EDGE('',*,*,#4345,.T.);
#4368 = ORIENTED_EDGE('',*,*,#2573,.F.);
#4369 = ORIENTED_EDGE('',*,*,#4370,.F.);
#4370 = EDGE_CURVE('',#4361,#2574,#4371,.T.);
#4371 = LINE('',#4372,#4373);
#4372 = CARTESIAN_POINT('',(60.646659876658,51.112322844714,-10.57));
#4373 = VECTOR('',#4374,1.);
#4374 = DIRECTION('',(0.986354701848,-0.164634146341,0.));
#4375 = PLANE('',#4376);
#4376 = AXIS2_PLACEMENT_3D('',#4377,#4378,#4379);
#4377 = CARTESIAN_POINT('',(60.646659876658,51.112322844714,-10.57));
#4378 = DIRECTION('',(-0.164634146341,-0.986354701848,0.));
#4379 = DIRECTION('',(0.986354701848,-0.164634146341,0.));
#4380 = ADVANCED_FACE('',(#4381),#4423,.T.);
#4381 = FACE_BOUND('',#4382,.T.);
#4382 = EDGE_LOOP('',(#4383,#4384,#4392,#4401,#4407,#4408,#4409,#4417));
#4383 = ORIENTED_EDGE('',*,*,#2673,.T.);
#4384 = ORIENTED_EDGE('',*,*,#4385,.T.);
#4385 = EDGE_CURVE('',#2666,#4386,#4388,.T.);
#4386 = VERTEX_POINT('',#4387);
#4387 = CARTESIAN_POINT('',(55.690890230021,58.3,-10.57));
#4388 = LINE('',#4389,#4390);
#4389 = CARTESIAN_POINT('',(59.713694553162,58.3,-10.57));
#4390 = VECTOR('',#4391,1.);
#4391 = DIRECTION('',(-1.,0.,0.));
#4392 = ORIENTED_EDGE('',*,*,#4393,.F.);
#4393 = EDGE_CURVE('',#4394,#4386,#4396,.T.);
#4394 = VERTEX_POINT('',#4395);
#4395 = CARTESIAN_POINT('',(55.690890230021,46.7,-10.57));
#4396 = CIRCLE('',#4397,6.2);
#4397 = AXIS2_PLACEMENT_3D('',#4398,#4399,#4400);
#4398 = CARTESIAN_POINT('',(53.5,52.5,-10.57));
#4399 = DIRECTION('',(0.,0.,1.));
#4400 = DIRECTION('',(1.,0.,0.));
#4401 = ORIENTED_EDGE('',*,*,#4402,.T.);
#4402 = EDGE_CURVE('',#4394,#2582,#4403,.T.);
#4403 = LINE('',#4404,#4405);
#4404 = CARTESIAN_POINT('',(47.286305446838,46.7,-10.57));
#4405 = VECTOR('',#4406,1.);
#4406 = DIRECTION('',(1.,0.,0.));
#4407 = ORIENTED_EDGE('',*,*,#2581,.T.);
#4408 = ORIENTED_EDGE('',*,*,#4370,.F.);
#4409 = ORIENTED_EDGE('',*,*,#4410,.F.);
#4410 = EDGE_CURVE('',#4411,#4361,#4413,.T.);
#4411 = VERTEX_POINT('',#4412);
#4412 = CARTESIAN_POINT('',(60.646659876658,53.887677155286,-10.57));
#4413 = LINE('',#4414,#4415);
#4414 = CARTESIAN_POINT('',(60.646659876658,53.887677155286,-10.57));
#4415 = VECTOR('',#4416,1.);
#4416 = DIRECTION('',(0.,-1.,0.));
#4417 = ORIENTED_EDGE('',*,*,#4418,.F.);
#4418 = EDGE_CURVE('',#2674,#4411,#4419,.T.);
#4419 = LINE('',#4420,#4421);
#4420 = CARTESIAN_POINT('',(61.850236588295,54.088568197936,-10.57));
#4421 = VECTOR('',#4422,1.);
#4422 = DIRECTION('',(-0.986354701848,-0.164634146341,0.));
#4423 = PLANE('',#4424);
#4424 = AXIS2_PLACEMENT_3D('',#4425,#4426,#4427);
#4425 = CARTESIAN_POINT('',(53.5,52.5,-10.57));
#4426 = DIRECTION('',(0.,0.,1.));
#4427 = DIRECTION('',(1.,0.,0.));
#4428 = ADVANCED_FACE('',(#4429),#4454,.F.);
#4429 = FACE_BOUND('',#4430,.F.);
#4430 = EDGE_LOOP('',(#4431,#4432,#4440,#4446,#4447,#4448));
#4431 = ORIENTED_EDGE('',*,*,#2631,.T.);
#4432 = ORIENTED_EDGE('',*,*,#4433,.T.);
#4433 = EDGE_CURVE('',#2632,#4434,#4436,.T.);
#4434 = VERTEX_POINT('',#4435);
#4435 = CARTESIAN_POINT('',(51.309109769979,46.7,-10.57));
#4436 = LINE('',#4437,#4438);
#4437 = CARTESIAN_POINT('',(47.286305446838,46.7,-10.57));
#4438 = VECTOR('',#4439,1.);
#4439 = DIRECTION('',(1.,0.,0.));
#4440 = ORIENTED_EDGE('',*,*,#4441,.T.);
#4441 = EDGE_CURVE('',#4434,#4394,#4442,.T.);
#4442 = LINE('',#4443,#4444);
#4443 = CARTESIAN_POINT('',(47.286305446838,46.7,-10.57));
#4444 = VECTOR('',#4445,1.);
#4445 = DIRECTION('',(1.,0.,0.));
#4446 = ORIENTED_EDGE('',*,*,#4402,.T.);
#4447 = ORIENTED_EDGE('',*,*,#2590,.F.);
#4448 = ORIENTED_EDGE('',*,*,#4449,.F.);
#4449 = EDGE_CURVE('',#2623,#2591,#4450,.T.);
#4450 = LINE('',#4451,#4452);
#4451 = CARTESIAN_POINT('',(47.286305446838,46.7,-9.27));
#4452 = VECTOR('',#4453,1.);
#4453 = DIRECTION('',(1.,0.,0.));
#4454 = PLANE('',#4455);
#4455 = AXIS2_PLACEMENT_3D('',#4456,#4457,#4458);
#4456 = CARTESIAN_POINT('',(47.286305446838,46.7,-9.27));
#4457 = DIRECTION('',(0.,-1.,0.));
#4458 = DIRECTION('',(1.,0.,0.));
#4459 = ADVANCED_FACE('',(#4460,#4468),#4502,.T.);
#4460 = FACE_BOUND('',#4461,.T.);
#4461 = EDGE_LOOP('',(#4462,#4463,#4464,#4465,#4466,#4467));
#4462 = ORIENTED_EDGE('',*,*,#2720,.T.);
#4463 = ORIENTED_EDGE('',*,*,#2598,.F.);
#4464 = ORIENTED_EDGE('',*,*,#4449,.F.);
#4465 = ORIENTED_EDGE('',*,*,#2622,.F.);
#4466 = ORIENTED_EDGE('',*,*,#2696,.T.);
#4467 = ORIENTED_EDGE('',*,*,#2744,.T.);
#4468 = FACE_BOUND('',#4469,.T.);
#4469 = EDGE_LOOP('',(#4470,#4480,#4488,#4496));
#4470 = ORIENTED_EDGE('',*,*,#4471,.F.);
#4471 = EDGE_CURVE('',#4472,#4474,#4476,.T.);
#4472 = VERTEX_POINT('',#4473);
#4473 = CARTESIAN_POINT('',(46.82,46.1,-9.27));
#4474 = VERTEX_POINT('',#4475);
#4475 = CARTESIAN_POINT('',(46.82,42.4,-9.27));
#4476 = LINE('',#4477,#4478);
#4477 = CARTESIAN_POINT('',(46.82,46.1,-9.27));
#4478 = VECTOR('',#4479,1.);
#4479 = DIRECTION('',(0.,-1.,0.));
#4480 = ORIENTED_EDGE('',*,*,#4481,.F.);
#4481 = EDGE_CURVE('',#4482,#4472,#4484,.T.);
#4482 = VERTEX_POINT('',#4483);
#4483 = CARTESIAN_POINT('',(60.2,46.1,-9.27));
#4484 = LINE('',#4485,#4486);
#4485 = CARTESIAN_POINT('',(60.2,46.1,-9.27));
#4486 = VECTOR('',#4487,1.);
#4487 = DIRECTION('',(-1.,0.,0.));
#4488 = ORIENTED_EDGE('',*,*,#4489,.F.);
#4489 = EDGE_CURVE('',#4490,#4482,#4492,.T.);
#4490 = VERTEX_POINT('',#4491);
#4491 = CARTESIAN_POINT('',(60.2,42.4,-9.27));
#4492 = LINE('',#4493,#4494);
#4493 = CARTESIAN_POINT('',(60.2,42.4,-9.27));
#4494 = VECTOR('',#4495,1.);
#4495 = DIRECTION('',(0.,1.,0.));
#4496 = ORIENTED_EDGE('',*,*,#4497,.F.);
#4497 = EDGE_CURVE('',#4474,#4490,#4498,.T.);
#4498 = LINE('',#4499,#4500);
#4499 = CARTESIAN_POINT('',(46.82,42.4,-9.27));
#4500 = VECTOR('',#4501,1.);
#4501 = DIRECTION('',(1.,0.,0.));
#4502 = PLANE('',#4503);
#4503 = AXIS2_PLACEMENT_3D('',#4504,#4505,#4506);
#4504 = CARTESIAN_POINT('',(53.5,46.555848118596,-9.27));
#4505 = DIRECTION('',(0.,0.,1.));
#4506 = DIRECTION('',(1.,0.,0.));
#4507 = ADVANCED_FACE('',(#4508),#4527,.T.);
#4508 = FACE_BOUND('',#4509,.T.);
#4509 = EDGE_LOOP('',(#4510,#4518,#4519,#4520));
#4510 = ORIENTED_EDGE('',*,*,#4511,.T.);
#4511 = EDGE_CURVE('',#4512,#2640,#4514,.T.);
#4512 = VERTEX_POINT('',#4513);
#4513 = CARTESIAN_POINT('',(51.309109769979,58.3,-10.57));
#4514 = LINE('',#4515,#4516);
#4515 = CARTESIAN_POINT('',(59.713694553162,58.3,-10.57));
#4516 = VECTOR('',#4517,1.);
#4517 = DIRECTION('',(-1.,0.,0.));
#4518 = ORIENTED_EDGE('',*,*,#2639,.T.);
#4519 = ORIENTED_EDGE('',*,*,#4433,.T.);
#4520 = ORIENTED_EDGE('',*,*,#4521,.F.);
#4521 = EDGE_CURVE('',#4512,#4434,#4522,.T.);
#4522 = CIRCLE('',#4523,6.2);
#4523 = AXIS2_PLACEMENT_3D('',#4524,#4525,#4526);
#4524 = CARTESIAN_POINT('',(53.5,52.5,-10.57));
#4525 = DIRECTION('',(0.,0.,1.));
#4526 = DIRECTION('',(1.,0.,0.));
#4527 = PLANE('',#4528);
#4528 = AXIS2_PLACEMENT_3D('',#4529,#4530,#4531);
#4529 = CARTESIAN_POINT('',(53.5,52.5,-10.57));
#4530 = DIRECTION('',(0.,0.,1.));
#4531 = DIRECTION('',(1.,0.,0.));
#4532 = ADVANCED_FACE('',(#4533),#4551,.F.);
#4533 = FACE_BOUND('',#4534,.F.);
#4534 = EDGE_LOOP('',(#4535,#4536,#4537,#4543,#4544,#4545));
#4535 = ORIENTED_EDGE('',*,*,#2665,.T.);
#4536 = ORIENTED_EDGE('',*,*,#4385,.T.);
#4537 = ORIENTED_EDGE('',*,*,#4538,.T.);
#4538 = EDGE_CURVE('',#4386,#4512,#4539,.T.);
#4539 = LINE('',#4540,#4541);
#4540 = CARTESIAN_POINT('',(59.713694553162,58.3,-10.57));
#4541 = VECTOR('',#4542,1.);
#4542 = DIRECTION('',(-1.,0.,0.));
#4543 = ORIENTED_EDGE('',*,*,#4511,.T.);
#4544 = ORIENTED_EDGE('',*,*,#2648,.F.);
#4545 = ORIENTED_EDGE('',*,*,#4546,.F.);
#4546 = EDGE_CURVE('',#2657,#2649,#4547,.T.);
#4547 = LINE('',#4548,#4549);
#4548 = CARTESIAN_POINT('',(59.713694553162,58.3,-9.27));
#4549 = VECTOR('',#4550,1.);
#4550 = DIRECTION('',(-1.,0.,0.));
#4551 = PLANE('',#4552);
#4552 = AXIS2_PLACEMENT_3D('',#4553,#4554,#4555);
#4553 = CARTESIAN_POINT('',(59.713694553162,58.3,-9.27));
#4554 = DIRECTION('',(0.,1.,0.));
#4555 = DIRECTION('',(-1.,0.,0.));
#4556 = ADVANCED_FACE('',(#4557),#4561,.T.);
#4557 = FACE_BOUND('',#4558,.T.);
#4558 = EDGE_LOOP('',(#4559,#4560));
#4559 = ORIENTED_EDGE('',*,*,#4546,.F.);
#4560 = ORIENTED_EDGE('',*,*,#2656,.T.);
#4561 = PLANE('',#4562);
#4562 = AXIS2_PLACEMENT_3D('',#4563,#4564,#4565);
#4563 = CARTESIAN_POINT('',(53.5,46.555848118596,-9.27));
#4564 = DIRECTION('',(0.,0.,1.));
#4565 = DIRECTION('',(1.,0.,0.));
#4566 = ADVANCED_FACE('',(#4567),#4578,.F.);
#4567 = FACE_BOUND('',#4568,.F.);
#4568 = EDGE_LOOP('',(#4569,#4570,#4571,#4577));
#4569 = ORIENTED_EDGE('',*,*,#2682,.T.);
#4570 = ORIENTED_EDGE('',*,*,#4329,.T.);
#4571 = ORIENTED_EDGE('',*,*,#4572,.F.);
#4572 = EDGE_CURVE('',#4411,#4330,#4573,.T.);
#4573 = LINE('',#4574,#4575);
#4574 = CARTESIAN_POINT('',(60.646659876658,53.887677155286,-10.57));
#4575 = VECTOR('',#4576,1.);
#4576 = DIRECTION('',(-0.,-0.,-1.));
#4577 = ORIENTED_EDGE('',*,*,#4418,.F.);
#4578 = PLANE('',#4579);
#4579 = AXIS2_PLACEMENT_3D('',#4580,#4581,#4582);
#4580 = CARTESIAN_POINT('',(61.850236588295,54.088568197936,-10.57));
#4581 = DIRECTION('',(-0.164634146341,0.986354701848,0.));
#4582 = DIRECTION('',(-0.986354701848,-0.164634146341,0.));
#4583 = ADVANCED_FACE('',(#4584),#4598,.T.);
#4584 = FACE_BOUND('',#4585,.F.);
#4585 = EDGE_LOOP('',(#4586,#4587,#4588,#4589,#4590,#4591,#4592,#4593,
    #4594,#4595,#4596,#4597));
#4586 = ORIENTED_EDGE('',*,*,#2769,.T.);
#4587 = ORIENTED_EDGE('',*,*,#2817,.T.);
#4588 = ORIENTED_EDGE('',*,*,#2865,.T.);
#4589 = ORIENTED_EDGE('',*,*,#2913,.T.);
#4590 = ORIENTED_EDGE('',*,*,#2961,.T.);
#4591 = ORIENTED_EDGE('',*,*,#3009,.T.);
#4592 = ORIENTED_EDGE('',*,*,#3033,.T.);
#4593 = ORIENTED_EDGE('',*,*,#2992,.T.);
#4594 = ORIENTED_EDGE('',*,*,#2944,.T.);
#4595 = ORIENTED_EDGE('',*,*,#2896,.T.);
#4596 = ORIENTED_EDGE('',*,*,#2848,.T.);
#4597 = ORIENTED_EDGE('',*,*,#2800,.T.);
#4598 = PLANE('',#4599);
#4599 = AXIS2_PLACEMENT_3D('',#4600,#4601,#4602);
#4600 = CARTESIAN_POINT('',(31.5,33.689851485149,-10.));
#4601 = DIRECTION('',(0.,0.,1.));
#4602 = DIRECTION('',(1.,0.,0.));
#4603 = ADVANCED_FACE('',(#4604),#4629,.T.);
#4604 = FACE_BOUND('',#4605,.T.);
#4605 = EDGE_LOOP('',(#4606,#4614,#4622,#4628));
#4606 = ORIENTED_EDGE('',*,*,#4607,.T.);
#4607 = EDGE_CURVE('',#3052,#4608,#4610,.T.);
#4608 = VERTEX_POINT('',#4609);
#4609 = CARTESIAN_POINT('',(38.646659876658,53.887677155286,-13.57));
#4610 = LINE('',#4611,#4612);
#4611 = CARTESIAN_POINT('',(39.850236588295,54.088568197936,-13.57));
#4612 = VECTOR('',#4613,1.);
#4613 = DIRECTION('',(-0.986354701848,-0.164634146341,0.));
#4614 = ORIENTED_EDGE('',*,*,#4615,.T.);
#4615 = EDGE_CURVE('',#4608,#4616,#4618,.T.);
#4616 = VERTEX_POINT('',#4617);
#4617 = CARTESIAN_POINT('',(38.646659876658,51.112322844714,-13.57));
#4618 = LINE('',#4619,#4620);
#4619 = CARTESIAN_POINT('',(38.646659876658,53.887677155286,-13.57));
#4620 = VECTOR('',#4621,1.);
#4621 = DIRECTION('',(0.,-1.,0.));
#4622 = ORIENTED_EDGE('',*,*,#4623,.T.);
#4623 = EDGE_CURVE('',#4616,#3050,#4624,.T.);
#4624 = LINE('',#4625,#4626);
#4625 = CARTESIAN_POINT('',(38.646659876658,51.112322844714,-13.57));
#4626 = VECTOR('',#4627,1.);
#4627 = DIRECTION('',(0.986354701848,-0.164634146341,0.));
#4628 = ORIENTED_EDGE('',*,*,#3049,.T.);
#4629 = PLANE('',#4630);
#4630 = AXIS2_PLACEMENT_3D('',#4631,#4632,#4633);
#4631 = CARTESIAN_POINT('',(39.312088733951,52.5,-13.57));
#4632 = DIRECTION('',(0.,0.,1.));
#4633 = DIRECTION('',(1.,0.,0.));
#4634 = ADVANCED_FACE('',(#4635),#4653,.F.);
#4635 = FACE_BOUND('',#4636,.F.);
#4636 = EDGE_LOOP('',(#4637,#4645,#4646,#4647));
#4637 = ORIENTED_EDGE('',*,*,#4638,.T.);
#4638 = EDGE_CURVE('',#4639,#4616,#4641,.T.);
#4639 = VERTEX_POINT('',#4640);
#4640 = CARTESIAN_POINT('',(38.646659876658,51.112322844714,-10.57));
#4641 = LINE('',#4642,#4643);
#4642 = CARTESIAN_POINT('',(38.646659876658,51.112322844714,-10.57));
#4643 = VECTOR('',#4644,1.);
#4644 = DIRECTION('',(-0.,-0.,-1.));
#4645 = ORIENTED_EDGE('',*,*,#4623,.T.);
#4646 = ORIENTED_EDGE('',*,*,#3060,.F.);
#4647 = ORIENTED_EDGE('',*,*,#4648,.F.);
#4648 = EDGE_CURVE('',#4639,#3061,#4649,.T.);
#4649 = LINE('',#4650,#4651);
#4650 = CARTESIAN_POINT('',(38.646659876658,51.112322844714,-10.57));
#4651 = VECTOR('',#4652,1.);
#4652 = DIRECTION('',(0.986354701848,-0.164634146341,0.));
#4653 = PLANE('',#4654);
#4654 = AXIS2_PLACEMENT_3D('',#4655,#4656,#4657);
#4655 = CARTESIAN_POINT('',(38.646659876658,51.112322844714,-10.57));
#4656 = DIRECTION('',(-0.164634146341,-0.986354701848,0.));
#4657 = DIRECTION('',(0.986354701848,-0.164634146341,0.));
#4658 = ADVANCED_FACE('',(#4659),#4701,.T.);
#4659 = FACE_BOUND('',#4660,.T.);
#4660 = EDGE_LOOP('',(#4661,#4662,#4670,#4679,#4685,#4686,#4687,#4695));
#4661 = ORIENTED_EDGE('',*,*,#3160,.T.);
#4662 = ORIENTED_EDGE('',*,*,#4663,.T.);
#4663 = EDGE_CURVE('',#3153,#4664,#4666,.T.);
#4664 = VERTEX_POINT('',#4665);
#4665 = CARTESIAN_POINT('',(33.690890230021,58.3,-10.57));
#4666 = LINE('',#4667,#4668);
#4667 = CARTESIAN_POINT('',(37.713694553162,58.3,-10.57));
#4668 = VECTOR('',#4669,1.);
#4669 = DIRECTION('',(-1.,0.,0.));
#4670 = ORIENTED_EDGE('',*,*,#4671,.F.);
#4671 = EDGE_CURVE('',#4672,#4664,#4674,.T.);
#4672 = VERTEX_POINT('',#4673);
#4673 = CARTESIAN_POINT('',(33.690890230021,46.7,-10.57));
#4674 = CIRCLE('',#4675,6.2);
#4675 = AXIS2_PLACEMENT_3D('',#4676,#4677,#4678);
#4676 = CARTESIAN_POINT('',(31.5,52.5,-10.57));
#4677 = DIRECTION('',(0.,0.,1.));
#4678 = DIRECTION('',(1.,0.,0.));
#4679 = ORIENTED_EDGE('',*,*,#4680,.T.);
#4680 = EDGE_CURVE('',#4672,#3069,#4681,.T.);
#4681 = LINE('',#4682,#4683);
#4682 = CARTESIAN_POINT('',(25.286305446838,46.7,-10.57));
#4683 = VECTOR('',#4684,1.);
#4684 = DIRECTION('',(1.,0.,0.));
#4685 = ORIENTED_EDGE('',*,*,#3068,.T.);
#4686 = ORIENTED_EDGE('',*,*,#4648,.F.);
#4687 = ORIENTED_EDGE('',*,*,#4688,.F.);
#4688 = EDGE_CURVE('',#4689,#4639,#4691,.T.);
#4689 = VERTEX_POINT('',#4690);
#4690 = CARTESIAN_POINT('',(38.646659876658,53.887677155286,-10.57));
#4691 = LINE('',#4692,#4693);
#4692 = CARTESIAN_POINT('',(38.646659876658,53.887677155286,-10.57));
#4693 = VECTOR('',#4694,1.);
#4694 = DIRECTION('',(0.,-1.,0.));
#4695 = ORIENTED_EDGE('',*,*,#4696,.F.);
#4696 = EDGE_CURVE('',#3161,#4689,#4697,.T.);
#4697 = LINE('',#4698,#4699);
#4698 = CARTESIAN_POINT('',(39.850236588295,54.088568197936,-10.57));
#4699 = VECTOR('',#4700,1.);
#4700 = DIRECTION('',(-0.986354701848,-0.164634146341,0.));
#4701 = PLANE('',#4702);
#4702 = AXIS2_PLACEMENT_3D('',#4703,#4704,#4705);
#4703 = CARTESIAN_POINT('',(31.5,52.5,-10.57));
#4704 = DIRECTION('',(0.,0.,1.));
#4705 = DIRECTION('',(1.,0.,0.));
#4706 = ADVANCED_FACE('',(#4707),#4732,.F.);
#4707 = FACE_BOUND('',#4708,.F.);
#4708 = EDGE_LOOP('',(#4709,#4710,#4718,#4724,#4725,#4726));
#4709 = ORIENTED_EDGE('',*,*,#3118,.T.);
#4710 = ORIENTED_EDGE('',*,*,#4711,.T.);
#4711 = EDGE_CURVE('',#3119,#4712,#4714,.T.);
#4712 = VERTEX_POINT('',#4713);
#4713 = CARTESIAN_POINT('',(29.309109769979,46.7,-10.57));
#4714 = LINE('',#4715,#4716);
#4715 = CARTESIAN_POINT('',(25.286305446838,46.7,-10.57));
#4716 = VECTOR('',#4717,1.);
#4717 = DIRECTION('',(1.,0.,0.));
#4718 = ORIENTED_EDGE('',*,*,#4719,.T.);
#4719 = EDGE_CURVE('',#4712,#4672,#4720,.T.);
#4720 = LINE('',#4721,#4722);
#4721 = CARTESIAN_POINT('',(25.286305446838,46.7,-10.57));
#4722 = VECTOR('',#4723,1.);
#4723 = DIRECTION('',(1.,0.,0.));
#4724 = ORIENTED_EDGE('',*,*,#4680,.T.);
#4725 = ORIENTED_EDGE('',*,*,#3077,.F.);
#4726 = ORIENTED_EDGE('',*,*,#4727,.F.);
#4727 = EDGE_CURVE('',#3110,#3078,#4728,.T.);
#4728 = LINE('',#4729,#4730);
#4729 = CARTESIAN_POINT('',(25.286305446838,46.7,-9.27));
#4730 = VECTOR('',#4731,1.);
#4731 = DIRECTION('',(1.,0.,0.));
#4732 = PLANE('',#4733);
#4733 = AXIS2_PLACEMENT_3D('',#4734,#4735,#4736);
#4734 = CARTESIAN_POINT('',(25.286305446838,46.7,-9.27));
#4735 = DIRECTION('',(0.,-1.,0.));
#4736 = DIRECTION('',(1.,0.,0.));
#4737 = ADVANCED_FACE('',(#4738,#4746),#4780,.T.);
#4738 = FACE_BOUND('',#4739,.T.);
#4739 = EDGE_LOOP('',(#4740,#4741,#4742,#4743,#4744,#4745));
#4740 = ORIENTED_EDGE('',*,*,#3207,.T.);
#4741 = ORIENTED_EDGE('',*,*,#3085,.F.);
#4742 = ORIENTED_EDGE('',*,*,#4727,.F.);
#4743 = ORIENTED_EDGE('',*,*,#3109,.F.);
#4744 = ORIENTED_EDGE('',*,*,#3183,.T.);
#4745 = ORIENTED_EDGE('',*,*,#3231,.T.);
#4746 = FACE_BOUND('',#4747,.T.);
#4747 = EDGE_LOOP('',(#4748,#4758,#4766,#4774));
#4748 = ORIENTED_EDGE('',*,*,#4749,.F.);
#4749 = EDGE_CURVE('',#4750,#4752,#4754,.T.);
#4750 = VERTEX_POINT('',#4751);
#4751 = CARTESIAN_POINT('',(24.82,46.1,-9.27));
#4752 = VERTEX_POINT('',#4753);
#4753 = CARTESIAN_POINT('',(24.82,42.4,-9.27));
#4754 = LINE('',#4755,#4756);
#4755 = CARTESIAN_POINT('',(24.82,46.1,-9.27));
#4756 = VECTOR('',#4757,1.);
#4757 = DIRECTION('',(0.,-1.,0.));
#4758 = ORIENTED_EDGE('',*,*,#4759,.F.);
#4759 = EDGE_CURVE('',#4760,#4750,#4762,.T.);
#4760 = VERTEX_POINT('',#4761);
#4761 = CARTESIAN_POINT('',(38.2,46.1,-9.27));
#4762 = LINE('',#4763,#4764);
#4763 = CARTESIAN_POINT('',(38.2,46.1,-9.27));
#4764 = VECTOR('',#4765,1.);
#4765 = DIRECTION('',(-1.,0.,0.));
#4766 = ORIENTED_EDGE('',*,*,#4767,.F.);
#4767 = EDGE_CURVE('',#4768,#4760,#4770,.T.);
#4768 = VERTEX_POINT('',#4769);
#4769 = CARTESIAN_POINT('',(38.2,42.4,-9.27));
#4770 = LINE('',#4771,#4772);
#4771 = CARTESIAN_POINT('',(38.2,42.4,-9.27));
#4772 = VECTOR('',#4773,1.);
#4773 = DIRECTION('',(0.,1.,0.));
#4774 = ORIENTED_EDGE('',*,*,#4775,.F.);
#4775 = EDGE_CURVE('',#4752,#4768,#4776,.T.);
#4776 = LINE('',#4777,#4778);
#4777 = CARTESIAN_POINT('',(24.82,42.4,-9.27));
#4778 = VECTOR('',#4779,1.);
#4779 = DIRECTION('',(1.,0.,0.));
#4780 = PLANE('',#4781);
#4781 = AXIS2_PLACEMENT_3D('',#4782,#4783,#4784);
#4782 = CARTESIAN_POINT('',(31.5,46.555848118596,-9.27));
#4783 = DIRECTION('',(0.,0.,1.));
#4784 = DIRECTION('',(1.,0.,0.));
#4785 = ADVANCED_FACE('',(#4786),#4805,.T.);
#4786 = FACE_BOUND('',#4787,.T.);
#4787 = EDGE_LOOP('',(#4788,#4796,#4797,#4798));
#4788 = ORIENTED_EDGE('',*,*,#4789,.T.);
#4789 = EDGE_CURVE('',#4790,#3127,#4792,.T.);
#4790 = VERTEX_POINT('',#4791);
#4791 = CARTESIAN_POINT('',(29.309109769979,58.3,-10.57));
#4792 = LINE('',#4793,#4794);
#4793 = CARTESIAN_POINT('',(37.713694553162,58.3,-10.57));
#4794 = VECTOR('',#4795,1.);
#4795 = DIRECTION('',(-1.,0.,0.));
#4796 = ORIENTED_EDGE('',*,*,#3126,.T.);
#4797 = ORIENTED_EDGE('',*,*,#4711,.T.);
#4798 = ORIENTED_EDGE('',*,*,#4799,.F.);
#4799 = EDGE_CURVE('',#4790,#4712,#4800,.T.);
#4800 = CIRCLE('',#4801,6.2);
#4801 = AXIS2_PLACEMENT_3D('',#4802,#4803,#4804);
#4802 = CARTESIAN_POINT('',(31.5,52.5,-10.57));
#4803 = DIRECTION('',(0.,0.,1.));
#4804 = DIRECTION('',(1.,0.,0.));
#4805 = PLANE('',#4806);
#4806 = AXIS2_PLACEMENT_3D('',#4807,#4808,#4809);
#4807 = CARTESIAN_POINT('',(31.5,52.5,-10.57));
#4808 = DIRECTION('',(0.,0.,1.));
#4809 = DIRECTION('',(1.,0.,0.));
#4810 = ADVANCED_FACE('',(#4811),#4829,.F.);
#4811 = FACE_BOUND('',#4812,.F.);
#4812 = EDGE_LOOP('',(#4813,#4814,#4815,#4821,#4822,#4823));
#4813 = ORIENTED_EDGE('',*,*,#3152,.T.);
#4814 = ORIENTED_EDGE('',*,*,#4663,.T.);
#4815 = ORIENTED_EDGE('',*,*,#4816,.T.);
#4816 = EDGE_CURVE('',#4664,#4790,#4817,.T.);
#4817 = LINE('',#4818,#4819);
#4818 = CARTESIAN_POINT('',(37.713694553162,58.3,-10.57));
#4819 = VECTOR('',#4820,1.);
#4820 = DIRECTION('',(-1.,0.,0.));
#4821 = ORIENTED_EDGE('',*,*,#4789,.T.);
#4822 = ORIENTED_EDGE('',*,*,#3135,.F.);
#4823 = ORIENTED_EDGE('',*,*,#4824,.F.);
#4824 = EDGE_CURVE('',#3144,#3136,#4825,.T.);
#4825 = LINE('',#4826,#4827);
#4826 = CARTESIAN_POINT('',(37.713694553162,58.3,-9.27));
#4827 = VECTOR('',#4828,1.);
#4828 = DIRECTION('',(-1.,0.,0.));
#4829 = PLANE('',#4830);
#4830 = AXIS2_PLACEMENT_3D('',#4831,#4832,#4833);
#4831 = CARTESIAN_POINT('',(37.713694553162,58.3,-9.27));
#4832 = DIRECTION('',(0.,1.,0.));
#4833 = DIRECTION('',(-1.,0.,0.));
#4834 = ADVANCED_FACE('',(#4835),#4839,.T.);
#4835 = FACE_BOUND('',#4836,.T.);
#4836 = EDGE_LOOP('',(#4837,#4838));
#4837 = ORIENTED_EDGE('',*,*,#4824,.F.);
#4838 = ORIENTED_EDGE('',*,*,#3143,.T.);
#4839 = PLANE('',#4840);
#4840 = AXIS2_PLACEMENT_3D('',#4841,#4842,#4843);
#4841 = CARTESIAN_POINT('',(31.5,46.555848118596,-9.27));
#4842 = DIRECTION('',(0.,0.,1.));
#4843 = DIRECTION('',(1.,0.,0.));
#4844 = ADVANCED_FACE('',(#4845),#4856,.F.);
#4845 = FACE_BOUND('',#4846,.F.);
#4846 = EDGE_LOOP('',(#4847,#4848,#4849,#4855));
#4847 = ORIENTED_EDGE('',*,*,#3169,.T.);
#4848 = ORIENTED_EDGE('',*,*,#4607,.T.);
#4849 = ORIENTED_EDGE('',*,*,#4850,.F.);
#4850 = EDGE_CURVE('',#4689,#4608,#4851,.T.);
#4851 = LINE('',#4852,#4853);
#4852 = CARTESIAN_POINT('',(38.646659876658,53.887677155286,-10.57));
#4853 = VECTOR('',#4854,1.);
#4854 = DIRECTION('',(-0.,-0.,-1.));
#4855 = ORIENTED_EDGE('',*,*,#4696,.F.);
#4856 = PLANE('',#4857);
#4857 = AXIS2_PLACEMENT_3D('',#4858,#4859,#4860);
#4858 = CARTESIAN_POINT('',(39.850236588295,54.088568197936,-10.57));
#4859 = DIRECTION('',(-0.164634146341,0.986354701848,0.));
#4860 = DIRECTION('',(-0.986354701848,-0.164634146341,0.));
#4861 = ADVANCED_FACE('',(#4862),#4887,.T.);
#4862 = FACE_BOUND('',#4863,.T.);
#4863 = EDGE_LOOP('',(#4864,#4872,#4880,#4886));
#4864 = ORIENTED_EDGE('',*,*,#4865,.T.);
#4865 = EDGE_CURVE('',#3251,#4866,#4868,.T.);
#4866 = VERTEX_POINT('',#4867);
#4867 = CARTESIAN_POINT('',(16.646659876658,53.887677155286,-13.57));
#4868 = LINE('',#4869,#4870);
#4869 = CARTESIAN_POINT('',(17.850236588295,54.088568197936,-13.57));
#4870 = VECTOR('',#4871,1.);
#4871 = DIRECTION('',(-0.986354701848,-0.164634146341,0.));
#4872 = ORIENTED_EDGE('',*,*,#4873,.T.);
#4873 = EDGE_CURVE('',#4866,#4874,#4876,.T.);
#4874 = VERTEX_POINT('',#4875);
#4875 = CARTESIAN_POINT('',(16.646659876658,51.112322844714,-13.57));
#4876 = LINE('',#4877,#4878);
#4877 = CARTESIAN_POINT('',(16.646659876658,53.887677155286,-13.57));
#4878 = VECTOR('',#4879,1.);
#4879 = DIRECTION('',(0.,-1.,0.));
#4880 = ORIENTED_EDGE('',*,*,#4881,.T.);
#4881 = EDGE_CURVE('',#4874,#3249,#4882,.T.);
#4882 = LINE('',#4883,#4884);
#4883 = CARTESIAN_POINT('',(16.646659876658,51.112322844714,-13.57));
#4884 = VECTOR('',#4885,1.);
#4885 = DIRECTION('',(0.986354701848,-0.164634146341,0.));
#4886 = ORIENTED_EDGE('',*,*,#3248,.T.);
#4887 = PLANE('',#4888);
#4888 = AXIS2_PLACEMENT_3D('',#4889,#4890,#4891);
#4889 = CARTESIAN_POINT('',(17.312088733951,52.5,-13.57));
#4890 = DIRECTION('',(0.,0.,1.));
#4891 = DIRECTION('',(1.,0.,0.));
#4892 = ADVANCED_FACE('',(#4893),#4911,.F.);
#4893 = FACE_BOUND('',#4894,.F.);
#4894 = EDGE_LOOP('',(#4895,#4903,#4904,#4905));
#4895 = ORIENTED_EDGE('',*,*,#4896,.T.);
#4896 = EDGE_CURVE('',#4897,#4874,#4899,.T.);
#4897 = VERTEX_POINT('',#4898);
#4898 = CARTESIAN_POINT('',(16.646659876658,51.112322844714,-10.57));
#4899 = LINE('',#4900,#4901);
#4900 = CARTESIAN_POINT('',(16.646659876658,51.112322844714,-10.57));
#4901 = VECTOR('',#4902,1.);
#4902 = DIRECTION('',(-0.,-0.,-1.));
#4903 = ORIENTED_EDGE('',*,*,#4881,.T.);
#4904 = ORIENTED_EDGE('',*,*,#3259,.F.);
#4905 = ORIENTED_EDGE('',*,*,#4906,.F.);
#4906 = EDGE_CURVE('',#4897,#3260,#4907,.T.);
#4907 = LINE('',#4908,#4909);
#4908 = CARTESIAN_POINT('',(16.646659876658,51.112322844714,-10.57));
#4909 = VECTOR('',#4910,1.);
#4910 = DIRECTION('',(0.986354701848,-0.164634146341,0.));
#4911 = PLANE('',#4912);
#4912 = AXIS2_PLACEMENT_3D('',#4913,#4914,#4915);
#4913 = CARTESIAN_POINT('',(16.646659876658,51.112322844714,-10.57));
#4914 = DIRECTION('',(-0.164634146341,-0.986354701848,0.));
#4915 = DIRECTION('',(0.986354701848,-0.164634146341,0.));
#4916 = ADVANCED_FACE('',(#4917),#4959,.T.);
#4917 = FACE_BOUND('',#4918,.T.);
#4918 = EDGE_LOOP('',(#4919,#4920,#4928,#4937,#4943,#4944,#4945,#4953));
#4919 = ORIENTED_EDGE('',*,*,#3359,.T.);
#4920 = ORIENTED_EDGE('',*,*,#4921,.T.);
#4921 = EDGE_CURVE('',#3352,#4922,#4924,.T.);
#4922 = VERTEX_POINT('',#4923);
#4923 = CARTESIAN_POINT('',(11.690890230021,58.3,-10.57));
#4924 = LINE('',#4925,#4926);
#4925 = CARTESIAN_POINT('',(15.713694553162,58.3,-10.57));
#4926 = VECTOR('',#4927,1.);
#4927 = DIRECTION('',(-1.,0.,0.));
#4928 = ORIENTED_EDGE('',*,*,#4929,.F.);
#4929 = EDGE_CURVE('',#4930,#4922,#4932,.T.);
#4930 = VERTEX_POINT('',#4931);
#4931 = CARTESIAN_POINT('',(11.690890230021,46.7,-10.57));
#4932 = CIRCLE('',#4933,6.2);
#4933 = AXIS2_PLACEMENT_3D('',#4934,#4935,#4936);
#4934 = CARTESIAN_POINT('',(9.5,52.5,-10.57));
#4935 = DIRECTION('',(0.,0.,1.));
#4936 = DIRECTION('',(1.,0.,0.));
#4937 = ORIENTED_EDGE('',*,*,#4938,.T.);
#4938 = EDGE_CURVE('',#4930,#3268,#4939,.T.);
#4939 = LINE('',#4940,#4941);
#4940 = CARTESIAN_POINT('',(3.286305446838,46.7,-10.57));
#4941 = VECTOR('',#4942,1.);
#4942 = DIRECTION('',(1.,0.,0.));
#4943 = ORIENTED_EDGE('',*,*,#3267,.T.);
#4944 = ORIENTED_EDGE('',*,*,#4906,.F.);
#4945 = ORIENTED_EDGE('',*,*,#4946,.F.);
#4946 = EDGE_CURVE('',#4947,#4897,#4949,.T.);
#4947 = VERTEX_POINT('',#4948);
#4948 = CARTESIAN_POINT('',(16.646659876658,53.887677155286,-10.57));
#4949 = LINE('',#4950,#4951);
#4950 = CARTESIAN_POINT('',(16.646659876658,53.887677155286,-10.57));
#4951 = VECTOR('',#4952,1.);
#4952 = DIRECTION('',(0.,-1.,0.));
#4953 = ORIENTED_EDGE('',*,*,#4954,.F.);
#4954 = EDGE_CURVE('',#3360,#4947,#4955,.T.);
#4955 = LINE('',#4956,#4957);
#4956 = CARTESIAN_POINT('',(17.850236588295,54.088568197936,-10.57));
#4957 = VECTOR('',#4958,1.);
#4958 = DIRECTION('',(-0.986354701848,-0.164634146341,0.));
#4959 = PLANE('',#4960);
#4960 = AXIS2_PLACEMENT_3D('',#4961,#4962,#4963);
#4961 = CARTESIAN_POINT('',(9.5,52.5,-10.57));
#4962 = DIRECTION('',(0.,0.,1.));
#4963 = DIRECTION('',(1.,0.,0.));
#4964 = ADVANCED_FACE('',(#4965),#4990,.F.);
#4965 = FACE_BOUND('',#4966,.F.);
#4966 = EDGE_LOOP('',(#4967,#4968,#4976,#4982,#4983,#4984));
#4967 = ORIENTED_EDGE('',*,*,#3317,.T.);
#4968 = ORIENTED_EDGE('',*,*,#4969,.T.);
#4969 = EDGE_CURVE('',#3318,#4970,#4972,.T.);
#4970 = VERTEX_POINT('',#4971);
#4971 = CARTESIAN_POINT('',(7.309109769979,46.7,-10.57));
#4972 = LINE('',#4973,#4974);
#4973 = CARTESIAN_POINT('',(3.286305446838,46.7,-10.57));
#4974 = VECTOR('',#4975,1.);
#4975 = DIRECTION('',(1.,0.,0.));
#4976 = ORIENTED_EDGE('',*,*,#4977,.T.);
#4977 = EDGE_CURVE('',#4970,#4930,#4978,.T.);
#4978 = LINE('',#4979,#4980);
#4979 = CARTESIAN_POINT('',(3.286305446838,46.7,-10.57));
#4980 = VECTOR('',#4981,1.);
#4981 = DIRECTION('',(1.,0.,0.));
#4982 = ORIENTED_EDGE('',*,*,#4938,.T.);
#4983 = ORIENTED_EDGE('',*,*,#3276,.F.);
#4984 = ORIENTED_EDGE('',*,*,#4985,.F.);
#4985 = EDGE_CURVE('',#3309,#3277,#4986,.T.);
#4986 = LINE('',#4987,#4988);
#4987 = CARTESIAN_POINT('',(3.286305446838,46.7,-9.27));
#4988 = VECTOR('',#4989,1.);
#4989 = DIRECTION('',(1.,0.,0.));
#4990 = PLANE('',#4991);
#4991 = AXIS2_PLACEMENT_3D('',#4992,#4993,#4994);
#4992 = CARTESIAN_POINT('',(3.286305446838,46.7,-9.27));
#4993 = DIRECTION('',(0.,-1.,0.));
#4994 = DIRECTION('',(1.,0.,0.));
#4995 = ADVANCED_FACE('',(#4996,#5004),#5038,.T.);
#4996 = FACE_BOUND('',#4997,.T.);
#4997 = EDGE_LOOP('',(#4998,#4999,#5000,#5001,#5002,#5003));
#4998 = ORIENTED_EDGE('',*,*,#3406,.T.);
#4999 = ORIENTED_EDGE('',*,*,#3284,.F.);
#5000 = ORIENTED_EDGE('',*,*,#4985,.F.);
#5001 = ORIENTED_EDGE('',*,*,#3308,.F.);
#5002 = ORIENTED_EDGE('',*,*,#3382,.T.);
#5003 = ORIENTED_EDGE('',*,*,#3430,.T.);
#5004 = FACE_BOUND('',#5005,.T.);
#5005 = EDGE_LOOP('',(#5006,#5016,#5024,#5032));
#5006 = ORIENTED_EDGE('',*,*,#5007,.F.);
#5007 = EDGE_CURVE('',#5008,#5010,#5012,.T.);
#5008 = VERTEX_POINT('',#5009);
#5009 = CARTESIAN_POINT('',(2.82,46.1,-9.27));
#5010 = VERTEX_POINT('',#5011);
#5011 = CARTESIAN_POINT('',(2.82,42.4,-9.27));
#5012 = LINE('',#5013,#5014);
#5013 = CARTESIAN_POINT('',(2.82,46.1,-9.27));
#5014 = VECTOR('',#5015,1.);
#5015 = DIRECTION('',(0.,-1.,0.));
#5016 = ORIENTED_EDGE('',*,*,#5017,.F.);
#5017 = EDGE_CURVE('',#5018,#5008,#5020,.T.);
#5018 = VERTEX_POINT('',#5019);
#5019 = CARTESIAN_POINT('',(16.2,46.1,-9.27));
#5020 = LINE('',#5021,#5022);
#5021 = CARTESIAN_POINT('',(16.2,46.1,-9.27));
#5022 = VECTOR('',#5023,1.);
#5023 = DIRECTION('',(-1.,0.,0.));
#5024 = ORIENTED_EDGE('',*,*,#5025,.F.);
#5025 = EDGE_CURVE('',#5026,#5018,#5028,.T.);
#5026 = VERTEX_POINT('',#5027);
#5027 = CARTESIAN_POINT('',(16.2,42.4,-9.27));
#5028 = LINE('',#5029,#5030);
#5029 = CARTESIAN_POINT('',(16.2,42.4,-9.27));
#5030 = VECTOR('',#5031,1.);
#5031 = DIRECTION('',(0.,1.,0.));
#5032 = ORIENTED_EDGE('',*,*,#5033,.F.);
#5033 = EDGE_CURVE('',#5010,#5026,#5034,.T.);
#5034 = LINE('',#5035,#5036);
#5035 = CARTESIAN_POINT('',(2.82,42.4,-9.27));
#5036 = VECTOR('',#5037,1.);
#5037 = DIRECTION('',(1.,0.,0.));
#5038 = PLANE('',#5039);
#5039 = AXIS2_PLACEMENT_3D('',#5040,#5041,#5042);
#5040 = CARTESIAN_POINT('',(9.5,46.555848118596,-9.27));
#5041 = DIRECTION('',(0.,0.,1.));
#5042 = DIRECTION('',(1.,0.,0.));
#5043 = ADVANCED_FACE('',(#5044),#5063,.T.);
#5044 = FACE_BOUND('',#5045,.T.);
#5045 = EDGE_LOOP('',(#5046,#5054,#5055,#5056));
#5046 = ORIENTED_EDGE('',*,*,#5047,.T.);
#5047 = EDGE_CURVE('',#5048,#3326,#5050,.T.);
#5048 = VERTEX_POINT('',#5049);
#5049 = CARTESIAN_POINT('',(7.309109769979,58.3,-10.57));
#5050 = LINE('',#5051,#5052);
#5051 = CARTESIAN_POINT('',(15.713694553162,58.3,-10.57));
#5052 = VECTOR('',#5053,1.);
#5053 = DIRECTION('',(-1.,0.,0.));
#5054 = ORIENTED_EDGE('',*,*,#3325,.T.);
#5055 = ORIENTED_EDGE('',*,*,#4969,.T.);
#5056 = ORIENTED_EDGE('',*,*,#5057,.F.);
#5057 = EDGE_CURVE('',#5048,#4970,#5058,.T.);
#5058 = CIRCLE('',#5059,6.2);
#5059 = AXIS2_PLACEMENT_3D('',#5060,#5061,#5062);
#5060 = CARTESIAN_POINT('',(9.5,52.5,-10.57));
#5061 = DIRECTION('',(0.,0.,1.));
#5062 = DIRECTION('',(1.,0.,0.));
#5063 = PLANE('',#5064);
#5064 = AXIS2_PLACEMENT_3D('',#5065,#5066,#5067);
#5065 = CARTESIAN_POINT('',(9.5,52.5,-10.57));
#5066 = DIRECTION('',(0.,0.,1.));
#5067 = DIRECTION('',(1.,0.,0.));
#5068 = ADVANCED_FACE('',(#5069),#5087,.F.);
#5069 = FACE_BOUND('',#5070,.F.);
#5070 = EDGE_LOOP('',(#5071,#5072,#5073,#5079,#5080,#5081));
#5071 = ORIENTED_EDGE('',*,*,#3351,.T.);
#5072 = ORIENTED_EDGE('',*,*,#4921,.T.);
#5073 = ORIENTED_EDGE('',*,*,#5074,.T.);
#5074 = EDGE_CURVE('',#4922,#5048,#5075,.T.);
#5075 = LINE('',#5076,#5077);
#5076 = CARTESIAN_POINT('',(15.713694553162,58.3,-10.57));
#5077 = VECTOR('',#5078,1.);
#5078 = DIRECTION('',(-1.,0.,0.));
#5079 = ORIENTED_EDGE('',*,*,#5047,.T.);
#5080 = ORIENTED_EDGE('',*,*,#3334,.F.);
#5081 = ORIENTED_EDGE('',*,*,#5082,.F.);
#5082 = EDGE_CURVE('',#3343,#3335,#5083,.T.);
#5083 = LINE('',#5084,#5085);
#5084 = CARTESIAN_POINT('',(15.713694553162,58.3,-9.27));
#5085 = VECTOR('',#5086,1.);
#5086 = DIRECTION('',(-1.,0.,0.));
#5087 = PLANE('',#5088);
#5088 = AXIS2_PLACEMENT_3D('',#5089,#5090,#5091);
#5089 = CARTESIAN_POINT('',(15.713694553162,58.3,-9.27));
#5090 = DIRECTION('',(0.,1.,0.));
#5091 = DIRECTION('',(-1.,0.,0.));
#5092 = ADVANCED_FACE('',(#5093),#5097,.T.);
#5093 = FACE_BOUND('',#5094,.T.);
#5094 = EDGE_LOOP('',(#5095,#5096));
#5095 = ORIENTED_EDGE('',*,*,#5082,.F.);
#5096 = ORIENTED_EDGE('',*,*,#3342,.T.);
#5097 = PLANE('',#5098);
#5098 = AXIS2_PLACEMENT_3D('',#5099,#5100,#5101);
#5099 = CARTESIAN_POINT('',(9.5,46.555848118596,-9.27));
#5100 = DIRECTION('',(0.,0.,1.));
#5101 = DIRECTION('',(1.,0.,0.));
#5102 = ADVANCED_FACE('',(#5103),#5114,.F.);
#5103 = FACE_BOUND('',#5104,.F.);
#5104 = EDGE_LOOP('',(#5105,#5106,#5107,#5113));
#5105 = ORIENTED_EDGE('',*,*,#3368,.T.);
#5106 = ORIENTED_EDGE('',*,*,#4865,.T.);
#5107 = ORIENTED_EDGE('',*,*,#5108,.F.);
#5108 = EDGE_CURVE('',#4947,#4866,#5109,.T.);
#5109 = LINE('',#5110,#5111);
#5110 = CARTESIAN_POINT('',(16.646659876658,53.887677155286,-10.57));
#5111 = VECTOR('',#5112,1.);
#5112 = DIRECTION('',(-0.,-0.,-1.));
#5113 = ORIENTED_EDGE('',*,*,#4954,.F.);
#5114 = PLANE('',#5115);
#5115 = AXIS2_PLACEMENT_3D('',#5116,#5117,#5118);
#5116 = CARTESIAN_POINT('',(17.850236588295,54.088568197936,-10.57));
#5117 = DIRECTION('',(-0.164634146341,0.986354701848,0.));
#5118 = DIRECTION('',(-0.986354701848,-0.164634146341,0.));
#5119 = ADVANCED_FACE('',(#5120),#5134,.T.);
#5120 = FACE_BOUND('',#5121,.T.);
#5121 = EDGE_LOOP('',(#5122,#5123,#5128,#5129));
#5122 = ORIENTED_EDGE('',*,*,#5057,.T.);
#5123 = ORIENTED_EDGE('',*,*,#5124,.T.);
#5124 = EDGE_CURVE('',#4970,#3450,#5125,.T.);
#5125 = B_SPLINE_CURVE_WITH_KNOTS('',1,(#5126,#5127),.UNSPECIFIED.,.F.,
  .F.,(2,2),(0.,1.),.PIECEWISE_BEZIER_KNOTS.);
#5126 = CARTESIAN_POINT('',(7.309109769979,46.7,-10.57));
#5127 = CARTESIAN_POINT('',(7.304969521821,46.67730149983,-11.22));
#5128 = ORIENTED_EDGE('',*,*,#3447,.F.);
#5129 = ORIENTED_EDGE('',*,*,#5130,.F.);
#5130 = EDGE_CURVE('',#5048,#3448,#5131,.T.);
#5131 = B_SPLINE_CURVE_WITH_KNOTS('',1,(#5132,#5133),.UNSPECIFIED.,.F.,
  .F.,(2,2),(0.,1.),.PIECEWISE_BEZIER_KNOTS.);
#5132 = CARTESIAN_POINT('',(7.309109769979,58.3,-10.57));
#5133 = CARTESIAN_POINT('',(7.304969521821,58.32269850017,-11.22));
#5134 = B_SPLINE_SURFACE_WITH_KNOTS('',9,1,(
    (#5135,#5136)
    ,(#5137,#5138)
    ,(#5139,#5140)
    ,(#5141,#5142)
    ,(#5143,#5144)
    ,(#5145,#5146)
    ,(#5147,#5148)
    ,(#5149,#5150)
    ,(#5151,#5152)
    ,(#5153,#5154
    )),.UNSPECIFIED.,.F.,.F.,.F.,(10,10),(2,2),(1.931300192248,
    4.351885114932),(0.,1.),.PIECEWISE_BEZIER_KNOTS.);
#5135 = CARTESIAN_POINT('',(7.309109769979,58.3,-10.57));
#5136 = CARTESIAN_POINT('',(7.304969521821,58.32269850017,-11.22));
#5137 = CARTESIAN_POINT('',(5.750036389802,57.711076097152,-10.57));
#5138 = CARTESIAN_POINT('',(5.738932166393,57.73233653569,-11.22));
#5139 = CARTESIAN_POINT('',(4.369055716341,56.65067844346,-10.57));
#5140 = CARTESIAN_POINT('',(4.351520759659,56.668133904849,-11.22));
#5141 = CARTESIAN_POINT('',(3.329127100592,55.180356386227,-10.57));
#5142 = CARTESIAN_POINT('',(3.306603050586,55.191858258149,-11.22));
#5143 = CARTESIAN_POINT('',(2.768316581495,53.427369030497,
    -10.56999999999));
#5144 = CARTESIAN_POINT('',(2.743051033375,53.431389717645,-11.22));
#5145 = CARTESIAN_POINT('',(2.768316581494,51.572630969502,-10.57));
#5146 = CARTESIAN_POINT('',(2.743051033376,51.568610282355,
    -11.21999999999));
#5147 = CARTESIAN_POINT('',(3.329127100592,49.819643613775,-10.57));
#5148 = CARTESIAN_POINT('',(3.306603050586,49.808141741851,-11.22));
#5149 = CARTESIAN_POINT('',(4.369055716341,48.349321556539,-10.57));
#5150 = CARTESIAN_POINT('',(4.35152075966,48.33186609515,-11.22));
#5151 = CARTESIAN_POINT('',(5.750036389802,47.288923902848,-10.57));
#5152 = CARTESIAN_POINT('',(5.738932166393,47.26766346431,-11.22));
#5153 = CARTESIAN_POINT('',(7.309109769979,46.7,-10.57));
#5154 = CARTESIAN_POINT('',(7.304969521821,46.67730149983,-11.22));
#5155 = ADVANCED_FACE('',(#5156),#5166,.T.);
#5156 = FACE_BOUND('',#5157,.T.);
#5157 = EDGE_LOOP('',(#5158,#5159,#5160,#5161));
#5158 = ORIENTED_EDGE('',*,*,#5074,.T.);
#5159 = ORIENTED_EDGE('',*,*,#5130,.T.);
#5160 = ORIENTED_EDGE('',*,*,#3475,.T.);
#5161 = ORIENTED_EDGE('',*,*,#5162,.F.);
#5162 = EDGE_CURVE('',#4922,#3467,#5163,.T.);
#5163 = B_SPLINE_CURVE_WITH_KNOTS('',1,(#5164,#5165),.UNSPECIFIED.,.F.,
  .F.,(2,2),(0.,1.),.PIECEWISE_BEZIER_KNOTS.);
#5164 = CARTESIAN_POINT('',(11.690890230021,58.3,-10.57));
#5165 = CARTESIAN_POINT('',(11.695030478179,58.32269850017,-11.22));
#5166 = B_SPLINE_SURFACE_WITH_KNOTS('',1,1,(
    (#5167,#5168)
    ,(#5169,#5170
    )),.UNSPECIFIED.,.F.,.F.,.F.,(2,2),(2,2),(-4.3859207082,
    4.14024815854E-03),(0.,1.),.PIECEWISE_BEZIER_KNOTS.);
#5167 = CARTESIAN_POINT('',(11.690890230021,58.3,-10.57));
#5168 = CARTESIAN_POINT('',(11.695030478179,58.32269850017,-11.22));
#5169 = CARTESIAN_POINT('',(7.309109769979,58.3,-10.57));
#5170 = CARTESIAN_POINT('',(7.304969521821,58.32269850017,-11.22));
#5171 = ADVANCED_FACE('',(#5172),#5182,.T.);
#5172 = FACE_BOUND('',#5173,.T.);
#5173 = EDGE_LOOP('',(#5174,#5175,#5180,#5181));
#5174 = ORIENTED_EDGE('',*,*,#4977,.T.);
#5175 = ORIENTED_EDGE('',*,*,#5176,.T.);
#5176 = EDGE_CURVE('',#4930,#3459,#5177,.T.);
#5177 = B_SPLINE_CURVE_WITH_KNOTS('',1,(#5178,#5179),.UNSPECIFIED.,.F.,
  .F.,(2,2),(0.,1.),.PIECEWISE_BEZIER_KNOTS.);
#5178 = CARTESIAN_POINT('',(11.690890230021,46.7,-10.57));
#5179 = CARTESIAN_POINT('',(11.695030478179,46.67730149983,-11.22));
#5180 = ORIENTED_EDGE('',*,*,#3458,.F.);
#5181 = ORIENTED_EDGE('',*,*,#5124,.F.);
#5182 = B_SPLINE_SURFACE_WITH_KNOTS('',1,1,(
    (#5183,#5184)
    ,(#5185,#5186
    )),.UNSPECIFIED.,.F.,.F.,.F.,(2,2),(2,2),(-4.140248158546E-03,
    4.3859207082),(0.,1.),.PIECEWISE_BEZIER_KNOTS.);
#5183 = CARTESIAN_POINT('',(7.309109769979,46.7,-10.57));
#5184 = CARTESIAN_POINT('',(7.304969521821,46.67730149983,-11.22));
#5185 = CARTESIAN_POINT('',(11.690890230021,46.7,-10.57));
#5186 = CARTESIAN_POINT('',(11.695030478179,46.67730149983,-11.22));
#5187 = ADVANCED_FACE('',(#5188),#5194,.T.);
#5188 = FACE_BOUND('',#5189,.T.);
#5189 = EDGE_LOOP('',(#5190,#5191,#5192,#5193));
#5190 = ORIENTED_EDGE('',*,*,#4929,.T.);
#5191 = ORIENTED_EDGE('',*,*,#5162,.T.);
#5192 = ORIENTED_EDGE('',*,*,#3466,.F.);
#5193 = ORIENTED_EDGE('',*,*,#5176,.F.);
#5194 = B_SPLINE_SURFACE_WITH_KNOTS('',9,1,(
    (#5195,#5196)
    ,(#5197,#5198)
    ,(#5199,#5200)
    ,(#5201,#5202)
    ,(#5203,#5204)
    ,(#5205,#5206)
    ,(#5207,#5208)
    ,(#5209,#5210)
    ,(#5211,#5212)
    ,(#5213,#5214
    )),.UNSPECIFIED.,.F.,.F.,.F.,(10,10),(2,2),(5.072892845838,
    7.493477768522),(0.,1.),.PIECEWISE_BEZIER_KNOTS.);
#5195 = CARTESIAN_POINT('',(11.690890230021,46.7,-10.57));
#5196 = CARTESIAN_POINT('',(11.695030478179,46.67730149983,-11.22));
#5197 = CARTESIAN_POINT('',(13.249963610198,47.288923902847,-10.57));
#5198 = CARTESIAN_POINT('',(13.261067833606,47.267663464309,-11.22));
#5199 = CARTESIAN_POINT('',(14.630944283659,48.349321556541,-10.57));
#5200 = CARTESIAN_POINT('',(14.648479240342,48.331866095152,-11.22));
#5201 = CARTESIAN_POINT('',(15.670872899409,49.819643613771,-10.57));
#5202 = CARTESIAN_POINT('',(15.693396949411,49.808141741847,
    -11.21999999999));
#5203 = CARTESIAN_POINT('',(16.231683418504,51.572630969508,-10.57));
#5204 = CARTESIAN_POINT('',(16.256948966629,51.568610282363,-11.22));
#5205 = CARTESIAN_POINT('',(16.231683418507,53.42736903049,-10.57));
#5206 = CARTESIAN_POINT('',(16.256948966621,53.431389717637,
    -11.21999999999));
#5207 = CARTESIAN_POINT('',(15.670872899407,55.180356386232,-10.57));
#5208 = CARTESIAN_POINT('',(15.693396949417,55.191858258154,-11.22));
#5209 = CARTESIAN_POINT('',(14.630944283659,56.650678443457,-10.57));
#5210 = CARTESIAN_POINT('',(14.648479240339,56.668133904847,-11.22));
#5211 = CARTESIAN_POINT('',(13.249963610198,57.711076097153,-10.57));
#5212 = CARTESIAN_POINT('',(13.261067833607,57.732336535691,-11.22));
#5213 = CARTESIAN_POINT('',(11.690890230021,58.3,-10.57));
#5214 = CARTESIAN_POINT('',(11.695030478179,58.32269850017,-11.22));
#5215 = ADVANCED_FACE('',(#5216),#5230,.T.);
#5216 = FACE_BOUND('',#5217,.T.);
#5217 = EDGE_LOOP('',(#5218,#5219,#5224,#5225));
#5218 = ORIENTED_EDGE('',*,*,#4799,.T.);
#5219 = ORIENTED_EDGE('',*,*,#5220,.T.);
#5220 = EDGE_CURVE('',#4712,#3495,#5221,.T.);
#5221 = B_SPLINE_CURVE_WITH_KNOTS('',1,(#5222,#5223),.UNSPECIFIED.,.F.,
  .F.,(2,2),(0.,1.),.PIECEWISE_BEZIER_KNOTS.);
#5222 = CARTESIAN_POINT('',(29.309109769979,46.7,-10.57));
#5223 = CARTESIAN_POINT('',(29.304969521821,46.67730149983,-11.22));
#5224 = ORIENTED_EDGE('',*,*,#3492,.F.);
#5225 = ORIENTED_EDGE('',*,*,#5226,.F.);
#5226 = EDGE_CURVE('',#4790,#3493,#5227,.T.);
#5227 = B_SPLINE_CURVE_WITH_KNOTS('',1,(#5228,#5229),.UNSPECIFIED.,.F.,
  .F.,(2,2),(0.,1.),.PIECEWISE_BEZIER_KNOTS.);
#5228 = CARTESIAN_POINT('',(29.309109769979,58.3,-10.57));
#5229 = CARTESIAN_POINT('',(29.304969521821,58.32269850017,-11.22));
#5230 = B_SPLINE_SURFACE_WITH_KNOTS('',9,1,(
    (#5231,#5232)
    ,(#5233,#5234)
    ,(#5235,#5236)
    ,(#5237,#5238)
    ,(#5239,#5240)
    ,(#5241,#5242)
    ,(#5243,#5244)
    ,(#5245,#5246)
    ,(#5247,#5248)
    ,(#5249,#5250
    )),.UNSPECIFIED.,.F.,.F.,.F.,(10,10),(2,2),(1.931300192248,
    4.351885114932),(0.,1.),.PIECEWISE_BEZIER_KNOTS.);
#5231 = CARTESIAN_POINT('',(29.309109769979,58.3,-10.57));
#5232 = CARTESIAN_POINT('',(29.304969521821,58.32269850017,-11.22));
#5233 = CARTESIAN_POINT('',(27.750036389802,57.711076097152,-10.57));
#5234 = CARTESIAN_POINT('',(27.738932166393,57.73233653569,-11.22));
#5235 = CARTESIAN_POINT('',(26.369055716341,56.65067844346,-10.57));
#5236 = CARTESIAN_POINT('',(26.351520759659,56.668133904849,-11.22));
#5237 = CARTESIAN_POINT('',(25.329127100592,55.180356386227,-10.57));
#5238 = CARTESIAN_POINT('',(25.306603050586,55.191858258149,-11.22));
#5239 = CARTESIAN_POINT('',(24.768316581495,53.427369030497,
    -10.56999999999));
#5240 = CARTESIAN_POINT('',(24.743051033375,53.431389717645,-11.22));
#5241 = CARTESIAN_POINT('',(24.768316581494,51.572630969502,-10.57));
#5242 = CARTESIAN_POINT('',(24.743051033376,51.568610282355,
    -11.21999999999));
#5243 = CARTESIAN_POINT('',(25.329127100592,49.819643613775,-10.57));
#5244 = CARTESIAN_POINT('',(25.306603050586,49.808141741851,-11.22));
#5245 = CARTESIAN_POINT('',(26.369055716341,48.349321556539,-10.57));
#5246 = CARTESIAN_POINT('',(26.35152075966,48.33186609515,-11.22));
#5247 = CARTESIAN_POINT('',(27.750036389802,47.288923902848,-10.57));
#5248 = CARTESIAN_POINT('',(27.738932166393,47.26766346431,-11.22));
#5249 = CARTESIAN_POINT('',(29.309109769979,46.7,-10.57));
#5250 = CARTESIAN_POINT('',(29.304969521821,46.67730149983,-11.22));
#5251 = ADVANCED_FACE('',(#5252),#5262,.T.);
#5252 = FACE_BOUND('',#5253,.T.);
#5253 = EDGE_LOOP('',(#5254,#5255,#5256,#5257));
#5254 = ORIENTED_EDGE('',*,*,#4816,.T.);
#5255 = ORIENTED_EDGE('',*,*,#5226,.T.);
#5256 = ORIENTED_EDGE('',*,*,#3520,.T.);
#5257 = ORIENTED_EDGE('',*,*,#5258,.F.);
#5258 = EDGE_CURVE('',#4664,#3512,#5259,.T.);
#5259 = B_SPLINE_CURVE_WITH_KNOTS('',1,(#5260,#5261),.UNSPECIFIED.,.F.,
  .F.,(2,2),(0.,1.),.PIECEWISE_BEZIER_KNOTS.);
#5260 = CARTESIAN_POINT('',(33.690890230021,58.3,-10.57));
#5261 = CARTESIAN_POINT('',(33.695030478179,58.32269850017,-11.22));
#5262 = B_SPLINE_SURFACE_WITH_KNOTS('',1,1,(
    (#5263,#5264)
    ,(#5265,#5266
    )),.UNSPECIFIED.,.F.,.F.,.F.,(2,2),(2,2),(-4.3859207082,
    4.14024815854E-03),(0.,1.),.PIECEWISE_BEZIER_KNOTS.);
#5263 = CARTESIAN_POINT('',(33.690890230021,58.3,-10.57));
#5264 = CARTESIAN_POINT('',(33.695030478179,58.32269850017,-11.22));
#5265 = CARTESIAN_POINT('',(29.309109769979,58.3,-10.57));
#5266 = CARTESIAN_POINT('',(29.304969521821,58.32269850017,-11.22));
#5267 = ADVANCED_FACE('',(#5268),#5278,.T.);
#5268 = FACE_BOUND('',#5269,.T.);
#5269 = EDGE_LOOP('',(#5270,#5271,#5276,#5277));
#5270 = ORIENTED_EDGE('',*,*,#4719,.T.);
#5271 = ORIENTED_EDGE('',*,*,#5272,.T.);
#5272 = EDGE_CURVE('',#4672,#3504,#5273,.T.);
#5273 = B_SPLINE_CURVE_WITH_KNOTS('',1,(#5274,#5275),.UNSPECIFIED.,.F.,
  .F.,(2,2),(0.,1.),.PIECEWISE_BEZIER_KNOTS.);
#5274 = CARTESIAN_POINT('',(33.690890230021,46.7,-10.57));
#5275 = CARTESIAN_POINT('',(33.695030478179,46.67730149983,-11.22));
#5276 = ORIENTED_EDGE('',*,*,#3503,.F.);
#5277 = ORIENTED_EDGE('',*,*,#5220,.F.);
#5278 = B_SPLINE_SURFACE_WITH_KNOTS('',1,1,(
    (#5279,#5280)
    ,(#5281,#5282
    )),.UNSPECIFIED.,.F.,.F.,.F.,(2,2),(2,2),(-4.140248158546E-03,
    4.3859207082),(0.,1.),.PIECEWISE_BEZIER_KNOTS.);
#5279 = CARTESIAN_POINT('',(29.309109769979,46.7,-10.57));
#5280 = CARTESIAN_POINT('',(29.304969521821,46.67730149983,-11.22));
#5281 = CARTESIAN_POINT('',(33.690890230021,46.7,-10.57));
#5282 = CARTESIAN_POINT('',(33.695030478179,46.67730149983,-11.22));
#5283 = ADVANCED_FACE('',(#5284),#5290,.T.);
#5284 = FACE_BOUND('',#5285,.T.);
#5285 = EDGE_LOOP('',(#5286,#5287,#5288,#5289));
#5286 = ORIENTED_EDGE('',*,*,#4671,.T.);
#5287 = ORIENTED_EDGE('',*,*,#5258,.T.);
#5288 = ORIENTED_EDGE('',*,*,#3511,.F.);
#5289 = ORIENTED_EDGE('',*,*,#5272,.F.);
#5290 = B_SPLINE_SURFACE_WITH_KNOTS('',9,1,(
    (#5291,#5292)
    ,(#5293,#5294)
    ,(#5295,#5296)
    ,(#5297,#5298)
    ,(#5299,#5300)
    ,(#5301,#5302)
    ,(#5303,#5304)
    ,(#5305,#5306)
    ,(#5307,#5308)
    ,(#5309,#5310
    )),.UNSPECIFIED.,.F.,.F.,.F.,(10,10),(2,2),(5.072892845838,
    7.493477768522),(0.,1.),.PIECEWISE_BEZIER_KNOTS.);
#5291 = CARTESIAN_POINT('',(33.690890230021,46.7,-10.57));
#5292 = CARTESIAN_POINT('',(33.695030478179,46.67730149983,-11.22));
#5293 = CARTESIAN_POINT('',(35.249963610198,47.288923902847,-10.57));
#5294 = CARTESIAN_POINT('',(35.261067833606,47.267663464309,-11.22));
#5295 = CARTESIAN_POINT('',(36.630944283659,48.349321556541,-10.57));
#5296 = CARTESIAN_POINT('',(36.648479240342,48.331866095152,-11.22));
#5297 = CARTESIAN_POINT('',(37.670872899409,49.819643613771,-10.57));
#5298 = CARTESIAN_POINT('',(37.693396949411,49.808141741847,
    -11.21999999999));
#5299 = CARTESIAN_POINT('',(38.231683418504,51.572630969508,-10.57));
#5300 = CARTESIAN_POINT('',(38.256948966629,51.568610282363,-11.22));
#5301 = CARTESIAN_POINT('',(38.231683418507,53.42736903049,-10.57));
#5302 = CARTESIAN_POINT('',(38.256948966621,53.431389717637,
    -11.21999999999));
#5303 = CARTESIAN_POINT('',(37.670872899407,55.180356386232,-10.57));
#5304 = CARTESIAN_POINT('',(37.693396949417,55.191858258154,-11.22));
#5305 = CARTESIAN_POINT('',(36.630944283659,56.650678443457,-10.57));
#5306 = CARTESIAN_POINT('',(36.648479240339,56.668133904847,-11.22));
#5307 = CARTESIAN_POINT('',(35.249963610198,57.711076097153,-10.57));
#5308 = CARTESIAN_POINT('',(35.261067833607,57.732336535691,-11.22));
#5309 = CARTESIAN_POINT('',(33.690890230021,58.3,-10.57));
#5310 = CARTESIAN_POINT('',(33.695030478179,58.32269850017,-11.22));
#5311 = ADVANCED_FACE('',(#5312),#5326,.T.);
#5312 = FACE_BOUND('',#5313,.T.);
#5313 = EDGE_LOOP('',(#5314,#5315,#5320,#5321));
#5314 = ORIENTED_EDGE('',*,*,#4521,.T.);
#5315 = ORIENTED_EDGE('',*,*,#5316,.T.);
#5316 = EDGE_CURVE('',#4434,#3540,#5317,.T.);
#5317 = B_SPLINE_CURVE_WITH_KNOTS('',1,(#5318,#5319),.UNSPECIFIED.,.F.,
  .F.,(2,2),(0.,1.),.PIECEWISE_BEZIER_KNOTS.);
#5318 = CARTESIAN_POINT('',(51.309109769979,46.7,-10.57));
#5319 = CARTESIAN_POINT('',(51.304969521821,46.67730149983,-11.22));
#5320 = ORIENTED_EDGE('',*,*,#3537,.F.);
#5321 = ORIENTED_EDGE('',*,*,#5322,.F.);
#5322 = EDGE_CURVE('',#4512,#3538,#5323,.T.);
#5323 = B_SPLINE_CURVE_WITH_KNOTS('',1,(#5324,#5325),.UNSPECIFIED.,.F.,
  .F.,(2,2),(0.,1.),.PIECEWISE_BEZIER_KNOTS.);
#5324 = CARTESIAN_POINT('',(51.309109769979,58.3,-10.57));
#5325 = CARTESIAN_POINT('',(51.304969521821,58.32269850017,-11.22));
#5326 = B_SPLINE_SURFACE_WITH_KNOTS('',9,1,(
    (#5327,#5328)
    ,(#5329,#5330)
    ,(#5331,#5332)
    ,(#5333,#5334)
    ,(#5335,#5336)
    ,(#5337,#5338)
    ,(#5339,#5340)
    ,(#5341,#5342)
    ,(#5343,#5344)
    ,(#5345,#5346
    )),.UNSPECIFIED.,.F.,.F.,.F.,(10,10),(2,2),(1.931300192248,
    4.351885114932),(0.,1.),.PIECEWISE_BEZIER_KNOTS.);
#5327 = CARTESIAN_POINT('',(51.309109769979,58.3,-10.57));
#5328 = CARTESIAN_POINT('',(51.304969521821,58.32269850017,-11.22));
#5329 = CARTESIAN_POINT('',(49.750036389802,57.711076097152,-10.57));
#5330 = CARTESIAN_POINT('',(49.738932166393,57.73233653569,-11.22));
#5331 = CARTESIAN_POINT('',(48.369055716341,56.65067844346,-10.57));
#5332 = CARTESIAN_POINT('',(48.351520759659,56.668133904849,-11.22));
#5333 = CARTESIAN_POINT('',(47.329127100592,55.180356386227,-10.57));
#5334 = CARTESIAN_POINT('',(47.306603050586,55.191858258149,-11.22));
#5335 = CARTESIAN_POINT('',(46.768316581495,53.427369030497,
    -10.56999999999));
#5336 = CARTESIAN_POINT('',(46.743051033375,53.431389717645,-11.22));
#5337 = CARTESIAN_POINT('',(46.768316581494,51.572630969502,-10.57));
#5338 = CARTESIAN_POINT('',(46.743051033376,51.568610282355,
    -11.21999999999));
#5339 = CARTESIAN_POINT('',(47.329127100592,49.819643613775,-10.57));
#5340 = CARTESIAN_POINT('',(47.306603050586,49.808141741851,-11.22));
#5341 = CARTESIAN_POINT('',(48.369055716341,48.349321556539,-10.57));
#5342 = CARTESIAN_POINT('',(48.35152075966,48.33186609515,-11.22));
#5343 = CARTESIAN_POINT('',(49.750036389802,47.288923902848,-10.57));
#5344 = CARTESIAN_POINT('',(49.738932166393,47.26766346431,-11.22));
#5345 = CARTESIAN_POINT('',(51.309109769979,46.7,-10.57));
#5346 = CARTESIAN_POINT('',(51.304969521821,46.67730149983,-11.22));
#5347 = ADVANCED_FACE('',(#5348),#5358,.T.);
#5348 = FACE_BOUND('',#5349,.T.);
#5349 = EDGE_LOOP('',(#5350,#5351,#5352,#5353));
#5350 = ORIENTED_EDGE('',*,*,#4538,.T.);
#5351 = ORIENTED_EDGE('',*,*,#5322,.T.);
#5352 = ORIENTED_EDGE('',*,*,#3565,.T.);
#5353 = ORIENTED_EDGE('',*,*,#5354,.F.);
#5354 = EDGE_CURVE('',#4386,#3557,#5355,.T.);
#5355 = B_SPLINE_CURVE_WITH_KNOTS('',1,(#5356,#5357),.UNSPECIFIED.,.F.,
  .F.,(2,2),(0.,1.),.PIECEWISE_BEZIER_KNOTS.);
#5356 = CARTESIAN_POINT('',(55.690890230021,58.3,-10.57));
#5357 = CARTESIAN_POINT('',(55.695030478179,58.32269850017,-11.22));
#5358 = B_SPLINE_SURFACE_WITH_KNOTS('',1,1,(
    (#5359,#5360)
    ,(#5361,#5362
    )),.UNSPECIFIED.,.F.,.F.,.F.,(2,2),(2,2),(-4.3859207082,
    4.14024815854E-03),(0.,1.),.PIECEWISE_BEZIER_KNOTS.);
#5359 = CARTESIAN_POINT('',(55.690890230021,58.3,-10.57));
#5360 = CARTESIAN_POINT('',(55.695030478179,58.32269850017,-11.22));
#5361 = CARTESIAN_POINT('',(51.309109769979,58.3,-10.57));
#5362 = CARTESIAN_POINT('',(51.304969521821,58.32269850017,-11.22));
#5363 = ADVANCED_FACE('',(#5364),#5374,.T.);
#5364 = FACE_BOUND('',#5365,.T.);
#5365 = EDGE_LOOP('',(#5366,#5367,#5372,#5373));
#5366 = ORIENTED_EDGE('',*,*,#4441,.T.);
#5367 = ORIENTED_EDGE('',*,*,#5368,.T.);
#5368 = EDGE_CURVE('',#4394,#3549,#5369,.T.);
#5369 = B_SPLINE_CURVE_WITH_KNOTS('',1,(#5370,#5371),.UNSPECIFIED.,.F.,
  .F.,(2,2),(0.,1.),.PIECEWISE_BEZIER_KNOTS.);
#5370 = CARTESIAN_POINT('',(55.690890230021,46.7,-10.57));
#5371 = CARTESIAN_POINT('',(55.695030478179,46.67730149983,-11.22));
#5372 = ORIENTED_EDGE('',*,*,#3548,.F.);
#5373 = ORIENTED_EDGE('',*,*,#5316,.F.);
#5374 = B_SPLINE_SURFACE_WITH_KNOTS('',1,1,(
    (#5375,#5376)
    ,(#5377,#5378
    )),.UNSPECIFIED.,.F.,.F.,.F.,(2,2),(2,2),(-4.140248158546E-03,
    4.3859207082),(0.,1.),.PIECEWISE_BEZIER_KNOTS.);
#5375 = CARTESIAN_POINT('',(51.309109769979,46.7,-10.57));
#5376 = CARTESIAN_POINT('',(51.304969521821,46.67730149983,-11.22));
#5377 = CARTESIAN_POINT('',(55.690890230021,46.7,-10.57));
#5378 = CARTESIAN_POINT('',(55.695030478179,46.67730149983,-11.22));
#5379 = ADVANCED_FACE('',(#5380),#5386,.T.);
#5380 = FACE_BOUND('',#5381,.T.);
#5381 = EDGE_LOOP('',(#5382,#5383,#5384,#5385));
#5382 = ORIENTED_EDGE('',*,*,#4393,.T.);
#5383 = ORIENTED_EDGE('',*,*,#5354,.T.);
#5384 = ORIENTED_EDGE('',*,*,#3556,.F.);
#5385 = ORIENTED_EDGE('',*,*,#5368,.F.);
#5386 = B_SPLINE_SURFACE_WITH_KNOTS('',9,1,(
    (#5387,#5388)
    ,(#5389,#5390)
    ,(#5391,#5392)
    ,(#5393,#5394)
    ,(#5395,#5396)
    ,(#5397,#5398)
    ,(#5399,#5400)
    ,(#5401,#5402)
    ,(#5403,#5404)
    ,(#5405,#5406
    )),.UNSPECIFIED.,.F.,.F.,.F.,(10,10),(2,2),(5.072892845838,
    7.493477768522),(0.,1.),.PIECEWISE_BEZIER_KNOTS.);
#5387 = CARTESIAN_POINT('',(55.690890230021,46.7,-10.57));
#5388 = CARTESIAN_POINT('',(55.695030478179,46.67730149983,-11.22));
#5389 = CARTESIAN_POINT('',(57.249963610198,47.288923902847,-10.57));
#5390 = CARTESIAN_POINT('',(57.261067833606,47.267663464309,-11.22));
#5391 = CARTESIAN_POINT('',(58.630944283659,48.349321556541,-10.57));
#5392 = CARTESIAN_POINT('',(58.648479240342,48.331866095152,-11.22));
#5393 = CARTESIAN_POINT('',(59.670872899409,49.819643613771,-10.57));
#5394 = CARTESIAN_POINT('',(59.693396949411,49.808141741847,
    -11.21999999999));
#5395 = CARTESIAN_POINT('',(60.231683418504,51.572630969508,-10.57));
#5396 = CARTESIAN_POINT('',(60.256948966629,51.568610282363,-11.22));
#5397 = CARTESIAN_POINT('',(60.231683418507,53.42736903049,-10.57));
#5398 = CARTESIAN_POINT('',(60.256948966621,53.431389717637,
    -11.21999999999));
#5399 = CARTESIAN_POINT('',(59.670872899407,55.180356386232,-10.57));
#5400 = CARTESIAN_POINT('',(59.693396949417,55.191858258154,-11.22));
#5401 = CARTESIAN_POINT('',(58.630944283659,56.650678443457,-10.57));
#5402 = CARTESIAN_POINT('',(58.648479240339,56.668133904847,-11.22));
#5403 = CARTESIAN_POINT('',(57.249963610198,57.711076097153,-10.57));
#5404 = CARTESIAN_POINT('',(57.261067833607,57.732336535691,-11.22));
#5405 = CARTESIAN_POINT('',(55.690890230021,58.3,-10.57));
#5406 = CARTESIAN_POINT('',(55.695030478179,58.32269850017,-11.22));
#5407 = ADVANCED_FACE('',(#5408),#5414,.T.);
#5408 = FACE_BOUND('',#5409,.T.);
#5409 = EDGE_LOOP('',(#5410,#5411,#5412,#5413));
#5410 = ORIENTED_EDGE('',*,*,#3725,.T.);
#5411 = ORIENTED_EDGE('',*,*,#3773,.T.);
#5412 = ORIENTED_EDGE('',*,*,#3797,.T.);
#5413 = ORIENTED_EDGE('',*,*,#3756,.T.);
#5414 = PLANE('',#5415);
#5415 = AXIS2_PLACEMENT_3D('',#5416,#5417,#5418);
#5416 = CARTESIAN_POINT('',(53.51,70.25,-11.27));
#5417 = DIRECTION('',(0.,0.,1.));
#5418 = DIRECTION('',(1.,0.,0.));
#5419 = ADVANCED_FACE('',(#5420),#5426,.T.);
#5420 = FACE_BOUND('',#5421,.T.);
#5421 = EDGE_LOOP('',(#5422,#5423,#5424,#5425));
#5422 = ORIENTED_EDGE('',*,*,#3929,.T.);
#5423 = ORIENTED_EDGE('',*,*,#3977,.T.);
#5424 = ORIENTED_EDGE('',*,*,#4001,.T.);
#5425 = ORIENTED_EDGE('',*,*,#3960,.T.);
#5426 = PLANE('',#5427);
#5427 = AXIS2_PLACEMENT_3D('',#5428,#5429,#5430);
#5428 = CARTESIAN_POINT('',(31.51,70.25,-11.27));
#5429 = DIRECTION('',(0.,0.,1.));
#5430 = DIRECTION('',(1.,0.,0.));
#5431 = ADVANCED_FACE('',(#5432),#5438,.T.);
#5432 = FACE_BOUND('',#5433,.T.);
#5433 = EDGE_LOOP('',(#5434,#5435,#5436,#5437));
#5434 = ORIENTED_EDGE('',*,*,#4133,.T.);
#5435 = ORIENTED_EDGE('',*,*,#4181,.T.);
#5436 = ORIENTED_EDGE('',*,*,#4205,.T.);
#5437 = ORIENTED_EDGE('',*,*,#4164,.T.);
#5438 = PLANE('',#5439);
#5439 = AXIS2_PLACEMENT_3D('',#5440,#5441,#5442);
#5440 = CARTESIAN_POINT('',(9.51,70.25,-11.27));
#5441 = DIRECTION('',(0.,0.,1.));
#5442 = DIRECTION('',(1.,0.,0.));
#5443 = ADVANCED_FACE('',(#5444),#5450,.F.);
#5444 = FACE_BOUND('',#5445,.F.);
#5445 = EDGE_LOOP('',(#5446,#5447,#5448,#5449));
#5446 = ORIENTED_EDGE('',*,*,#4572,.T.);
#5447 = ORIENTED_EDGE('',*,*,#4337,.T.);
#5448 = ORIENTED_EDGE('',*,*,#4360,.F.);
#5449 = ORIENTED_EDGE('',*,*,#4410,.F.);
#5450 = PLANE('',#5451);
#5451 = AXIS2_PLACEMENT_3D('',#5452,#5453,#5454);
#5452 = CARTESIAN_POINT('',(60.646659876658,53.887677155286,-10.57));
#5453 = DIRECTION('',(-1.,0.,0.));
#5454 = DIRECTION('',(0.,-1.,0.));
#5455 = ADVANCED_FACE('',(#5456),#5481,.F.);
#5456 = FACE_BOUND('',#5457,.F.);
#5457 = EDGE_LOOP('',(#5458,#5466,#5474,#5480));
#5458 = ORIENTED_EDGE('',*,*,#5459,.T.);
#5459 = EDGE_CURVE('',#4472,#5460,#5462,.T.);
#5460 = VERTEX_POINT('',#5461);
#5461 = CARTESIAN_POINT('',(46.82,46.1,-11.27));
#5462 = LINE('',#5463,#5464);
#5463 = CARTESIAN_POINT('',(46.82,46.1,-9.27));
#5464 = VECTOR('',#5465,1.);
#5465 = DIRECTION('',(-0.,-0.,-1.));
#5466 = ORIENTED_EDGE('',*,*,#5467,.T.);
#5467 = EDGE_CURVE('',#5460,#5468,#5470,.T.);
#5468 = VERTEX_POINT('',#5469);
#5469 = CARTESIAN_POINT('',(46.82,42.4,-11.27));
#5470 = LINE('',#5471,#5472);
#5471 = CARTESIAN_POINT('',(46.82,46.1,-11.27));
#5472 = VECTOR('',#5473,1.);
#5473 = DIRECTION('',(0.,-1.,0.));
#5474 = ORIENTED_EDGE('',*,*,#5475,.F.);
#5475 = EDGE_CURVE('',#4474,#5468,#5476,.T.);
#5476 = LINE('',#5477,#5478);
#5477 = CARTESIAN_POINT('',(46.82,42.4,-9.27));
#5478 = VECTOR('',#5479,1.);
#5479 = DIRECTION('',(-0.,-0.,-1.));
#5480 = ORIENTED_EDGE('',*,*,#4471,.F.);
#5481 = PLANE('',#5482);
#5482 = AXIS2_PLACEMENT_3D('',#5483,#5484,#5485);
#5483 = CARTESIAN_POINT('',(46.82,46.1,-9.27));
#5484 = DIRECTION('',(-1.,0.,0.));
#5485 = DIRECTION('',(0.,-1.,0.));
#5486 = ADVANCED_FACE('',(#5487),#5505,.F.);
#5487 = FACE_BOUND('',#5488,.F.);
#5488 = EDGE_LOOP('',(#5489,#5497,#5503,#5504));
#5489 = ORIENTED_EDGE('',*,*,#5490,.T.);
#5490 = EDGE_CURVE('',#4482,#5491,#5493,.T.);
#5491 = VERTEX_POINT('',#5492);
#5492 = CARTESIAN_POINT('',(60.2,46.1,-11.27));
#5493 = LINE('',#5494,#5495);
#5494 = CARTESIAN_POINT('',(60.2,46.1,-9.27));
#5495 = VECTOR('',#5496,1.);
#5496 = DIRECTION('',(-0.,-0.,-1.));
#5497 = ORIENTED_EDGE('',*,*,#5498,.T.);
#5498 = EDGE_CURVE('',#5491,#5460,#5499,.T.);
#5499 = LINE('',#5500,#5501);
#5500 = CARTESIAN_POINT('',(60.2,46.1,-11.27));
#5501 = VECTOR('',#5502,1.);
#5502 = DIRECTION('',(-1.,0.,0.));
#5503 = ORIENTED_EDGE('',*,*,#5459,.F.);
#5504 = ORIENTED_EDGE('',*,*,#4481,.F.);
#5505 = PLANE('',#5506);
#5506 = AXIS2_PLACEMENT_3D('',#5507,#5508,#5509);
#5507 = CARTESIAN_POINT('',(60.2,46.1,-9.27));
#5508 = DIRECTION('',(0.,1.,0.));
#5509 = DIRECTION('',(-1.,0.,0.));
#5510 = ADVANCED_FACE('',(#5511),#5529,.F.);
#5511 = FACE_BOUND('',#5512,.F.);
#5512 = EDGE_LOOP('',(#5513,#5514,#5522,#5528));
#5513 = ORIENTED_EDGE('',*,*,#5475,.T.);
#5514 = ORIENTED_EDGE('',*,*,#5515,.T.);
#5515 = EDGE_CURVE('',#5468,#5516,#5518,.T.);
#5516 = VERTEX_POINT('',#5517);
#5517 = CARTESIAN_POINT('',(60.2,42.4,-11.27));
#5518 = LINE('',#5519,#5520);
#5519 = CARTESIAN_POINT('',(46.82,42.4,-11.27));
#5520 = VECTOR('',#5521,1.);
#5521 = DIRECTION('',(1.,0.,0.));
#5522 = ORIENTED_EDGE('',*,*,#5523,.F.);
#5523 = EDGE_CURVE('',#4490,#5516,#5524,.T.);
#5524 = LINE('',#5525,#5526);
#5525 = CARTESIAN_POINT('',(60.2,42.4,-9.27));
#5526 = VECTOR('',#5527,1.);
#5527 = DIRECTION('',(-0.,-0.,-1.));
#5528 = ORIENTED_EDGE('',*,*,#4497,.F.);
#5529 = PLANE('',#5530);
#5530 = AXIS2_PLACEMENT_3D('',#5531,#5532,#5533);
#5531 = CARTESIAN_POINT('',(46.82,42.4,-9.27));
#5532 = DIRECTION('',(0.,-1.,0.));
#5533 = DIRECTION('',(1.,0.,0.));
#5534 = ADVANCED_FACE('',(#5535),#5546,.F.);
#5535 = FACE_BOUND('',#5536,.F.);
#5536 = EDGE_LOOP('',(#5537,#5538,#5544,#5545));
#5537 = ORIENTED_EDGE('',*,*,#5523,.T.);
#5538 = ORIENTED_EDGE('',*,*,#5539,.T.);
#5539 = EDGE_CURVE('',#5516,#5491,#5540,.T.);
#5540 = LINE('',#5541,#5542);
#5541 = CARTESIAN_POINT('',(60.2,42.4,-11.27));
#5542 = VECTOR('',#5543,1.);
#5543 = DIRECTION('',(0.,1.,0.));
#5544 = ORIENTED_EDGE('',*,*,#5490,.F.);
#5545 = ORIENTED_EDGE('',*,*,#4489,.F.);
#5546 = PLANE('',#5547);
#5547 = AXIS2_PLACEMENT_3D('',#5548,#5549,#5550);
#5548 = CARTESIAN_POINT('',(60.2,42.4,-9.27));
#5549 = DIRECTION('',(1.,0.,0.));
#5550 = DIRECTION('',(0.,1.,0.));
#5551 = ADVANCED_FACE('',(#5552),#5558,.F.);
#5552 = FACE_BOUND('',#5553,.F.);
#5553 = EDGE_LOOP('',(#5554,#5555,#5556,#5557));
#5554 = ORIENTED_EDGE('',*,*,#4850,.T.);
#5555 = ORIENTED_EDGE('',*,*,#4615,.T.);
#5556 = ORIENTED_EDGE('',*,*,#4638,.F.);
#5557 = ORIENTED_EDGE('',*,*,#4688,.F.);
#5558 = PLANE('',#5559);
#5559 = AXIS2_PLACEMENT_3D('',#5560,#5561,#5562);
#5560 = CARTESIAN_POINT('',(38.646659876658,53.887677155286,-10.57));
#5561 = DIRECTION('',(-1.,0.,0.));
#5562 = DIRECTION('',(0.,-1.,0.));
#5563 = ADVANCED_FACE('',(#5564),#5589,.F.);
#5564 = FACE_BOUND('',#5565,.F.);
#5565 = EDGE_LOOP('',(#5566,#5574,#5582,#5588));
#5566 = ORIENTED_EDGE('',*,*,#5567,.T.);
#5567 = EDGE_CURVE('',#4750,#5568,#5570,.T.);
#5568 = VERTEX_POINT('',#5569);
#5569 = CARTESIAN_POINT('',(24.82,46.1,-11.27));
#5570 = LINE('',#5571,#5572);
#5571 = CARTESIAN_POINT('',(24.82,46.1,-9.27));
#5572 = VECTOR('',#5573,1.);
#5573 = DIRECTION('',(-0.,-0.,-1.));
#5574 = ORIENTED_EDGE('',*,*,#5575,.T.);
#5575 = EDGE_CURVE('',#5568,#5576,#5578,.T.);
#5576 = VERTEX_POINT('',#5577);
#5577 = CARTESIAN_POINT('',(24.82,42.4,-11.27));
#5578 = LINE('',#5579,#5580);
#5579 = CARTESIAN_POINT('',(24.82,46.1,-11.27));
#5580 = VECTOR('',#5581,1.);
#5581 = DIRECTION('',(0.,-1.,0.));
#5582 = ORIENTED_EDGE('',*,*,#5583,.F.);
#5583 = EDGE_CURVE('',#4752,#5576,#5584,.T.);
#5584 = LINE('',#5585,#5586);
#5585 = CARTESIAN_POINT('',(24.82,42.4,-9.27));
#5586 = VECTOR('',#5587,1.);
#5587 = DIRECTION('',(-0.,-0.,-1.));
#5588 = ORIENTED_EDGE('',*,*,#4749,.F.);
#5589 = PLANE('',#5590);
#5590 = AXIS2_PLACEMENT_3D('',#5591,#5592,#5593);
#5591 = CARTESIAN_POINT('',(24.82,46.1,-9.27));
#5592 = DIRECTION('',(-1.,0.,0.));
#5593 = DIRECTION('',(0.,-1.,0.));
#5594 = ADVANCED_FACE('',(#5595),#5613,.F.);
#5595 = FACE_BOUND('',#5596,.F.);
#5596 = EDGE_LOOP('',(#5597,#5605,#5611,#5612));
#5597 = ORIENTED_EDGE('',*,*,#5598,.T.);
#5598 = EDGE_CURVE('',#4760,#5599,#5601,.T.);
#5599 = VERTEX_POINT('',#5600);
#5600 = CARTESIAN_POINT('',(38.2,46.1,-11.27));
#5601 = LINE('',#5602,#5603);
#5602 = CARTESIAN_POINT('',(38.2,46.1,-9.27));
#5603 = VECTOR('',#5604,1.);
#5604 = DIRECTION('',(-0.,-0.,-1.));
#5605 = ORIENTED_EDGE('',*,*,#5606,.T.);
#5606 = EDGE_CURVE('',#5599,#5568,#5607,.T.);
#5607 = LINE('',#5608,#5609);
#5608 = CARTESIAN_POINT('',(38.2,46.1,-11.27));
#5609 = VECTOR('',#5610,1.);
#5610 = DIRECTION('',(-1.,0.,0.));
#5611 = ORIENTED_EDGE('',*,*,#5567,.F.);
#5612 = ORIENTED_EDGE('',*,*,#4759,.F.);
#5613 = PLANE('',#5614);
#5614 = AXIS2_PLACEMENT_3D('',#5615,#5616,#5617);
#5615 = CARTESIAN_POINT('',(38.2,46.1,-9.27));
#5616 = DIRECTION('',(0.,1.,0.));
#5617 = DIRECTION('',(-1.,0.,0.));
#5618 = ADVANCED_FACE('',(#5619),#5637,.F.);
#5619 = FACE_BOUND('',#5620,.F.);
#5620 = EDGE_LOOP('',(#5621,#5622,#5630,#5636));
#5621 = ORIENTED_EDGE('',*,*,#5583,.T.);
#5622 = ORIENTED_EDGE('',*,*,#5623,.T.);
#5623 = EDGE_CURVE('',#5576,#5624,#5626,.T.);
#5624 = VERTEX_POINT('',#5625);
#5625 = CARTESIAN_POINT('',(38.2,42.4,-11.27));
#5626 = LINE('',#5627,#5628);
#5627 = CARTESIAN_POINT('',(24.82,42.4,-11.27));
#5628 = VECTOR('',#5629,1.);
#5629 = DIRECTION('',(1.,0.,0.));
#5630 = ORIENTED_EDGE('',*,*,#5631,.F.);
#5631 = EDGE_CURVE('',#4768,#5624,#5632,.T.);
#5632 = LINE('',#5633,#5634);
#5633 = CARTESIAN_POINT('',(38.2,42.4,-9.27));
#5634 = VECTOR('',#5635,1.);
#5635 = DIRECTION('',(-0.,-0.,-1.));
#5636 = ORIENTED_EDGE('',*,*,#4775,.F.);
#5637 = PLANE('',#5638);
#5638 = AXIS2_PLACEMENT_3D('',#5639,#5640,#5641);
#5639 = CARTESIAN_POINT('',(24.82,42.4,-9.27));
#5640 = DIRECTION('',(0.,-1.,0.));
#5641 = DIRECTION('',(1.,0.,0.));
#5642 = ADVANCED_FACE('',(#5643),#5654,.F.);
#5643 = FACE_BOUND('',#5644,.F.);
#5644 = EDGE_LOOP('',(#5645,#5646,#5652,#5653));
#5645 = ORIENTED_EDGE('',*,*,#5631,.T.);
#5646 = ORIENTED_EDGE('',*,*,#5647,.T.);
#5647 = EDGE_CURVE('',#5624,#5599,#5648,.T.);
#5648 = LINE('',#5649,#5650);
#5649 = CARTESIAN_POINT('',(38.2,42.4,-11.27));
#5650 = VECTOR('',#5651,1.);
#5651 = DIRECTION('',(0.,1.,0.));
#5652 = ORIENTED_EDGE('',*,*,#5598,.F.);
#5653 = ORIENTED_EDGE('',*,*,#4767,.F.);
#5654 = PLANE('',#5655);
#5655 = AXIS2_PLACEMENT_3D('',#5656,#5657,#5658);
#5656 = CARTESIAN_POINT('',(38.2,42.4,-9.27));
#5657 = DIRECTION('',(1.,0.,0.));
#5658 = DIRECTION('',(0.,1.,0.));
#5659 = ADVANCED_FACE('',(#5660),#5666,.F.);
#5660 = FACE_BOUND('',#5661,.F.);
#5661 = EDGE_LOOP('',(#5662,#5663,#5664,#5665));
#5662 = ORIENTED_EDGE('',*,*,#5108,.T.);
#5663 = ORIENTED_EDGE('',*,*,#4873,.T.);
#5664 = ORIENTED_EDGE('',*,*,#4896,.F.);
#5665 = ORIENTED_EDGE('',*,*,#4946,.F.);
#5666 = PLANE('',#5667);
#5667 = AXIS2_PLACEMENT_3D('',#5668,#5669,#5670);
#5668 = CARTESIAN_POINT('',(16.646659876658,53.887677155286,-10.57));
#5669 = DIRECTION('',(-1.,0.,0.));
#5670 = DIRECTION('',(0.,-1.,0.));
#5671 = ADVANCED_FACE('',(#5672),#5697,.F.);
#5672 = FACE_BOUND('',#5673,.F.);
#5673 = EDGE_LOOP('',(#5674,#5682,#5690,#5696));
#5674 = ORIENTED_EDGE('',*,*,#5675,.T.);
#5675 = EDGE_CURVE('',#5008,#5676,#5678,.T.);
#5676 = VERTEX_POINT('',#5677);
#5677 = CARTESIAN_POINT('',(2.82,46.1,-11.27));
#5678 = LINE('',#5679,#5680);
#5679 = CARTESIAN_POINT('',(2.82,46.1,-9.27));
#5680 = VECTOR('',#5681,1.);
#5681 = DIRECTION('',(-0.,-0.,-1.));
#5682 = ORIENTED_EDGE('',*,*,#5683,.T.);
#5683 = EDGE_CURVE('',#5676,#5684,#5686,.T.);
#5684 = VERTEX_POINT('',#5685);
#5685 = CARTESIAN_POINT('',(2.82,42.4,-11.27));
#5686 = LINE('',#5687,#5688);
#5687 = CARTESIAN_POINT('',(2.82,46.1,-11.27));
#5688 = VECTOR('',#5689,1.);
#5689 = DIRECTION('',(0.,-1.,0.));
#5690 = ORIENTED_EDGE('',*,*,#5691,.F.);
#5691 = EDGE_CURVE('',#5010,#5684,#5692,.T.);
#5692 = LINE('',#5693,#5694);
#5693 = CARTESIAN_POINT('',(2.82,42.4,-9.27));
#5694 = VECTOR('',#5695,1.);
#5695 = DIRECTION('',(-0.,-0.,-1.));
#5696 = ORIENTED_EDGE('',*,*,#5007,.F.);
#5697 = PLANE('',#5698);
#5698 = AXIS2_PLACEMENT_3D('',#5699,#5700,#5701);
#5699 = CARTESIAN_POINT('',(2.82,46.1,-9.27));
#5700 = DIRECTION('',(-1.,0.,0.));
#5701 = DIRECTION('',(0.,-1.,0.));
#5702 = ADVANCED_FACE('',(#5703),#5721,.F.);
#5703 = FACE_BOUND('',#5704,.F.);
#5704 = EDGE_LOOP('',(#5705,#5713,#5719,#5720));
#5705 = ORIENTED_EDGE('',*,*,#5706,.T.);
#5706 = EDGE_CURVE('',#5018,#5707,#5709,.T.);
#5707 = VERTEX_POINT('',#5708);
#5708 = CARTESIAN_POINT('',(16.2,46.1,-11.27));
#5709 = LINE('',#5710,#5711);
#5710 = CARTESIAN_POINT('',(16.2,46.1,-9.27));
#5711 = VECTOR('',#5712,1.);
#5712 = DIRECTION('',(-0.,-0.,-1.));
#5713 = ORIENTED_EDGE('',*,*,#5714,.T.);
#5714 = EDGE_CURVE('',#5707,#5676,#5715,.T.);
#5715 = LINE('',#5716,#5717);
#5716 = CARTESIAN_POINT('',(16.2,46.1,-11.27));
#5717 = VECTOR('',#5718,1.);
#5718 = DIRECTION('',(-1.,0.,0.));
#5719 = ORIENTED_EDGE('',*,*,#5675,.F.);
#5720 = ORIENTED_EDGE('',*,*,#5017,.F.);
#5721 = PLANE('',#5722);
#5722 = AXIS2_PLACEMENT_3D('',#5723,#5724,#5725);
#5723 = CARTESIAN_POINT('',(16.2,46.1,-9.27));
#5724 = DIRECTION('',(0.,1.,0.));
#5725 = DIRECTION('',(-1.,0.,0.));
#5726 = ADVANCED_FACE('',(#5727),#5745,.F.);
#5727 = FACE_BOUND('',#5728,.F.);
#5728 = EDGE_LOOP('',(#5729,#5730,#5738,#5744));
#5729 = ORIENTED_EDGE('',*,*,#5691,.T.);
#5730 = ORIENTED_EDGE('',*,*,#5731,.T.);
#5731 = EDGE_CURVE('',#5684,#5732,#5734,.T.);
#5732 = VERTEX_POINT('',#5733);
#5733 = CARTESIAN_POINT('',(16.2,42.4,-11.27));
#5734 = LINE('',#5735,#5736);
#5735 = CARTESIAN_POINT('',(2.82,42.4,-11.27));
#5736 = VECTOR('',#5737,1.);
#5737 = DIRECTION('',(1.,0.,0.));
#5738 = ORIENTED_EDGE('',*,*,#5739,.F.);
#5739 = EDGE_CURVE('',#5026,#5732,#5740,.T.);
#5740 = LINE('',#5741,#5742);
#5741 = CARTESIAN_POINT('',(16.2,42.4,-9.27));
#5742 = VECTOR('',#5743,1.);
#5743 = DIRECTION('',(-0.,-0.,-1.));
#5744 = ORIENTED_EDGE('',*,*,#5033,.F.);
#5745 = PLANE('',#5746);
#5746 = AXIS2_PLACEMENT_3D('',#5747,#5748,#5749);
#5747 = CARTESIAN_POINT('',(2.82,42.4,-9.27));
#5748 = DIRECTION('',(0.,-1.,0.));
#5749 = DIRECTION('',(1.,0.,0.));
#5750 = ADVANCED_FACE('',(#5751),#5762,.F.);
#5751 = FACE_BOUND('',#5752,.F.);
#5752 = EDGE_LOOP('',(#5753,#5754,#5760,#5761));
#5753 = ORIENTED_EDGE('',*,*,#5739,.T.);
#5754 = ORIENTED_EDGE('',*,*,#5755,.T.);
#5755 = EDGE_CURVE('',#5732,#5707,#5756,.T.);
#5756 = LINE('',#5757,#5758);
#5757 = CARTESIAN_POINT('',(16.2,42.4,-11.27));
#5758 = VECTOR('',#5759,1.);
#5759 = DIRECTION('',(0.,1.,0.));
#5760 = ORIENTED_EDGE('',*,*,#5706,.F.);
#5761 = ORIENTED_EDGE('',*,*,#5025,.F.);
#5762 = PLANE('',#5763);
#5763 = AXIS2_PLACEMENT_3D('',#5764,#5765,#5766);
#5764 = CARTESIAN_POINT('',(16.2,42.4,-9.27));
#5765 = DIRECTION('',(1.,0.,0.));
#5766 = DIRECTION('',(0.,1.,0.));
#5767 = ADVANCED_FACE('',(#5768),#5774,.T.);
#5768 = FACE_BOUND('',#5769,.T.);
#5769 = EDGE_LOOP('',(#5770,#5771,#5772,#5773));
#5770 = ORIENTED_EDGE('',*,*,#5467,.T.);
#5771 = ORIENTED_EDGE('',*,*,#5515,.T.);
#5772 = ORIENTED_EDGE('',*,*,#5539,.T.);
#5773 = ORIENTED_EDGE('',*,*,#5498,.T.);
#5774 = PLANE('',#5775);
#5775 = AXIS2_PLACEMENT_3D('',#5776,#5777,#5778);
#5776 = CARTESIAN_POINT('',(53.51,44.25,-11.27));
#5777 = DIRECTION('',(0.,0.,1.));
#5778 = DIRECTION('',(1.,0.,0.));
#5779 = ADVANCED_FACE('',(#5780),#5786,.T.);
#5780 = FACE_BOUND('',#5781,.T.);
#5781 = EDGE_LOOP('',(#5782,#5783,#5784,#5785));
#5782 = ORIENTED_EDGE('',*,*,#5575,.T.);
#5783 = ORIENTED_EDGE('',*,*,#5623,.T.);
#5784 = ORIENTED_EDGE('',*,*,#5647,.T.);
#5785 = ORIENTED_EDGE('',*,*,#5606,.T.);
#5786 = PLANE('',#5787);
#5787 = AXIS2_PLACEMENT_3D('',#5788,#5789,#5790);
#5788 = CARTESIAN_POINT('',(31.51,44.25,-11.27));
#5789 = DIRECTION('',(0.,0.,1.));
#5790 = DIRECTION('',(1.,0.,0.));
#5791 = ADVANCED_FACE('',(#5792),#5798,.T.);
#5792 = FACE_BOUND('',#5793,.T.);
#5793 = EDGE_LOOP('',(#5794,#5795,#5796,#5797));
#5794 = ORIENTED_EDGE('',*,*,#5683,.T.);
#5795 = ORIENTED_EDGE('',*,*,#5731,.T.);
#5796 = ORIENTED_EDGE('',*,*,#5755,.T.);
#5797 = ORIENTED_EDGE('',*,*,#5714,.T.);
#5798 = PLANE('',#5799);
#5799 = AXIS2_PLACEMENT_3D('',#5800,#5801,#5802);
#5800 = CARTESIAN_POINT('',(9.51,44.25,-11.27));
#5801 = DIRECTION('',(0.,0.,1.));
#5802 = DIRECTION('',(1.,0.,0.));
#5803 = ( GEOMETRIC_REPRESENTATION_CONTEXT(3) 
GLOBAL_UNCERTAINTY_ASSIGNED_CONTEXT((#5807)) 
GLOBAL_UNIT_ASSIGNED_CONTEXT((#5804,#5805,#5806)) REPRESENTATION_CONTEXT
('Context #1','3D Context with UNIT and UNCERTAINTY') );
#5804 = ( LENGTH_UNIT() NAMED_UNIT(*) SI_UNIT(.MILLI.,.METRE.) );
#5805 = ( NAMED_UNIT(*) PLANE_ANGLE_UNIT() SI_UNIT($,.RADIAN.) );
#5806 = ( NAMED_UNIT(*) SI_UNIT($,.STERADIAN.) SOLID_ANGLE_UNIT() );
#5807 = UNCERTAINTY_MEASURE_WITH_UNIT(LENGTH_MEASURE(2.E-05),#5804,
  'distance_accuracy_value','confusion accuracy');
#5808 = PRODUCT_RELATED_PRODUCT_CATEGORY('part',$,(#7));
#5809 = MECHANICAL_DESIGN_GEOMETRIC_PRESENTATION_REPRESENTATION('',(
    #5810),#5803);
#5810 = STYLED_ITEM('color',(#5811),#15);
#5811 = PRESENTATION_STYLE_ASSIGNMENT((#5812,#5820));
#5812 = SURFACE_STYLE_USAGE(.BOTH.,#5813);
#5813 = SURFACE_SIDE_STYLE('',(#5814,#5818));
#5814 = SURFACE_STYLE_FILL_AREA(#5815);
#5815 = FILL_AREA_STYLE('',(#5816));
#5816 = FILL_AREA_STYLE_COLOUR('',#5817);
#5817 = COLOUR_RGB('',0.384313730969,0.447058818107,0.643137266454);
#5818 = SURFACE_STYLE_RENDERING_WITH_PROPERTIES(.NORMAL_SHADING.,#5817,(
    #5819));
#5819 = SURFACE_STYLE_TRANSPARENT(0.899999976158);
#5820 = CURVE_STYLE('',#5821,POSITIVE_LENGTH_MEASURE(0.1),#5822);
#5821 = DRAUGHTING_PRE_DEFINED_CURVE_FONT('continuous');
#5822 = COLOUR_RGB('',9.803921802644E-02,9.803921802644E-02,
  9.803921802644E-02);
ENDSEC;
END-ISO-10303-21;
