ISO-10303-21;
HEADER;
FILE_DESCRIPTION(('FreeCAD Model'),'2;1');
FILE_NAME('Open CASCADE Shape Model','2026-05-24T17:13:45',(''),(''),
  'Open CASCADE STEP processor 7.9','FreeCAD','Unknown');
FILE_SCHEMA(('AUTOMOTIVE_DESIGN { 1 0 10303 214 1 1 1 1 }'));
ENDSEC;
DATA;
#1 = APPLICATION_PROTOCOL_DEFINITION('international standard',
  'automotive_design',2000,#2);
#2 = APPLICATION_CONTEXT(
  'core data for automotive mechanical design processes');
#3 = SHAPE_DEFINITION_REPRESENTATION(#4,#10);
#4 = PRODUCT_DEFINITION_SHAPE('','',#5);
#5 = PRODUCT_DEFINITION('design','',#6,#9);
#6 = PRODUCT_DEFINITION_FORMATION('','',#7);
#7 = PRODUCT('PCA','PCA','',(#8));
#8 = PRODUCT_CONTEXT('',#2,'mechanical');
#9 = PRODUCT_DEFINITION_CONTEXT('part definition',#2,'design');
#10 = SHAPE_REPRESENTATION('',(#11,#15),#19);
#11 = AXIS2_PLACEMENT_3D('',#12,#13,#14);
#12 = CARTESIAN_POINT('',(0.,0.,0.));
#13 = DIRECTION('',(0.,0.,1.));
#14 = DIRECTION('',(1.,0.,-0.));
#15 = AXIS2_PLACEMENT_3D('',#16,#17,#18);
#16 = CARTESIAN_POINT('',(0.,0.,0.));
#17 = DIRECTION('',(0.,0.,1.));
#18 = DIRECTION('',(1.,0.,0.));
#19 = ( GEOMETRIC_REPRESENTATION_CONTEXT(3) 
GLOBAL_UNCERTAINTY_ASSIGNED_CONTEXT((#23)) GLOBAL_UNIT_ASSIGNED_CONTEXT(
(#20,#21,#22)) REPRESENTATION_CONTEXT('Context #1',
  '3D Context with UNIT and UNCERTAINTY') );
#20 = ( LENGTH_UNIT() NAMED_UNIT(*) SI_UNIT(.MILLI.,.METRE.) );
#21 = ( NAMED_UNIT(*) PLANE_ANGLE_UNIT() SI_UNIT($,.RADIAN.) );
#22 = ( NAMED_UNIT(*) SI_UNIT($,.STERADIAN.) SOLID_ANGLE_UNIT() );
#23 = UNCERTAINTY_MEASURE_WITH_UNIT(LENGTH_MEASURE(2.E-05),#20,
  'distance_accuracy_value','confusion accuracy');
#24 = PRODUCT_RELATED_PRODUCT_CATEGORY('part',$,(#7));
#25 = SHAPE_DEFINITION_REPRESENTATION(#26,#32);
#26 = PRODUCT_DEFINITION_SHAPE('','',#27);
#27 = PRODUCT_DEFINITION('design','',#28,#31);
#28 = PRODUCT_DEFINITION_FORMATION('','',#29);
#29 = PRODUCT('Body001','Body001','',(#30));
#30 = PRODUCT_CONTEXT('',#2,'mechanical');
#31 = PRODUCT_DEFINITION_CONTEXT('part definition',#2,'design');
#32 = ADVANCED_BREP_SHAPE_REPRESENTATION('',(#11,#33),#5227);
#33 = MANIFOLD_SOLID_BREP('',#34);
#34 = CLOSED_SHELL('',(#35,#75,#106,#137,#287,#370,#382,#413,#437,#461,
    #485,#525,#572,#596,#636,#683,#707,#747,#794,#811,#836,#861,#886,
    #911,#936,#961,#1105,#1179,#1191,#1238,#1271,#1318,#1334,#1391,#1465
    ,#1477,#1524,#1557,#1604,#1620,#1677,#1751,#1763,#1810,#1843,#1890,
    #1906,#1963,#2008,#2053,#2098,#2143,#2188,#2233,#2264,#2288,#2312,
    #2343,#2367,#2391,#2525,#2549,#2573,#2590,#2621,#2645,#2669,#2686,
    #2722,#2738,#2769,#2793,#2817,#2849,#2867,#2879,#2910,#2934,#2958,
    #2975,#3011,#3027,#3058,#3082,#3106,#3138,#3156,#3168,#3199,#3223,
    #3247,#3264,#3300,#3316,#3347,#3371,#3395,#3427,#3445,#3457,#3503,
    #3526,#3549,#3583,#3629,#3652,#3675,#3709,#3755,#3778,#3801,#3835,
    #3867,#3907,#3923,#3981,#4014,#4074,#4106,#4146,#4162,#4220,#4253,
    #4313,#4344,#4368,#4406,#4430,#4478,#4495,#4514,#4524,#4541,#4553,
    #4565,#4577,#4608,#4632,#4656,#4674,#4705,#4729,#4753,#4770,#4801,
    #4825,#4849,#4867,#4898,#4922,#4946,#4963,#4975,#5006,#5030,#5054,
    #5071,#5083,#5095,#5107,#5131,#5155,#5179,#5203));
#35 = ADVANCED_FACE('',(#36),#70,.T.);
#36 = FACE_BOUND('',#37,.T.);
#37 = EDGE_LOOP('',(#38,#48,#56,#64));
#38 = ORIENTED_EDGE('',*,*,#39,.T.);
#39 = EDGE_CURVE('',#40,#42,#44,.T.);
#40 = VERTEX_POINT('',#41);
#41 = CARTESIAN_POINT('',(-5.,-5.,1.46));
#42 = VERTEX_POINT('',#43);
#43 = CARTESIAN_POINT('',(-5.,-5.,-15.));
#44 = LINE('',#45,#46);
#45 = CARTESIAN_POINT('',(-5.,-5.,1.46));
#46 = VECTOR('',#47,1.);
#47 = DIRECTION('',(-0.,-0.,-1.));
#48 = ORIENTED_EDGE('',*,*,#49,.T.);
#49 = EDGE_CURVE('',#42,#50,#52,.T.);
#50 = VERTEX_POINT('',#51);
#51 = CARTESIAN_POINT('',(68.,-5.,-15.));
#52 = LINE('',#53,#54);
#53 = CARTESIAN_POINT('',(-5.,-5.,-15.));
#54 = VECTOR('',#55,1.);
#55 = DIRECTION('',(1.,0.,0.));
#56 = ORIENTED_EDGE('',*,*,#57,.F.);
#57 = EDGE_CURVE('',#58,#50,#60,.T.);
#58 = VERTEX_POINT('',#59);
#59 = CARTESIAN_POINT('',(68.,-5.,1.46));
#60 = LINE('',#61,#62);
#61 = CARTESIAN_POINT('',(68.,-5.,1.46));
#62 = VECTOR('',#63,1.);
#63 = DIRECTION('',(-0.,-0.,-1.));
#64 = ORIENTED_EDGE('',*,*,#65,.F.);
#65 = EDGE_CURVE('',#40,#58,#66,.T.);
#66 = LINE('',#67,#68);
#67 = CARTESIAN_POINT('',(-5.,-5.,1.46));
#68 = VECTOR('',#69,1.);
#69 = DIRECTION('',(1.,0.,0.));
#70 = PLANE('',#71);
#71 = AXIS2_PLACEMENT_3D('',#72,#73,#74);
#72 = CARTESIAN_POINT('',(-5.,-5.,1.46));
#73 = DIRECTION('',(0.,-1.,0.));
#74 = DIRECTION('',(1.,0.,0.));
#75 = ADVANCED_FACE('',(#76),#101,.T.);
#76 = FACE_BOUND('',#77,.T.);
#77 = EDGE_LOOP('',(#78,#88,#94,#95));
#78 = ORIENTED_EDGE('',*,*,#79,.T.);
#79 = EDGE_CURVE('',#80,#82,#84,.T.);
#80 = VERTEX_POINT('',#81);
#81 = CARTESIAN_POINT('',(-5.,90.,1.46));
#82 = VERTEX_POINT('',#83);
#83 = CARTESIAN_POINT('',(-5.,90.,-15.));
#84 = LINE('',#85,#86);
#85 = CARTESIAN_POINT('',(-5.,90.,1.46));
#86 = VECTOR('',#87,1.);
#87 = DIRECTION('',(-0.,-0.,-1.));
#88 = ORIENTED_EDGE('',*,*,#89,.T.);
#89 = EDGE_CURVE('',#82,#42,#90,.T.);
#90 = LINE('',#91,#92);
#91 = CARTESIAN_POINT('',(-5.,90.,-15.));
#92 = VECTOR('',#93,1.);
#93 = DIRECTION('',(0.,-1.,0.));
#94 = ORIENTED_EDGE('',*,*,#39,.F.);
#95 = ORIENTED_EDGE('',*,*,#96,.F.);
#96 = EDGE_CURVE('',#80,#40,#97,.T.);
#97 = LINE('',#98,#99);
#98 = CARTESIAN_POINT('',(-5.,90.,1.46));
#99 = VECTOR('',#100,1.);
#100 = DIRECTION('',(0.,-1.,0.));
#101 = PLANE('',#102);
#102 = AXIS2_PLACEMENT_3D('',#103,#104,#105);
#103 = CARTESIAN_POINT('',(-5.,90.,1.46));
#104 = DIRECTION('',(-1.,0.,0.));
#105 = DIRECTION('',(0.,-1.,0.));
#106 = ADVANCED_FACE('',(#107),#132,.T.);
#107 = FACE_BOUND('',#108,.T.);
#108 = EDGE_LOOP('',(#109,#110,#118,#126));
#109 = ORIENTED_EDGE('',*,*,#57,.T.);
#110 = ORIENTED_EDGE('',*,*,#111,.T.);
#111 = EDGE_CURVE('',#50,#112,#114,.T.);
#112 = VERTEX_POINT('',#113);
#113 = CARTESIAN_POINT('',(68.,90.,-15.));
#114 = LINE('',#115,#116);
#115 = CARTESIAN_POINT('',(68.,-5.,-15.));
#116 = VECTOR('',#117,1.);
#117 = DIRECTION('',(0.,1.,0.));
#118 = ORIENTED_EDGE('',*,*,#119,.F.);
#119 = EDGE_CURVE('',#120,#112,#122,.T.);
#120 = VERTEX_POINT('',#121);
#121 = CARTESIAN_POINT('',(68.,90.,1.46));
#122 = LINE('',#123,#124);
#123 = CARTESIAN_POINT('',(68.,90.,1.46));
#124 = VECTOR('',#125,1.);
#125 = DIRECTION('',(-0.,-0.,-1.));
#126 = ORIENTED_EDGE('',*,*,#127,.F.);
#127 = EDGE_CURVE('',#58,#120,#128,.T.);
#128 = LINE('',#129,#130);
#129 = CARTESIAN_POINT('',(68.,-5.,1.46));
#130 = VECTOR('',#131,1.);
#131 = DIRECTION('',(0.,1.,0.));
#132 = PLANE('',#133);
#133 = AXIS2_PLACEMENT_3D('',#134,#135,#136);
#134 = CARTESIAN_POINT('',(68.,-5.,1.46));
#135 = DIRECTION('',(1.,0.,0.));
#136 = DIRECTION('',(0.,1.,0.));
#137 = ADVANCED_FACE('',(#138,#149),#282,.T.);
#138 = FACE_BOUND('',#139,.T.);
#139 = EDGE_LOOP('',(#140,#141,#142,#148));
#140 = ORIENTED_EDGE('',*,*,#65,.T.);
#141 = ORIENTED_EDGE('',*,*,#127,.T.);
#142 = ORIENTED_EDGE('',*,*,#143,.T.);
#143 = EDGE_CURVE('',#120,#80,#144,.T.);
#144 = LINE('',#145,#146);
#145 = CARTESIAN_POINT('',(68.,90.,1.46));
#146 = VECTOR('',#147,1.);
#147 = DIRECTION('',(-1.,0.,0.));
#148 = ORIENTED_EDGE('',*,*,#96,.T.);
#149 = FACE_BOUND('',#150,.T.);
#150 = EDGE_LOOP('',(#151,#161,#169,#177,#186,#194,#202,#210,#219,#227,
    #235,#243,#252,#260,#268,#276));
#151 = ORIENTED_EDGE('',*,*,#152,.F.);
#152 = EDGE_CURVE('',#153,#155,#157,.T.);
#153 = VERTEX_POINT('',#154);
#154 = CARTESIAN_POINT('',(0.,72.,1.46));
#155 = VERTEX_POINT('',#156);
#156 = CARTESIAN_POINT('',(0.,0.,1.46));
#157 = LINE('',#158,#159);
#158 = CARTESIAN_POINT('',(0.,21.25,1.46));
#159 = VECTOR('',#160,1.);
#160 = DIRECTION('',(0.,-1.,0.));
#161 = ORIENTED_EDGE('',*,*,#162,.F.);
#162 = EDGE_CURVE('',#163,#153,#165,.T.);
#163 = VERTEX_POINT('',#164);
#164 = CARTESIAN_POINT('',(1.8,72.,1.46));
#165 = LINE('',#166,#167);
#166 = CARTESIAN_POINT('',(15.75,72.,1.46));
#167 = VECTOR('',#168,1.);
#168 = DIRECTION('',(-1.,0.,0.));
#169 = ORIENTED_EDGE('',*,*,#170,.T.);
#170 = EDGE_CURVE('',#163,#171,#173,.T.);
#171 = VERTEX_POINT('',#172);
#172 = CARTESIAN_POINT('',(1.8,74.9,1.46));
#173 = LINE('',#174,#175);
#174 = CARTESIAN_POINT('',(1.8,58.7,1.46));
#175 = VECTOR('',#176,1.);
#176 = DIRECTION('',(0.,1.,0.));
#177 = ORIENTED_EDGE('',*,*,#178,.T.);
#178 = EDGE_CURVE('',#171,#179,#181,.T.);
#179 = VERTEX_POINT('',#180);
#180 = CARTESIAN_POINT('',(17.2,74.9,1.46));
#181 = CIRCLE('',#182,8.5);
#182 = AXIS2_PLACEMENT_3D('',#183,#184,#185);
#183 = CARTESIAN_POINT('',(9.5,78.5,1.46));
#184 = DIRECTION('',(0.,0.,-1.));
#185 = DIRECTION('',(1.,0.,0.));
#186 = ORIENTED_EDGE('',*,*,#187,.T.);
#187 = EDGE_CURVE('',#179,#188,#190,.T.);
#188 = VERTEX_POINT('',#189);
#189 = CARTESIAN_POINT('',(17.2,72.,1.46));
#190 = LINE('',#191,#192);
#191 = CARTESIAN_POINT('',(17.2,51.95,1.46));
#192 = VECTOR('',#193,1.);
#193 = DIRECTION('',(0.,-1.,0.));
#194 = ORIENTED_EDGE('',*,*,#195,.F.);
#195 = EDGE_CURVE('',#196,#188,#198,.T.);
#196 = VERTEX_POINT('',#197);
#197 = CARTESIAN_POINT('',(23.8,72.,1.46));
#198 = LINE('',#199,#200);
#199 = CARTESIAN_POINT('',(15.75,72.,1.46));
#200 = VECTOR('',#201,1.);
#201 = DIRECTION('',(-1.,0.,0.));
#202 = ORIENTED_EDGE('',*,*,#203,.T.);
#203 = EDGE_CURVE('',#196,#204,#206,.T.);
#204 = VERTEX_POINT('',#205);
#205 = CARTESIAN_POINT('',(23.8,74.9,1.46));
#206 = LINE('',#207,#208);
#207 = CARTESIAN_POINT('',(23.8,58.7,1.46));
#208 = VECTOR('',#209,1.);
#209 = DIRECTION('',(0.,1.,0.));
#210 = ORIENTED_EDGE('',*,*,#211,.T.);
#211 = EDGE_CURVE('',#204,#212,#214,.T.);
#212 = VERTEX_POINT('',#213);
#213 = CARTESIAN_POINT('',(39.2,74.9,1.46));
#214 = CIRCLE('',#215,8.5);
#215 = AXIS2_PLACEMENT_3D('',#216,#217,#218);
#216 = CARTESIAN_POINT('',(31.5,78.5,1.46));
#217 = DIRECTION('',(0.,0.,-1.));
#218 = DIRECTION('',(1.,0.,0.));
#219 = ORIENTED_EDGE('',*,*,#220,.T.);
#220 = EDGE_CURVE('',#212,#221,#223,.T.);
#221 = VERTEX_POINT('',#222);
#222 = CARTESIAN_POINT('',(39.2,72.,1.46));
#223 = LINE('',#224,#225);
#224 = CARTESIAN_POINT('',(39.2,51.95,1.46));
#225 = VECTOR('',#226,1.);
#226 = DIRECTION('',(0.,-1.,0.));
#227 = ORIENTED_EDGE('',*,*,#228,.F.);
#228 = EDGE_CURVE('',#229,#221,#231,.T.);
#229 = VERTEX_POINT('',#230);
#230 = CARTESIAN_POINT('',(45.8,72.,1.46));
#231 = LINE('',#232,#233);
#232 = CARTESIAN_POINT('',(15.75,72.,1.46));
#233 = VECTOR('',#234,1.);
#234 = DIRECTION('',(-1.,0.,0.));
#235 = ORIENTED_EDGE('',*,*,#236,.T.);
#236 = EDGE_CURVE('',#229,#237,#239,.T.);
#237 = VERTEX_POINT('',#238);
#238 = CARTESIAN_POINT('',(45.8,74.9,1.46));
#239 = LINE('',#240,#241);
#240 = CARTESIAN_POINT('',(45.8,58.7,1.46));
#241 = VECTOR('',#242,1.);
#242 = DIRECTION('',(0.,1.,0.));
#243 = ORIENTED_EDGE('',*,*,#244,.T.);
#244 = EDGE_CURVE('',#237,#245,#247,.T.);
#245 = VERTEX_POINT('',#246);
#246 = CARTESIAN_POINT('',(61.2,74.9,1.46));
#247 = CIRCLE('',#248,8.5);
#248 = AXIS2_PLACEMENT_3D('',#249,#250,#251);
#249 = CARTESIAN_POINT('',(53.5,78.5,1.46));
#250 = DIRECTION('',(0.,0.,-1.));
#251 = DIRECTION('',(1.,0.,0.));
#252 = ORIENTED_EDGE('',*,*,#253,.T.);
#253 = EDGE_CURVE('',#245,#254,#256,.T.);
#254 = VERTEX_POINT('',#255);
#255 = CARTESIAN_POINT('',(61.2,72.,1.46));
#256 = LINE('',#257,#258);
#257 = CARTESIAN_POINT('',(61.2,51.95,1.46));
#258 = VECTOR('',#259,1.);
#259 = DIRECTION('',(0.,-1.,0.));
#260 = ORIENTED_EDGE('',*,*,#261,.F.);
#261 = EDGE_CURVE('',#262,#254,#264,.T.);
#262 = VERTEX_POINT('',#263);
#263 = CARTESIAN_POINT('',(63.,72.,1.46));
#264 = LINE('',#265,#266);
#265 = CARTESIAN_POINT('',(15.75,72.,1.46));
#266 = VECTOR('',#267,1.);
#267 = DIRECTION('',(-1.,0.,0.));
#268 = ORIENTED_EDGE('',*,*,#269,.F.);
#269 = EDGE_CURVE('',#270,#262,#272,.T.);
#270 = VERTEX_POINT('',#271);
#271 = CARTESIAN_POINT('',(63.,0.,1.46));
#272 = LINE('',#273,#274);
#273 = CARTESIAN_POINT('',(63.,57.25,1.46));
#274 = VECTOR('',#275,1.);
#275 = DIRECTION('',(0.,1.,0.));
#276 = ORIENTED_EDGE('',*,*,#277,.F.);
#277 = EDGE_CURVE('',#155,#270,#278,.T.);
#278 = LINE('',#279,#280);
#279 = CARTESIAN_POINT('',(47.25,0.,1.46));
#280 = VECTOR('',#281,1.);
#281 = DIRECTION('',(1.,0.,0.));
#282 = PLANE('',#283);
#283 = AXIS2_PLACEMENT_3D('',#284,#285,#286);
#284 = CARTESIAN_POINT('',(31.5,42.5,1.46));
#285 = DIRECTION('',(0.,0.,1.));
#286 = DIRECTION('',(1.,0.,0.));
#287 = ADVANCED_FACE('',(#288,#299,#310,#321,#332,#343,#354),#365,.F.);
#288 = FACE_BOUND('',#289,.F.);
#289 = EDGE_LOOP('',(#290,#291,#292,#298));
#290 = ORIENTED_EDGE('',*,*,#49,.T.);
#291 = ORIENTED_EDGE('',*,*,#111,.T.);
#292 = ORIENTED_EDGE('',*,*,#293,.T.);
#293 = EDGE_CURVE('',#112,#82,#294,.T.);
#294 = LINE('',#295,#296);
#295 = CARTESIAN_POINT('',(68.,90.,-15.));
#296 = VECTOR('',#297,1.);
#297 = DIRECTION('',(-1.,0.,0.));
#298 = ORIENTED_EDGE('',*,*,#89,.T.);
#299 = FACE_BOUND('',#300,.F.);
#300 = EDGE_LOOP('',(#301));
#301 = ORIENTED_EDGE('',*,*,#302,.F.);
#302 = EDGE_CURVE('',#303,#303,#305,.T.);
#303 = VERTEX_POINT('',#304);
#304 = CARTESIAN_POINT('',(13.25,52.5,-15.));
#305 = CIRCLE('',#306,3.75);
#306 = AXIS2_PLACEMENT_3D('',#307,#308,#309);
#307 = CARTESIAN_POINT('',(9.5,52.5,-15.));
#308 = DIRECTION('',(0.,0.,1.));
#309 = DIRECTION('',(1.,0.,0.));
#310 = FACE_BOUND('',#311,.F.);
#311 = EDGE_LOOP('',(#312));
#312 = ORIENTED_EDGE('',*,*,#313,.F.);
#313 = EDGE_CURVE('',#314,#314,#316,.T.);
#314 = VERTEX_POINT('',#315);
#315 = CARTESIAN_POINT('',(35.25,52.5,-15.));
#316 = CIRCLE('',#317,3.75);
#317 = AXIS2_PLACEMENT_3D('',#318,#319,#320);
#318 = CARTESIAN_POINT('',(31.5,52.5,-15.));
#319 = DIRECTION('',(0.,0.,1.));
#320 = DIRECTION('',(1.,0.,0.));
#321 = FACE_BOUND('',#322,.F.);
#322 = EDGE_LOOP('',(#323));
#323 = ORIENTED_EDGE('',*,*,#324,.F.);
#324 = EDGE_CURVE('',#325,#325,#327,.T.);
#325 = VERTEX_POINT('',#326);
#326 = CARTESIAN_POINT('',(57.25,52.5,-15.));
#327 = CIRCLE('',#328,3.75);
#328 = AXIS2_PLACEMENT_3D('',#329,#330,#331);
#329 = CARTESIAN_POINT('',(53.5,52.5,-15.));
#330 = DIRECTION('',(0.,0.,1.));
#331 = DIRECTION('',(1.,0.,0.));
#332 = FACE_BOUND('',#333,.F.);
#333 = EDGE_LOOP('',(#334));
#334 = ORIENTED_EDGE('',*,*,#335,.F.);
#335 = EDGE_CURVE('',#336,#336,#338,.T.);
#336 = VERTEX_POINT('',#337);
#337 = CARTESIAN_POINT('',(13.25,78.5,-15.));
#338 = CIRCLE('',#339,3.75);
#339 = AXIS2_PLACEMENT_3D('',#340,#341,#342);
#340 = CARTESIAN_POINT('',(9.5,78.5,-15.));
#341 = DIRECTION('',(0.,0.,1.));
#342 = DIRECTION('',(1.,0.,0.));
#343 = FACE_BOUND('',#344,.F.);
#344 = EDGE_LOOP('',(#345));
#345 = ORIENTED_EDGE('',*,*,#346,.F.);
#346 = EDGE_CURVE('',#347,#347,#349,.T.);
#347 = VERTEX_POINT('',#348);
#348 = CARTESIAN_POINT('',(35.25,78.5,-15.));
#349 = CIRCLE('',#350,3.75);
#350 = AXIS2_PLACEMENT_3D('',#351,#352,#353);
#351 = CARTESIAN_POINT('',(31.5,78.5,-15.));
#352 = DIRECTION('',(0.,0.,1.));
#353 = DIRECTION('',(1.,0.,0.));
#354 = FACE_BOUND('',#355,.F.);
#355 = EDGE_LOOP('',(#356));
#356 = ORIENTED_EDGE('',*,*,#357,.F.);
#357 = EDGE_CURVE('',#358,#358,#360,.T.);
#358 = VERTEX_POINT('',#359);
#359 = CARTESIAN_POINT('',(57.25,78.5,-15.));
#360 = CIRCLE('',#361,3.75);
#361 = AXIS2_PLACEMENT_3D('',#362,#363,#364);
#362 = CARTESIAN_POINT('',(53.5,78.5,-15.));
#363 = DIRECTION('',(0.,0.,1.));
#364 = DIRECTION('',(1.,0.,0.));
#365 = PLANE('',#366);
#366 = AXIS2_PLACEMENT_3D('',#367,#368,#369);
#367 = CARTESIAN_POINT('',(31.5,42.5,-15.));
#368 = DIRECTION('',(0.,0.,1.));
#369 = DIRECTION('',(1.,0.,0.));
#370 = ADVANCED_FACE('',(#371),#377,.T.);
#371 = FACE_BOUND('',#372,.T.);
#372 = EDGE_LOOP('',(#373,#374,#375,#376));
#373 = ORIENTED_EDGE('',*,*,#119,.T.);
#374 = ORIENTED_EDGE('',*,*,#293,.T.);
#375 = ORIENTED_EDGE('',*,*,#79,.F.);
#376 = ORIENTED_EDGE('',*,*,#143,.F.);
#377 = PLANE('',#378);
#378 = AXIS2_PLACEMENT_3D('',#379,#380,#381);
#379 = CARTESIAN_POINT('',(68.,90.,1.46));
#380 = DIRECTION('',(0.,1.,0.));
#381 = DIRECTION('',(-1.,0.,0.));
#382 = ADVANCED_FACE('',(#383),#408,.F.);
#383 = FACE_BOUND('',#384,.F.);
#384 = EDGE_LOOP('',(#385,#395,#401,#402));
#385 = ORIENTED_EDGE('',*,*,#386,.F.);
#386 = EDGE_CURVE('',#387,#389,#391,.T.);
#387 = VERTEX_POINT('',#388);
#388 = CARTESIAN_POINT('',(0.,0.,0.));
#389 = VERTEX_POINT('',#390);
#390 = CARTESIAN_POINT('',(0.,72.,0.));
#391 = LINE('',#392,#393);
#392 = CARTESIAN_POINT('',(0.,0.,0.));
#393 = VECTOR('',#394,1.);
#394 = DIRECTION('',(0.,1.,0.));
#395 = ORIENTED_EDGE('',*,*,#396,.T.);
#396 = EDGE_CURVE('',#387,#155,#397,.T.);
#397 = LINE('',#398,#399);
#398 = CARTESIAN_POINT('',(0.,0.,0.));
#399 = VECTOR('',#400,1.);
#400 = DIRECTION('',(0.,0.,1.));
#401 = ORIENTED_EDGE('',*,*,#152,.F.);
#402 = ORIENTED_EDGE('',*,*,#403,.F.);
#403 = EDGE_CURVE('',#389,#153,#404,.T.);
#404 = LINE('',#405,#406);
#405 = CARTESIAN_POINT('',(0.,72.,0.));
#406 = VECTOR('',#407,1.);
#407 = DIRECTION('',(0.,0.,1.));
#408 = PLANE('',#409);
#409 = AXIS2_PLACEMENT_3D('',#410,#411,#412);
#410 = CARTESIAN_POINT('',(0.,0.,0.));
#411 = DIRECTION('',(-1.,0.,0.));
#412 = DIRECTION('',(0.,1.,0.));
#413 = ADVANCED_FACE('',(#414),#432,.F.);
#414 = FACE_BOUND('',#415,.F.);
#415 = EDGE_LOOP('',(#416,#424,#430,#431));
#416 = ORIENTED_EDGE('',*,*,#417,.F.);
#417 = EDGE_CURVE('',#418,#387,#420,.T.);
#418 = VERTEX_POINT('',#419);
#419 = CARTESIAN_POINT('',(63.,0.,0.));
#420 = LINE('',#421,#422);
#421 = CARTESIAN_POINT('',(63.,0.,0.));
#422 = VECTOR('',#423,1.);
#423 = DIRECTION('',(-1.,0.,0.));
#424 = ORIENTED_EDGE('',*,*,#425,.T.);
#425 = EDGE_CURVE('',#418,#270,#426,.T.);
#426 = LINE('',#427,#428);
#427 = CARTESIAN_POINT('',(63.,0.,0.));
#428 = VECTOR('',#429,1.);
#429 = DIRECTION('',(0.,0.,1.));
#430 = ORIENTED_EDGE('',*,*,#277,.F.);
#431 = ORIENTED_EDGE('',*,*,#396,.F.);
#432 = PLANE('',#433);
#433 = AXIS2_PLACEMENT_3D('',#434,#435,#436);
#434 = CARTESIAN_POINT('',(63.,0.,0.));
#435 = DIRECTION('',(0.,-1.,0.));
#436 = DIRECTION('',(-1.,0.,0.));
#437 = ADVANCED_FACE('',(#438),#456,.F.);
#438 = FACE_BOUND('',#439,.F.);
#439 = EDGE_LOOP('',(#440,#448,#454,#455));
#440 = ORIENTED_EDGE('',*,*,#441,.F.);
#441 = EDGE_CURVE('',#442,#418,#444,.T.);
#442 = VERTEX_POINT('',#443);
#443 = CARTESIAN_POINT('',(63.,72.,0.));
#444 = LINE('',#445,#446);
#445 = CARTESIAN_POINT('',(63.,72.,0.));
#446 = VECTOR('',#447,1.);
#447 = DIRECTION('',(0.,-1.,0.));
#448 = ORIENTED_EDGE('',*,*,#449,.T.);
#449 = EDGE_CURVE('',#442,#262,#450,.T.);
#450 = LINE('',#451,#452);
#451 = CARTESIAN_POINT('',(63.,72.,0.));
#452 = VECTOR('',#453,1.);
#453 = DIRECTION('',(0.,0.,1.));
#454 = ORIENTED_EDGE('',*,*,#269,.F.);
#455 = ORIENTED_EDGE('',*,*,#425,.F.);
#456 = PLANE('',#457);
#457 = AXIS2_PLACEMENT_3D('',#458,#459,#460);
#458 = CARTESIAN_POINT('',(63.,72.,0.));
#459 = DIRECTION('',(1.,0.,0.));
#460 = DIRECTION('',(0.,-1.,0.));
#461 = ADVANCED_FACE('',(#462),#480,.F.);
#462 = FACE_BOUND('',#463,.F.);
#463 = EDGE_LOOP('',(#464,#472,#478,#479));
#464 = ORIENTED_EDGE('',*,*,#465,.F.);
#465 = EDGE_CURVE('',#466,#442,#468,.T.);
#466 = VERTEX_POINT('',#467);
#467 = CARTESIAN_POINT('',(61.2,72.,0.));
#468 = LINE('',#469,#470);
#469 = CARTESIAN_POINT('',(0.,72.,0.));
#470 = VECTOR('',#471,1.);
#471 = DIRECTION('',(1.,0.,0.));
#472 = ORIENTED_EDGE('',*,*,#473,.T.);
#473 = EDGE_CURVE('',#466,#254,#474,.T.);
#474 = LINE('',#475,#476);
#475 = CARTESIAN_POINT('',(61.2,72.,-4.635));
#476 = VECTOR('',#477,1.);
#477 = DIRECTION('',(0.,0.,1.));
#478 = ORIENTED_EDGE('',*,*,#261,.F.);
#479 = ORIENTED_EDGE('',*,*,#449,.F.);
#480 = PLANE('',#481);
#481 = AXIS2_PLACEMENT_3D('',#482,#483,#484);
#482 = CARTESIAN_POINT('',(0.,72.,0.));
#483 = DIRECTION('',(0.,1.,0.));
#484 = DIRECTION('',(1.,0.,0.));
#485 = ADVANCED_FACE('',(#486),#520,.T.);
#486 = FACE_BOUND('',#487,.T.);
#487 = EDGE_LOOP('',(#488,#498,#506,#512,#513,#514));
#488 = ORIENTED_EDGE('',*,*,#489,.F.);
#489 = EDGE_CURVE('',#490,#492,#494,.T.);
#490 = VERTEX_POINT('',#491);
#491 = CARTESIAN_POINT('',(61.2,61.4,-9.27));
#492 = VERTEX_POINT('',#493);
#493 = CARTESIAN_POINT('',(61.2,74.9,-9.27));
#494 = LINE('',#495,#496);
#495 = CARTESIAN_POINT('',(61.2,61.4,-9.27));
#496 = VECTOR('',#497,1.);
#497 = DIRECTION('',(0.,1.,0.));
#498 = ORIENTED_EDGE('',*,*,#499,.T.);
#499 = EDGE_CURVE('',#490,#500,#502,.T.);
#500 = VERTEX_POINT('',#501);
#501 = CARTESIAN_POINT('',(61.2,61.4,0.));
#502 = LINE('',#503,#504);
#503 = CARTESIAN_POINT('',(61.2,61.4,-9.27));
#504 = VECTOR('',#505,1.);
#505 = DIRECTION('',(0.,0.,1.));
#506 = ORIENTED_EDGE('',*,*,#507,.T.);
#507 = EDGE_CURVE('',#500,#466,#508,.T.);
#508 = LINE('',#509,#510);
#509 = CARTESIAN_POINT('',(61.2,48.7,0.));
#510 = VECTOR('',#511,1.);
#511 = DIRECTION('',(0.,1.,0.));
#512 = ORIENTED_EDGE('',*,*,#473,.T.);
#513 = ORIENTED_EDGE('',*,*,#253,.F.);
#514 = ORIENTED_EDGE('',*,*,#515,.F.);
#515 = EDGE_CURVE('',#492,#245,#516,.T.);
#516 = LINE('',#517,#518);
#517 = CARTESIAN_POINT('',(61.2,74.9,-9.27));
#518 = VECTOR('',#519,1.);
#519 = DIRECTION('',(0.,0.,1.));
#520 = PLANE('',#521);
#521 = AXIS2_PLACEMENT_3D('',#522,#523,#524);
#522 = CARTESIAN_POINT('',(61.2,61.4,-9.27));
#523 = DIRECTION('',(-1.,0.,0.));
#524 = DIRECTION('',(0.,1.,0.));
#525 = ADVANCED_FACE('',(#526),#567,.T.);
#526 = FACE_BOUND('',#527,.T.);
#527 = EDGE_LOOP('',(#528,#538,#544,#545,#553,#561));
#528 = ORIENTED_EDGE('',*,*,#529,.F.);
#529 = EDGE_CURVE('',#530,#532,#534,.T.);
#530 = VERTEX_POINT('',#531);
#531 = CARTESIAN_POINT('',(45.8,74.9,-9.27));
#532 = VERTEX_POINT('',#533);
#533 = CARTESIAN_POINT('',(45.8,61.4,-9.27));
#534 = LINE('',#535,#536);
#535 = CARTESIAN_POINT('',(45.8,74.9,-9.27));
#536 = VECTOR('',#537,1.);
#537 = DIRECTION('',(0.,-1.,0.));
#538 = ORIENTED_EDGE('',*,*,#539,.T.);
#539 = EDGE_CURVE('',#530,#237,#540,.T.);
#540 = LINE('',#541,#542);
#541 = CARTESIAN_POINT('',(45.8,74.9,-9.27));
#542 = VECTOR('',#543,1.);
#543 = DIRECTION('',(0.,0.,1.));
#544 = ORIENTED_EDGE('',*,*,#236,.F.);
#545 = ORIENTED_EDGE('',*,*,#546,.T.);
#546 = EDGE_CURVE('',#229,#547,#549,.T.);
#547 = VERTEX_POINT('',#548);
#548 = CARTESIAN_POINT('',(45.8,72.,0.));
#549 = LINE('',#550,#551);
#550 = CARTESIAN_POINT('',(45.8,72.,-4.635));
#551 = VECTOR('',#552,1.);
#552 = DIRECTION('',(0.,0.,-1.));
#553 = ORIENTED_EDGE('',*,*,#554,.T.);
#554 = EDGE_CURVE('',#547,#555,#557,.T.);
#555 = VERTEX_POINT('',#556);
#556 = CARTESIAN_POINT('',(45.8,61.4,0.));
#557 = LINE('',#558,#559);
#558 = CARTESIAN_POINT('',(45.8,55.45,0.));
#559 = VECTOR('',#560,1.);
#560 = DIRECTION('',(0.,-1.,0.));
#561 = ORIENTED_EDGE('',*,*,#562,.F.);
#562 = EDGE_CURVE('',#532,#555,#563,.T.);
#563 = LINE('',#564,#565);
#564 = CARTESIAN_POINT('',(45.8,61.4,-9.27));
#565 = VECTOR('',#566,1.);
#566 = DIRECTION('',(0.,0.,1.));
#567 = PLANE('',#568);
#568 = AXIS2_PLACEMENT_3D('',#569,#570,#571);
#569 = CARTESIAN_POINT('',(45.8,74.9,-9.27));
#570 = DIRECTION('',(1.,0.,0.));
#571 = DIRECTION('',(0.,-1.,0.));
#572 = ADVANCED_FACE('',(#573),#591,.F.);
#573 = FACE_BOUND('',#574,.F.);
#574 = EDGE_LOOP('',(#575,#583,#589,#590));
#575 = ORIENTED_EDGE('',*,*,#576,.F.);
#576 = EDGE_CURVE('',#577,#547,#579,.T.);
#577 = VERTEX_POINT('',#578);
#578 = CARTESIAN_POINT('',(39.2,72.,0.));
#579 = LINE('',#580,#581);
#580 = CARTESIAN_POINT('',(0.,72.,0.));
#581 = VECTOR('',#582,1.);
#582 = DIRECTION('',(1.,0.,0.));
#583 = ORIENTED_EDGE('',*,*,#584,.T.);
#584 = EDGE_CURVE('',#577,#221,#585,.T.);
#585 = LINE('',#586,#587);
#586 = CARTESIAN_POINT('',(39.2,72.,-4.635));
#587 = VECTOR('',#588,1.);
#588 = DIRECTION('',(0.,0.,1.));
#589 = ORIENTED_EDGE('',*,*,#228,.F.);
#590 = ORIENTED_EDGE('',*,*,#546,.T.);
#591 = PLANE('',#592);
#592 = AXIS2_PLACEMENT_3D('',#593,#594,#595);
#593 = CARTESIAN_POINT('',(0.,72.,0.));
#594 = DIRECTION('',(0.,1.,0.));
#595 = DIRECTION('',(1.,0.,0.));
#596 = ADVANCED_FACE('',(#597),#631,.T.);
#597 = FACE_BOUND('',#598,.T.);
#598 = EDGE_LOOP('',(#599,#609,#617,#623,#624,#625));
#599 = ORIENTED_EDGE('',*,*,#600,.F.);
#600 = EDGE_CURVE('',#601,#603,#605,.T.);
#601 = VERTEX_POINT('',#602);
#602 = CARTESIAN_POINT('',(39.2,61.4,-9.27));
#603 = VERTEX_POINT('',#604);
#604 = CARTESIAN_POINT('',(39.2,74.9,-9.27));
#605 = LINE('',#606,#607);
#606 = CARTESIAN_POINT('',(39.2,61.4,-9.27));
#607 = VECTOR('',#608,1.);
#608 = DIRECTION('',(0.,1.,0.));
#609 = ORIENTED_EDGE('',*,*,#610,.T.);
#610 = EDGE_CURVE('',#601,#611,#613,.T.);
#611 = VERTEX_POINT('',#612);
#612 = CARTESIAN_POINT('',(39.2,61.4,0.));
#613 = LINE('',#614,#615);
#614 = CARTESIAN_POINT('',(39.2,61.4,-9.27));
#615 = VECTOR('',#616,1.);
#616 = DIRECTION('',(0.,0.,1.));
#617 = ORIENTED_EDGE('',*,*,#618,.T.);
#618 = EDGE_CURVE('',#611,#577,#619,.T.);
#619 = LINE('',#620,#621);
#620 = CARTESIAN_POINT('',(39.2,48.7,0.));
#621 = VECTOR('',#622,1.);
#622 = DIRECTION('',(0.,1.,0.));
#623 = ORIENTED_EDGE('',*,*,#584,.T.);
#624 = ORIENTED_EDGE('',*,*,#220,.F.);
#625 = ORIENTED_EDGE('',*,*,#626,.F.);
#626 = EDGE_CURVE('',#603,#212,#627,.T.);
#627 = LINE('',#628,#629);
#628 = CARTESIAN_POINT('',(39.2,74.9,-9.27));
#629 = VECTOR('',#630,1.);
#630 = DIRECTION('',(0.,0.,1.));
#631 = PLANE('',#632);
#632 = AXIS2_PLACEMENT_3D('',#633,#634,#635);
#633 = CARTESIAN_POINT('',(39.2,61.4,-9.27));
#634 = DIRECTION('',(-1.,0.,0.));
#635 = DIRECTION('',(0.,1.,0.));
#636 = ADVANCED_FACE('',(#637),#678,.T.);
#637 = FACE_BOUND('',#638,.T.);
#638 = EDGE_LOOP('',(#639,#649,#655,#656,#664,#672));
#639 = ORIENTED_EDGE('',*,*,#640,.F.);
#640 = EDGE_CURVE('',#641,#643,#645,.T.);
#641 = VERTEX_POINT('',#642);
#642 = CARTESIAN_POINT('',(23.8,74.9,-9.27));
#643 = VERTEX_POINT('',#644);
#644 = CARTESIAN_POINT('',(23.8,61.4,-9.27));
#645 = LINE('',#646,#647);
#646 = CARTESIAN_POINT('',(23.8,74.9,-9.27));
#647 = VECTOR('',#648,1.);
#648 = DIRECTION('',(0.,-1.,0.));
#649 = ORIENTED_EDGE('',*,*,#650,.T.);
#650 = EDGE_CURVE('',#641,#204,#651,.T.);
#651 = LINE('',#652,#653);
#652 = CARTESIAN_POINT('',(23.8,74.9,-9.27));
#653 = VECTOR('',#654,1.);
#654 = DIRECTION('',(0.,0.,1.));
#655 = ORIENTED_EDGE('',*,*,#203,.F.);
#656 = ORIENTED_EDGE('',*,*,#657,.T.);
#657 = EDGE_CURVE('',#196,#658,#660,.T.);
#658 = VERTEX_POINT('',#659);
#659 = CARTESIAN_POINT('',(23.8,72.,0.));
#660 = LINE('',#661,#662);
#661 = CARTESIAN_POINT('',(23.8,72.,-4.635));
#662 = VECTOR('',#663,1.);
#663 = DIRECTION('',(0.,0.,-1.));
#664 = ORIENTED_EDGE('',*,*,#665,.T.);
#665 = EDGE_CURVE('',#658,#666,#668,.T.);
#666 = VERTEX_POINT('',#667);
#667 = CARTESIAN_POINT('',(23.8,61.4,0.));
#668 = LINE('',#669,#670);
#669 = CARTESIAN_POINT('',(23.8,55.45,0.));
#670 = VECTOR('',#671,1.);
#671 = DIRECTION('',(0.,-1.,0.));
#672 = ORIENTED_EDGE('',*,*,#673,.F.);
#673 = EDGE_CURVE('',#643,#666,#674,.T.);
#674 = LINE('',#675,#676);
#675 = CARTESIAN_POINT('',(23.8,61.4,-9.27));
#676 = VECTOR('',#677,1.);
#677 = DIRECTION('',(0.,0.,1.));
#678 = PLANE('',#679);
#679 = AXIS2_PLACEMENT_3D('',#680,#681,#682);
#680 = CARTESIAN_POINT('',(23.8,74.9,-9.27));
#681 = DIRECTION('',(1.,0.,0.));
#682 = DIRECTION('',(0.,-1.,0.));
#683 = ADVANCED_FACE('',(#684),#702,.F.);
#684 = FACE_BOUND('',#685,.F.);
#685 = EDGE_LOOP('',(#686,#694,#700,#701));
#686 = ORIENTED_EDGE('',*,*,#687,.F.);
#687 = EDGE_CURVE('',#688,#658,#690,.T.);
#688 = VERTEX_POINT('',#689);
#689 = CARTESIAN_POINT('',(17.2,72.,0.));
#690 = LINE('',#691,#692);
#691 = CARTESIAN_POINT('',(0.,72.,0.));
#692 = VECTOR('',#693,1.);
#693 = DIRECTION('',(1.,0.,0.));
#694 = ORIENTED_EDGE('',*,*,#695,.T.);
#695 = EDGE_CURVE('',#688,#188,#696,.T.);
#696 = LINE('',#697,#698);
#697 = CARTESIAN_POINT('',(17.2,72.,-4.635));
#698 = VECTOR('',#699,1.);
#699 = DIRECTION('',(0.,0.,1.));
#700 = ORIENTED_EDGE('',*,*,#195,.F.);
#701 = ORIENTED_EDGE('',*,*,#657,.T.);
#702 = PLANE('',#703);
#703 = AXIS2_PLACEMENT_3D('',#704,#705,#706);
#704 = CARTESIAN_POINT('',(0.,72.,0.));
#705 = DIRECTION('',(0.,1.,0.));
#706 = DIRECTION('',(1.,0.,0.));
#707 = ADVANCED_FACE('',(#708),#742,.T.);
#708 = FACE_BOUND('',#709,.T.);
#709 = EDGE_LOOP('',(#710,#720,#728,#734,#735,#736));
#710 = ORIENTED_EDGE('',*,*,#711,.F.);
#711 = EDGE_CURVE('',#712,#714,#716,.T.);
#712 = VERTEX_POINT('',#713);
#713 = CARTESIAN_POINT('',(17.2,61.4,-9.27));
#714 = VERTEX_POINT('',#715);
#715 = CARTESIAN_POINT('',(17.2,74.9,-9.27));
#716 = LINE('',#717,#718);
#717 = CARTESIAN_POINT('',(17.2,61.4,-9.27));
#718 = VECTOR('',#719,1.);
#719 = DIRECTION('',(0.,1.,0.));
#720 = ORIENTED_EDGE('',*,*,#721,.T.);
#721 = EDGE_CURVE('',#712,#722,#724,.T.);
#722 = VERTEX_POINT('',#723);
#723 = CARTESIAN_POINT('',(17.2,61.4,0.));
#724 = LINE('',#725,#726);
#725 = CARTESIAN_POINT('',(17.2,61.4,-9.27));
#726 = VECTOR('',#727,1.);
#727 = DIRECTION('',(0.,0.,1.));
#728 = ORIENTED_EDGE('',*,*,#729,.T.);
#729 = EDGE_CURVE('',#722,#688,#730,.T.);
#730 = LINE('',#731,#732);
#731 = CARTESIAN_POINT('',(17.2,48.7,0.));
#732 = VECTOR('',#733,1.);
#733 = DIRECTION('',(0.,1.,0.));
#734 = ORIENTED_EDGE('',*,*,#695,.T.);
#735 = ORIENTED_EDGE('',*,*,#187,.F.);
#736 = ORIENTED_EDGE('',*,*,#737,.F.);
#737 = EDGE_CURVE('',#714,#179,#738,.T.);
#738 = LINE('',#739,#740);
#739 = CARTESIAN_POINT('',(17.2,74.9,-9.27));
#740 = VECTOR('',#741,1.);
#741 = DIRECTION('',(0.,0.,1.));
#742 = PLANE('',#743);
#743 = AXIS2_PLACEMENT_3D('',#744,#745,#746);
#744 = CARTESIAN_POINT('',(17.2,61.4,-9.27));
#745 = DIRECTION('',(-1.,0.,0.));
#746 = DIRECTION('',(0.,1.,0.));
#747 = ADVANCED_FACE('',(#748),#789,.T.);
#748 = FACE_BOUND('',#749,.T.);
#749 = EDGE_LOOP('',(#750,#760,#766,#767,#775,#783));
#750 = ORIENTED_EDGE('',*,*,#751,.F.);
#751 = EDGE_CURVE('',#752,#754,#756,.T.);
#752 = VERTEX_POINT('',#753);
#753 = CARTESIAN_POINT('',(1.8,74.9,-9.27));
#754 = VERTEX_POINT('',#755);
#755 = CARTESIAN_POINT('',(1.8,61.4,-9.27));
#756 = LINE('',#757,#758);
#757 = CARTESIAN_POINT('',(1.8,74.9,-9.27));
#758 = VECTOR('',#759,1.);
#759 = DIRECTION('',(0.,-1.,0.));
#760 = ORIENTED_EDGE('',*,*,#761,.T.);
#761 = EDGE_CURVE('',#752,#171,#762,.T.);
#762 = LINE('',#763,#764);
#763 = CARTESIAN_POINT('',(1.8,74.9,-9.27));
#764 = VECTOR('',#765,1.);
#765 = DIRECTION('',(0.,0.,1.));
#766 = ORIENTED_EDGE('',*,*,#170,.F.);
#767 = ORIENTED_EDGE('',*,*,#768,.T.);
#768 = EDGE_CURVE('',#163,#769,#771,.T.);
#769 = VERTEX_POINT('',#770);
#770 = CARTESIAN_POINT('',(1.8,72.,0.));
#771 = LINE('',#772,#773);
#772 = CARTESIAN_POINT('',(1.8,72.,-4.635));
#773 = VECTOR('',#774,1.);
#774 = DIRECTION('',(0.,0.,-1.));
#775 = ORIENTED_EDGE('',*,*,#776,.T.);
#776 = EDGE_CURVE('',#769,#777,#779,.T.);
#777 = VERTEX_POINT('',#778);
#778 = CARTESIAN_POINT('',(1.8,61.4,0.));
#779 = LINE('',#780,#781);
#780 = CARTESIAN_POINT('',(1.8,55.45,0.));
#781 = VECTOR('',#782,1.);
#782 = DIRECTION('',(0.,-1.,0.));
#783 = ORIENTED_EDGE('',*,*,#784,.F.);
#784 = EDGE_CURVE('',#754,#777,#785,.T.);
#785 = LINE('',#786,#787);
#786 = CARTESIAN_POINT('',(1.8,61.4,-9.27));
#787 = VECTOR('',#788,1.);
#788 = DIRECTION('',(0.,0.,1.));
#789 = PLANE('',#790);
#790 = AXIS2_PLACEMENT_3D('',#791,#792,#793);
#791 = CARTESIAN_POINT('',(1.8,74.9,-9.27));
#792 = DIRECTION('',(1.,0.,0.));
#793 = DIRECTION('',(0.,-1.,0.));
#794 = ADVANCED_FACE('',(#795),#806,.F.);
#795 = FACE_BOUND('',#796,.F.);
#796 = EDGE_LOOP('',(#797,#803,#804,#805));
#797 = ORIENTED_EDGE('',*,*,#798,.F.);
#798 = EDGE_CURVE('',#389,#769,#799,.T.);
#799 = LINE('',#800,#801);
#800 = CARTESIAN_POINT('',(0.,72.,0.));
#801 = VECTOR('',#802,1.);
#802 = DIRECTION('',(1.,0.,0.));
#803 = ORIENTED_EDGE('',*,*,#403,.T.);
#804 = ORIENTED_EDGE('',*,*,#162,.F.);
#805 = ORIENTED_EDGE('',*,*,#768,.T.);
#806 = PLANE('',#807);
#807 = AXIS2_PLACEMENT_3D('',#808,#809,#810);
#808 = CARTESIAN_POINT('',(0.,72.,0.));
#809 = DIRECTION('',(0.,1.,0.));
#810 = DIRECTION('',(1.,0.,0.));
#811 = ADVANCED_FACE('',(#812),#831,.F.);
#812 = FACE_BOUND('',#813,.F.);
#813 = EDGE_LOOP('',(#814,#823,#829,#830));
#814 = ORIENTED_EDGE('',*,*,#815,.F.);
#815 = EDGE_CURVE('',#816,#816,#818,.T.);
#816 = VERTEX_POINT('',#817);
#817 = CARTESIAN_POINT('',(13.25,52.5,-11.22));
#818 = CIRCLE('',#819,3.75);
#819 = AXIS2_PLACEMENT_3D('',#820,#821,#822);
#820 = CARTESIAN_POINT('',(9.5,52.5,-11.22));
#821 = DIRECTION('',(0.,0.,1.));
#822 = DIRECTION('',(1.,0.,0.));
#823 = ORIENTED_EDGE('',*,*,#824,.T.);
#824 = EDGE_CURVE('',#816,#303,#825,.T.);
#825 = LINE('',#826,#827);
#826 = CARTESIAN_POINT('',(13.25,52.5,-11.22));
#827 = VECTOR('',#828,1.);
#828 = DIRECTION('',(-0.,-0.,-1.));
#829 = ORIENTED_EDGE('',*,*,#302,.T.);
#830 = ORIENTED_EDGE('',*,*,#824,.F.);
#831 = CYLINDRICAL_SURFACE('',#832,3.75);
#832 = AXIS2_PLACEMENT_3D('',#833,#834,#835);
#833 = CARTESIAN_POINT('',(9.5,52.5,-11.22));
#834 = DIRECTION('',(0.,0.,1.));
#835 = DIRECTION('',(1.,0.,0.));
#836 = ADVANCED_FACE('',(#837),#856,.F.);
#837 = FACE_BOUND('',#838,.F.);
#838 = EDGE_LOOP('',(#839,#848,#854,#855));
#839 = ORIENTED_EDGE('',*,*,#840,.F.);
#840 = EDGE_CURVE('',#841,#841,#843,.T.);
#841 = VERTEX_POINT('',#842);
#842 = CARTESIAN_POINT('',(35.25,52.5,-11.22));
#843 = CIRCLE('',#844,3.75);
#844 = AXIS2_PLACEMENT_3D('',#845,#846,#847);
#845 = CARTESIAN_POINT('',(31.5,52.5,-11.22));
#846 = DIRECTION('',(0.,0.,1.));
#847 = DIRECTION('',(1.,0.,0.));
#848 = ORIENTED_EDGE('',*,*,#849,.T.);
#849 = EDGE_CURVE('',#841,#314,#850,.T.);
#850 = LINE('',#851,#852);
#851 = CARTESIAN_POINT('',(35.25,52.5,-11.22));
#852 = VECTOR('',#853,1.);
#853 = DIRECTION('',(-0.,-0.,-1.));
#854 = ORIENTED_EDGE('',*,*,#313,.T.);
#855 = ORIENTED_EDGE('',*,*,#849,.F.);
#856 = CYLINDRICAL_SURFACE('',#857,3.75);
#857 = AXIS2_PLACEMENT_3D('',#858,#859,#860);
#858 = CARTESIAN_POINT('',(31.5,52.5,-11.22));
#859 = DIRECTION('',(0.,0.,1.));
#860 = DIRECTION('',(1.,0.,0.));
#861 = ADVANCED_FACE('',(#862),#881,.F.);
#862 = FACE_BOUND('',#863,.F.);
#863 = EDGE_LOOP('',(#864,#873,#879,#880));
#864 = ORIENTED_EDGE('',*,*,#865,.F.);
#865 = EDGE_CURVE('',#866,#866,#868,.T.);
#866 = VERTEX_POINT('',#867);
#867 = CARTESIAN_POINT('',(57.25,52.5,-11.22));
#868 = CIRCLE('',#869,3.75);
#869 = AXIS2_PLACEMENT_3D('',#870,#871,#872);
#870 = CARTESIAN_POINT('',(53.5,52.5,-11.22));
#871 = DIRECTION('',(0.,0.,1.));
#872 = DIRECTION('',(1.,0.,0.));
#873 = ORIENTED_EDGE('',*,*,#874,.T.);
#874 = EDGE_CURVE('',#866,#325,#875,.T.);
#875 = LINE('',#876,#877);
#876 = CARTESIAN_POINT('',(57.25,52.5,-11.22));
#877 = VECTOR('',#878,1.);
#878 = DIRECTION('',(-0.,-0.,-1.));
#879 = ORIENTED_EDGE('',*,*,#324,.T.);
#880 = ORIENTED_EDGE('',*,*,#874,.F.);
#881 = CYLINDRICAL_SURFACE('',#882,3.75);
#882 = AXIS2_PLACEMENT_3D('',#883,#884,#885);
#883 = CARTESIAN_POINT('',(53.5,52.5,-11.22));
#884 = DIRECTION('',(0.,0.,1.));
#885 = DIRECTION('',(1.,0.,0.));
#886 = ADVANCED_FACE('',(#887),#906,.F.);
#887 = FACE_BOUND('',#888,.F.);
#888 = EDGE_LOOP('',(#889,#898,#904,#905));
#889 = ORIENTED_EDGE('',*,*,#890,.F.);
#890 = EDGE_CURVE('',#891,#891,#893,.T.);
#891 = VERTEX_POINT('',#892);
#892 = CARTESIAN_POINT('',(13.25,78.5,-11.22));
#893 = CIRCLE('',#894,3.75);
#894 = AXIS2_PLACEMENT_3D('',#895,#896,#897);
#895 = CARTESIAN_POINT('',(9.5,78.5,-11.22));
#896 = DIRECTION('',(0.,0.,1.));
#897 = DIRECTION('',(1.,0.,0.));
#898 = ORIENTED_EDGE('',*,*,#899,.T.);
#899 = EDGE_CURVE('',#891,#336,#900,.T.);
#900 = LINE('',#901,#902);
#901 = CARTESIAN_POINT('',(13.25,78.5,-11.22));
#902 = VECTOR('',#903,1.);
#903 = DIRECTION('',(-0.,-0.,-1.));
#904 = ORIENTED_EDGE('',*,*,#335,.T.);
#905 = ORIENTED_EDGE('',*,*,#899,.F.);
#906 = CYLINDRICAL_SURFACE('',#907,3.75);
#907 = AXIS2_PLACEMENT_3D('',#908,#909,#910);
#908 = CARTESIAN_POINT('',(9.5,78.5,-11.22));
#909 = DIRECTION('',(0.,0.,1.));
#910 = DIRECTION('',(1.,0.,0.));
#911 = ADVANCED_FACE('',(#912),#931,.F.);
#912 = FACE_BOUND('',#913,.F.);
#913 = EDGE_LOOP('',(#914,#923,#929,#930));
#914 = ORIENTED_EDGE('',*,*,#915,.F.);
#915 = EDGE_CURVE('',#916,#916,#918,.T.);
#916 = VERTEX_POINT('',#917);
#917 = CARTESIAN_POINT('',(35.25,78.5,-11.22));
#918 = CIRCLE('',#919,3.75);
#919 = AXIS2_PLACEMENT_3D('',#920,#921,#922);
#920 = CARTESIAN_POINT('',(31.5,78.5,-11.22));
#921 = DIRECTION('',(0.,0.,1.));
#922 = DIRECTION('',(1.,0.,0.));
#923 = ORIENTED_EDGE('',*,*,#924,.T.);
#924 = EDGE_CURVE('',#916,#347,#925,.T.);
#925 = LINE('',#926,#927);
#926 = CARTESIAN_POINT('',(35.25,78.5,-11.22));
#927 = VECTOR('',#928,1.);
#928 = DIRECTION('',(-0.,-0.,-1.));
#929 = ORIENTED_EDGE('',*,*,#346,.T.);
#930 = ORIENTED_EDGE('',*,*,#924,.F.);
#931 = CYLINDRICAL_SURFACE('',#932,3.75);
#932 = AXIS2_PLACEMENT_3D('',#933,#934,#935);
#933 = CARTESIAN_POINT('',(31.5,78.5,-11.22));
#934 = DIRECTION('',(0.,0.,1.));
#935 = DIRECTION('',(1.,0.,0.));
#936 = ADVANCED_FACE('',(#937),#956,.F.);
#937 = FACE_BOUND('',#938,.F.);
#938 = EDGE_LOOP('',(#939,#948,#954,#955));
#939 = ORIENTED_EDGE('',*,*,#940,.F.);
#940 = EDGE_CURVE('',#941,#941,#943,.T.);
#941 = VERTEX_POINT('',#942);
#942 = CARTESIAN_POINT('',(57.25,78.5,-11.22));
#943 = CIRCLE('',#944,3.75);
#944 = AXIS2_PLACEMENT_3D('',#945,#946,#947);
#945 = CARTESIAN_POINT('',(53.5,78.5,-11.22));
#946 = DIRECTION('',(0.,0.,1.));
#947 = DIRECTION('',(1.,0.,0.));
#948 = ORIENTED_EDGE('',*,*,#949,.T.);
#949 = EDGE_CURVE('',#941,#358,#950,.T.);
#950 = LINE('',#951,#952);
#951 = CARTESIAN_POINT('',(57.25,78.5,-11.22));
#952 = VECTOR('',#953,1.);
#953 = DIRECTION('',(-0.,-0.,-1.));
#954 = ORIENTED_EDGE('',*,*,#357,.T.);
#955 = ORIENTED_EDGE('',*,*,#949,.F.);
#956 = CYLINDRICAL_SURFACE('',#957,3.75);
#957 = AXIS2_PLACEMENT_3D('',#958,#959,#960);
#958 = CARTESIAN_POINT('',(53.5,78.5,-11.22));
#959 = DIRECTION('',(0.,0.,1.));
#960 = DIRECTION('',(1.,0.,0.));
#961 = ADVANCED_FACE('',(#962,#995,#1030,#1065),#1100,.F.);
#962 = FACE_BOUND('',#963,.F.);
#963 = EDGE_LOOP('',(#964,#965,#966,#967,#968,#974,#975,#976,#977,#983,
    #984,#985,#986,#992,#993,#994));
#964 = ORIENTED_EDGE('',*,*,#417,.T.);
#965 = ORIENTED_EDGE('',*,*,#386,.T.);
#966 = ORIENTED_EDGE('',*,*,#798,.T.);
#967 = ORIENTED_EDGE('',*,*,#776,.T.);
#968 = ORIENTED_EDGE('',*,*,#969,.T.);
#969 = EDGE_CURVE('',#777,#722,#970,.T.);
#970 = LINE('',#971,#972);
#971 = CARTESIAN_POINT('',(16.65,61.4,0.));
#972 = VECTOR('',#973,1.);
#973 = DIRECTION('',(1.,0.,0.));
#974 = ORIENTED_EDGE('',*,*,#729,.T.);
#975 = ORIENTED_EDGE('',*,*,#687,.T.);
#976 = ORIENTED_EDGE('',*,*,#665,.T.);
#977 = ORIENTED_EDGE('',*,*,#978,.T.);
#978 = EDGE_CURVE('',#666,#611,#979,.T.);
#979 = LINE('',#980,#981);
#980 = CARTESIAN_POINT('',(27.65,61.4,0.));
#981 = VECTOR('',#982,1.);
#982 = DIRECTION('',(1.,0.,0.));
#983 = ORIENTED_EDGE('',*,*,#618,.T.);
#984 = ORIENTED_EDGE('',*,*,#576,.T.);
#985 = ORIENTED_EDGE('',*,*,#554,.T.);
#986 = ORIENTED_EDGE('',*,*,#987,.T.);
#987 = EDGE_CURVE('',#555,#500,#988,.T.);
#988 = LINE('',#989,#990);
#989 = CARTESIAN_POINT('',(38.65,61.4,0.));
#990 = VECTOR('',#991,1.);
#991 = DIRECTION('',(1.,0.,0.));
#992 = ORIENTED_EDGE('',*,*,#507,.T.);
#993 = ORIENTED_EDGE('',*,*,#465,.T.);
#994 = ORIENTED_EDGE('',*,*,#441,.T.);
#995 = FACE_BOUND('',#996,.F.);
#996 = EDGE_LOOP('',(#997,#1008,#1016,#1024));
#997 = ORIENTED_EDGE('',*,*,#998,.F.);
#998 = EDGE_CURVE('',#999,#1001,#1003,.T.);
#999 = VERTEX_POINT('',#1000);
#1000 = CARTESIAN_POINT('',(45.8,48.9,0.));
#1001 = VERTEX_POINT('',#1002);
#1002 = CARTESIAN_POINT('',(61.2,48.9,0.));
#1003 = CIRCLE('',#1004,8.5);
#1004 = AXIS2_PLACEMENT_3D('',#1005,#1006,#1007);
#1005 = CARTESIAN_POINT('',(53.5,52.5,0.));
#1006 = DIRECTION('',(0.,0.,-1.));
#1007 = DIRECTION('',(1.,0.,0.));
#1008 = ORIENTED_EDGE('',*,*,#1009,.T.);
#1009 = EDGE_CURVE('',#999,#1010,#1012,.T.);
#1010 = VERTEX_POINT('',#1011);
#1011 = CARTESIAN_POINT('',(45.8,35.4,0.));
#1012 = LINE('',#1013,#1014);
#1013 = CARTESIAN_POINT('',(45.8,42.45,0.));
#1014 = VECTOR('',#1015,1.);
#1015 = DIRECTION('',(0.,-1.,0.));
#1016 = ORIENTED_EDGE('',*,*,#1017,.T.);
#1017 = EDGE_CURVE('',#1010,#1018,#1020,.T.);
#1018 = VERTEX_POINT('',#1019);
#1019 = CARTESIAN_POINT('',(61.2,35.4,0.));
#1020 = LINE('',#1021,#1022);
#1021 = CARTESIAN_POINT('',(38.65,35.4,0.));
#1022 = VECTOR('',#1023,1.);
#1023 = DIRECTION('',(1.,0.,0.));
#1024 = ORIENTED_EDGE('',*,*,#1025,.T.);
#1025 = EDGE_CURVE('',#1018,#1001,#1026,.T.);
#1026 = LINE('',#1027,#1028);
#1027 = CARTESIAN_POINT('',(61.2,35.7,0.));
#1028 = VECTOR('',#1029,1.);
#1029 = DIRECTION('',(0.,1.,0.));
#1030 = FACE_BOUND('',#1031,.F.);
#1031 = EDGE_LOOP('',(#1032,#1043,#1051,#1059));
#1032 = ORIENTED_EDGE('',*,*,#1033,.F.);
#1033 = EDGE_CURVE('',#1034,#1036,#1038,.T.);
#1034 = VERTEX_POINT('',#1035);
#1035 = CARTESIAN_POINT('',(23.8,48.9,0.));
#1036 = VERTEX_POINT('',#1037);
#1037 = CARTESIAN_POINT('',(39.2,48.9,0.));
#1038 = CIRCLE('',#1039,8.5);
#1039 = AXIS2_PLACEMENT_3D('',#1040,#1041,#1042);
#1040 = CARTESIAN_POINT('',(31.5,52.5,0.));
#1041 = DIRECTION('',(0.,0.,-1.));
#1042 = DIRECTION('',(1.,0.,0.));
#1043 = ORIENTED_EDGE('',*,*,#1044,.T.);
#1044 = EDGE_CURVE('',#1034,#1045,#1047,.T.);
#1045 = VERTEX_POINT('',#1046);
#1046 = CARTESIAN_POINT('',(23.8,35.4,0.));
#1047 = LINE('',#1048,#1049);
#1048 = CARTESIAN_POINT('',(23.8,42.45,0.));
#1049 = VECTOR('',#1050,1.);
#1050 = DIRECTION('',(0.,-1.,0.));
#1051 = ORIENTED_EDGE('',*,*,#1052,.T.);
#1052 = EDGE_CURVE('',#1045,#1053,#1055,.T.);
#1053 = VERTEX_POINT('',#1054);
#1054 = CARTESIAN_POINT('',(39.2,35.4,0.));
#1055 = LINE('',#1056,#1057);
#1056 = CARTESIAN_POINT('',(27.65,35.4,0.));
#1057 = VECTOR('',#1058,1.);
#1058 = DIRECTION('',(1.,0.,0.));
#1059 = ORIENTED_EDGE('',*,*,#1060,.T.);
#1060 = EDGE_CURVE('',#1053,#1036,#1061,.T.);
#1061 = LINE('',#1062,#1063);
#1062 = CARTESIAN_POINT('',(39.2,35.7,0.));
#1063 = VECTOR('',#1064,1.);
#1064 = DIRECTION('',(0.,1.,0.));
#1065 = FACE_BOUND('',#1066,.F.);
#1066 = EDGE_LOOP('',(#1067,#1078,#1086,#1094));
#1067 = ORIENTED_EDGE('',*,*,#1068,.F.);
#1068 = EDGE_CURVE('',#1069,#1071,#1073,.T.);
#1069 = VERTEX_POINT('',#1070);
#1070 = CARTESIAN_POINT('',(1.8,48.9,0.));
#1071 = VERTEX_POINT('',#1072);
#1072 = CARTESIAN_POINT('',(17.2,48.9,0.));
#1073 = CIRCLE('',#1074,8.5);
#1074 = AXIS2_PLACEMENT_3D('',#1075,#1076,#1077);
#1075 = CARTESIAN_POINT('',(9.5,52.5,0.));
#1076 = DIRECTION('',(0.,0.,-1.));
#1077 = DIRECTION('',(1.,0.,0.));
#1078 = ORIENTED_EDGE('',*,*,#1079,.T.);
#1079 = EDGE_CURVE('',#1069,#1080,#1082,.T.);
#1080 = VERTEX_POINT('',#1081);
#1081 = CARTESIAN_POINT('',(1.8,35.4,0.));
#1082 = LINE('',#1083,#1084);
#1083 = CARTESIAN_POINT('',(1.8,42.45,0.));
#1084 = VECTOR('',#1085,1.);
#1085 = DIRECTION('',(0.,-1.,0.));
#1086 = ORIENTED_EDGE('',*,*,#1087,.T.);
#1087 = EDGE_CURVE('',#1080,#1088,#1090,.T.);
#1088 = VERTEX_POINT('',#1089);
#1089 = CARTESIAN_POINT('',(17.2,35.4,0.));
#1090 = LINE('',#1091,#1092);
#1091 = CARTESIAN_POINT('',(16.65,35.4,0.));
#1092 = VECTOR('',#1093,1.);
#1093 = DIRECTION('',(1.,0.,0.));
#1094 = ORIENTED_EDGE('',*,*,#1095,.T.);
#1095 = EDGE_CURVE('',#1088,#1071,#1096,.T.);
#1096 = LINE('',#1097,#1098);
#1097 = CARTESIAN_POINT('',(17.2,35.7,0.));
#1098 = VECTOR('',#1099,1.);
#1099 = DIRECTION('',(0.,1.,0.));
#1100 = PLANE('',#1101);
#1101 = AXIS2_PLACEMENT_3D('',#1102,#1103,#1104);
#1102 = CARTESIAN_POINT('',(31.5,36.,0.));
#1103 = DIRECTION('',(-0.,-0.,-1.));
#1104 = DIRECTION('',(-1.,0.,0.));
#1105 = ADVANCED_FACE('',(#1106,#1140),#1174,.T.);
#1106 = FACE_BOUND('',#1107,.T.);
#1107 = EDGE_LOOP('',(#1108,#1109,#1118,#1126,#1133,#1134));
#1108 = ORIENTED_EDGE('',*,*,#489,.T.);
#1109 = ORIENTED_EDGE('',*,*,#1110,.F.);
#1110 = EDGE_CURVE('',#1111,#492,#1113,.T.);
#1111 = VERTEX_POINT('',#1112);
#1112 = CARTESIAN_POINT('',(59.713694553162,72.7,-9.27));
#1113 = CIRCLE('',#1114,8.5);
#1114 = AXIS2_PLACEMENT_3D('',#1115,#1116,#1117);
#1115 = CARTESIAN_POINT('',(53.5,78.5,-9.27));
#1116 = DIRECTION('',(0.,0.,1.));
#1117 = DIRECTION('',(1.,0.,0.));
#1118 = ORIENTED_EDGE('',*,*,#1119,.F.);
#1119 = EDGE_CURVE('',#1120,#1111,#1122,.T.);
#1120 = VERTEX_POINT('',#1121);
#1121 = CARTESIAN_POINT('',(47.286305446838,72.7,-9.27));
#1122 = LINE('',#1123,#1124);
#1123 = CARTESIAN_POINT('',(47.286305446838,72.7,-9.27));
#1124 = VECTOR('',#1125,1.);
#1125 = DIRECTION('',(1.,0.,0.));
#1126 = ORIENTED_EDGE('',*,*,#1127,.F.);
#1127 = EDGE_CURVE('',#530,#1120,#1128,.T.);
#1128 = CIRCLE('',#1129,8.5);
#1129 = AXIS2_PLACEMENT_3D('',#1130,#1131,#1132);
#1130 = CARTESIAN_POINT('',(53.5,78.5,-9.27));
#1131 = DIRECTION('',(0.,0.,1.));
#1132 = DIRECTION('',(1.,0.,0.));
#1133 = ORIENTED_EDGE('',*,*,#529,.T.);
#1134 = ORIENTED_EDGE('',*,*,#1135,.T.);
#1135 = EDGE_CURVE('',#532,#490,#1136,.T.);
#1136 = LINE('',#1137,#1138);
#1137 = CARTESIAN_POINT('',(45.8,61.4,-9.27));
#1138 = VECTOR('',#1139,1.);
#1139 = DIRECTION('',(1.,0.,0.));
#1140 = FACE_BOUND('',#1141,.T.);
#1141 = EDGE_LOOP('',(#1142,#1152,#1160,#1168));
#1142 = ORIENTED_EDGE('',*,*,#1143,.F.);
#1143 = EDGE_CURVE('',#1144,#1146,#1148,.T.);
#1144 = VERTEX_POINT('',#1145);
#1145 = CARTESIAN_POINT('',(46.82,72.1,-9.27));
#1146 = VERTEX_POINT('',#1147);
#1147 = CARTESIAN_POINT('',(46.82,68.4,-9.27));
#1148 = LINE('',#1149,#1150);
#1149 = CARTESIAN_POINT('',(46.82,72.1,-9.27));
#1150 = VECTOR('',#1151,1.);
#1151 = DIRECTION('',(0.,-1.,0.));
#1152 = ORIENTED_EDGE('',*,*,#1153,.F.);
#1153 = EDGE_CURVE('',#1154,#1144,#1156,.T.);
#1154 = VERTEX_POINT('',#1155);
#1155 = CARTESIAN_POINT('',(60.2,72.1,-9.27));
#1156 = LINE('',#1157,#1158);
#1157 = CARTESIAN_POINT('',(60.2,72.1,-9.27));
#1158 = VECTOR('',#1159,1.);
#1159 = DIRECTION('',(-1.,0.,0.));
#1160 = ORIENTED_EDGE('',*,*,#1161,.F.);
#1161 = EDGE_CURVE('',#1162,#1154,#1164,.T.);
#1162 = VERTEX_POINT('',#1163);
#1163 = CARTESIAN_POINT('',(60.2,68.4,-9.27));
#1164 = LINE('',#1165,#1166);
#1165 = CARTESIAN_POINT('',(60.2,68.4,-9.27));
#1166 = VECTOR('',#1167,1.);
#1167 = DIRECTION('',(0.,1.,0.));
#1168 = ORIENTED_EDGE('',*,*,#1169,.F.);
#1169 = EDGE_CURVE('',#1146,#1162,#1170,.T.);
#1170 = LINE('',#1171,#1172);
#1171 = CARTESIAN_POINT('',(46.82,68.4,-9.27));
#1172 = VECTOR('',#1173,1.);
#1173 = DIRECTION('',(1.,0.,0.));
#1174 = PLANE('',#1175);
#1175 = AXIS2_PLACEMENT_3D('',#1176,#1177,#1178);
#1176 = CARTESIAN_POINT('',(53.5,72.555848118596,-9.27));
#1177 = DIRECTION('',(0.,0.,1.));
#1178 = DIRECTION('',(1.,0.,0.));
#1179 = ADVANCED_FACE('',(#1180),#1186,.T.);
#1180 = FACE_BOUND('',#1181,.T.);
#1181 = EDGE_LOOP('',(#1182,#1183,#1184,#1185));
#1182 = ORIENTED_EDGE('',*,*,#1135,.F.);
#1183 = ORIENTED_EDGE('',*,*,#562,.T.);
#1184 = ORIENTED_EDGE('',*,*,#987,.T.);
#1185 = ORIENTED_EDGE('',*,*,#499,.F.);
#1186 = PLANE('',#1187);
#1187 = AXIS2_PLACEMENT_3D('',#1188,#1189,#1190);
#1188 = CARTESIAN_POINT('',(45.8,61.4,-9.27));
#1189 = DIRECTION('',(0.,1.,0.));
#1190 = DIRECTION('',(1.,0.,0.));
#1191 = ADVANCED_FACE('',(#1192),#1233,.F.);
#1192 = FACE_BOUND('',#1193,.F.);
#1193 = EDGE_LOOP('',(#1194,#1202,#1210,#1218,#1226,#1232));
#1194 = ORIENTED_EDGE('',*,*,#1195,.T.);
#1195 = EDGE_CURVE('',#1120,#1196,#1198,.T.);
#1196 = VERTEX_POINT('',#1197);
#1197 = CARTESIAN_POINT('',(47.286305446838,72.7,-10.57));
#1198 = LINE('',#1199,#1200);
#1199 = CARTESIAN_POINT('',(47.286305446838,72.7,-9.27));
#1200 = VECTOR('',#1201,1.);
#1201 = DIRECTION('',(-0.,-0.,-1.));
#1202 = ORIENTED_EDGE('',*,*,#1203,.T.);
#1203 = EDGE_CURVE('',#1196,#1204,#1206,.T.);
#1204 = VERTEX_POINT('',#1205);
#1205 = CARTESIAN_POINT('',(51.309109769979,72.7,-10.57));
#1206 = LINE('',#1207,#1208);
#1207 = CARTESIAN_POINT('',(47.286305446838,72.7,-10.57));
#1208 = VECTOR('',#1209,1.);
#1209 = DIRECTION('',(1.,0.,0.));
#1210 = ORIENTED_EDGE('',*,*,#1211,.T.);
#1211 = EDGE_CURVE('',#1204,#1212,#1214,.T.);
#1212 = VERTEX_POINT('',#1213);
#1213 = CARTESIAN_POINT('',(55.690890230021,72.7,-10.57));
#1214 = LINE('',#1215,#1216);
#1215 = CARTESIAN_POINT('',(47.286305446838,72.7,-10.57));
#1216 = VECTOR('',#1217,1.);
#1217 = DIRECTION('',(1.,0.,0.));
#1218 = ORIENTED_EDGE('',*,*,#1219,.T.);
#1219 = EDGE_CURVE('',#1212,#1220,#1222,.T.);
#1220 = VERTEX_POINT('',#1221);
#1221 = CARTESIAN_POINT('',(59.713694553162,72.7,-10.57));
#1222 = LINE('',#1223,#1224);
#1223 = CARTESIAN_POINT('',(47.286305446838,72.7,-10.57));
#1224 = VECTOR('',#1225,1.);
#1225 = DIRECTION('',(1.,0.,0.));
#1226 = ORIENTED_EDGE('',*,*,#1227,.F.);
#1227 = EDGE_CURVE('',#1111,#1220,#1228,.T.);
#1228 = LINE('',#1229,#1230);
#1229 = CARTESIAN_POINT('',(59.713694553162,72.7,-9.27));
#1230 = VECTOR('',#1231,1.);
#1231 = DIRECTION('',(-0.,-0.,-1.));
#1232 = ORIENTED_EDGE('',*,*,#1119,.F.);
#1233 = PLANE('',#1234);
#1234 = AXIS2_PLACEMENT_3D('',#1235,#1236,#1237);
#1235 = CARTESIAN_POINT('',(47.286305446838,72.7,-9.27));
#1236 = DIRECTION('',(0.,-1.,0.));
#1237 = DIRECTION('',(1.,0.,0.));
#1238 = ADVANCED_FACE('',(#1239),#1266,.T.);
#1239 = FACE_BOUND('',#1240,.T.);
#1240 = EDGE_LOOP('',(#1241,#1251,#1258,#1259));
#1241 = ORIENTED_EDGE('',*,*,#1242,.T.);
#1242 = EDGE_CURVE('',#1243,#1245,#1247,.T.);
#1243 = VERTEX_POINT('',#1244);
#1244 = CARTESIAN_POINT('',(51.309109769979,84.3,-10.57));
#1245 = VERTEX_POINT('',#1246);
#1246 = CARTESIAN_POINT('',(47.286305446838,84.3,-10.57));
#1247 = LINE('',#1248,#1249);
#1248 = CARTESIAN_POINT('',(59.713694553162,84.3,-10.57));
#1249 = VECTOR('',#1250,1.);
#1250 = DIRECTION('',(-1.,0.,0.));
#1251 = ORIENTED_EDGE('',*,*,#1252,.T.);
#1252 = EDGE_CURVE('',#1245,#1196,#1253,.T.);
#1253 = CIRCLE('',#1254,8.5);
#1254 = AXIS2_PLACEMENT_3D('',#1255,#1256,#1257);
#1255 = CARTESIAN_POINT('',(53.5,78.5,-10.57));
#1256 = DIRECTION('',(0.,0.,1.));
#1257 = DIRECTION('',(1.,0.,0.));
#1258 = ORIENTED_EDGE('',*,*,#1203,.T.);
#1259 = ORIENTED_EDGE('',*,*,#1260,.F.);
#1260 = EDGE_CURVE('',#1243,#1204,#1261,.T.);
#1261 = CIRCLE('',#1262,6.2);
#1262 = AXIS2_PLACEMENT_3D('',#1263,#1264,#1265);
#1263 = CARTESIAN_POINT('',(53.5,78.5,-10.57));
#1264 = DIRECTION('',(0.,0.,1.));
#1265 = DIRECTION('',(1.,0.,0.));
#1266 = PLANE('',#1267);
#1267 = AXIS2_PLACEMENT_3D('',#1268,#1269,#1270);
#1268 = CARTESIAN_POINT('',(53.5,78.5,-10.57));
#1269 = DIRECTION('',(0.,0.,1.));
#1270 = DIRECTION('',(1.,0.,0.));
#1271 = ADVANCED_FACE('',(#1272),#1313,.F.);
#1272 = FACE_BOUND('',#1273,.F.);
#1273 = EDGE_LOOP('',(#1274,#1284,#1292,#1298,#1299,#1307));
#1274 = ORIENTED_EDGE('',*,*,#1275,.T.);
#1275 = EDGE_CURVE('',#1276,#1278,#1280,.T.);
#1276 = VERTEX_POINT('',#1277);
#1277 = CARTESIAN_POINT('',(59.713694553162,84.3,-9.27));
#1278 = VERTEX_POINT('',#1279);
#1279 = CARTESIAN_POINT('',(59.713694553162,84.3,-10.57));
#1280 = LINE('',#1281,#1282);
#1281 = CARTESIAN_POINT('',(59.713694553162,84.3,-9.27));
#1282 = VECTOR('',#1283,1.);
#1283 = DIRECTION('',(-0.,-0.,-1.));
#1284 = ORIENTED_EDGE('',*,*,#1285,.T.);
#1285 = EDGE_CURVE('',#1278,#1286,#1288,.T.);
#1286 = VERTEX_POINT('',#1287);
#1287 = CARTESIAN_POINT('',(55.690890230021,84.3,-10.57));
#1288 = LINE('',#1289,#1290);
#1289 = CARTESIAN_POINT('',(59.713694553162,84.3,-10.57));
#1290 = VECTOR('',#1291,1.);
#1291 = DIRECTION('',(-1.,0.,0.));
#1292 = ORIENTED_EDGE('',*,*,#1293,.T.);
#1293 = EDGE_CURVE('',#1286,#1243,#1294,.T.);
#1294 = LINE('',#1295,#1296);
#1295 = CARTESIAN_POINT('',(59.713694553162,84.3,-10.57));
#1296 = VECTOR('',#1297,1.);
#1297 = DIRECTION('',(-1.,0.,0.));
#1298 = ORIENTED_EDGE('',*,*,#1242,.T.);
#1299 = ORIENTED_EDGE('',*,*,#1300,.F.);
#1300 = EDGE_CURVE('',#1301,#1245,#1303,.T.);
#1301 = VERTEX_POINT('',#1302);
#1302 = CARTESIAN_POINT('',(47.286305446838,84.3,-9.27));
#1303 = LINE('',#1304,#1305);
#1304 = CARTESIAN_POINT('',(47.286305446838,84.3,-9.27));
#1305 = VECTOR('',#1306,1.);
#1306 = DIRECTION('',(-0.,-0.,-1.));
#1307 = ORIENTED_EDGE('',*,*,#1308,.F.);
#1308 = EDGE_CURVE('',#1276,#1301,#1309,.T.);
#1309 = LINE('',#1310,#1311);
#1310 = CARTESIAN_POINT('',(59.713694553162,84.3,-9.27));
#1311 = VECTOR('',#1312,1.);
#1312 = DIRECTION('',(-1.,0.,0.));
#1313 = PLANE('',#1314);
#1314 = AXIS2_PLACEMENT_3D('',#1315,#1316,#1317);
#1315 = CARTESIAN_POINT('',(59.713694553162,84.3,-9.27));
#1316 = DIRECTION('',(0.,1.,0.));
#1317 = DIRECTION('',(-1.,0.,0.));
#1318 = ADVANCED_FACE('',(#1319),#1329,.T.);
#1319 = FACE_BOUND('',#1320,.T.);
#1320 = EDGE_LOOP('',(#1321,#1322));
#1321 = ORIENTED_EDGE('',*,*,#1308,.F.);
#1322 = ORIENTED_EDGE('',*,*,#1323,.T.);
#1323 = EDGE_CURVE('',#1276,#1301,#1324,.T.);
#1324 = CIRCLE('',#1325,8.5);
#1325 = AXIS2_PLACEMENT_3D('',#1326,#1327,#1328);
#1326 = CARTESIAN_POINT('',(53.5,78.5,-9.27));
#1327 = DIRECTION('',(0.,0.,1.));
#1328 = DIRECTION('',(1.,0.,0.));
#1329 = PLANE('',#1330);
#1330 = AXIS2_PLACEMENT_3D('',#1331,#1332,#1333);
#1331 = CARTESIAN_POINT('',(53.5,72.555848118596,-9.27));
#1332 = DIRECTION('',(0.,0.,1.));
#1333 = DIRECTION('',(1.,0.,0.));
#1334 = ADVANCED_FACE('',(#1335),#1386,.T.);
#1335 = FACE_BOUND('',#1336,.T.);
#1336 = EDGE_LOOP('',(#1337,#1346,#1347,#1354,#1355,#1364,#1372,#1380));
#1337 = ORIENTED_EDGE('',*,*,#1338,.T.);
#1338 = EDGE_CURVE('',#1339,#1278,#1341,.T.);
#1339 = VERTEX_POINT('',#1340);
#1340 = CARTESIAN_POINT('',(61.850236588295,80.088568197936,-10.57));
#1341 = CIRCLE('',#1342,8.5);
#1342 = AXIS2_PLACEMENT_3D('',#1343,#1344,#1345);
#1343 = CARTESIAN_POINT('',(53.5,78.5,-10.57));
#1344 = DIRECTION('',(0.,0.,1.));
#1345 = DIRECTION('',(1.,0.,0.));
#1346 = ORIENTED_EDGE('',*,*,#1285,.T.);
#1347 = ORIENTED_EDGE('',*,*,#1348,.F.);
#1348 = EDGE_CURVE('',#1212,#1286,#1349,.T.);
#1349 = CIRCLE('',#1350,6.2);
#1350 = AXIS2_PLACEMENT_3D('',#1351,#1352,#1353);
#1351 = CARTESIAN_POINT('',(53.5,78.5,-10.57));
#1352 = DIRECTION('',(0.,0.,1.));
#1353 = DIRECTION('',(1.,0.,0.));
#1354 = ORIENTED_EDGE('',*,*,#1219,.T.);
#1355 = ORIENTED_EDGE('',*,*,#1356,.T.);
#1356 = EDGE_CURVE('',#1220,#1357,#1359,.T.);
#1357 = VERTEX_POINT('',#1358);
#1358 = CARTESIAN_POINT('',(61.850236588295,76.911431802064,-10.57));
#1359 = CIRCLE('',#1360,8.5);
#1360 = AXIS2_PLACEMENT_3D('',#1361,#1362,#1363);
#1361 = CARTESIAN_POINT('',(53.5,78.5,-10.57));
#1362 = DIRECTION('',(0.,0.,1.));
#1363 = DIRECTION('',(1.,0.,0.));
#1364 = ORIENTED_EDGE('',*,*,#1365,.F.);
#1365 = EDGE_CURVE('',#1366,#1357,#1368,.T.);
#1366 = VERTEX_POINT('',#1367);
#1367 = CARTESIAN_POINT('',(60.646659876658,77.112322844714,-10.57));
#1368 = LINE('',#1369,#1370);
#1369 = CARTESIAN_POINT('',(60.646659876658,77.112322844714,-10.57));
#1370 = VECTOR('',#1371,1.);
#1371 = DIRECTION('',(0.986354701848,-0.164634146341,0.));
#1372 = ORIENTED_EDGE('',*,*,#1373,.F.);
#1373 = EDGE_CURVE('',#1374,#1366,#1376,.T.);
#1374 = VERTEX_POINT('',#1375);
#1375 = CARTESIAN_POINT('',(60.646659876658,79.887677155286,-10.57));
#1376 = LINE('',#1377,#1378);
#1377 = CARTESIAN_POINT('',(60.646659876658,79.887677155286,-10.57));
#1378 = VECTOR('',#1379,1.);
#1379 = DIRECTION('',(0.,-1.,0.));
#1380 = ORIENTED_EDGE('',*,*,#1381,.F.);
#1381 = EDGE_CURVE('',#1339,#1374,#1382,.T.);
#1382 = LINE('',#1383,#1384);
#1383 = CARTESIAN_POINT('',(61.850236588295,80.088568197936,-10.57));
#1384 = VECTOR('',#1385,1.);
#1385 = DIRECTION('',(-0.986354701848,-0.164634146341,0.));
#1386 = PLANE('',#1387);
#1387 = AXIS2_PLACEMENT_3D('',#1388,#1389,#1390);
#1388 = CARTESIAN_POINT('',(53.5,78.5,-10.57));
#1389 = DIRECTION('',(0.,0.,1.));
#1390 = DIRECTION('',(1.,0.,0.));
#1391 = ADVANCED_FACE('',(#1392,#1426),#1460,.T.);
#1392 = FACE_BOUND('',#1393,.T.);
#1393 = EDGE_LOOP('',(#1394,#1395,#1404,#1412,#1419,#1420));
#1394 = ORIENTED_EDGE('',*,*,#600,.T.);
#1395 = ORIENTED_EDGE('',*,*,#1396,.F.);
#1396 = EDGE_CURVE('',#1397,#603,#1399,.T.);
#1397 = VERTEX_POINT('',#1398);
#1398 = CARTESIAN_POINT('',(37.713694553162,72.7,-9.27));
#1399 = CIRCLE('',#1400,8.5);
#1400 = AXIS2_PLACEMENT_3D('',#1401,#1402,#1403);
#1401 = CARTESIAN_POINT('',(31.5,78.5,-9.27));
#1402 = DIRECTION('',(0.,0.,1.));
#1403 = DIRECTION('',(1.,0.,0.));
#1404 = ORIENTED_EDGE('',*,*,#1405,.F.);
#1405 = EDGE_CURVE('',#1406,#1397,#1408,.T.);
#1406 = VERTEX_POINT('',#1407);
#1407 = CARTESIAN_POINT('',(25.286305446838,72.7,-9.27));
#1408 = LINE('',#1409,#1410);
#1409 = CARTESIAN_POINT('',(25.286305446838,72.7,-9.27));
#1410 = VECTOR('',#1411,1.);
#1411 = DIRECTION('',(1.,0.,0.));
#1412 = ORIENTED_EDGE('',*,*,#1413,.F.);
#1413 = EDGE_CURVE('',#641,#1406,#1414,.T.);
#1414 = CIRCLE('',#1415,8.5);
#1415 = AXIS2_PLACEMENT_3D('',#1416,#1417,#1418);
#1416 = CARTESIAN_POINT('',(31.5,78.5,-9.27));
#1417 = DIRECTION('',(0.,0.,1.));
#1418 = DIRECTION('',(1.,0.,0.));
#1419 = ORIENTED_EDGE('',*,*,#640,.T.);
#1420 = ORIENTED_EDGE('',*,*,#1421,.T.);
#1421 = EDGE_CURVE('',#643,#601,#1422,.T.);
#1422 = LINE('',#1423,#1424);
#1423 = CARTESIAN_POINT('',(23.8,61.4,-9.27));
#1424 = VECTOR('',#1425,1.);
#1425 = DIRECTION('',(1.,0.,0.));
#1426 = FACE_BOUND('',#1427,.T.);
#1427 = EDGE_LOOP('',(#1428,#1438,#1446,#1454));
#1428 = ORIENTED_EDGE('',*,*,#1429,.F.);
#1429 = EDGE_CURVE('',#1430,#1432,#1434,.T.);
#1430 = VERTEX_POINT('',#1431);
#1431 = CARTESIAN_POINT('',(24.82,72.1,-9.27));
#1432 = VERTEX_POINT('',#1433);
#1433 = CARTESIAN_POINT('',(24.82,68.4,-9.27));
#1434 = LINE('',#1435,#1436);
#1435 = CARTESIAN_POINT('',(24.82,72.1,-9.27));
#1436 = VECTOR('',#1437,1.);
#1437 = DIRECTION('',(0.,-1.,0.));
#1438 = ORIENTED_EDGE('',*,*,#1439,.F.);
#1439 = EDGE_CURVE('',#1440,#1430,#1442,.T.);
#1440 = VERTEX_POINT('',#1441);
#1441 = CARTESIAN_POINT('',(38.2,72.1,-9.27));
#1442 = LINE('',#1443,#1444);
#1443 = CARTESIAN_POINT('',(38.2,72.1,-9.27));
#1444 = VECTOR('',#1445,1.);
#1445 = DIRECTION('',(-1.,0.,0.));
#1446 = ORIENTED_EDGE('',*,*,#1447,.F.);
#1447 = EDGE_CURVE('',#1448,#1440,#1450,.T.);
#1448 = VERTEX_POINT('',#1449);
#1449 = CARTESIAN_POINT('',(38.2,68.4,-9.27));
#1450 = LINE('',#1451,#1452);
#1451 = CARTESIAN_POINT('',(38.2,68.4,-9.27));
#1452 = VECTOR('',#1453,1.);
#1453 = DIRECTION('',(0.,1.,0.));
#1454 = ORIENTED_EDGE('',*,*,#1455,.F.);
#1455 = EDGE_CURVE('',#1432,#1448,#1456,.T.);
#1456 = LINE('',#1457,#1458);
#1457 = CARTESIAN_POINT('',(24.82,68.4,-9.27));
#1458 = VECTOR('',#1459,1.);
#1459 = DIRECTION('',(1.,0.,0.));
#1460 = PLANE('',#1461);
#1461 = AXIS2_PLACEMENT_3D('',#1462,#1463,#1464);
#1462 = CARTESIAN_POINT('',(31.5,72.555848118596,-9.27));
#1463 = DIRECTION('',(0.,0.,1.));
#1464 = DIRECTION('',(1.,0.,0.));
#1465 = ADVANCED_FACE('',(#1466),#1472,.T.);
#1466 = FACE_BOUND('',#1467,.T.);
#1467 = EDGE_LOOP('',(#1468,#1469,#1470,#1471));
#1468 = ORIENTED_EDGE('',*,*,#1421,.F.);
#1469 = ORIENTED_EDGE('',*,*,#673,.T.);
#1470 = ORIENTED_EDGE('',*,*,#978,.T.);
#1471 = ORIENTED_EDGE('',*,*,#610,.F.);
#1472 = PLANE('',#1473);
#1473 = AXIS2_PLACEMENT_3D('',#1474,#1475,#1476);
#1474 = CARTESIAN_POINT('',(23.8,61.4,-9.27));
#1475 = DIRECTION('',(0.,1.,0.));
#1476 = DIRECTION('',(1.,0.,0.));
#1477 = ADVANCED_FACE('',(#1478),#1519,.F.);
#1478 = FACE_BOUND('',#1479,.F.);
#1479 = EDGE_LOOP('',(#1480,#1488,#1496,#1504,#1512,#1518));
#1480 = ORIENTED_EDGE('',*,*,#1481,.T.);
#1481 = EDGE_CURVE('',#1406,#1482,#1484,.T.);
#1482 = VERTEX_POINT('',#1483);
#1483 = CARTESIAN_POINT('',(25.286305446838,72.7,-10.57));
#1484 = LINE('',#1485,#1486);
#1485 = CARTESIAN_POINT('',(25.286305446838,72.7,-9.27));
#1486 = VECTOR('',#1487,1.);
#1487 = DIRECTION('',(-0.,-0.,-1.));
#1488 = ORIENTED_EDGE('',*,*,#1489,.T.);
#1489 = EDGE_CURVE('',#1482,#1490,#1492,.T.);
#1490 = VERTEX_POINT('',#1491);
#1491 = CARTESIAN_POINT('',(29.309109769979,72.7,-10.57));
#1492 = LINE('',#1493,#1494);
#1493 = CARTESIAN_POINT('',(25.286305446838,72.7,-10.57));
#1494 = VECTOR('',#1495,1.);
#1495 = DIRECTION('',(1.,0.,0.));
#1496 = ORIENTED_EDGE('',*,*,#1497,.T.);
#1497 = EDGE_CURVE('',#1490,#1498,#1500,.T.);
#1498 = VERTEX_POINT('',#1499);
#1499 = CARTESIAN_POINT('',(33.690890230021,72.7,-10.57));
#1500 = LINE('',#1501,#1502);
#1501 = CARTESIAN_POINT('',(25.286305446838,72.7,-10.57));
#1502 = VECTOR('',#1503,1.);
#1503 = DIRECTION('',(1.,0.,0.));
#1504 = ORIENTED_EDGE('',*,*,#1505,.T.);
#1505 = EDGE_CURVE('',#1498,#1506,#1508,.T.);
#1506 = VERTEX_POINT('',#1507);
#1507 = CARTESIAN_POINT('',(37.713694553162,72.7,-10.57));
#1508 = LINE('',#1509,#1510);
#1509 = CARTESIAN_POINT('',(25.286305446838,72.7,-10.57));
#1510 = VECTOR('',#1511,1.);
#1511 = DIRECTION('',(1.,0.,0.));
#1512 = ORIENTED_EDGE('',*,*,#1513,.F.);
#1513 = EDGE_CURVE('',#1397,#1506,#1514,.T.);
#1514 = LINE('',#1515,#1516);
#1515 = CARTESIAN_POINT('',(37.713694553162,72.7,-9.27));
#1516 = VECTOR('',#1517,1.);
#1517 = DIRECTION('',(-0.,-0.,-1.));
#1518 = ORIENTED_EDGE('',*,*,#1405,.F.);
#1519 = PLANE('',#1520);
#1520 = AXIS2_PLACEMENT_3D('',#1521,#1522,#1523);
#1521 = CARTESIAN_POINT('',(25.286305446838,72.7,-9.27));
#1522 = DIRECTION('',(0.,-1.,0.));
#1523 = DIRECTION('',(1.,0.,0.));
#1524 = ADVANCED_FACE('',(#1525),#1552,.T.);
#1525 = FACE_BOUND('',#1526,.T.);
#1526 = EDGE_LOOP('',(#1527,#1537,#1544,#1545));
#1527 = ORIENTED_EDGE('',*,*,#1528,.T.);
#1528 = EDGE_CURVE('',#1529,#1531,#1533,.T.);
#1529 = VERTEX_POINT('',#1530);
#1530 = CARTESIAN_POINT('',(29.309109769979,84.3,-10.57));
#1531 = VERTEX_POINT('',#1532);
#1532 = CARTESIAN_POINT('',(25.286305446838,84.3,-10.57));
#1533 = LINE('',#1534,#1535);
#1534 = CARTESIAN_POINT('',(37.713694553162,84.3,-10.57));
#1535 = VECTOR('',#1536,1.);
#1536 = DIRECTION('',(-1.,0.,0.));
#1537 = ORIENTED_EDGE('',*,*,#1538,.T.);
#1538 = EDGE_CURVE('',#1531,#1482,#1539,.T.);
#1539 = CIRCLE('',#1540,8.5);
#1540 = AXIS2_PLACEMENT_3D('',#1541,#1542,#1543);
#1541 = CARTESIAN_POINT('',(31.5,78.5,-10.57));
#1542 = DIRECTION('',(0.,0.,1.));
#1543 = DIRECTION('',(1.,0.,0.));
#1544 = ORIENTED_EDGE('',*,*,#1489,.T.);
#1545 = ORIENTED_EDGE('',*,*,#1546,.F.);
#1546 = EDGE_CURVE('',#1529,#1490,#1547,.T.);
#1547 = CIRCLE('',#1548,6.2);
#1548 = AXIS2_PLACEMENT_3D('',#1549,#1550,#1551);
#1549 = CARTESIAN_POINT('',(31.5,78.5,-10.57));
#1550 = DIRECTION('',(0.,0.,1.));
#1551 = DIRECTION('',(1.,0.,0.));
#1552 = PLANE('',#1553);
#1553 = AXIS2_PLACEMENT_3D('',#1554,#1555,#1556);
#1554 = CARTESIAN_POINT('',(31.5,78.5,-10.57));
#1555 = DIRECTION('',(0.,0.,1.));
#1556 = DIRECTION('',(1.,0.,0.));
#1557 = ADVANCED_FACE('',(#1558),#1599,.F.);
#1558 = FACE_BOUND('',#1559,.F.);
#1559 = EDGE_LOOP('',(#1560,#1570,#1578,#1584,#1585,#1593));
#1560 = ORIENTED_EDGE('',*,*,#1561,.T.);
#1561 = EDGE_CURVE('',#1562,#1564,#1566,.T.);
#1562 = VERTEX_POINT('',#1563);
#1563 = CARTESIAN_POINT('',(37.713694553162,84.3,-9.27));
#1564 = VERTEX_POINT('',#1565);
#1565 = CARTESIAN_POINT('',(37.713694553162,84.3,-10.57));
#1566 = LINE('',#1567,#1568);
#1567 = CARTESIAN_POINT('',(37.713694553162,84.3,-9.27));
#1568 = VECTOR('',#1569,1.);
#1569 = DIRECTION('',(-0.,-0.,-1.));
#1570 = ORIENTED_EDGE('',*,*,#1571,.T.);
#1571 = EDGE_CURVE('',#1564,#1572,#1574,.T.);
#1572 = VERTEX_POINT('',#1573);
#1573 = CARTESIAN_POINT('',(33.690890230021,84.3,-10.57));
#1574 = LINE('',#1575,#1576);
#1575 = CARTESIAN_POINT('',(37.713694553162,84.3,-10.57));
#1576 = VECTOR('',#1577,1.);
#1577 = DIRECTION('',(-1.,0.,0.));
#1578 = ORIENTED_EDGE('',*,*,#1579,.T.);
#1579 = EDGE_CURVE('',#1572,#1529,#1580,.T.);
#1580 = LINE('',#1581,#1582);
#1581 = CARTESIAN_POINT('',(37.713694553162,84.3,-10.57));
#1582 = VECTOR('',#1583,1.);
#1583 = DIRECTION('',(-1.,0.,0.));
#1584 = ORIENTED_EDGE('',*,*,#1528,.T.);
#1585 = ORIENTED_EDGE('',*,*,#1586,.F.);
#1586 = EDGE_CURVE('',#1587,#1531,#1589,.T.);
#1587 = VERTEX_POINT('',#1588);
#1588 = CARTESIAN_POINT('',(25.286305446838,84.3,-9.27));
#1589 = LINE('',#1590,#1591);
#1590 = CARTESIAN_POINT('',(25.286305446838,84.3,-9.27));
#1591 = VECTOR('',#1592,1.);
#1592 = DIRECTION('',(-0.,-0.,-1.));
#1593 = ORIENTED_EDGE('',*,*,#1594,.F.);
#1594 = EDGE_CURVE('',#1562,#1587,#1595,.T.);
#1595 = LINE('',#1596,#1597);
#1596 = CARTESIAN_POINT('',(37.713694553162,84.3,-9.27));
#1597 = VECTOR('',#1598,1.);
#1598 = DIRECTION('',(-1.,0.,0.));
#1599 = PLANE('',#1600);
#1600 = AXIS2_PLACEMENT_3D('',#1601,#1602,#1603);
#1601 = CARTESIAN_POINT('',(37.713694553162,84.3,-9.27));
#1602 = DIRECTION('',(0.,1.,0.));
#1603 = DIRECTION('',(-1.,0.,0.));
#1604 = ADVANCED_FACE('',(#1605),#1615,.T.);
#1605 = FACE_BOUND('',#1606,.T.);
#1606 = EDGE_LOOP('',(#1607,#1608));
#1607 = ORIENTED_EDGE('',*,*,#1594,.F.);
#1608 = ORIENTED_EDGE('',*,*,#1609,.T.);
#1609 = EDGE_CURVE('',#1562,#1587,#1610,.T.);
#1610 = CIRCLE('',#1611,8.5);
#1611 = AXIS2_PLACEMENT_3D('',#1612,#1613,#1614);
#1612 = CARTESIAN_POINT('',(31.5,78.5,-9.27));
#1613 = DIRECTION('',(0.,0.,1.));
#1614 = DIRECTION('',(1.,0.,0.));
#1615 = PLANE('',#1616);
#1616 = AXIS2_PLACEMENT_3D('',#1617,#1618,#1619);
#1617 = CARTESIAN_POINT('',(31.5,72.555848118596,-9.27));
#1618 = DIRECTION('',(0.,0.,1.));
#1619 = DIRECTION('',(1.,0.,0.));
#1620 = ADVANCED_FACE('',(#1621),#1672,.T.);
#1621 = FACE_BOUND('',#1622,.T.);
#1622 = EDGE_LOOP('',(#1623,#1632,#1633,#1640,#1641,#1650,#1658,#1666));
#1623 = ORIENTED_EDGE('',*,*,#1624,.T.);
#1624 = EDGE_CURVE('',#1625,#1564,#1627,.T.);
#1625 = VERTEX_POINT('',#1626);
#1626 = CARTESIAN_POINT('',(39.850236588295,80.088568197936,-10.57));
#1627 = CIRCLE('',#1628,8.5);
#1628 = AXIS2_PLACEMENT_3D('',#1629,#1630,#1631);
#1629 = CARTESIAN_POINT('',(31.5,78.5,-10.57));
#1630 = DIRECTION('',(0.,0.,1.));
#1631 = DIRECTION('',(1.,0.,0.));
#1632 = ORIENTED_EDGE('',*,*,#1571,.T.);
#1633 = ORIENTED_EDGE('',*,*,#1634,.F.);
#1634 = EDGE_CURVE('',#1498,#1572,#1635,.T.);
#1635 = CIRCLE('',#1636,6.2);
#1636 = AXIS2_PLACEMENT_3D('',#1637,#1638,#1639);
#1637 = CARTESIAN_POINT('',(31.5,78.5,-10.57));
#1638 = DIRECTION('',(0.,0.,1.));
#1639 = DIRECTION('',(1.,0.,0.));
#1640 = ORIENTED_EDGE('',*,*,#1505,.T.);
#1641 = ORIENTED_EDGE('',*,*,#1642,.T.);
#1642 = EDGE_CURVE('',#1506,#1643,#1645,.T.);
#1643 = VERTEX_POINT('',#1644);
#1644 = CARTESIAN_POINT('',(39.850236588295,76.911431802064,-10.57));
#1645 = CIRCLE('',#1646,8.5);
#1646 = AXIS2_PLACEMENT_3D('',#1647,#1648,#1649);
#1647 = CARTESIAN_POINT('',(31.5,78.5,-10.57));
#1648 = DIRECTION('',(0.,0.,1.));
#1649 = DIRECTION('',(1.,0.,0.));
#1650 = ORIENTED_EDGE('',*,*,#1651,.F.);
#1651 = EDGE_CURVE('',#1652,#1643,#1654,.T.);
#1652 = VERTEX_POINT('',#1653);
#1653 = CARTESIAN_POINT('',(38.646659876658,77.112322844714,-10.57));
#1654 = LINE('',#1655,#1656);
#1655 = CARTESIAN_POINT('',(38.646659876658,77.112322844714,-10.57));
#1656 = VECTOR('',#1657,1.);
#1657 = DIRECTION('',(0.986354701848,-0.164634146341,0.));
#1658 = ORIENTED_EDGE('',*,*,#1659,.F.);
#1659 = EDGE_CURVE('',#1660,#1652,#1662,.T.);
#1660 = VERTEX_POINT('',#1661);
#1661 = CARTESIAN_POINT('',(38.646659876658,79.887677155286,-10.57));
#1662 = LINE('',#1663,#1664);
#1663 = CARTESIAN_POINT('',(38.646659876658,79.887677155286,-10.57));
#1664 = VECTOR('',#1665,1.);
#1665 = DIRECTION('',(0.,-1.,0.));
#1666 = ORIENTED_EDGE('',*,*,#1667,.F.);
#1667 = EDGE_CURVE('',#1625,#1660,#1668,.T.);
#1668 = LINE('',#1669,#1670);
#1669 = CARTESIAN_POINT('',(39.850236588295,80.088568197936,-10.57));
#1670 = VECTOR('',#1671,1.);
#1671 = DIRECTION('',(-0.986354701848,-0.164634146341,0.));
#1672 = PLANE('',#1673);
#1673 = AXIS2_PLACEMENT_3D('',#1674,#1675,#1676);
#1674 = CARTESIAN_POINT('',(31.5,78.5,-10.57));
#1675 = DIRECTION('',(0.,0.,1.));
#1676 = DIRECTION('',(1.,0.,0.));
#1677 = ADVANCED_FACE('',(#1678,#1712),#1746,.T.);
#1678 = FACE_BOUND('',#1679,.T.);
#1679 = EDGE_LOOP('',(#1680,#1681,#1690,#1698,#1705,#1706));
#1680 = ORIENTED_EDGE('',*,*,#711,.T.);
#1681 = ORIENTED_EDGE('',*,*,#1682,.F.);
#1682 = EDGE_CURVE('',#1683,#714,#1685,.T.);
#1683 = VERTEX_POINT('',#1684);
#1684 = CARTESIAN_POINT('',(15.713694553162,72.7,-9.27));
#1685 = CIRCLE('',#1686,8.5);
#1686 = AXIS2_PLACEMENT_3D('',#1687,#1688,#1689);
#1687 = CARTESIAN_POINT('',(9.5,78.5,-9.27));
#1688 = DIRECTION('',(0.,0.,1.));
#1689 = DIRECTION('',(1.,0.,0.));
#1690 = ORIENTED_EDGE('',*,*,#1691,.F.);
#1691 = EDGE_CURVE('',#1692,#1683,#1694,.T.);
#1692 = VERTEX_POINT('',#1693);
#1693 = CARTESIAN_POINT('',(3.286305446838,72.7,-9.27));
#1694 = LINE('',#1695,#1696);
#1695 = CARTESIAN_POINT('',(3.286305446838,72.7,-9.27));
#1696 = VECTOR('',#1697,1.);
#1697 = DIRECTION('',(1.,0.,0.));
#1698 = ORIENTED_EDGE('',*,*,#1699,.F.);
#1699 = EDGE_CURVE('',#752,#1692,#1700,.T.);
#1700 = CIRCLE('',#1701,8.5);
#1701 = AXIS2_PLACEMENT_3D('',#1702,#1703,#1704);
#1702 = CARTESIAN_POINT('',(9.5,78.5,-9.27));
#1703 = DIRECTION('',(0.,0.,1.));
#1704 = DIRECTION('',(1.,0.,0.));
#1705 = ORIENTED_EDGE('',*,*,#751,.T.);
#1706 = ORIENTED_EDGE('',*,*,#1707,.T.);
#1707 = EDGE_CURVE('',#754,#712,#1708,.T.);
#1708 = LINE('',#1709,#1710);
#1709 = CARTESIAN_POINT('',(1.8,61.4,-9.27));
#1710 = VECTOR('',#1711,1.);
#1711 = DIRECTION('',(1.,0.,0.));
#1712 = FACE_BOUND('',#1713,.T.);
#1713 = EDGE_LOOP('',(#1714,#1724,#1732,#1740));
#1714 = ORIENTED_EDGE('',*,*,#1715,.F.);
#1715 = EDGE_CURVE('',#1716,#1718,#1720,.T.);
#1716 = VERTEX_POINT('',#1717);
#1717 = CARTESIAN_POINT('',(2.82,72.1,-9.27));
#1718 = VERTEX_POINT('',#1719);
#1719 = CARTESIAN_POINT('',(2.82,68.4,-9.27));
#1720 = LINE('',#1721,#1722);
#1721 = CARTESIAN_POINT('',(2.82,72.1,-9.27));
#1722 = VECTOR('',#1723,1.);
#1723 = DIRECTION('',(0.,-1.,0.));
#1724 = ORIENTED_EDGE('',*,*,#1725,.F.);
#1725 = EDGE_CURVE('',#1726,#1716,#1728,.T.);
#1726 = VERTEX_POINT('',#1727);
#1727 = CARTESIAN_POINT('',(16.2,72.1,-9.27));
#1728 = LINE('',#1729,#1730);
#1729 = CARTESIAN_POINT('',(16.2,72.1,-9.27));
#1730 = VECTOR('',#1731,1.);
#1731 = DIRECTION('',(-1.,0.,0.));
#1732 = ORIENTED_EDGE('',*,*,#1733,.F.);
#1733 = EDGE_CURVE('',#1734,#1726,#1736,.T.);
#1734 = VERTEX_POINT('',#1735);
#1735 = CARTESIAN_POINT('',(16.2,68.4,-9.27));
#1736 = LINE('',#1737,#1738);
#1737 = CARTESIAN_POINT('',(16.2,68.4,-9.27));
#1738 = VECTOR('',#1739,1.);
#1739 = DIRECTION('',(0.,1.,0.));
#1740 = ORIENTED_EDGE('',*,*,#1741,.F.);
#1741 = EDGE_CURVE('',#1718,#1734,#1742,.T.);
#1742 = LINE('',#1743,#1744);
#1743 = CARTESIAN_POINT('',(2.82,68.4,-9.27));
#1744 = VECTOR('',#1745,1.);
#1745 = DIRECTION('',(1.,0.,0.));
#1746 = PLANE('',#1747);
#1747 = AXIS2_PLACEMENT_3D('',#1748,#1749,#1750);
#1748 = CARTESIAN_POINT('',(9.5,72.555848118596,-9.27));
#1749 = DIRECTION('',(0.,0.,1.));
#1750 = DIRECTION('',(1.,0.,0.));
#1751 = ADVANCED_FACE('',(#1752),#1758,.T.);
#1752 = FACE_BOUND('',#1753,.T.);
#1753 = EDGE_LOOP('',(#1754,#1755,#1756,#1757));
#1754 = ORIENTED_EDGE('',*,*,#1707,.F.);
#1755 = ORIENTED_EDGE('',*,*,#784,.T.);
#1756 = ORIENTED_EDGE('',*,*,#969,.T.);
#1757 = ORIENTED_EDGE('',*,*,#721,.F.);
#1758 = PLANE('',#1759);
#1759 = AXIS2_PLACEMENT_3D('',#1760,#1761,#1762);
#1760 = CARTESIAN_POINT('',(1.8,61.4,-9.27));
#1761 = DIRECTION('',(0.,1.,0.));
#1762 = DIRECTION('',(1.,0.,0.));
#1763 = ADVANCED_FACE('',(#1764),#1805,.F.);
#1764 = FACE_BOUND('',#1765,.F.);
#1765 = EDGE_LOOP('',(#1766,#1774,#1782,#1790,#1798,#1804));
#1766 = ORIENTED_EDGE('',*,*,#1767,.T.);
#1767 = EDGE_CURVE('',#1692,#1768,#1770,.T.);
#1768 = VERTEX_POINT('',#1769);
#1769 = CARTESIAN_POINT('',(3.286305446838,72.7,-10.57));
#1770 = LINE('',#1771,#1772);
#1771 = CARTESIAN_POINT('',(3.286305446838,72.7,-9.27));
#1772 = VECTOR('',#1773,1.);
#1773 = DIRECTION('',(-0.,-0.,-1.));
#1774 = ORIENTED_EDGE('',*,*,#1775,.T.);
#1775 = EDGE_CURVE('',#1768,#1776,#1778,.T.);
#1776 = VERTEX_POINT('',#1777);
#1777 = CARTESIAN_POINT('',(7.309109769979,72.7,-10.57));
#1778 = LINE('',#1779,#1780);
#1779 = CARTESIAN_POINT('',(3.286305446838,72.7,-10.57));
#1780 = VECTOR('',#1781,1.);
#1781 = DIRECTION('',(1.,0.,0.));
#1782 = ORIENTED_EDGE('',*,*,#1783,.T.);
#1783 = EDGE_CURVE('',#1776,#1784,#1786,.T.);
#1784 = VERTEX_POINT('',#1785);
#1785 = CARTESIAN_POINT('',(11.690890230021,72.7,-10.57));
#1786 = LINE('',#1787,#1788);
#1787 = CARTESIAN_POINT('',(3.286305446838,72.7,-10.57));
#1788 = VECTOR('',#1789,1.);
#1789 = DIRECTION('',(1.,0.,0.));
#1790 = ORIENTED_EDGE('',*,*,#1791,.T.);
#1791 = EDGE_CURVE('',#1784,#1792,#1794,.T.);
#1792 = VERTEX_POINT('',#1793);
#1793 = CARTESIAN_POINT('',(15.713694553162,72.7,-10.57));
#1794 = LINE('',#1795,#1796);
#1795 = CARTESIAN_POINT('',(3.286305446838,72.7,-10.57));
#1796 = VECTOR('',#1797,1.);
#1797 = DIRECTION('',(1.,0.,0.));
#1798 = ORIENTED_EDGE('',*,*,#1799,.F.);
#1799 = EDGE_CURVE('',#1683,#1792,#1800,.T.);
#1800 = LINE('',#1801,#1802);
#1801 = CARTESIAN_POINT('',(15.713694553162,72.7,-9.27));
#1802 = VECTOR('',#1803,1.);
#1803 = DIRECTION('',(-0.,-0.,-1.));
#1804 = ORIENTED_EDGE('',*,*,#1691,.F.);
#1805 = PLANE('',#1806);
#1806 = AXIS2_PLACEMENT_3D('',#1807,#1808,#1809);
#1807 = CARTESIAN_POINT('',(3.286305446838,72.7,-9.27));
#1808 = DIRECTION('',(0.,-1.,0.));
#1809 = DIRECTION('',(1.,0.,0.));
#1810 = ADVANCED_FACE('',(#1811),#1838,.T.);
#1811 = FACE_BOUND('',#1812,.T.);
#1812 = EDGE_LOOP('',(#1813,#1823,#1830,#1831));
#1813 = ORIENTED_EDGE('',*,*,#1814,.T.);
#1814 = EDGE_CURVE('',#1815,#1817,#1819,.T.);
#1815 = VERTEX_POINT('',#1816);
#1816 = CARTESIAN_POINT('',(7.309109769979,84.3,-10.57));
#1817 = VERTEX_POINT('',#1818);
#1818 = CARTESIAN_POINT('',(3.286305446838,84.3,-10.57));
#1819 = LINE('',#1820,#1821);
#1820 = CARTESIAN_POINT('',(15.713694553162,84.3,-10.57));
#1821 = VECTOR('',#1822,1.);
#1822 = DIRECTION('',(-1.,0.,0.));
#1823 = ORIENTED_EDGE('',*,*,#1824,.T.);
#1824 = EDGE_CURVE('',#1817,#1768,#1825,.T.);
#1825 = CIRCLE('',#1826,8.5);
#1826 = AXIS2_PLACEMENT_3D('',#1827,#1828,#1829);
#1827 = CARTESIAN_POINT('',(9.5,78.5,-10.57));
#1828 = DIRECTION('',(0.,0.,1.));
#1829 = DIRECTION('',(1.,0.,0.));
#1830 = ORIENTED_EDGE('',*,*,#1775,.T.);
#1831 = ORIENTED_EDGE('',*,*,#1832,.F.);
#1832 = EDGE_CURVE('',#1815,#1776,#1833,.T.);
#1833 = CIRCLE('',#1834,6.2);
#1834 = AXIS2_PLACEMENT_3D('',#1835,#1836,#1837);
#1835 = CARTESIAN_POINT('',(9.5,78.5,-10.57));
#1836 = DIRECTION('',(0.,0.,1.));
#1837 = DIRECTION('',(1.,0.,0.));
#1838 = PLANE('',#1839);
#1839 = AXIS2_PLACEMENT_3D('',#1840,#1841,#1842);
#1840 = CARTESIAN_POINT('',(9.5,78.5,-10.57));
#1841 = DIRECTION('',(0.,0.,1.));
#1842 = DIRECTION('',(1.,0.,0.));
#1843 = ADVANCED_FACE('',(#1844),#1885,.F.);
#1844 = FACE_BOUND('',#1845,.F.);
#1845 = EDGE_LOOP('',(#1846,#1856,#1864,#1870,#1871,#1879));
#1846 = ORIENTED_EDGE('',*,*,#1847,.T.);
#1847 = EDGE_CURVE('',#1848,#1850,#1852,.T.);
#1848 = VERTEX_POINT('',#1849);
#1849 = CARTESIAN_POINT('',(15.713694553162,84.3,-9.27));
#1850 = VERTEX_POINT('',#1851);
#1851 = CARTESIAN_POINT('',(15.713694553162,84.3,-10.57));
#1852 = LINE('',#1853,#1854);
#1853 = CARTESIAN_POINT('',(15.713694553162,84.3,-9.27));
#1854 = VECTOR('',#1855,1.);
#1855 = DIRECTION('',(-0.,-0.,-1.));
#1856 = ORIENTED_EDGE('',*,*,#1857,.T.);
#1857 = EDGE_CURVE('',#1850,#1858,#1860,.T.);
#1858 = VERTEX_POINT('',#1859);
#1859 = CARTESIAN_POINT('',(11.690890230021,84.3,-10.57));
#1860 = LINE('',#1861,#1862);
#1861 = CARTESIAN_POINT('',(15.713694553162,84.3,-10.57));
#1862 = VECTOR('',#1863,1.);
#1863 = DIRECTION('',(-1.,0.,0.));
#1864 = ORIENTED_EDGE('',*,*,#1865,.T.);
#1865 = EDGE_CURVE('',#1858,#1815,#1866,.T.);
#1866 = LINE('',#1867,#1868);
#1867 = CARTESIAN_POINT('',(15.713694553162,84.3,-10.57));
#1868 = VECTOR('',#1869,1.);
#1869 = DIRECTION('',(-1.,0.,0.));
#1870 = ORIENTED_EDGE('',*,*,#1814,.T.);
#1871 = ORIENTED_EDGE('',*,*,#1872,.F.);
#1872 = EDGE_CURVE('',#1873,#1817,#1875,.T.);
#1873 = VERTEX_POINT('',#1874);
#1874 = CARTESIAN_POINT('',(3.286305446838,84.3,-9.27));
#1875 = LINE('',#1876,#1877);
#1876 = CARTESIAN_POINT('',(3.286305446838,84.3,-9.27));
#1877 = VECTOR('',#1878,1.);
#1878 = DIRECTION('',(-0.,-0.,-1.));
#1879 = ORIENTED_EDGE('',*,*,#1880,.F.);
#1880 = EDGE_CURVE('',#1848,#1873,#1881,.T.);
#1881 = LINE('',#1882,#1883);
#1882 = CARTESIAN_POINT('',(15.713694553162,84.3,-9.27));
#1883 = VECTOR('',#1884,1.);
#1884 = DIRECTION('',(-1.,0.,0.));
#1885 = PLANE('',#1886);
#1886 = AXIS2_PLACEMENT_3D('',#1887,#1888,#1889);
#1887 = CARTESIAN_POINT('',(15.713694553162,84.3,-9.27));
#1888 = DIRECTION('',(0.,1.,0.));
#1889 = DIRECTION('',(-1.,0.,0.));
#1890 = ADVANCED_FACE('',(#1891),#1901,.T.);
#1891 = FACE_BOUND('',#1892,.T.);
#1892 = EDGE_LOOP('',(#1893,#1894));
#1893 = ORIENTED_EDGE('',*,*,#1880,.F.);
#1894 = ORIENTED_EDGE('',*,*,#1895,.T.);
#1895 = EDGE_CURVE('',#1848,#1873,#1896,.T.);
#1896 = CIRCLE('',#1897,8.5);
#1897 = AXIS2_PLACEMENT_3D('',#1898,#1899,#1900);
#1898 = CARTESIAN_POINT('',(9.5,78.5,-9.27));
#1899 = DIRECTION('',(0.,0.,1.));
#1900 = DIRECTION('',(1.,0.,0.));
#1901 = PLANE('',#1902);
#1902 = AXIS2_PLACEMENT_3D('',#1903,#1904,#1905);
#1903 = CARTESIAN_POINT('',(9.5,72.555848118596,-9.27));
#1904 = DIRECTION('',(0.,0.,1.));
#1905 = DIRECTION('',(1.,0.,0.));
#1906 = ADVANCED_FACE('',(#1907),#1958,.T.);
#1907 = FACE_BOUND('',#1908,.T.);
#1908 = EDGE_LOOP('',(#1909,#1918,#1919,#1926,#1927,#1936,#1944,#1952));
#1909 = ORIENTED_EDGE('',*,*,#1910,.T.);
#1910 = EDGE_CURVE('',#1911,#1850,#1913,.T.);
#1911 = VERTEX_POINT('',#1912);
#1912 = CARTESIAN_POINT('',(17.850236588295,80.088568197936,-10.57));
#1913 = CIRCLE('',#1914,8.5);
#1914 = AXIS2_PLACEMENT_3D('',#1915,#1916,#1917);
#1915 = CARTESIAN_POINT('',(9.5,78.5,-10.57));
#1916 = DIRECTION('',(0.,0.,1.));
#1917 = DIRECTION('',(1.,0.,0.));
#1918 = ORIENTED_EDGE('',*,*,#1857,.T.);
#1919 = ORIENTED_EDGE('',*,*,#1920,.F.);
#1920 = EDGE_CURVE('',#1784,#1858,#1921,.T.);
#1921 = CIRCLE('',#1922,6.2);
#1922 = AXIS2_PLACEMENT_3D('',#1923,#1924,#1925);
#1923 = CARTESIAN_POINT('',(9.5,78.5,-10.57));
#1924 = DIRECTION('',(0.,0.,1.));
#1925 = DIRECTION('',(1.,0.,0.));
#1926 = ORIENTED_EDGE('',*,*,#1791,.T.);
#1927 = ORIENTED_EDGE('',*,*,#1928,.T.);
#1928 = EDGE_CURVE('',#1792,#1929,#1931,.T.);
#1929 = VERTEX_POINT('',#1930);
#1930 = CARTESIAN_POINT('',(17.850236588295,76.911431802064,-10.57));
#1931 = CIRCLE('',#1932,8.5);
#1932 = AXIS2_PLACEMENT_3D('',#1933,#1934,#1935);
#1933 = CARTESIAN_POINT('',(9.5,78.5,-10.57));
#1934 = DIRECTION('',(0.,0.,1.));
#1935 = DIRECTION('',(1.,0.,0.));
#1936 = ORIENTED_EDGE('',*,*,#1937,.F.);
#1937 = EDGE_CURVE('',#1938,#1929,#1940,.T.);
#1938 = VERTEX_POINT('',#1939);
#1939 = CARTESIAN_POINT('',(16.646659876658,77.112322844714,-10.57));
#1940 = LINE('',#1941,#1942);
#1941 = CARTESIAN_POINT('',(16.646659876658,77.112322844714,-10.57));
#1942 = VECTOR('',#1943,1.);
#1943 = DIRECTION('',(0.986354701848,-0.164634146341,0.));
#1944 = ORIENTED_EDGE('',*,*,#1945,.F.);
#1945 = EDGE_CURVE('',#1946,#1938,#1948,.T.);
#1946 = VERTEX_POINT('',#1947);
#1947 = CARTESIAN_POINT('',(16.646659876658,79.887677155286,-10.57));
#1948 = LINE('',#1949,#1950);
#1949 = CARTESIAN_POINT('',(16.646659876658,79.887677155286,-10.57));
#1950 = VECTOR('',#1951,1.);
#1951 = DIRECTION('',(0.,-1.,0.));
#1952 = ORIENTED_EDGE('',*,*,#1953,.F.);
#1953 = EDGE_CURVE('',#1911,#1946,#1954,.T.);
#1954 = LINE('',#1955,#1956);
#1955 = CARTESIAN_POINT('',(17.850236588295,80.088568197936,-10.57));
#1956 = VECTOR('',#1957,1.);
#1957 = DIRECTION('',(-0.986354701848,-0.164634146341,0.));
#1958 = PLANE('',#1959);
#1959 = AXIS2_PLACEMENT_3D('',#1960,#1961,#1962);
#1960 = CARTESIAN_POINT('',(9.5,78.5,-10.57));
#1961 = DIRECTION('',(0.,0.,1.));
#1962 = DIRECTION('',(1.,0.,0.));
#1963 = ADVANCED_FACE('',(#1964,#2000),#2003,.T.);
#1964 = FACE_BOUND('',#1965,.T.);
#1965 = EDGE_LOOP('',(#1966,#1977,#1985,#1994));
#1966 = ORIENTED_EDGE('',*,*,#1967,.T.);
#1967 = EDGE_CURVE('',#1968,#1970,#1972,.T.);
#1968 = VERTEX_POINT('',#1969);
#1969 = CARTESIAN_POINT('',(7.304969521821,58.32269850017,-11.22));
#1970 = VERTEX_POINT('',#1971);
#1971 = CARTESIAN_POINT('',(7.304969521821,46.67730149983,-11.22));
#1972 = CIRCLE('',#1973,6.22269850017);
#1973 = AXIS2_PLACEMENT_3D('',#1974,#1975,#1976);
#1974 = CARTESIAN_POINT('',(9.5,52.5,-11.22));
#1975 = DIRECTION('',(0.,0.,1.));
#1976 = DIRECTION('',(1.,0.,0.));
#1977 = ORIENTED_EDGE('',*,*,#1978,.T.);
#1978 = EDGE_CURVE('',#1970,#1979,#1981,.T.);
#1979 = VERTEX_POINT('',#1980);
#1980 = CARTESIAN_POINT('',(11.695030478179,46.67730149983,-11.22));
#1981 = LINE('',#1982,#1983);
#1982 = CARTESIAN_POINT('',(7.309109769979,46.67730149983,-11.22));
#1983 = VECTOR('',#1984,1.);
#1984 = DIRECTION('',(1.,0.,0.));
#1985 = ORIENTED_EDGE('',*,*,#1986,.T.);
#1986 = EDGE_CURVE('',#1979,#1987,#1989,.T.);
#1987 = VERTEX_POINT('',#1988);
#1988 = CARTESIAN_POINT('',(11.695030478179,58.32269850017,-11.22));
#1989 = CIRCLE('',#1990,6.22269850017);
#1990 = AXIS2_PLACEMENT_3D('',#1991,#1992,#1993);
#1991 = CARTESIAN_POINT('',(9.5,52.5,-11.22));
#1992 = DIRECTION('',(0.,0.,1.));
#1993 = DIRECTION('',(1.,0.,0.));
#1994 = ORIENTED_EDGE('',*,*,#1995,.F.);
#1995 = EDGE_CURVE('',#1968,#1987,#1996,.T.);
#1996 = LINE('',#1997,#1998);
#1997 = CARTESIAN_POINT('',(7.309109769979,58.32269850017,-11.22));
#1998 = VECTOR('',#1999,1.);
#1999 = DIRECTION('',(1.,0.,0.));
#2000 = FACE_BOUND('',#2001,.T.);
#2001 = EDGE_LOOP('',(#2002));
#2002 = ORIENTED_EDGE('',*,*,#815,.F.);
#2003 = PLANE('',#2004);
#2004 = AXIS2_PLACEMENT_3D('',#2005,#2006,#2007);
#2005 = CARTESIAN_POINT('',(9.5,52.5,-11.22));
#2006 = DIRECTION('',(0.,0.,1.));
#2007 = DIRECTION('',(1.,0.,0.));
#2008 = ADVANCED_FACE('',(#2009,#2045),#2048,.T.);
#2009 = FACE_BOUND('',#2010,.T.);
#2010 = EDGE_LOOP('',(#2011,#2022,#2030,#2039));
#2011 = ORIENTED_EDGE('',*,*,#2012,.T.);
#2012 = EDGE_CURVE('',#2013,#2015,#2017,.T.);
#2013 = VERTEX_POINT('',#2014);
#2014 = CARTESIAN_POINT('',(29.304969521821,58.32269850017,-11.22));
#2015 = VERTEX_POINT('',#2016);
#2016 = CARTESIAN_POINT('',(29.304969521821,46.67730149983,-11.22));
#2017 = CIRCLE('',#2018,6.22269850017);
#2018 = AXIS2_PLACEMENT_3D('',#2019,#2020,#2021);
#2019 = CARTESIAN_POINT('',(31.5,52.5,-11.22));
#2020 = DIRECTION('',(0.,0.,1.));
#2021 = DIRECTION('',(1.,0.,0.));
#2022 = ORIENTED_EDGE('',*,*,#2023,.T.);
#2023 = EDGE_CURVE('',#2015,#2024,#2026,.T.);
#2024 = VERTEX_POINT('',#2025);
#2025 = CARTESIAN_POINT('',(33.695030478179,46.67730149983,-11.22));
#2026 = LINE('',#2027,#2028);
#2027 = CARTESIAN_POINT('',(29.309109769979,46.67730149983,-11.22));
#2028 = VECTOR('',#2029,1.);
#2029 = DIRECTION('',(1.,0.,0.));
#2030 = ORIENTED_EDGE('',*,*,#2031,.T.);
#2031 = EDGE_CURVE('',#2024,#2032,#2034,.T.);
#2032 = VERTEX_POINT('',#2033);
#2033 = CARTESIAN_POINT('',(33.695030478179,58.32269850017,-11.22));
#2034 = CIRCLE('',#2035,6.22269850017);
#2035 = AXIS2_PLACEMENT_3D('',#2036,#2037,#2038);
#2036 = CARTESIAN_POINT('',(31.5,52.5,-11.22));
#2037 = DIRECTION('',(0.,0.,1.));
#2038 = DIRECTION('',(1.,0.,0.));
#2039 = ORIENTED_EDGE('',*,*,#2040,.F.);
#2040 = EDGE_CURVE('',#2013,#2032,#2041,.T.);
#2041 = LINE('',#2042,#2043);
#2042 = CARTESIAN_POINT('',(29.309109769979,58.32269850017,-11.22));
#2043 = VECTOR('',#2044,1.);
#2044 = DIRECTION('',(1.,0.,0.));
#2045 = FACE_BOUND('',#2046,.T.);
#2046 = EDGE_LOOP('',(#2047));
#2047 = ORIENTED_EDGE('',*,*,#840,.F.);
#2048 = PLANE('',#2049);
#2049 = AXIS2_PLACEMENT_3D('',#2050,#2051,#2052);
#2050 = CARTESIAN_POINT('',(31.5,52.5,-11.22));
#2051 = DIRECTION('',(0.,0.,1.));
#2052 = DIRECTION('',(1.,0.,0.));
#2053 = ADVANCED_FACE('',(#2054,#2090),#2093,.T.);
#2054 = FACE_BOUND('',#2055,.T.);
#2055 = EDGE_LOOP('',(#2056,#2067,#2075,#2084));
#2056 = ORIENTED_EDGE('',*,*,#2057,.T.);
#2057 = EDGE_CURVE('',#2058,#2060,#2062,.T.);
#2058 = VERTEX_POINT('',#2059);
#2059 = CARTESIAN_POINT('',(51.304969521821,58.32269850017,-11.22));
#2060 = VERTEX_POINT('',#2061);
#2061 = CARTESIAN_POINT('',(51.304969521821,46.67730149983,-11.22));
#2062 = CIRCLE('',#2063,6.22269850017);
#2063 = AXIS2_PLACEMENT_3D('',#2064,#2065,#2066);
#2064 = CARTESIAN_POINT('',(53.5,52.5,-11.22));
#2065 = DIRECTION('',(0.,0.,1.));
#2066 = DIRECTION('',(1.,0.,0.));
#2067 = ORIENTED_EDGE('',*,*,#2068,.T.);
#2068 = EDGE_CURVE('',#2060,#2069,#2071,.T.);
#2069 = VERTEX_POINT('',#2070);
#2070 = CARTESIAN_POINT('',(55.695030478179,46.67730149983,-11.22));
#2071 = LINE('',#2072,#2073);
#2072 = CARTESIAN_POINT('',(51.309109769979,46.67730149983,-11.22));
#2073 = VECTOR('',#2074,1.);
#2074 = DIRECTION('',(1.,0.,0.));
#2075 = ORIENTED_EDGE('',*,*,#2076,.T.);
#2076 = EDGE_CURVE('',#2069,#2077,#2079,.T.);
#2077 = VERTEX_POINT('',#2078);
#2078 = CARTESIAN_POINT('',(55.695030478179,58.32269850017,-11.22));
#2079 = CIRCLE('',#2080,6.22269850017);
#2080 = AXIS2_PLACEMENT_3D('',#2081,#2082,#2083);
#2081 = CARTESIAN_POINT('',(53.5,52.5,-11.22));
#2082 = DIRECTION('',(0.,0.,1.));
#2083 = DIRECTION('',(1.,0.,0.));
#2084 = ORIENTED_EDGE('',*,*,#2085,.F.);
#2085 = EDGE_CURVE('',#2058,#2077,#2086,.T.);
#2086 = LINE('',#2087,#2088);
#2087 = CARTESIAN_POINT('',(51.309109769979,58.32269850017,-11.22));
#2088 = VECTOR('',#2089,1.);
#2089 = DIRECTION('',(1.,0.,0.));
#2090 = FACE_BOUND('',#2091,.T.);
#2091 = EDGE_LOOP('',(#2092));
#2092 = ORIENTED_EDGE('',*,*,#865,.F.);
#2093 = PLANE('',#2094);
#2094 = AXIS2_PLACEMENT_3D('',#2095,#2096,#2097);
#2095 = CARTESIAN_POINT('',(53.5,52.5,-11.22));
#2096 = DIRECTION('',(0.,0.,1.));
#2097 = DIRECTION('',(1.,0.,0.));
#2098 = ADVANCED_FACE('',(#2099,#2135),#2138,.T.);
#2099 = FACE_BOUND('',#2100,.T.);
#2100 = EDGE_LOOP('',(#2101,#2112,#2120,#2129));
#2101 = ORIENTED_EDGE('',*,*,#2102,.T.);
#2102 = EDGE_CURVE('',#2103,#2105,#2107,.T.);
#2103 = VERTEX_POINT('',#2104);
#2104 = CARTESIAN_POINT('',(7.304969521821,84.32269850017,-11.22));
#2105 = VERTEX_POINT('',#2106);
#2106 = CARTESIAN_POINT('',(7.304969521821,72.67730149983,-11.22));
#2107 = CIRCLE('',#2108,6.22269850017);
#2108 = AXIS2_PLACEMENT_3D('',#2109,#2110,#2111);
#2109 = CARTESIAN_POINT('',(9.5,78.5,-11.22));
#2110 = DIRECTION('',(0.,0.,1.));
#2111 = DIRECTION('',(1.,0.,0.));
#2112 = ORIENTED_EDGE('',*,*,#2113,.T.);
#2113 = EDGE_CURVE('',#2105,#2114,#2116,.T.);
#2114 = VERTEX_POINT('',#2115);
#2115 = CARTESIAN_POINT('',(11.695030478179,72.67730149983,-11.22));
#2116 = LINE('',#2117,#2118);
#2117 = CARTESIAN_POINT('',(7.309109769979,72.67730149983,-11.22));
#2118 = VECTOR('',#2119,1.);
#2119 = DIRECTION('',(1.,0.,0.));
#2120 = ORIENTED_EDGE('',*,*,#2121,.T.);
#2121 = EDGE_CURVE('',#2114,#2122,#2124,.T.);
#2122 = VERTEX_POINT('',#2123);
#2123 = CARTESIAN_POINT('',(11.695030478179,84.32269850017,-11.22));
#2124 = CIRCLE('',#2125,6.22269850017);
#2125 = AXIS2_PLACEMENT_3D('',#2126,#2127,#2128);
#2126 = CARTESIAN_POINT('',(9.5,78.5,-11.22));
#2127 = DIRECTION('',(0.,0.,1.));
#2128 = DIRECTION('',(1.,0.,0.));
#2129 = ORIENTED_EDGE('',*,*,#2130,.F.);
#2130 = EDGE_CURVE('',#2103,#2122,#2131,.T.);
#2131 = LINE('',#2132,#2133);
#2132 = CARTESIAN_POINT('',(7.309109769979,84.32269850017,-11.22));
#2133 = VECTOR('',#2134,1.);
#2134 = DIRECTION('',(1.,0.,0.));
#2135 = FACE_BOUND('',#2136,.T.);
#2136 = EDGE_LOOP('',(#2137));
#2137 = ORIENTED_EDGE('',*,*,#890,.F.);
#2138 = PLANE('',#2139);
#2139 = AXIS2_PLACEMENT_3D('',#2140,#2141,#2142);
#2140 = CARTESIAN_POINT('',(9.5,78.5,-11.22));
#2141 = DIRECTION('',(0.,0.,1.));
#2142 = DIRECTION('',(1.,0.,0.));
#2143 = ADVANCED_FACE('',(#2144,#2180),#2183,.T.);
#2144 = FACE_BOUND('',#2145,.T.);
#2145 = EDGE_LOOP('',(#2146,#2157,#2165,#2174));
#2146 = ORIENTED_EDGE('',*,*,#2147,.T.);
#2147 = EDGE_CURVE('',#2148,#2150,#2152,.T.);
#2148 = VERTEX_POINT('',#2149);
#2149 = CARTESIAN_POINT('',(29.304969521821,84.32269850017,-11.22));
#2150 = VERTEX_POINT('',#2151);
#2151 = CARTESIAN_POINT('',(29.304969521821,72.67730149983,-11.22));
#2152 = CIRCLE('',#2153,6.22269850017);
#2153 = AXIS2_PLACEMENT_3D('',#2154,#2155,#2156);
#2154 = CARTESIAN_POINT('',(31.5,78.5,-11.22));
#2155 = DIRECTION('',(0.,0.,1.));
#2156 = DIRECTION('',(1.,0.,0.));
#2157 = ORIENTED_EDGE('',*,*,#2158,.T.);
#2158 = EDGE_CURVE('',#2150,#2159,#2161,.T.);
#2159 = VERTEX_POINT('',#2160);
#2160 = CARTESIAN_POINT('',(33.695030478179,72.67730149983,-11.22));
#2161 = LINE('',#2162,#2163);
#2162 = CARTESIAN_POINT('',(29.309109769979,72.67730149983,-11.22));
#2163 = VECTOR('',#2164,1.);
#2164 = DIRECTION('',(1.,0.,0.));
#2165 = ORIENTED_EDGE('',*,*,#2166,.T.);
#2166 = EDGE_CURVE('',#2159,#2167,#2169,.T.);
#2167 = VERTEX_POINT('',#2168);
#2168 = CARTESIAN_POINT('',(33.695030478179,84.32269850017,-11.22));
#2169 = CIRCLE('',#2170,6.22269850017);
#2170 = AXIS2_PLACEMENT_3D('',#2171,#2172,#2173);
#2171 = CARTESIAN_POINT('',(31.5,78.5,-11.22));
#2172 = DIRECTION('',(0.,0.,1.));
#2173 = DIRECTION('',(1.,0.,0.));
#2174 = ORIENTED_EDGE('',*,*,#2175,.F.);
#2175 = EDGE_CURVE('',#2148,#2167,#2176,.T.);
#2176 = LINE('',#2177,#2178);
#2177 = CARTESIAN_POINT('',(29.309109769979,84.32269850017,-11.22));
#2178 = VECTOR('',#2179,1.);
#2179 = DIRECTION('',(1.,0.,0.));
#2180 = FACE_BOUND('',#2181,.T.);
#2181 = EDGE_LOOP('',(#2182));
#2182 = ORIENTED_EDGE('',*,*,#915,.F.);
#2183 = PLANE('',#2184);
#2184 = AXIS2_PLACEMENT_3D('',#2185,#2186,#2187);
#2185 = CARTESIAN_POINT('',(31.5,78.5,-11.22));
#2186 = DIRECTION('',(0.,0.,1.));
#2187 = DIRECTION('',(1.,0.,0.));
#2188 = ADVANCED_FACE('',(#2189,#2225),#2228,.T.);
#2189 = FACE_BOUND('',#2190,.T.);
#2190 = EDGE_LOOP('',(#2191,#2202,#2210,#2219));
#2191 = ORIENTED_EDGE('',*,*,#2192,.T.);
#2192 = EDGE_CURVE('',#2193,#2195,#2197,.T.);
#2193 = VERTEX_POINT('',#2194);
#2194 = CARTESIAN_POINT('',(51.304969521821,84.32269850017,-11.22));
#2195 = VERTEX_POINT('',#2196);
#2196 = CARTESIAN_POINT('',(51.304969521821,72.67730149983,-11.22));
#2197 = CIRCLE('',#2198,6.22269850017);
#2198 = AXIS2_PLACEMENT_3D('',#2199,#2200,#2201);
#2199 = CARTESIAN_POINT('',(53.5,78.5,-11.22));
#2200 = DIRECTION('',(0.,0.,1.));
#2201 = DIRECTION('',(1.,0.,0.));
#2202 = ORIENTED_EDGE('',*,*,#2203,.T.);
#2203 = EDGE_CURVE('',#2195,#2204,#2206,.T.);
#2204 = VERTEX_POINT('',#2205);
#2205 = CARTESIAN_POINT('',(55.695030478179,72.67730149983,-11.22));
#2206 = LINE('',#2207,#2208);
#2207 = CARTESIAN_POINT('',(51.309109769979,72.67730149983,-11.22));
#2208 = VECTOR('',#2209,1.);
#2209 = DIRECTION('',(1.,0.,0.));
#2210 = ORIENTED_EDGE('',*,*,#2211,.T.);
#2211 = EDGE_CURVE('',#2204,#2212,#2214,.T.);
#2212 = VERTEX_POINT('',#2213);
#2213 = CARTESIAN_POINT('',(55.695030478179,84.32269850017,-11.22));
#2214 = CIRCLE('',#2215,6.22269850017);
#2215 = AXIS2_PLACEMENT_3D('',#2216,#2217,#2218);
#2216 = CARTESIAN_POINT('',(53.5,78.5,-11.22));
#2217 = DIRECTION('',(0.,0.,1.));
#2218 = DIRECTION('',(1.,0.,0.));
#2219 = ORIENTED_EDGE('',*,*,#2220,.F.);
#2220 = EDGE_CURVE('',#2193,#2212,#2221,.T.);
#2221 = LINE('',#2222,#2223);
#2222 = CARTESIAN_POINT('',(51.309109769979,84.32269850017,-11.22));
#2223 = VECTOR('',#2224,1.);
#2224 = DIRECTION('',(1.,0.,0.));
#2225 = FACE_BOUND('',#2226,.T.);
#2226 = EDGE_LOOP('',(#2227));
#2227 = ORIENTED_EDGE('',*,*,#940,.F.);
#2228 = PLANE('',#2229);
#2229 = AXIS2_PLACEMENT_3D('',#2230,#2231,#2232);
#2230 = CARTESIAN_POINT('',(53.5,78.5,-11.22));
#2231 = DIRECTION('',(0.,0.,1.));
#2232 = DIRECTION('',(1.,0.,0.));
#2233 = ADVANCED_FACE('',(#2234),#2259,.T.);
#2234 = FACE_BOUND('',#2235,.T.);
#2235 = EDGE_LOOP('',(#2236,#2246,#2252,#2253));
#2236 = ORIENTED_EDGE('',*,*,#2237,.F.);
#2237 = EDGE_CURVE('',#2238,#2240,#2242,.T.);
#2238 = VERTEX_POINT('',#2239);
#2239 = CARTESIAN_POINT('',(61.2,35.4,-9.27));
#2240 = VERTEX_POINT('',#2241);
#2241 = CARTESIAN_POINT('',(61.2,48.9,-9.27));
#2242 = LINE('',#2243,#2244);
#2243 = CARTESIAN_POINT('',(61.2,35.4,-9.27));
#2244 = VECTOR('',#2245,1.);
#2245 = DIRECTION('',(0.,1.,0.));
#2246 = ORIENTED_EDGE('',*,*,#2247,.T.);
#2247 = EDGE_CURVE('',#2238,#1018,#2248,.T.);
#2248 = LINE('',#2249,#2250);
#2249 = CARTESIAN_POINT('',(61.2,35.4,-9.27));
#2250 = VECTOR('',#2251,1.);
#2251 = DIRECTION('',(0.,0.,1.));
#2252 = ORIENTED_EDGE('',*,*,#1025,.T.);
#2253 = ORIENTED_EDGE('',*,*,#2254,.F.);
#2254 = EDGE_CURVE('',#2240,#1001,#2255,.T.);
#2255 = LINE('',#2256,#2257);
#2256 = CARTESIAN_POINT('',(61.2,48.9,-9.27));
#2257 = VECTOR('',#2258,1.);
#2258 = DIRECTION('',(0.,0.,1.));
#2259 = PLANE('',#2260);
#2260 = AXIS2_PLACEMENT_3D('',#2261,#2262,#2263);
#2261 = CARTESIAN_POINT('',(61.2,35.4,-9.27));
#2262 = DIRECTION('',(-1.,0.,0.));
#2263 = DIRECTION('',(0.,1.,0.));
#2264 = ADVANCED_FACE('',(#2265),#2283,.T.);
#2265 = FACE_BOUND('',#2266,.T.);
#2266 = EDGE_LOOP('',(#2267,#2275,#2281,#2282));
#2267 = ORIENTED_EDGE('',*,*,#2268,.F.);
#2268 = EDGE_CURVE('',#2269,#2238,#2271,.T.);
#2269 = VERTEX_POINT('',#2270);
#2270 = CARTESIAN_POINT('',(45.8,35.4,-9.27));
#2271 = LINE('',#2272,#2273);
#2272 = CARTESIAN_POINT('',(45.8,35.4,-9.27));
#2273 = VECTOR('',#2274,1.);
#2274 = DIRECTION('',(1.,0.,0.));
#2275 = ORIENTED_EDGE('',*,*,#2276,.T.);
#2276 = EDGE_CURVE('',#2269,#1010,#2277,.T.);
#2277 = LINE('',#2278,#2279);
#2278 = CARTESIAN_POINT('',(45.8,35.4,-9.27));
#2279 = VECTOR('',#2280,1.);
#2280 = DIRECTION('',(0.,0.,1.));
#2281 = ORIENTED_EDGE('',*,*,#1017,.T.);
#2282 = ORIENTED_EDGE('',*,*,#2247,.F.);
#2283 = PLANE('',#2284);
#2284 = AXIS2_PLACEMENT_3D('',#2285,#2286,#2287);
#2285 = CARTESIAN_POINT('',(45.8,35.4,-9.27));
#2286 = DIRECTION('',(0.,1.,0.));
#2287 = DIRECTION('',(1.,0.,0.));
#2288 = ADVANCED_FACE('',(#2289),#2307,.T.);
#2289 = FACE_BOUND('',#2290,.T.);
#2290 = EDGE_LOOP('',(#2291,#2299,#2305,#2306));
#2291 = ORIENTED_EDGE('',*,*,#2292,.F.);
#2292 = EDGE_CURVE('',#2293,#2269,#2295,.T.);
#2293 = VERTEX_POINT('',#2294);
#2294 = CARTESIAN_POINT('',(45.8,48.9,-9.27));
#2295 = LINE('',#2296,#2297);
#2296 = CARTESIAN_POINT('',(45.8,48.9,-9.27));
#2297 = VECTOR('',#2298,1.);
#2298 = DIRECTION('',(0.,-1.,0.));
#2299 = ORIENTED_EDGE('',*,*,#2300,.T.);
#2300 = EDGE_CURVE('',#2293,#999,#2301,.T.);
#2301 = LINE('',#2302,#2303);
#2302 = CARTESIAN_POINT('',(45.8,48.9,-9.27));
#2303 = VECTOR('',#2304,1.);
#2304 = DIRECTION('',(0.,0.,1.));
#2305 = ORIENTED_EDGE('',*,*,#1009,.T.);
#2306 = ORIENTED_EDGE('',*,*,#2276,.F.);
#2307 = PLANE('',#2308);
#2308 = AXIS2_PLACEMENT_3D('',#2309,#2310,#2311);
#2309 = CARTESIAN_POINT('',(45.8,48.9,-9.27));
#2310 = DIRECTION('',(1.,0.,0.));
#2311 = DIRECTION('',(0.,-1.,0.));
#2312 = ADVANCED_FACE('',(#2313),#2338,.T.);
#2313 = FACE_BOUND('',#2314,.T.);
#2314 = EDGE_LOOP('',(#2315,#2325,#2331,#2332));
#2315 = ORIENTED_EDGE('',*,*,#2316,.F.);
#2316 = EDGE_CURVE('',#2317,#2319,#2321,.T.);
#2317 = VERTEX_POINT('',#2318);
#2318 = CARTESIAN_POINT('',(39.2,35.4,-9.27));
#2319 = VERTEX_POINT('',#2320);
#2320 = CARTESIAN_POINT('',(39.2,48.9,-9.27));
#2321 = LINE('',#2322,#2323);
#2322 = CARTESIAN_POINT('',(39.2,35.4,-9.27));
#2323 = VECTOR('',#2324,1.);
#2324 = DIRECTION('',(0.,1.,0.));
#2325 = ORIENTED_EDGE('',*,*,#2326,.T.);
#2326 = EDGE_CURVE('',#2317,#1053,#2327,.T.);
#2327 = LINE('',#2328,#2329);
#2328 = CARTESIAN_POINT('',(39.2,35.4,-9.27));
#2329 = VECTOR('',#2330,1.);
#2330 = DIRECTION('',(0.,0.,1.));
#2331 = ORIENTED_EDGE('',*,*,#1060,.T.);
#2332 = ORIENTED_EDGE('',*,*,#2333,.F.);
#2333 = EDGE_CURVE('',#2319,#1036,#2334,.T.);
#2334 = LINE('',#2335,#2336);
#2335 = CARTESIAN_POINT('',(39.2,48.9,-9.27));
#2336 = VECTOR('',#2337,1.);
#2337 = DIRECTION('',(0.,0.,1.));
#2338 = PLANE('',#2339);
#2339 = AXIS2_PLACEMENT_3D('',#2340,#2341,#2342);
#2340 = CARTESIAN_POINT('',(39.2,35.4,-9.27));
#2341 = DIRECTION('',(-1.,0.,0.));
#2342 = DIRECTION('',(0.,1.,0.));
#2343 = ADVANCED_FACE('',(#2344),#2362,.T.);
#2344 = FACE_BOUND('',#2345,.T.);
#2345 = EDGE_LOOP('',(#2346,#2354,#2360,#2361));
#2346 = ORIENTED_EDGE('',*,*,#2347,.F.);
#2347 = EDGE_CURVE('',#2348,#2317,#2350,.T.);
#2348 = VERTEX_POINT('',#2349);
#2349 = CARTESIAN_POINT('',(23.8,35.4,-9.27));
#2350 = LINE('',#2351,#2352);
#2351 = CARTESIAN_POINT('',(23.8,35.4,-9.27));
#2352 = VECTOR('',#2353,1.);
#2353 = DIRECTION('',(1.,0.,0.));
#2354 = ORIENTED_EDGE('',*,*,#2355,.T.);
#2355 = EDGE_CURVE('',#2348,#1045,#2356,.T.);
#2356 = LINE('',#2357,#2358);
#2357 = CARTESIAN_POINT('',(23.8,35.4,-9.27));
#2358 = VECTOR('',#2359,1.);
#2359 = DIRECTION('',(0.,0.,1.));
#2360 = ORIENTED_EDGE('',*,*,#1052,.T.);
#2361 = ORIENTED_EDGE('',*,*,#2326,.F.);
#2362 = PLANE('',#2363);
#2363 = AXIS2_PLACEMENT_3D('',#2364,#2365,#2366);
#2364 = CARTESIAN_POINT('',(23.8,35.4,-9.27));
#2365 = DIRECTION('',(0.,1.,0.));
#2366 = DIRECTION('',(1.,0.,0.));
#2367 = ADVANCED_FACE('',(#2368),#2386,.T.);
#2368 = FACE_BOUND('',#2369,.T.);
#2369 = EDGE_LOOP('',(#2370,#2378,#2384,#2385));
#2370 = ORIENTED_EDGE('',*,*,#2371,.F.);
#2371 = EDGE_CURVE('',#2372,#2348,#2374,.T.);
#2372 = VERTEX_POINT('',#2373);
#2373 = CARTESIAN_POINT('',(23.8,48.9,-9.27));
#2374 = LINE('',#2375,#2376);
#2375 = CARTESIAN_POINT('',(23.8,48.9,-9.27));
#2376 = VECTOR('',#2377,1.);
#2377 = DIRECTION('',(0.,-1.,0.));
#2378 = ORIENTED_EDGE('',*,*,#2379,.T.);
#2379 = EDGE_CURVE('',#2372,#1034,#2380,.T.);
#2380 = LINE('',#2381,#2382);
#2381 = CARTESIAN_POINT('',(23.8,48.9,-9.27));
#2382 = VECTOR('',#2383,1.);
#2383 = DIRECTION('',(0.,0.,1.));
#2384 = ORIENTED_EDGE('',*,*,#1044,.T.);
#2385 = ORIENTED_EDGE('',*,*,#2355,.F.);
#2386 = PLANE('',#2387);
#2387 = AXIS2_PLACEMENT_3D('',#2388,#2389,#2390);
#2388 = CARTESIAN_POINT('',(23.8,48.9,-9.27));
#2389 = DIRECTION('',(1.,0.,0.));
#2390 = DIRECTION('',(0.,-1.,0.));
#2391 = ADVANCED_FACE('',(#2392),#2520,.F.);
#2392 = FACE_BOUND('',#2393,.T.);
#2393 = EDGE_LOOP('',(#2394,#2405,#2413,#2422,#2430,#2439,#2445,#2446,
    #2454,#2463,#2471,#2480,#2488,#2497,#2505,#2514));
#2394 = ORIENTED_EDGE('',*,*,#2395,.F.);
#2395 = EDGE_CURVE('',#2396,#2398,#2400,.T.);
#2396 = VERTEX_POINT('',#2397);
#2397 = CARTESIAN_POINT('',(17.850236588295,50.911431802064,-13.57));
#2398 = VERTEX_POINT('',#2399);
#2399 = CARTESIAN_POINT('',(17.850236588295,54.088568197936,-13.57));
#2400 = CIRCLE('',#2401,8.5);
#2401 = AXIS2_PLACEMENT_3D('',#2402,#2403,#2404);
#2402 = CARTESIAN_POINT('',(9.5,52.5,-13.57));
#2403 = DIRECTION('',(0.,0.,1.));
#2404 = DIRECTION('',(1.,0.,0.));
#2405 = ORIENTED_EDGE('',*,*,#2406,.F.);
#2406 = EDGE_CURVE('',#2407,#2396,#2409,.T.);
#2407 = VERTEX_POINT('',#2408);
#2408 = CARTESIAN_POINT('',(17.850236588295,50.911431802064,-10.57));
#2409 = LINE('',#2410,#2411);
#2410 = CARTESIAN_POINT('',(17.850236588295,50.911431802064,-10.57));
#2411 = VECTOR('',#2412,1.);
#2412 = DIRECTION('',(-0.,-0.,-1.));
#2413 = ORIENTED_EDGE('',*,*,#2414,.F.);
#2414 = EDGE_CURVE('',#2415,#2407,#2417,.T.);
#2415 = VERTEX_POINT('',#2416);
#2416 = CARTESIAN_POINT('',(15.713694553162,46.7,-10.57));
#2417 = CIRCLE('',#2418,8.5);
#2418 = AXIS2_PLACEMENT_3D('',#2419,#2420,#2421);
#2419 = CARTESIAN_POINT('',(9.5,52.5,-10.57));
#2420 = DIRECTION('',(0.,0.,1.));
#2421 = DIRECTION('',(1.,0.,0.));
#2422 = ORIENTED_EDGE('',*,*,#2423,.F.);
#2423 = EDGE_CURVE('',#2424,#2415,#2426,.T.);
#2424 = VERTEX_POINT('',#2425);
#2425 = CARTESIAN_POINT('',(15.713694553162,46.7,-9.27));
#2426 = LINE('',#2427,#2428);
#2427 = CARTESIAN_POINT('',(15.713694553162,46.7,-9.27));
#2428 = VECTOR('',#2429,1.);
#2429 = DIRECTION('',(-0.,-0.,-1.));
#2430 = ORIENTED_EDGE('',*,*,#2431,.T.);
#2431 = EDGE_CURVE('',#2424,#2432,#2434,.T.);
#2432 = VERTEX_POINT('',#2433);
#2433 = CARTESIAN_POINT('',(17.2,48.9,-9.27));
#2434 = CIRCLE('',#2435,8.5);
#2435 = AXIS2_PLACEMENT_3D('',#2436,#2437,#2438);
#2436 = CARTESIAN_POINT('',(9.5,52.5,-9.27));
#2437 = DIRECTION('',(0.,0.,1.));
#2438 = DIRECTION('',(1.,0.,0.));
#2439 = ORIENTED_EDGE('',*,*,#2440,.T.);
#2440 = EDGE_CURVE('',#2432,#1071,#2441,.T.);
#2441 = LINE('',#2442,#2443);
#2442 = CARTESIAN_POINT('',(17.2,48.9,-9.27));
#2443 = VECTOR('',#2444,1.);
#2444 = DIRECTION('',(0.,0.,1.));
#2445 = ORIENTED_EDGE('',*,*,#1068,.F.);
#2446 = ORIENTED_EDGE('',*,*,#2447,.F.);
#2447 = EDGE_CURVE('',#2448,#1069,#2450,.T.);
#2448 = VERTEX_POINT('',#2449);
#2449 = CARTESIAN_POINT('',(1.8,48.9,-9.27));
#2450 = LINE('',#2451,#2452);
#2451 = CARTESIAN_POINT('',(1.8,48.9,-9.27));
#2452 = VECTOR('',#2453,1.);
#2453 = DIRECTION('',(0.,0.,1.));
#2454 = ORIENTED_EDGE('',*,*,#2455,.T.);
#2455 = EDGE_CURVE('',#2448,#2456,#2458,.T.);
#2456 = VERTEX_POINT('',#2457);
#2457 = CARTESIAN_POINT('',(3.286305446838,46.7,-9.27));
#2458 = CIRCLE('',#2459,8.5);
#2459 = AXIS2_PLACEMENT_3D('',#2460,#2461,#2462);
#2460 = CARTESIAN_POINT('',(9.5,52.5,-9.27));
#2461 = DIRECTION('',(0.,0.,1.));
#2462 = DIRECTION('',(1.,0.,0.));
#2463 = ORIENTED_EDGE('',*,*,#2464,.T.);
#2464 = EDGE_CURVE('',#2456,#2465,#2467,.T.);
#2465 = VERTEX_POINT('',#2466);
#2466 = CARTESIAN_POINT('',(3.286305446838,46.7,-10.57));
#2467 = LINE('',#2468,#2469);
#2468 = CARTESIAN_POINT('',(3.286305446838,46.7,-9.27));
#2469 = VECTOR('',#2470,1.);
#2470 = DIRECTION('',(-0.,-0.,-1.));
#2471 = ORIENTED_EDGE('',*,*,#2472,.F.);
#2472 = EDGE_CURVE('',#2473,#2465,#2475,.T.);
#2473 = VERTEX_POINT('',#2474);
#2474 = CARTESIAN_POINT('',(3.286305446838,58.3,-10.57));
#2475 = CIRCLE('',#2476,8.5);
#2476 = AXIS2_PLACEMENT_3D('',#2477,#2478,#2479);
#2477 = CARTESIAN_POINT('',(9.5,52.5,-10.57));
#2478 = DIRECTION('',(0.,0.,1.));
#2479 = DIRECTION('',(1.,0.,0.));
#2480 = ORIENTED_EDGE('',*,*,#2481,.F.);
#2481 = EDGE_CURVE('',#2482,#2473,#2484,.T.);
#2482 = VERTEX_POINT('',#2483);
#2483 = CARTESIAN_POINT('',(3.286305446838,58.3,-9.27));
#2484 = LINE('',#2485,#2486);
#2485 = CARTESIAN_POINT('',(3.286305446838,58.3,-9.27));
#2486 = VECTOR('',#2487,1.);
#2487 = DIRECTION('',(-0.,-0.,-1.));
#2488 = ORIENTED_EDGE('',*,*,#2489,.F.);
#2489 = EDGE_CURVE('',#2490,#2482,#2492,.T.);
#2490 = VERTEX_POINT('',#2491);
#2491 = CARTESIAN_POINT('',(15.713694553162,58.3,-9.27));
#2492 = CIRCLE('',#2493,8.5);
#2493 = AXIS2_PLACEMENT_3D('',#2494,#2495,#2496);
#2494 = CARTESIAN_POINT('',(9.5,52.5,-9.27));
#2495 = DIRECTION('',(0.,0.,1.));
#2496 = DIRECTION('',(1.,0.,0.));
#2497 = ORIENTED_EDGE('',*,*,#2498,.T.);
#2498 = EDGE_CURVE('',#2490,#2499,#2501,.T.);
#2499 = VERTEX_POINT('',#2500);
#2500 = CARTESIAN_POINT('',(15.713694553162,58.3,-10.57));
#2501 = LINE('',#2502,#2503);
#2502 = CARTESIAN_POINT('',(15.713694553162,58.3,-9.27));
#2503 = VECTOR('',#2504,1.);
#2504 = DIRECTION('',(-0.,-0.,-1.));
#2505 = ORIENTED_EDGE('',*,*,#2506,.F.);
#2506 = EDGE_CURVE('',#2507,#2499,#2509,.T.);
#2507 = VERTEX_POINT('',#2508);
#2508 = CARTESIAN_POINT('',(17.850236588295,54.088568197936,-10.57));
#2509 = CIRCLE('',#2510,8.5);
#2510 = AXIS2_PLACEMENT_3D('',#2511,#2512,#2513);
#2511 = CARTESIAN_POINT('',(9.5,52.5,-10.57));
#2512 = DIRECTION('',(0.,0.,1.));
#2513 = DIRECTION('',(1.,0.,0.));
#2514 = ORIENTED_EDGE('',*,*,#2515,.T.);
#2515 = EDGE_CURVE('',#2507,#2398,#2516,.T.);
#2516 = LINE('',#2517,#2518);
#2517 = CARTESIAN_POINT('',(17.850236588295,54.088568197936,-10.57));
#2518 = VECTOR('',#2519,1.);
#2519 = DIRECTION('',(-0.,-0.,-1.));
#2520 = CYLINDRICAL_SURFACE('',#2521,8.5);
#2521 = AXIS2_PLACEMENT_3D('',#2522,#2523,#2524);
#2522 = CARTESIAN_POINT('',(9.5,52.5,-9.27));
#2523 = DIRECTION('',(-0.,-0.,-1.));
#2524 = DIRECTION('',(1.,0.,0.));
#2525 = ADVANCED_FACE('',(#2526),#2544,.T.);
#2526 = FACE_BOUND('',#2527,.T.);
#2527 = EDGE_LOOP('',(#2528,#2536,#2537,#2538));
#2528 = ORIENTED_EDGE('',*,*,#2529,.F.);
#2529 = EDGE_CURVE('',#2448,#2530,#2532,.T.);
#2530 = VERTEX_POINT('',#2531);
#2531 = CARTESIAN_POINT('',(1.8,35.4,-9.27));
#2532 = LINE('',#2533,#2534);
#2533 = CARTESIAN_POINT('',(1.8,48.9,-9.27));
#2534 = VECTOR('',#2535,1.);
#2535 = DIRECTION('',(0.,-1.,0.));
#2536 = ORIENTED_EDGE('',*,*,#2447,.T.);
#2537 = ORIENTED_EDGE('',*,*,#1079,.T.);
#2538 = ORIENTED_EDGE('',*,*,#2539,.F.);
#2539 = EDGE_CURVE('',#2530,#1080,#2540,.T.);
#2540 = LINE('',#2541,#2542);
#2541 = CARTESIAN_POINT('',(1.8,35.4,-9.27));
#2542 = VECTOR('',#2543,1.);
#2543 = DIRECTION('',(0.,0.,1.));
#2544 = PLANE('',#2545);
#2545 = AXIS2_PLACEMENT_3D('',#2546,#2547,#2548);
#2546 = CARTESIAN_POINT('',(1.8,48.9,-9.27));
#2547 = DIRECTION('',(1.,0.,0.));
#2548 = DIRECTION('',(0.,-1.,0.));
#2549 = ADVANCED_FACE('',(#2550),#2568,.T.);
#2550 = FACE_BOUND('',#2551,.T.);
#2551 = EDGE_LOOP('',(#2552,#2560,#2566,#2567));
#2552 = ORIENTED_EDGE('',*,*,#2553,.F.);
#2553 = EDGE_CURVE('',#2554,#2432,#2556,.T.);
#2554 = VERTEX_POINT('',#2555);
#2555 = CARTESIAN_POINT('',(17.2,35.4,-9.27));
#2556 = LINE('',#2557,#2558);
#2557 = CARTESIAN_POINT('',(17.2,35.4,-9.27));
#2558 = VECTOR('',#2559,1.);
#2559 = DIRECTION('',(0.,1.,0.));
#2560 = ORIENTED_EDGE('',*,*,#2561,.T.);
#2561 = EDGE_CURVE('',#2554,#1088,#2562,.T.);
#2562 = LINE('',#2563,#2564);
#2563 = CARTESIAN_POINT('',(17.2,35.4,-9.27));
#2564 = VECTOR('',#2565,1.);
#2565 = DIRECTION('',(0.,0.,1.));
#2566 = ORIENTED_EDGE('',*,*,#1095,.T.);
#2567 = ORIENTED_EDGE('',*,*,#2440,.F.);
#2568 = PLANE('',#2569);
#2569 = AXIS2_PLACEMENT_3D('',#2570,#2571,#2572);
#2570 = CARTESIAN_POINT('',(17.2,35.4,-9.27));
#2571 = DIRECTION('',(-1.,0.,0.));
#2572 = DIRECTION('',(0.,1.,0.));
#2573 = ADVANCED_FACE('',(#2574),#2585,.T.);
#2574 = FACE_BOUND('',#2575,.T.);
#2575 = EDGE_LOOP('',(#2576,#2582,#2583,#2584));
#2576 = ORIENTED_EDGE('',*,*,#2577,.F.);
#2577 = EDGE_CURVE('',#2530,#2554,#2578,.T.);
#2578 = LINE('',#2579,#2580);
#2579 = CARTESIAN_POINT('',(1.8,35.4,-9.27));
#2580 = VECTOR('',#2581,1.);
#2581 = DIRECTION('',(1.,0.,0.));
#2582 = ORIENTED_EDGE('',*,*,#2539,.T.);
#2583 = ORIENTED_EDGE('',*,*,#1087,.T.);
#2584 = ORIENTED_EDGE('',*,*,#2561,.F.);
#2585 = PLANE('',#2586);
#2586 = AXIS2_PLACEMENT_3D('',#2587,#2588,#2589);
#2587 = CARTESIAN_POINT('',(1.8,35.4,-9.27));
#2588 = DIRECTION('',(0.,1.,0.));
#2589 = DIRECTION('',(1.,0.,0.));
#2590 = ADVANCED_FACE('',(#2591),#2616,.F.);
#2591 = FACE_BOUND('',#2592,.F.);
#2592 = EDGE_LOOP('',(#2593,#2601,#2609,#2615));
#2593 = ORIENTED_EDGE('',*,*,#2594,.T.);
#2594 = EDGE_CURVE('',#1144,#2595,#2597,.T.);
#2595 = VERTEX_POINT('',#2596);
#2596 = CARTESIAN_POINT('',(46.82,72.1,-11.27));
#2597 = LINE('',#2598,#2599);
#2598 = CARTESIAN_POINT('',(46.82,72.1,-9.27));
#2599 = VECTOR('',#2600,1.);
#2600 = DIRECTION('',(-0.,-0.,-1.));
#2601 = ORIENTED_EDGE('',*,*,#2602,.T.);
#2602 = EDGE_CURVE('',#2595,#2603,#2605,.T.);
#2603 = VERTEX_POINT('',#2604);
#2604 = CARTESIAN_POINT('',(46.82,68.4,-11.27));
#2605 = LINE('',#2606,#2607);
#2606 = CARTESIAN_POINT('',(46.82,72.1,-11.27));
#2607 = VECTOR('',#2608,1.);
#2608 = DIRECTION('',(0.,-1.,0.));
#2609 = ORIENTED_EDGE('',*,*,#2610,.F.);
#2610 = EDGE_CURVE('',#1146,#2603,#2611,.T.);
#2611 = LINE('',#2612,#2613);
#2612 = CARTESIAN_POINT('',(46.82,68.4,-9.27));
#2613 = VECTOR('',#2614,1.);
#2614 = DIRECTION('',(-0.,-0.,-1.));
#2615 = ORIENTED_EDGE('',*,*,#1143,.F.);
#2616 = PLANE('',#2617);
#2617 = AXIS2_PLACEMENT_3D('',#2618,#2619,#2620);
#2618 = CARTESIAN_POINT('',(46.82,72.1,-9.27));
#2619 = DIRECTION('',(-1.,0.,0.));
#2620 = DIRECTION('',(0.,-1.,0.));
#2621 = ADVANCED_FACE('',(#2622),#2640,.F.);
#2622 = FACE_BOUND('',#2623,.F.);
#2623 = EDGE_LOOP('',(#2624,#2632,#2638,#2639));
#2624 = ORIENTED_EDGE('',*,*,#2625,.T.);
#2625 = EDGE_CURVE('',#1154,#2626,#2628,.T.);
#2626 = VERTEX_POINT('',#2627);
#2627 = CARTESIAN_POINT('',(60.2,72.1,-11.27));
#2628 = LINE('',#2629,#2630);
#2629 = CARTESIAN_POINT('',(60.2,72.1,-9.27));
#2630 = VECTOR('',#2631,1.);
#2631 = DIRECTION('',(-0.,-0.,-1.));
#2632 = ORIENTED_EDGE('',*,*,#2633,.T.);
#2633 = EDGE_CURVE('',#2626,#2595,#2634,.T.);
#2634 = LINE('',#2635,#2636);
#2635 = CARTESIAN_POINT('',(60.2,72.1,-11.27));
#2636 = VECTOR('',#2637,1.);
#2637 = DIRECTION('',(-1.,0.,0.));
#2638 = ORIENTED_EDGE('',*,*,#2594,.F.);
#2639 = ORIENTED_EDGE('',*,*,#1153,.F.);
#2640 = PLANE('',#2641);
#2641 = AXIS2_PLACEMENT_3D('',#2642,#2643,#2644);
#2642 = CARTESIAN_POINT('',(60.2,72.1,-9.27));
#2643 = DIRECTION('',(0.,1.,0.));
#2644 = DIRECTION('',(-1.,0.,0.));
#2645 = ADVANCED_FACE('',(#2646),#2664,.F.);
#2646 = FACE_BOUND('',#2647,.F.);
#2647 = EDGE_LOOP('',(#2648,#2649,#2657,#2663));
#2648 = ORIENTED_EDGE('',*,*,#2610,.T.);
#2649 = ORIENTED_EDGE('',*,*,#2650,.T.);
#2650 = EDGE_CURVE('',#2603,#2651,#2653,.T.);
#2651 = VERTEX_POINT('',#2652);
#2652 = CARTESIAN_POINT('',(60.2,68.4,-11.27));
#2653 = LINE('',#2654,#2655);
#2654 = CARTESIAN_POINT('',(46.82,68.4,-11.27));
#2655 = VECTOR('',#2656,1.);
#2656 = DIRECTION('',(1.,0.,0.));
#2657 = ORIENTED_EDGE('',*,*,#2658,.F.);
#2658 = EDGE_CURVE('',#1162,#2651,#2659,.T.);
#2659 = LINE('',#2660,#2661);
#2660 = CARTESIAN_POINT('',(60.2,68.4,-9.27));
#2661 = VECTOR('',#2662,1.);
#2662 = DIRECTION('',(-0.,-0.,-1.));
#2663 = ORIENTED_EDGE('',*,*,#1169,.F.);
#2664 = PLANE('',#2665);
#2665 = AXIS2_PLACEMENT_3D('',#2666,#2667,#2668);
#2666 = CARTESIAN_POINT('',(46.82,68.4,-9.27));
#2667 = DIRECTION('',(0.,-1.,0.));
#2668 = DIRECTION('',(1.,0.,0.));
#2669 = ADVANCED_FACE('',(#2670),#2681,.F.);
#2670 = FACE_BOUND('',#2671,.F.);
#2671 = EDGE_LOOP('',(#2672,#2673,#2679,#2680));
#2672 = ORIENTED_EDGE('',*,*,#2658,.T.);
#2673 = ORIENTED_EDGE('',*,*,#2674,.T.);
#2674 = EDGE_CURVE('',#2651,#2626,#2675,.T.);
#2675 = LINE('',#2676,#2677);
#2676 = CARTESIAN_POINT('',(60.2,68.4,-11.27));
#2677 = VECTOR('',#2678,1.);
#2678 = DIRECTION('',(0.,1.,0.));
#2679 = ORIENTED_EDGE('',*,*,#2625,.F.);
#2680 = ORIENTED_EDGE('',*,*,#1161,.F.);
#2681 = PLANE('',#2682);
#2682 = AXIS2_PLACEMENT_3D('',#2683,#2684,#2685);
#2683 = CARTESIAN_POINT('',(60.2,68.4,-9.27));
#2684 = DIRECTION('',(1.,0.,0.));
#2685 = DIRECTION('',(0.,1.,0.));
#2686 = ADVANCED_FACE('',(#2687),#2701,.T.);
#2687 = FACE_BOUND('',#2688,.T.);
#2688 = EDGE_LOOP('',(#2689,#2690,#2695,#2696));
#2689 = ORIENTED_EDGE('',*,*,#1260,.T.);
#2690 = ORIENTED_EDGE('',*,*,#2691,.T.);
#2691 = EDGE_CURVE('',#1204,#2195,#2692,.T.);
#2692 = B_SPLINE_CURVE_WITH_KNOTS('',1,(#2693,#2694),.UNSPECIFIED.,.F.,
  .F.,(2,2),(0.,1.),.PIECEWISE_BEZIER_KNOTS.);
#2693 = CARTESIAN_POINT('',(51.309109769979,72.7,-10.57));
#2694 = CARTESIAN_POINT('',(51.304969521821,72.67730149983,-11.22));
#2695 = ORIENTED_EDGE('',*,*,#2192,.F.);
#2696 = ORIENTED_EDGE('',*,*,#2697,.F.);
#2697 = EDGE_CURVE('',#1243,#2193,#2698,.T.);
#2698 = B_SPLINE_CURVE_WITH_KNOTS('',1,(#2699,#2700),.UNSPECIFIED.,.F.,
  .F.,(2,2),(0.,1.),.PIECEWISE_BEZIER_KNOTS.);
#2699 = CARTESIAN_POINT('',(51.309109769979,84.3,-10.57));
#2700 = CARTESIAN_POINT('',(51.304969521821,84.32269850017,-11.22));
#2701 = B_SPLINE_SURFACE_WITH_KNOTS('',9,1,(
    (#2702,#2703)
    ,(#2704,#2705)
    ,(#2706,#2707)
    ,(#2708,#2709)
    ,(#2710,#2711)
    ,(#2712,#2713)
    ,(#2714,#2715)
    ,(#2716,#2717)
    ,(#2718,#2719)
    ,(#2720,#2721
    )),.UNSPECIFIED.,.F.,.F.,.F.,(10,10),(2,2),(1.931300192248,
    4.351885114932),(0.,1.),.PIECEWISE_BEZIER_KNOTS.);
#2702 = CARTESIAN_POINT('',(51.309109769979,84.3,-10.57));
#2703 = CARTESIAN_POINT('',(51.304969521821,84.32269850017,-11.22));
#2704 = CARTESIAN_POINT('',(49.750036389802,83.711076097152,-10.57));
#2705 = CARTESIAN_POINT('',(49.738932166393,83.73233653569,-11.22));
#2706 = CARTESIAN_POINT('',(48.369055716341,82.65067844346,-10.57));
#2707 = CARTESIAN_POINT('',(48.351520759659,82.668133904849,-11.22));
#2708 = CARTESIAN_POINT('',(47.329127100592,81.180356386227,-10.57));
#2709 = CARTESIAN_POINT('',(47.306603050586,81.191858258149,-11.22));
#2710 = CARTESIAN_POINT('',(46.768316581495,79.427369030497,
    -10.56999999999));
#2711 = CARTESIAN_POINT('',(46.743051033375,79.431389717645,-11.22));
#2712 = CARTESIAN_POINT('',(46.768316581494,77.572630969502,-10.57));
#2713 = CARTESIAN_POINT('',(46.743051033376,77.568610282355,
    -11.21999999999));
#2714 = CARTESIAN_POINT('',(47.329127100592,75.819643613775,-10.57));
#2715 = CARTESIAN_POINT('',(47.306603050586,75.808141741851,-11.22));
#2716 = CARTESIAN_POINT('',(48.369055716341,74.349321556539,-10.57));
#2717 = CARTESIAN_POINT('',(48.35152075966,74.33186609515,-11.22));
#2718 = CARTESIAN_POINT('',(49.750036389802,73.288923902848,-10.57));
#2719 = CARTESIAN_POINT('',(49.738932166393,73.26766346431,-11.22));
#2720 = CARTESIAN_POINT('',(51.309109769979,72.7,-10.57));
#2721 = CARTESIAN_POINT('',(51.304969521821,72.67730149983,-11.22));
#2722 = ADVANCED_FACE('',(#2723),#2733,.T.);
#2723 = FACE_BOUND('',#2724,.T.);
#2724 = EDGE_LOOP('',(#2725,#2726,#2727,#2728));
#2725 = ORIENTED_EDGE('',*,*,#1293,.T.);
#2726 = ORIENTED_EDGE('',*,*,#2697,.T.);
#2727 = ORIENTED_EDGE('',*,*,#2220,.T.);
#2728 = ORIENTED_EDGE('',*,*,#2729,.F.);
#2729 = EDGE_CURVE('',#1286,#2212,#2730,.T.);
#2730 = B_SPLINE_CURVE_WITH_KNOTS('',1,(#2731,#2732),.UNSPECIFIED.,.F.,
  .F.,(2,2),(0.,1.),.PIECEWISE_BEZIER_KNOTS.);
#2731 = CARTESIAN_POINT('',(55.690890230021,84.3,-10.57));
#2732 = CARTESIAN_POINT('',(55.695030478179,84.32269850017,-11.22));
#2733 = B_SPLINE_SURFACE_WITH_KNOTS('',1,1,(
    (#2734,#2735)
    ,(#2736,#2737
    )),.UNSPECIFIED.,.F.,.F.,.F.,(2,2),(2,2),(-4.3859207082,
    4.14024815854E-03),(0.,1.),.PIECEWISE_BEZIER_KNOTS.);
#2734 = CARTESIAN_POINT('',(55.690890230021,84.3,-10.57));
#2735 = CARTESIAN_POINT('',(55.695030478179,84.32269850017,-11.22));
#2736 = CARTESIAN_POINT('',(51.309109769979,84.3,-10.57));
#2737 = CARTESIAN_POINT('',(51.304969521821,84.32269850017,-11.22));
#2738 = ADVANCED_FACE('',(#2739),#2764,.F.);
#2739 = FACE_BOUND('',#2740,.F.);
#2740 = EDGE_LOOP('',(#2741,#2749,#2757,#2763));
#2741 = ORIENTED_EDGE('',*,*,#2742,.T.);
#2742 = EDGE_CURVE('',#1339,#2743,#2745,.T.);
#2743 = VERTEX_POINT('',#2744);
#2744 = CARTESIAN_POINT('',(61.850236588295,80.088568197936,-13.57));
#2745 = LINE('',#2746,#2747);
#2746 = CARTESIAN_POINT('',(61.850236588295,80.088568197936,-10.57));
#2747 = VECTOR('',#2748,1.);
#2748 = DIRECTION('',(-0.,-0.,-1.));
#2749 = ORIENTED_EDGE('',*,*,#2750,.T.);
#2750 = EDGE_CURVE('',#2743,#2751,#2753,.T.);
#2751 = VERTEX_POINT('',#2752);
#2752 = CARTESIAN_POINT('',(60.646659876658,79.887677155286,-13.57));
#2753 = LINE('',#2754,#2755);
#2754 = CARTESIAN_POINT('',(61.850236588295,80.088568197936,-13.57));
#2755 = VECTOR('',#2756,1.);
#2756 = DIRECTION('',(-0.986354701848,-0.164634146341,0.));
#2757 = ORIENTED_EDGE('',*,*,#2758,.F.);
#2758 = EDGE_CURVE('',#1374,#2751,#2759,.T.);
#2759 = LINE('',#2760,#2761);
#2760 = CARTESIAN_POINT('',(60.646659876658,79.887677155286,-10.57));
#2761 = VECTOR('',#2762,1.);
#2762 = DIRECTION('',(-0.,-0.,-1.));
#2763 = ORIENTED_EDGE('',*,*,#1381,.F.);
#2764 = PLANE('',#2765);
#2765 = AXIS2_PLACEMENT_3D('',#2766,#2767,#2768);
#2766 = CARTESIAN_POINT('',(61.850236588295,80.088568197936,-10.57));
#2767 = DIRECTION('',(-0.164634146341,0.986354701848,0.));
#2768 = DIRECTION('',(-0.986354701848,-0.164634146341,0.));
#2769 = ADVANCED_FACE('',(#2770),#2788,.F.);
#2770 = FACE_BOUND('',#2771,.F.);
#2771 = EDGE_LOOP('',(#2772,#2773,#2781,#2787));
#2772 = ORIENTED_EDGE('',*,*,#2758,.T.);
#2773 = ORIENTED_EDGE('',*,*,#2774,.T.);
#2774 = EDGE_CURVE('',#2751,#2775,#2777,.T.);
#2775 = VERTEX_POINT('',#2776);
#2776 = CARTESIAN_POINT('',(60.646659876658,77.112322844714,-13.57));
#2777 = LINE('',#2778,#2779);
#2778 = CARTESIAN_POINT('',(60.646659876658,79.887677155286,-13.57));
#2779 = VECTOR('',#2780,1.);
#2780 = DIRECTION('',(0.,-1.,0.));
#2781 = ORIENTED_EDGE('',*,*,#2782,.F.);
#2782 = EDGE_CURVE('',#1366,#2775,#2783,.T.);
#2783 = LINE('',#2784,#2785);
#2784 = CARTESIAN_POINT('',(60.646659876658,77.112322844714,-10.57));
#2785 = VECTOR('',#2786,1.);
#2786 = DIRECTION('',(-0.,-0.,-1.));
#2787 = ORIENTED_EDGE('',*,*,#1373,.F.);
#2788 = PLANE('',#2789);
#2789 = AXIS2_PLACEMENT_3D('',#2790,#2791,#2792);
#2790 = CARTESIAN_POINT('',(60.646659876658,79.887677155286,-10.57));
#2791 = DIRECTION('',(-1.,0.,0.));
#2792 = DIRECTION('',(0.,-1.,0.));
#2793 = ADVANCED_FACE('',(#2794),#2812,.F.);
#2794 = FACE_BOUND('',#2795,.F.);
#2795 = EDGE_LOOP('',(#2796,#2797,#2805,#2811));
#2796 = ORIENTED_EDGE('',*,*,#2782,.T.);
#2797 = ORIENTED_EDGE('',*,*,#2798,.T.);
#2798 = EDGE_CURVE('',#2775,#2799,#2801,.T.);
#2799 = VERTEX_POINT('',#2800);
#2800 = CARTESIAN_POINT('',(61.850236588295,76.911431802064,-13.57));
#2801 = LINE('',#2802,#2803);
#2802 = CARTESIAN_POINT('',(60.646659876658,77.112322844714,-13.57));
#2803 = VECTOR('',#2804,1.);
#2804 = DIRECTION('',(0.986354701848,-0.164634146341,0.));
#2805 = ORIENTED_EDGE('',*,*,#2806,.F.);
#2806 = EDGE_CURVE('',#1357,#2799,#2807,.T.);
#2807 = LINE('',#2808,#2809);
#2808 = CARTESIAN_POINT('',(61.850236588295,76.911431802064,-10.57));
#2809 = VECTOR('',#2810,1.);
#2810 = DIRECTION('',(-0.,-0.,-1.));
#2811 = ORIENTED_EDGE('',*,*,#1365,.F.);
#2812 = PLANE('',#2813);
#2813 = AXIS2_PLACEMENT_3D('',#2814,#2815,#2816);
#2814 = CARTESIAN_POINT('',(60.646659876658,77.112322844714,-10.57));
#2815 = DIRECTION('',(-0.164634146341,-0.986354701848,0.));
#2816 = DIRECTION('',(0.986354701848,-0.164634146341,0.));
#2817 = ADVANCED_FACE('',(#2818),#2828,.T.);
#2818 = FACE_BOUND('',#2819,.T.);
#2819 = EDGE_LOOP('',(#2820,#2821,#2822,#2823));
#2820 = ORIENTED_EDGE('',*,*,#1348,.T.);
#2821 = ORIENTED_EDGE('',*,*,#2729,.T.);
#2822 = ORIENTED_EDGE('',*,*,#2211,.F.);
#2823 = ORIENTED_EDGE('',*,*,#2824,.F.);
#2824 = EDGE_CURVE('',#1212,#2204,#2825,.T.);
#2825 = B_SPLINE_CURVE_WITH_KNOTS('',1,(#2826,#2827),.UNSPECIFIED.,.F.,
  .F.,(2,2),(0.,1.),.PIECEWISE_BEZIER_KNOTS.);
#2826 = CARTESIAN_POINT('',(55.690890230021,72.7,-10.57));
#2827 = CARTESIAN_POINT('',(55.695030478179,72.67730149983,-11.22));
#2828 = B_SPLINE_SURFACE_WITH_KNOTS('',9,1,(
    (#2829,#2830)
    ,(#2831,#2832)
    ,(#2833,#2834)
    ,(#2835,#2836)
    ,(#2837,#2838)
    ,(#2839,#2840)
    ,(#2841,#2842)
    ,(#2843,#2844)
    ,(#2845,#2846)
    ,(#2847,#2848
    )),.UNSPECIFIED.,.F.,.F.,.F.,(10,10),(2,2),(5.072892845838,
    7.493477768522),(0.,1.),.PIECEWISE_BEZIER_KNOTS.);
#2829 = CARTESIAN_POINT('',(55.690890230021,72.7,-10.57));
#2830 = CARTESIAN_POINT('',(55.695030478179,72.67730149983,-11.22));
#2831 = CARTESIAN_POINT('',(57.249963610198,73.288923902848,-10.57));
#2832 = CARTESIAN_POINT('',(57.261067833606,73.267663464309,-11.22));
#2833 = CARTESIAN_POINT('',(58.630944283659,74.349321556541,-10.57));
#2834 = CARTESIAN_POINT('',(58.648479240342,74.331866095152,-11.22));
#2835 = CARTESIAN_POINT('',(59.670872899409,75.819643613771,-10.57));
#2836 = CARTESIAN_POINT('',(59.693396949411,75.808141741847,
    -11.21999999999));
#2837 = CARTESIAN_POINT('',(60.231683418504,77.572630969508,-10.57));
#2838 = CARTESIAN_POINT('',(60.256948966629,77.568610282363,-11.22));
#2839 = CARTESIAN_POINT('',(60.231683418507,79.42736903049,-10.57));
#2840 = CARTESIAN_POINT('',(60.256948966621,79.431389717637,
    -11.21999999999));
#2841 = CARTESIAN_POINT('',(59.670872899407,81.180356386232,-10.57));
#2842 = CARTESIAN_POINT('',(59.693396949417,81.191858258154,-11.22));
#2843 = CARTESIAN_POINT('',(58.630944283659,82.650678443457,-10.57));
#2844 = CARTESIAN_POINT('',(58.648479240339,82.668133904847,-11.22));
#2845 = CARTESIAN_POINT('',(57.249963610198,83.711076097153,-10.57));
#2846 = CARTESIAN_POINT('',(57.261067833607,83.732336535691,-11.22));
#2847 = CARTESIAN_POINT('',(55.690890230021,84.3,-10.57));
#2848 = CARTESIAN_POINT('',(55.695030478179,84.32269850017,-11.22));
#2849 = ADVANCED_FACE('',(#2850),#2862,.T.);
#2850 = FACE_BOUND('',#2851,.T.);
#2851 = EDGE_LOOP('',(#2852,#2853,#2854,#2855));
#2852 = ORIENTED_EDGE('',*,*,#2750,.T.);
#2853 = ORIENTED_EDGE('',*,*,#2774,.T.);
#2854 = ORIENTED_EDGE('',*,*,#2798,.T.);
#2855 = ORIENTED_EDGE('',*,*,#2856,.T.);
#2856 = EDGE_CURVE('',#2799,#2743,#2857,.T.);
#2857 = CIRCLE('',#2858,8.5);
#2858 = AXIS2_PLACEMENT_3D('',#2859,#2860,#2861);
#2859 = CARTESIAN_POINT('',(53.5,78.5,-13.57));
#2860 = DIRECTION('',(0.,0.,1.));
#2861 = DIRECTION('',(1.,0.,0.));
#2862 = PLANE('',#2863);
#2863 = AXIS2_PLACEMENT_3D('',#2864,#2865,#2866);
#2864 = CARTESIAN_POINT('',(61.312088733951,78.5,-13.57));
#2865 = DIRECTION('',(0.,0.,1.));
#2866 = DIRECTION('',(1.,0.,0.));
#2867 = ADVANCED_FACE('',(#2868),#2874,.T.);
#2868 = FACE_BOUND('',#2869,.T.);
#2869 = EDGE_LOOP('',(#2870,#2871,#2872,#2873));
#2870 = ORIENTED_EDGE('',*,*,#1211,.T.);
#2871 = ORIENTED_EDGE('',*,*,#2824,.T.);
#2872 = ORIENTED_EDGE('',*,*,#2203,.F.);
#2873 = ORIENTED_EDGE('',*,*,#2691,.F.);
#2874 = B_SPLINE_SURFACE_WITH_KNOTS('',1,1,(
    (#2875,#2876)
    ,(#2877,#2878
    )),.UNSPECIFIED.,.F.,.F.,.F.,(2,2),(2,2),(-4.140248158546E-03,
    4.3859207082),(0.,1.),.PIECEWISE_BEZIER_KNOTS.);
#2875 = CARTESIAN_POINT('',(51.309109769979,72.7,-10.57));
#2876 = CARTESIAN_POINT('',(51.304969521821,72.67730149983,-11.22));
#2877 = CARTESIAN_POINT('',(55.690890230021,72.7,-10.57));
#2878 = CARTESIAN_POINT('',(55.695030478179,72.67730149983,-11.22));
#2879 = ADVANCED_FACE('',(#2880),#2905,.F.);
#2880 = FACE_BOUND('',#2881,.F.);
#2881 = EDGE_LOOP('',(#2882,#2890,#2898,#2904));
#2882 = ORIENTED_EDGE('',*,*,#2883,.T.);
#2883 = EDGE_CURVE('',#1430,#2884,#2886,.T.);
#2884 = VERTEX_POINT('',#2885);
#2885 = CARTESIAN_POINT('',(24.82,72.1,-11.27));
#2886 = LINE('',#2887,#2888);
#2887 = CARTESIAN_POINT('',(24.82,72.1,-9.27));
#2888 = VECTOR('',#2889,1.);
#2889 = DIRECTION('',(-0.,-0.,-1.));
#2890 = ORIENTED_EDGE('',*,*,#2891,.T.);
#2891 = EDGE_CURVE('',#2884,#2892,#2894,.T.);
#2892 = VERTEX_POINT('',#2893);
#2893 = CARTESIAN_POINT('',(24.82,68.4,-11.27));
#2894 = LINE('',#2895,#2896);
#2895 = CARTESIAN_POINT('',(24.82,72.1,-11.27));
#2896 = VECTOR('',#2897,1.);
#2897 = DIRECTION('',(0.,-1.,0.));
#2898 = ORIENTED_EDGE('',*,*,#2899,.F.);
#2899 = EDGE_CURVE('',#1432,#2892,#2900,.T.);
#2900 = LINE('',#2901,#2902);
#2901 = CARTESIAN_POINT('',(24.82,68.4,-9.27));
#2902 = VECTOR('',#2903,1.);
#2903 = DIRECTION('',(-0.,-0.,-1.));
#2904 = ORIENTED_EDGE('',*,*,#1429,.F.);
#2905 = PLANE('',#2906);
#2906 = AXIS2_PLACEMENT_3D('',#2907,#2908,#2909);
#2907 = CARTESIAN_POINT('',(24.82,72.1,-9.27));
#2908 = DIRECTION('',(-1.,0.,0.));
#2909 = DIRECTION('',(0.,-1.,0.));
#2910 = ADVANCED_FACE('',(#2911),#2929,.F.);
#2911 = FACE_BOUND('',#2912,.F.);
#2912 = EDGE_LOOP('',(#2913,#2921,#2927,#2928));
#2913 = ORIENTED_EDGE('',*,*,#2914,.T.);
#2914 = EDGE_CURVE('',#1440,#2915,#2917,.T.);
#2915 = VERTEX_POINT('',#2916);
#2916 = CARTESIAN_POINT('',(38.2,72.1,-11.27));
#2917 = LINE('',#2918,#2919);
#2918 = CARTESIAN_POINT('',(38.2,72.1,-9.27));
#2919 = VECTOR('',#2920,1.);
#2920 = DIRECTION('',(-0.,-0.,-1.));
#2921 = ORIENTED_EDGE('',*,*,#2922,.T.);
#2922 = EDGE_CURVE('',#2915,#2884,#2923,.T.);
#2923 = LINE('',#2924,#2925);
#2924 = CARTESIAN_POINT('',(38.2,72.1,-11.27));
#2925 = VECTOR('',#2926,1.);
#2926 = DIRECTION('',(-1.,0.,0.));
#2927 = ORIENTED_EDGE('',*,*,#2883,.F.);
#2928 = ORIENTED_EDGE('',*,*,#1439,.F.);
#2929 = PLANE('',#2930);
#2930 = AXIS2_PLACEMENT_3D('',#2931,#2932,#2933);
#2931 = CARTESIAN_POINT('',(38.2,72.1,-9.27));
#2932 = DIRECTION('',(0.,1.,0.));
#2933 = DIRECTION('',(-1.,0.,0.));
#2934 = ADVANCED_FACE('',(#2935),#2953,.F.);
#2935 = FACE_BOUND('',#2936,.F.);
#2936 = EDGE_LOOP('',(#2937,#2938,#2946,#2952));
#2937 = ORIENTED_EDGE('',*,*,#2899,.T.);
#2938 = ORIENTED_EDGE('',*,*,#2939,.T.);
#2939 = EDGE_CURVE('',#2892,#2940,#2942,.T.);
#2940 = VERTEX_POINT('',#2941);
#2941 = CARTESIAN_POINT('',(38.2,68.4,-11.27));
#2942 = LINE('',#2943,#2944);
#2943 = CARTESIAN_POINT('',(24.82,68.4,-11.27));
#2944 = VECTOR('',#2945,1.);
#2945 = DIRECTION('',(1.,0.,0.));
#2946 = ORIENTED_EDGE('',*,*,#2947,.F.);
#2947 = EDGE_CURVE('',#1448,#2940,#2948,.T.);
#2948 = LINE('',#2949,#2950);
#2949 = CARTESIAN_POINT('',(38.2,68.4,-9.27));
#2950 = VECTOR('',#2951,1.);
#2951 = DIRECTION('',(-0.,-0.,-1.));
#2952 = ORIENTED_EDGE('',*,*,#1455,.F.);
#2953 = PLANE('',#2954);
#2954 = AXIS2_PLACEMENT_3D('',#2955,#2956,#2957);
#2955 = CARTESIAN_POINT('',(24.82,68.4,-9.27));
#2956 = DIRECTION('',(0.,-1.,0.));
#2957 = DIRECTION('',(1.,0.,0.));
#2958 = ADVANCED_FACE('',(#2959),#2970,.F.);
#2959 = FACE_BOUND('',#2960,.F.);
#2960 = EDGE_LOOP('',(#2961,#2962,#2968,#2969));
#2961 = ORIENTED_EDGE('',*,*,#2947,.T.);
#2962 = ORIENTED_EDGE('',*,*,#2963,.T.);
#2963 = EDGE_CURVE('',#2940,#2915,#2964,.T.);
#2964 = LINE('',#2965,#2966);
#2965 = CARTESIAN_POINT('',(38.2,68.4,-11.27));
#2966 = VECTOR('',#2967,1.);
#2967 = DIRECTION('',(0.,1.,0.));
#2968 = ORIENTED_EDGE('',*,*,#2914,.F.);
#2969 = ORIENTED_EDGE('',*,*,#1447,.F.);
#2970 = PLANE('',#2971);
#2971 = AXIS2_PLACEMENT_3D('',#2972,#2973,#2974);
#2972 = CARTESIAN_POINT('',(38.2,68.4,-9.27));
#2973 = DIRECTION('',(1.,0.,0.));
#2974 = DIRECTION('',(0.,1.,0.));
#2975 = ADVANCED_FACE('',(#2976),#2990,.T.);
#2976 = FACE_BOUND('',#2977,.T.);
#2977 = EDGE_LOOP('',(#2978,#2979,#2984,#2985));
#2978 = ORIENTED_EDGE('',*,*,#1546,.T.);
#2979 = ORIENTED_EDGE('',*,*,#2980,.T.);
#2980 = EDGE_CURVE('',#1490,#2150,#2981,.T.);
#2981 = B_SPLINE_CURVE_WITH_KNOTS('',1,(#2982,#2983),.UNSPECIFIED.,.F.,
  .F.,(2,2),(0.,1.),.PIECEWISE_BEZIER_KNOTS.);
#2982 = CARTESIAN_POINT('',(29.309109769979,72.7,-10.57));
#2983 = CARTESIAN_POINT('',(29.304969521821,72.67730149983,-11.22));
#2984 = ORIENTED_EDGE('',*,*,#2147,.F.);
#2985 = ORIENTED_EDGE('',*,*,#2986,.F.);
#2986 = EDGE_CURVE('',#1529,#2148,#2987,.T.);
#2987 = B_SPLINE_CURVE_WITH_KNOTS('',1,(#2988,#2989),.UNSPECIFIED.,.F.,
  .F.,(2,2),(0.,1.),.PIECEWISE_BEZIER_KNOTS.);
#2988 = CARTESIAN_POINT('',(29.309109769979,84.3,-10.57));
#2989 = CARTESIAN_POINT('',(29.304969521821,84.32269850017,-11.22));
#2990 = B_SPLINE_SURFACE_WITH_KNOTS('',9,1,(
    (#2991,#2992)
    ,(#2993,#2994)
    ,(#2995,#2996)
    ,(#2997,#2998)
    ,(#2999,#3000)
    ,(#3001,#3002)
    ,(#3003,#3004)
    ,(#3005,#3006)
    ,(#3007,#3008)
    ,(#3009,#3010
    )),.UNSPECIFIED.,.F.,.F.,.F.,(10,10),(2,2),(1.931300192248,
    4.351885114932),(0.,1.),.PIECEWISE_BEZIER_KNOTS.);
#2991 = CARTESIAN_POINT('',(29.309109769979,84.3,-10.57));
#2992 = CARTESIAN_POINT('',(29.304969521821,84.32269850017,-11.22));
#2993 = CARTESIAN_POINT('',(27.750036389802,83.711076097152,-10.57));
#2994 = CARTESIAN_POINT('',(27.738932166393,83.73233653569,-11.22));
#2995 = CARTESIAN_POINT('',(26.369055716341,82.65067844346,-10.57));
#2996 = CARTESIAN_POINT('',(26.351520759659,82.668133904849,-11.22));
#2997 = CARTESIAN_POINT('',(25.329127100592,81.180356386227,-10.57));
#2998 = CARTESIAN_POINT('',(25.306603050586,81.191858258149,-11.22));
#2999 = CARTESIAN_POINT('',(24.768316581495,79.427369030497,
    -10.56999999999));
#3000 = CARTESIAN_POINT('',(24.743051033375,79.431389717645,-11.22));
#3001 = CARTESIAN_POINT('',(24.768316581494,77.572630969502,-10.57));
#3002 = CARTESIAN_POINT('',(24.743051033376,77.568610282355,
    -11.21999999999));
#3003 = CARTESIAN_POINT('',(25.329127100592,75.819643613775,-10.57));
#3004 = CARTESIAN_POINT('',(25.306603050586,75.808141741851,-11.22));
#3005 = CARTESIAN_POINT('',(26.369055716341,74.349321556539,-10.57));
#3006 = CARTESIAN_POINT('',(26.35152075966,74.33186609515,-11.22));
#3007 = CARTESIAN_POINT('',(27.750036389802,73.288923902848,-10.57));
#3008 = CARTESIAN_POINT('',(27.738932166393,73.26766346431,-11.22));
#3009 = CARTESIAN_POINT('',(29.309109769979,72.7,-10.57));
#3010 = CARTESIAN_POINT('',(29.304969521821,72.67730149983,-11.22));
#3011 = ADVANCED_FACE('',(#3012),#3022,.T.);
#3012 = FACE_BOUND('',#3013,.T.);
#3013 = EDGE_LOOP('',(#3014,#3015,#3016,#3017));
#3014 = ORIENTED_EDGE('',*,*,#1579,.T.);
#3015 = ORIENTED_EDGE('',*,*,#2986,.T.);
#3016 = ORIENTED_EDGE('',*,*,#2175,.T.);
#3017 = ORIENTED_EDGE('',*,*,#3018,.F.);
#3018 = EDGE_CURVE('',#1572,#2167,#3019,.T.);
#3019 = B_SPLINE_CURVE_WITH_KNOTS('',1,(#3020,#3021),.UNSPECIFIED.,.F.,
  .F.,(2,2),(0.,1.),.PIECEWISE_BEZIER_KNOTS.);
#3020 = CARTESIAN_POINT('',(33.690890230021,84.3,-10.57));
#3021 = CARTESIAN_POINT('',(33.695030478179,84.32269850017,-11.22));
#3022 = B_SPLINE_SURFACE_WITH_KNOTS('',1,1,(
    (#3023,#3024)
    ,(#3025,#3026
    )),.UNSPECIFIED.,.F.,.F.,.F.,(2,2),(2,2),(-4.3859207082,
    4.14024815854E-03),(0.,1.),.PIECEWISE_BEZIER_KNOTS.);
#3023 = CARTESIAN_POINT('',(33.690890230021,84.3,-10.57));
#3024 = CARTESIAN_POINT('',(33.695030478179,84.32269850017,-11.22));
#3025 = CARTESIAN_POINT('',(29.309109769979,84.3,-10.57));
#3026 = CARTESIAN_POINT('',(29.304969521821,84.32269850017,-11.22));
#3027 = ADVANCED_FACE('',(#3028),#3053,.F.);
#3028 = FACE_BOUND('',#3029,.F.);
#3029 = EDGE_LOOP('',(#3030,#3038,#3046,#3052));
#3030 = ORIENTED_EDGE('',*,*,#3031,.T.);
#3031 = EDGE_CURVE('',#1625,#3032,#3034,.T.);
#3032 = VERTEX_POINT('',#3033);
#3033 = CARTESIAN_POINT('',(39.850236588295,80.088568197936,-13.57));
#3034 = LINE('',#3035,#3036);
#3035 = CARTESIAN_POINT('',(39.850236588295,80.088568197936,-10.57));
#3036 = VECTOR('',#3037,1.);
#3037 = DIRECTION('',(-0.,-0.,-1.));
#3038 = ORIENTED_EDGE('',*,*,#3039,.T.);
#3039 = EDGE_CURVE('',#3032,#3040,#3042,.T.);
#3040 = VERTEX_POINT('',#3041);
#3041 = CARTESIAN_POINT('',(38.646659876658,79.887677155286,-13.57));
#3042 = LINE('',#3043,#3044);
#3043 = CARTESIAN_POINT('',(39.850236588295,80.088568197936,-13.57));
#3044 = VECTOR('',#3045,1.);
#3045 = DIRECTION('',(-0.986354701848,-0.164634146341,0.));
#3046 = ORIENTED_EDGE('',*,*,#3047,.F.);
#3047 = EDGE_CURVE('',#1660,#3040,#3048,.T.);
#3048 = LINE('',#3049,#3050);
#3049 = CARTESIAN_POINT('',(38.646659876658,79.887677155286,-10.57));
#3050 = VECTOR('',#3051,1.);
#3051 = DIRECTION('',(-0.,-0.,-1.));
#3052 = ORIENTED_EDGE('',*,*,#1667,.F.);
#3053 = PLANE('',#3054);
#3054 = AXIS2_PLACEMENT_3D('',#3055,#3056,#3057);
#3055 = CARTESIAN_POINT('',(39.850236588295,80.088568197936,-10.57));
#3056 = DIRECTION('',(-0.164634146341,0.986354701848,0.));
#3057 = DIRECTION('',(-0.986354701848,-0.164634146341,0.));
#3058 = ADVANCED_FACE('',(#3059),#3077,.F.);
#3059 = FACE_BOUND('',#3060,.F.);
#3060 = EDGE_LOOP('',(#3061,#3062,#3070,#3076));
#3061 = ORIENTED_EDGE('',*,*,#3047,.T.);
#3062 = ORIENTED_EDGE('',*,*,#3063,.T.);
#3063 = EDGE_CURVE('',#3040,#3064,#3066,.T.);
#3064 = VERTEX_POINT('',#3065);
#3065 = CARTESIAN_POINT('',(38.646659876658,77.112322844714,-13.57));
#3066 = LINE('',#3067,#3068);
#3067 = CARTESIAN_POINT('',(38.646659876658,79.887677155286,-13.57));
#3068 = VECTOR('',#3069,1.);
#3069 = DIRECTION('',(0.,-1.,0.));
#3070 = ORIENTED_EDGE('',*,*,#3071,.F.);
#3071 = EDGE_CURVE('',#1652,#3064,#3072,.T.);
#3072 = LINE('',#3073,#3074);
#3073 = CARTESIAN_POINT('',(38.646659876658,77.112322844714,-10.57));
#3074 = VECTOR('',#3075,1.);
#3075 = DIRECTION('',(-0.,-0.,-1.));
#3076 = ORIENTED_EDGE('',*,*,#1659,.F.);
#3077 = PLANE('',#3078);
#3078 = AXIS2_PLACEMENT_3D('',#3079,#3080,#3081);
#3079 = CARTESIAN_POINT('',(38.646659876658,79.887677155286,-10.57));
#3080 = DIRECTION('',(-1.,0.,0.));
#3081 = DIRECTION('',(0.,-1.,0.));
#3082 = ADVANCED_FACE('',(#3083),#3101,.F.);
#3083 = FACE_BOUND('',#3084,.F.);
#3084 = EDGE_LOOP('',(#3085,#3086,#3094,#3100));
#3085 = ORIENTED_EDGE('',*,*,#3071,.T.);
#3086 = ORIENTED_EDGE('',*,*,#3087,.T.);
#3087 = EDGE_CURVE('',#3064,#3088,#3090,.T.);
#3088 = VERTEX_POINT('',#3089);
#3089 = CARTESIAN_POINT('',(39.850236588295,76.911431802064,-13.57));
#3090 = LINE('',#3091,#3092);
#3091 = CARTESIAN_POINT('',(38.646659876658,77.112322844714,-13.57));
#3092 = VECTOR('',#3093,1.);
#3093 = DIRECTION('',(0.986354701848,-0.164634146341,0.));
#3094 = ORIENTED_EDGE('',*,*,#3095,.F.);
#3095 = EDGE_CURVE('',#1643,#3088,#3096,.T.);
#3096 = LINE('',#3097,#3098);
#3097 = CARTESIAN_POINT('',(39.850236588295,76.911431802064,-10.57));
#3098 = VECTOR('',#3099,1.);
#3099 = DIRECTION('',(-0.,-0.,-1.));
#3100 = ORIENTED_EDGE('',*,*,#1651,.F.);
#3101 = PLANE('',#3102);
#3102 = AXIS2_PLACEMENT_3D('',#3103,#3104,#3105);
#3103 = CARTESIAN_POINT('',(38.646659876658,77.112322844714,-10.57));
#3104 = DIRECTION('',(-0.164634146341,-0.986354701848,0.));
#3105 = DIRECTION('',(0.986354701848,-0.164634146341,0.));
#3106 = ADVANCED_FACE('',(#3107),#3117,.T.);
#3107 = FACE_BOUND('',#3108,.T.);
#3108 = EDGE_LOOP('',(#3109,#3110,#3111,#3112));
#3109 = ORIENTED_EDGE('',*,*,#1634,.T.);
#3110 = ORIENTED_EDGE('',*,*,#3018,.T.);
#3111 = ORIENTED_EDGE('',*,*,#2166,.F.);
#3112 = ORIENTED_EDGE('',*,*,#3113,.F.);
#3113 = EDGE_CURVE('',#1498,#2159,#3114,.T.);
#3114 = B_SPLINE_CURVE_WITH_KNOTS('',1,(#3115,#3116),.UNSPECIFIED.,.F.,
  .F.,(2,2),(0.,1.),.PIECEWISE_BEZIER_KNOTS.);
#3115 = CARTESIAN_POINT('',(33.690890230021,72.7,-10.57));
#3116 = CARTESIAN_POINT('',(33.695030478179,72.67730149983,-11.22));
#3117 = B_SPLINE_SURFACE_WITH_KNOTS('',9,1,(
    (#3118,#3119)
    ,(#3120,#3121)
    ,(#3122,#3123)
    ,(#3124,#3125)
    ,(#3126,#3127)
    ,(#3128,#3129)
    ,(#3130,#3131)
    ,(#3132,#3133)
    ,(#3134,#3135)
    ,(#3136,#3137
    )),.UNSPECIFIED.,.F.,.F.,.F.,(10,10),(2,2),(5.072892845838,
    7.493477768522),(0.,1.),.PIECEWISE_BEZIER_KNOTS.);
#3118 = CARTESIAN_POINT('',(33.690890230021,72.7,-10.57));
#3119 = CARTESIAN_POINT('',(33.695030478179,72.67730149983,-11.22));
#3120 = CARTESIAN_POINT('',(35.249963610198,73.288923902848,-10.57));
#3121 = CARTESIAN_POINT('',(35.261067833606,73.267663464309,-11.22));
#3122 = CARTESIAN_POINT('',(36.630944283659,74.349321556541,-10.57));
#3123 = CARTESIAN_POINT('',(36.648479240342,74.331866095152,-11.22));
#3124 = CARTESIAN_POINT('',(37.670872899409,75.819643613771,-10.57));
#3125 = CARTESIAN_POINT('',(37.693396949411,75.808141741847,
    -11.21999999999));
#3126 = CARTESIAN_POINT('',(38.231683418504,77.572630969508,-10.57));
#3127 = CARTESIAN_POINT('',(38.256948966629,77.568610282363,-11.22));
#3128 = CARTESIAN_POINT('',(38.231683418507,79.42736903049,-10.57));
#3129 = CARTESIAN_POINT('',(38.256948966621,79.431389717637,
    -11.21999999999));
#3130 = CARTESIAN_POINT('',(37.670872899407,81.180356386232,-10.57));
#3131 = CARTESIAN_POINT('',(37.693396949417,81.191858258154,-11.22));
#3132 = CARTESIAN_POINT('',(36.630944283659,82.650678443457,-10.57));
#3133 = CARTESIAN_POINT('',(36.648479240339,82.668133904847,-11.22));
#3134 = CARTESIAN_POINT('',(35.249963610198,83.711076097153,-10.57));
#3135 = CARTESIAN_POINT('',(35.261067833607,83.732336535691,-11.22));
#3136 = CARTESIAN_POINT('',(33.690890230021,84.3,-10.57));
#3137 = CARTESIAN_POINT('',(33.695030478179,84.32269850017,-11.22));
#3138 = ADVANCED_FACE('',(#3139),#3151,.T.);
#3139 = FACE_BOUND('',#3140,.T.);
#3140 = EDGE_LOOP('',(#3141,#3142,#3143,#3144));
#3141 = ORIENTED_EDGE('',*,*,#3039,.T.);
#3142 = ORIENTED_EDGE('',*,*,#3063,.T.);
#3143 = ORIENTED_EDGE('',*,*,#3087,.T.);
#3144 = ORIENTED_EDGE('',*,*,#3145,.T.);
#3145 = EDGE_CURVE('',#3088,#3032,#3146,.T.);
#3146 = CIRCLE('',#3147,8.5);
#3147 = AXIS2_PLACEMENT_3D('',#3148,#3149,#3150);
#3148 = CARTESIAN_POINT('',(31.5,78.5,-13.57));
#3149 = DIRECTION('',(0.,0.,1.));
#3150 = DIRECTION('',(1.,0.,0.));
#3151 = PLANE('',#3152);
#3152 = AXIS2_PLACEMENT_3D('',#3153,#3154,#3155);
#3153 = CARTESIAN_POINT('',(39.312088733951,78.5,-13.57));
#3154 = DIRECTION('',(0.,0.,1.));
#3155 = DIRECTION('',(1.,0.,0.));
#3156 = ADVANCED_FACE('',(#3157),#3163,.T.);
#3157 = FACE_BOUND('',#3158,.T.);
#3158 = EDGE_LOOP('',(#3159,#3160,#3161,#3162));
#3159 = ORIENTED_EDGE('',*,*,#1497,.T.);
#3160 = ORIENTED_EDGE('',*,*,#3113,.T.);
#3161 = ORIENTED_EDGE('',*,*,#2158,.F.);
#3162 = ORIENTED_EDGE('',*,*,#2980,.F.);
#3163 = B_SPLINE_SURFACE_WITH_KNOTS('',1,1,(
    (#3164,#3165)
    ,(#3166,#3167
    )),.UNSPECIFIED.,.F.,.F.,.F.,(2,2),(2,2),(-4.140248158546E-03,
    4.3859207082),(0.,1.),.PIECEWISE_BEZIER_KNOTS.);
#3164 = CARTESIAN_POINT('',(29.309109769979,72.7,-10.57));
#3165 = CARTESIAN_POINT('',(29.304969521821,72.67730149983,-11.22));
#3166 = CARTESIAN_POINT('',(33.690890230021,72.7,-10.57));
#3167 = CARTESIAN_POINT('',(33.695030478179,72.67730149983,-11.22));
#3168 = ADVANCED_FACE('',(#3169),#3194,.F.);
#3169 = FACE_BOUND('',#3170,.F.);
#3170 = EDGE_LOOP('',(#3171,#3179,#3187,#3193));
#3171 = ORIENTED_EDGE('',*,*,#3172,.T.);
#3172 = EDGE_CURVE('',#1716,#3173,#3175,.T.);
#3173 = VERTEX_POINT('',#3174);
#3174 = CARTESIAN_POINT('',(2.82,72.1,-11.27));
#3175 = LINE('',#3176,#3177);
#3176 = CARTESIAN_POINT('',(2.82,72.1,-9.27));
#3177 = VECTOR('',#3178,1.);
#3178 = DIRECTION('',(-0.,-0.,-1.));
#3179 = ORIENTED_EDGE('',*,*,#3180,.T.);
#3180 = EDGE_CURVE('',#3173,#3181,#3183,.T.);
#3181 = VERTEX_POINT('',#3182);
#3182 = CARTESIAN_POINT('',(2.82,68.4,-11.27));
#3183 = LINE('',#3184,#3185);
#3184 = CARTESIAN_POINT('',(2.82,72.1,-11.27));
#3185 = VECTOR('',#3186,1.);
#3186 = DIRECTION('',(0.,-1.,0.));
#3187 = ORIENTED_EDGE('',*,*,#3188,.F.);
#3188 = EDGE_CURVE('',#1718,#3181,#3189,.T.);
#3189 = LINE('',#3190,#3191);
#3190 = CARTESIAN_POINT('',(2.82,68.4,-9.27));
#3191 = VECTOR('',#3192,1.);
#3192 = DIRECTION('',(-0.,-0.,-1.));
#3193 = ORIENTED_EDGE('',*,*,#1715,.F.);
#3194 = PLANE('',#3195);
#3195 = AXIS2_PLACEMENT_3D('',#3196,#3197,#3198);
#3196 = CARTESIAN_POINT('',(2.82,72.1,-9.27));
#3197 = DIRECTION('',(-1.,0.,0.));
#3198 = DIRECTION('',(0.,-1.,0.));
#3199 = ADVANCED_FACE('',(#3200),#3218,.F.);
#3200 = FACE_BOUND('',#3201,.F.);
#3201 = EDGE_LOOP('',(#3202,#3210,#3216,#3217));
#3202 = ORIENTED_EDGE('',*,*,#3203,.T.);
#3203 = EDGE_CURVE('',#1726,#3204,#3206,.T.);
#3204 = VERTEX_POINT('',#3205);
#3205 = CARTESIAN_POINT('',(16.2,72.1,-11.27));
#3206 = LINE('',#3207,#3208);
#3207 = CARTESIAN_POINT('',(16.2,72.1,-9.27));
#3208 = VECTOR('',#3209,1.);
#3209 = DIRECTION('',(-0.,-0.,-1.));
#3210 = ORIENTED_EDGE('',*,*,#3211,.T.);
#3211 = EDGE_CURVE('',#3204,#3173,#3212,.T.);
#3212 = LINE('',#3213,#3214);
#3213 = CARTESIAN_POINT('',(16.2,72.1,-11.27));
#3214 = VECTOR('',#3215,1.);
#3215 = DIRECTION('',(-1.,0.,0.));
#3216 = ORIENTED_EDGE('',*,*,#3172,.F.);
#3217 = ORIENTED_EDGE('',*,*,#1725,.F.);
#3218 = PLANE('',#3219);
#3219 = AXIS2_PLACEMENT_3D('',#3220,#3221,#3222);
#3220 = CARTESIAN_POINT('',(16.2,72.1,-9.27));
#3221 = DIRECTION('',(0.,1.,0.));
#3222 = DIRECTION('',(-1.,0.,0.));
#3223 = ADVANCED_FACE('',(#3224),#3242,.F.);
#3224 = FACE_BOUND('',#3225,.F.);
#3225 = EDGE_LOOP('',(#3226,#3227,#3235,#3241));
#3226 = ORIENTED_EDGE('',*,*,#3188,.T.);
#3227 = ORIENTED_EDGE('',*,*,#3228,.T.);
#3228 = EDGE_CURVE('',#3181,#3229,#3231,.T.);
#3229 = VERTEX_POINT('',#3230);
#3230 = CARTESIAN_POINT('',(16.2,68.4,-11.27));
#3231 = LINE('',#3232,#3233);
#3232 = CARTESIAN_POINT('',(2.82,68.4,-11.27));
#3233 = VECTOR('',#3234,1.);
#3234 = DIRECTION('',(1.,0.,0.));
#3235 = ORIENTED_EDGE('',*,*,#3236,.F.);
#3236 = EDGE_CURVE('',#1734,#3229,#3237,.T.);
#3237 = LINE('',#3238,#3239);
#3238 = CARTESIAN_POINT('',(16.2,68.4,-9.27));
#3239 = VECTOR('',#3240,1.);
#3240 = DIRECTION('',(-0.,-0.,-1.));
#3241 = ORIENTED_EDGE('',*,*,#1741,.F.);
#3242 = PLANE('',#3243);
#3243 = AXIS2_PLACEMENT_3D('',#3244,#3245,#3246);
#3244 = CARTESIAN_POINT('',(2.82,68.4,-9.27));
#3245 = DIRECTION('',(0.,-1.,0.));
#3246 = DIRECTION('',(1.,0.,0.));
#3247 = ADVANCED_FACE('',(#3248),#3259,.F.);
#3248 = FACE_BOUND('',#3249,.F.);
#3249 = EDGE_LOOP('',(#3250,#3251,#3257,#3258));
#3250 = ORIENTED_EDGE('',*,*,#3236,.T.);
#3251 = ORIENTED_EDGE('',*,*,#3252,.T.);
#3252 = EDGE_CURVE('',#3229,#3204,#3253,.T.);
#3253 = LINE('',#3254,#3255);
#3254 = CARTESIAN_POINT('',(16.2,68.4,-11.27));
#3255 = VECTOR('',#3256,1.);
#3256 = DIRECTION('',(0.,1.,0.));
#3257 = ORIENTED_EDGE('',*,*,#3203,.F.);
#3258 = ORIENTED_EDGE('',*,*,#1733,.F.);
#3259 = PLANE('',#3260);
#3260 = AXIS2_PLACEMENT_3D('',#3261,#3262,#3263);
#3261 = CARTESIAN_POINT('',(16.2,68.4,-9.27));
#3262 = DIRECTION('',(1.,0.,0.));
#3263 = DIRECTION('',(0.,1.,0.));
#3264 = ADVANCED_FACE('',(#3265),#3279,.T.);
#3265 = FACE_BOUND('',#3266,.T.);
#3266 = EDGE_LOOP('',(#3267,#3268,#3273,#3274));
#3267 = ORIENTED_EDGE('',*,*,#1832,.T.);
#3268 = ORIENTED_EDGE('',*,*,#3269,.T.);
#3269 = EDGE_CURVE('',#1776,#2105,#3270,.T.);
#3270 = B_SPLINE_CURVE_WITH_KNOTS('',1,(#3271,#3272),.UNSPECIFIED.,.F.,
  .F.,(2,2),(0.,1.),.PIECEWISE_BEZIER_KNOTS.);
#3271 = CARTESIAN_POINT('',(7.309109769979,72.7,-10.57));
#3272 = CARTESIAN_POINT('',(7.304969521821,72.67730149983,-11.22));
#3273 = ORIENTED_EDGE('',*,*,#2102,.F.);
#3274 = ORIENTED_EDGE('',*,*,#3275,.F.);
#3275 = EDGE_CURVE('',#1815,#2103,#3276,.T.);
#3276 = B_SPLINE_CURVE_WITH_KNOTS('',1,(#3277,#3278),.UNSPECIFIED.,.F.,
  .F.,(2,2),(0.,1.),.PIECEWISE_BEZIER_KNOTS.);
#3277 = CARTESIAN_POINT('',(7.309109769979,84.3,-10.57));
#3278 = CARTESIAN_POINT('',(7.304969521821,84.32269850017,-11.22));
#3279 = B_SPLINE_SURFACE_WITH_KNOTS('',9,1,(
    (#3280,#3281)
    ,(#3282,#3283)
    ,(#3284,#3285)
    ,(#3286,#3287)
    ,(#3288,#3289)
    ,(#3290,#3291)
    ,(#3292,#3293)
    ,(#3294,#3295)
    ,(#3296,#3297)
    ,(#3298,#3299
    )),.UNSPECIFIED.,.F.,.F.,.F.,(10,10),(2,2),(1.931300192248,
    4.351885114932),(0.,1.),.PIECEWISE_BEZIER_KNOTS.);
#3280 = CARTESIAN_POINT('',(7.309109769979,84.3,-10.57));
#3281 = CARTESIAN_POINT('',(7.304969521821,84.32269850017,-11.22));
#3282 = CARTESIAN_POINT('',(5.750036389802,83.711076097152,-10.57));
#3283 = CARTESIAN_POINT('',(5.738932166393,83.73233653569,-11.22));
#3284 = CARTESIAN_POINT('',(4.369055716341,82.65067844346,-10.57));
#3285 = CARTESIAN_POINT('',(4.351520759659,82.668133904849,-11.22));
#3286 = CARTESIAN_POINT('',(3.329127100592,81.180356386227,-10.57));
#3287 = CARTESIAN_POINT('',(3.306603050586,81.191858258149,-11.22));
#3288 = CARTESIAN_POINT('',(2.768316581495,79.427369030497,
    -10.56999999999));
#3289 = CARTESIAN_POINT('',(2.743051033375,79.431389717645,-11.22));
#3290 = CARTESIAN_POINT('',(2.768316581494,77.572630969502,-10.57));
#3291 = CARTESIAN_POINT('',(2.743051033376,77.568610282355,
    -11.21999999999));
#3292 = CARTESIAN_POINT('',(3.329127100592,75.819643613775,-10.57));
#3293 = CARTESIAN_POINT('',(3.306603050586,75.808141741851,-11.22));
#3294 = CARTESIAN_POINT('',(4.369055716341,74.349321556539,-10.57));
#3295 = CARTESIAN_POINT('',(4.35152075966,74.33186609515,-11.22));
#3296 = CARTESIAN_POINT('',(5.750036389802,73.288923902848,-10.57));
#3297 = CARTESIAN_POINT('',(5.738932166393,73.26766346431,-11.22));
#3298 = CARTESIAN_POINT('',(7.309109769979,72.7,-10.57));
#3299 = CARTESIAN_POINT('',(7.304969521821,72.67730149983,-11.22));
#3300 = ADVANCED_FACE('',(#3301),#3311,.T.);
#3301 = FACE_BOUND('',#3302,.T.);
#3302 = EDGE_LOOP('',(#3303,#3304,#3305,#3306));
#3303 = ORIENTED_EDGE('',*,*,#1865,.T.);
#3304 = ORIENTED_EDGE('',*,*,#3275,.T.);
#3305 = ORIENTED_EDGE('',*,*,#2130,.T.);
#3306 = ORIENTED_EDGE('',*,*,#3307,.F.);
#3307 = EDGE_CURVE('',#1858,#2122,#3308,.T.);
#3308 = B_SPLINE_CURVE_WITH_KNOTS('',1,(#3309,#3310),.UNSPECIFIED.,.F.,
  .F.,(2,2),(0.,1.),.PIECEWISE_BEZIER_KNOTS.);
#3309 = CARTESIAN_POINT('',(11.690890230021,84.3,-10.57));
#3310 = CARTESIAN_POINT('',(11.695030478179,84.32269850017,-11.22));
#3311 = B_SPLINE_SURFACE_WITH_KNOTS('',1,1,(
    (#3312,#3313)
    ,(#3314,#3315
    )),.UNSPECIFIED.,.F.,.F.,.F.,(2,2),(2,2),(-4.3859207082,
    4.14024815854E-03),(0.,1.),.PIECEWISE_BEZIER_KNOTS.);
#3312 = CARTESIAN_POINT('',(11.690890230021,84.3,-10.57));
#3313 = CARTESIAN_POINT('',(11.695030478179,84.32269850017,-11.22));
#3314 = CARTESIAN_POINT('',(7.309109769979,84.3,-10.57));
#3315 = CARTESIAN_POINT('',(7.304969521821,84.32269850017,-11.22));
#3316 = ADVANCED_FACE('',(#3317),#3342,.F.);
#3317 = FACE_BOUND('',#3318,.F.);
#3318 = EDGE_LOOP('',(#3319,#3327,#3335,#3341));
#3319 = ORIENTED_EDGE('',*,*,#3320,.T.);
#3320 = EDGE_CURVE('',#1911,#3321,#3323,.T.);
#3321 = VERTEX_POINT('',#3322);
#3322 = CARTESIAN_POINT('',(17.850236588295,80.088568197936,-13.57));
#3323 = LINE('',#3324,#3325);
#3324 = CARTESIAN_POINT('',(17.850236588295,80.088568197936,-10.57));
#3325 = VECTOR('',#3326,1.);
#3326 = DIRECTION('',(-0.,-0.,-1.));
#3327 = ORIENTED_EDGE('',*,*,#3328,.T.);
#3328 = EDGE_CURVE('',#3321,#3329,#3331,.T.);
#3329 = VERTEX_POINT('',#3330);
#3330 = CARTESIAN_POINT('',(16.646659876658,79.887677155286,-13.57));
#3331 = LINE('',#3332,#3333);
#3332 = CARTESIAN_POINT('',(17.850236588295,80.088568197936,-13.57));
#3333 = VECTOR('',#3334,1.);
#3334 = DIRECTION('',(-0.986354701848,-0.164634146341,0.));
#3335 = ORIENTED_EDGE('',*,*,#3336,.F.);
#3336 = EDGE_CURVE('',#1946,#3329,#3337,.T.);
#3337 = LINE('',#3338,#3339);
#3338 = CARTESIAN_POINT('',(16.646659876658,79.887677155286,-10.57));
#3339 = VECTOR('',#3340,1.);
#3340 = DIRECTION('',(-0.,-0.,-1.));
#3341 = ORIENTED_EDGE('',*,*,#1953,.F.);
#3342 = PLANE('',#3343);
#3343 = AXIS2_PLACEMENT_3D('',#3344,#3345,#3346);
#3344 = CARTESIAN_POINT('',(17.850236588295,80.088568197936,-10.57));
#3345 = DIRECTION('',(-0.164634146341,0.986354701848,0.));
#3346 = DIRECTION('',(-0.986354701848,-0.164634146341,0.));
#3347 = ADVANCED_FACE('',(#3348),#3366,.F.);
#3348 = FACE_BOUND('',#3349,.F.);
#3349 = EDGE_LOOP('',(#3350,#3351,#3359,#3365));
#3350 = ORIENTED_EDGE('',*,*,#3336,.T.);
#3351 = ORIENTED_EDGE('',*,*,#3352,.T.);
#3352 = EDGE_CURVE('',#3329,#3353,#3355,.T.);
#3353 = VERTEX_POINT('',#3354);
#3354 = CARTESIAN_POINT('',(16.646659876658,77.112322844714,-13.57));
#3355 = LINE('',#3356,#3357);
#3356 = CARTESIAN_POINT('',(16.646659876658,79.887677155286,-13.57));
#3357 = VECTOR('',#3358,1.);
#3358 = DIRECTION('',(0.,-1.,0.));
#3359 = ORIENTED_EDGE('',*,*,#3360,.F.);
#3360 = EDGE_CURVE('',#1938,#3353,#3361,.T.);
#3361 = LINE('',#3362,#3363);
#3362 = CARTESIAN_POINT('',(16.646659876658,77.112322844714,-10.57));
#3363 = VECTOR('',#3364,1.);
#3364 = DIRECTION('',(-0.,-0.,-1.));
#3365 = ORIENTED_EDGE('',*,*,#1945,.F.);
#3366 = PLANE('',#3367);
#3367 = AXIS2_PLACEMENT_3D('',#3368,#3369,#3370);
#3368 = CARTESIAN_POINT('',(16.646659876658,79.887677155286,-10.57));
#3369 = DIRECTION('',(-1.,0.,0.));
#3370 = DIRECTION('',(0.,-1.,0.));
#3371 = ADVANCED_FACE('',(#3372),#3390,.F.);
#3372 = FACE_BOUND('',#3373,.F.);
#3373 = EDGE_LOOP('',(#3374,#3375,#3383,#3389));
#3374 = ORIENTED_EDGE('',*,*,#3360,.T.);
#3375 = ORIENTED_EDGE('',*,*,#3376,.T.);
#3376 = EDGE_CURVE('',#3353,#3377,#3379,.T.);
#3377 = VERTEX_POINT('',#3378);
#3378 = CARTESIAN_POINT('',(17.850236588295,76.911431802064,-13.57));
#3379 = LINE('',#3380,#3381);
#3380 = CARTESIAN_POINT('',(16.646659876658,77.112322844714,-13.57));
#3381 = VECTOR('',#3382,1.);
#3382 = DIRECTION('',(0.986354701848,-0.164634146341,0.));
#3383 = ORIENTED_EDGE('',*,*,#3384,.F.);
#3384 = EDGE_CURVE('',#1929,#3377,#3385,.T.);
#3385 = LINE('',#3386,#3387);
#3386 = CARTESIAN_POINT('',(17.850236588295,76.911431802064,-10.57));
#3387 = VECTOR('',#3388,1.);
#3388 = DIRECTION('',(-0.,-0.,-1.));
#3389 = ORIENTED_EDGE('',*,*,#1937,.F.);
#3390 = PLANE('',#3391);
#3391 = AXIS2_PLACEMENT_3D('',#3392,#3393,#3394);
#3392 = CARTESIAN_POINT('',(16.646659876658,77.112322844714,-10.57));
#3393 = DIRECTION('',(-0.164634146341,-0.986354701848,0.));
#3394 = DIRECTION('',(0.986354701848,-0.164634146341,0.));
#3395 = ADVANCED_FACE('',(#3396),#3406,.T.);
#3396 = FACE_BOUND('',#3397,.T.);
#3397 = EDGE_LOOP('',(#3398,#3399,#3400,#3401));
#3398 = ORIENTED_EDGE('',*,*,#1920,.T.);
#3399 = ORIENTED_EDGE('',*,*,#3307,.T.);
#3400 = ORIENTED_EDGE('',*,*,#2121,.F.);
#3401 = ORIENTED_EDGE('',*,*,#3402,.F.);
#3402 = EDGE_CURVE('',#1784,#2114,#3403,.T.);
#3403 = B_SPLINE_CURVE_WITH_KNOTS('',1,(#3404,#3405),.UNSPECIFIED.,.F.,
  .F.,(2,2),(0.,1.),.PIECEWISE_BEZIER_KNOTS.);
#3404 = CARTESIAN_POINT('',(11.690890230021,72.7,-10.57));
#3405 = CARTESIAN_POINT('',(11.695030478179,72.67730149983,-11.22));
#3406 = B_SPLINE_SURFACE_WITH_KNOTS('',9,1,(
    (#3407,#3408)
    ,(#3409,#3410)
    ,(#3411,#3412)
    ,(#3413,#3414)
    ,(#3415,#3416)
    ,(#3417,#3418)
    ,(#3419,#3420)
    ,(#3421,#3422)
    ,(#3423,#3424)
    ,(#3425,#3426
    )),.UNSPECIFIED.,.F.,.F.,.F.,(10,10),(2,2),(5.072892845838,
    7.493477768522),(0.,1.),.PIECEWISE_BEZIER_KNOTS.);
#3407 = CARTESIAN_POINT('',(11.690890230021,72.7,-10.57));
#3408 = CARTESIAN_POINT('',(11.695030478179,72.67730149983,-11.22));
#3409 = CARTESIAN_POINT('',(13.249963610198,73.288923902848,-10.57));
#3410 = CARTESIAN_POINT('',(13.261067833606,73.267663464309,-11.22));
#3411 = CARTESIAN_POINT('',(14.630944283659,74.349321556541,-10.57));
#3412 = CARTESIAN_POINT('',(14.648479240342,74.331866095152,-11.22));
#3413 = CARTESIAN_POINT('',(15.670872899409,75.819643613771,-10.57));
#3414 = CARTESIAN_POINT('',(15.693396949411,75.808141741847,
    -11.21999999999));
#3415 = CARTESIAN_POINT('',(16.231683418504,77.572630969508,-10.57));
#3416 = CARTESIAN_POINT('',(16.256948966629,77.568610282363,-11.22));
#3417 = CARTESIAN_POINT('',(16.231683418507,79.42736903049,-10.57));
#3418 = CARTESIAN_POINT('',(16.256948966621,79.431389717637,
    -11.21999999999));
#3419 = CARTESIAN_POINT('',(15.670872899407,81.180356386232,-10.57));
#3420 = CARTESIAN_POINT('',(15.693396949417,81.191858258154,-11.22));
#3421 = CARTESIAN_POINT('',(14.630944283659,82.650678443457,-10.57));
#3422 = CARTESIAN_POINT('',(14.648479240339,82.668133904847,-11.22));
#3423 = CARTESIAN_POINT('',(13.249963610198,83.711076097153,-10.57));
#3424 = CARTESIAN_POINT('',(13.261067833607,83.732336535691,-11.22));
#3425 = CARTESIAN_POINT('',(11.690890230021,84.3,-10.57));
#3426 = CARTESIAN_POINT('',(11.695030478179,84.32269850017,-11.22));
#3427 = ADVANCED_FACE('',(#3428),#3440,.T.);
#3428 = FACE_BOUND('',#3429,.T.);
#3429 = EDGE_LOOP('',(#3430,#3431,#3432,#3433));
#3430 = ORIENTED_EDGE('',*,*,#3328,.T.);
#3431 = ORIENTED_EDGE('',*,*,#3352,.T.);
#3432 = ORIENTED_EDGE('',*,*,#3376,.T.);
#3433 = ORIENTED_EDGE('',*,*,#3434,.T.);
#3434 = EDGE_CURVE('',#3377,#3321,#3435,.T.);
#3435 = CIRCLE('',#3436,8.5);
#3436 = AXIS2_PLACEMENT_3D('',#3437,#3438,#3439);
#3437 = CARTESIAN_POINT('',(9.5,78.5,-13.57));
#3438 = DIRECTION('',(0.,0.,1.));
#3439 = DIRECTION('',(1.,0.,0.));
#3440 = PLANE('',#3441);
#3441 = AXIS2_PLACEMENT_3D('',#3442,#3443,#3444);
#3442 = CARTESIAN_POINT('',(17.312088733951,78.5,-13.57));
#3443 = DIRECTION('',(0.,0.,1.));
#3444 = DIRECTION('',(1.,0.,0.));
#3445 = ADVANCED_FACE('',(#3446),#3452,.T.);
#3446 = FACE_BOUND('',#3447,.T.);
#3447 = EDGE_LOOP('',(#3448,#3449,#3450,#3451));
#3448 = ORIENTED_EDGE('',*,*,#1783,.T.);
#3449 = ORIENTED_EDGE('',*,*,#3402,.T.);
#3450 = ORIENTED_EDGE('',*,*,#2113,.F.);
#3451 = ORIENTED_EDGE('',*,*,#3269,.F.);
#3452 = B_SPLINE_SURFACE_WITH_KNOTS('',1,1,(
    (#3453,#3454)
    ,(#3455,#3456
    )),.UNSPECIFIED.,.F.,.F.,.F.,(2,2),(2,2),(-4.140248158546E-03,
    4.3859207082),(0.,1.),.PIECEWISE_BEZIER_KNOTS.);
#3453 = CARTESIAN_POINT('',(7.309109769979,72.7,-10.57));
#3454 = CARTESIAN_POINT('',(7.304969521821,72.67730149983,-11.22));
#3455 = CARTESIAN_POINT('',(11.690890230021,72.7,-10.57));
#3456 = CARTESIAN_POINT('',(11.695030478179,72.67730149983,-11.22));
#3457 = ADVANCED_FACE('',(#3458),#3482,.T.);
#3458 = FACE_BOUND('',#3459,.T.);
#3459 = EDGE_LOOP('',(#3460,#3471,#3476,#3477));
#3460 = ORIENTED_EDGE('',*,*,#3461,.T.);
#3461 = EDGE_CURVE('',#3462,#3464,#3466,.T.);
#3462 = VERTEX_POINT('',#3463);
#3463 = CARTESIAN_POINT('',(7.309109769979,58.3,-10.57));
#3464 = VERTEX_POINT('',#3465);
#3465 = CARTESIAN_POINT('',(7.309109769979,46.7,-10.57));
#3466 = CIRCLE('',#3467,6.2);
#3467 = AXIS2_PLACEMENT_3D('',#3468,#3469,#3470);
#3468 = CARTESIAN_POINT('',(9.5,52.5,-10.57));
#3469 = DIRECTION('',(0.,0.,1.));
#3470 = DIRECTION('',(1.,0.,0.));
#3471 = ORIENTED_EDGE('',*,*,#3472,.T.);
#3472 = EDGE_CURVE('',#3464,#1970,#3473,.T.);
#3473 = B_SPLINE_CURVE_WITH_KNOTS('',1,(#3474,#3475),.UNSPECIFIED.,.F.,
  .F.,(2,2),(0.,1.),.PIECEWISE_BEZIER_KNOTS.);
#3474 = CARTESIAN_POINT('',(7.309109769979,46.7,-10.57));
#3475 = CARTESIAN_POINT('',(7.304969521821,46.67730149983,-11.22));
#3476 = ORIENTED_EDGE('',*,*,#1967,.F.);
#3477 = ORIENTED_EDGE('',*,*,#3478,.F.);
#3478 = EDGE_CURVE('',#3462,#1968,#3479,.T.);
#3479 = B_SPLINE_CURVE_WITH_KNOTS('',1,(#3480,#3481),.UNSPECIFIED.,.F.,
  .F.,(2,2),(0.,1.),.PIECEWISE_BEZIER_KNOTS.);
#3480 = CARTESIAN_POINT('',(7.309109769979,58.3,-10.57));
#3481 = CARTESIAN_POINT('',(7.304969521821,58.32269850017,-11.22));
#3482 = B_SPLINE_SURFACE_WITH_KNOTS('',9,1,(
    (#3483,#3484)
    ,(#3485,#3486)
    ,(#3487,#3488)
    ,(#3489,#3490)
    ,(#3491,#3492)
    ,(#3493,#3494)
    ,(#3495,#3496)
    ,(#3497,#3498)
    ,(#3499,#3500)
    ,(#3501,#3502
    )),.UNSPECIFIED.,.F.,.F.,.F.,(10,10),(2,2),(1.931300192248,
    4.351885114932),(0.,1.),.PIECEWISE_BEZIER_KNOTS.);
#3483 = CARTESIAN_POINT('',(7.309109769979,58.3,-10.57));
#3484 = CARTESIAN_POINT('',(7.304969521821,58.32269850017,-11.22));
#3485 = CARTESIAN_POINT('',(5.750036389802,57.711076097152,-10.57));
#3486 = CARTESIAN_POINT('',(5.738932166393,57.73233653569,-11.22));
#3487 = CARTESIAN_POINT('',(4.369055716341,56.65067844346,-10.57));
#3488 = CARTESIAN_POINT('',(4.351520759659,56.668133904849,-11.22));
#3489 = CARTESIAN_POINT('',(3.329127100592,55.180356386227,-10.57));
#3490 = CARTESIAN_POINT('',(3.306603050586,55.191858258149,-11.22));
#3491 = CARTESIAN_POINT('',(2.768316581495,53.427369030497,
    -10.56999999999));
#3492 = CARTESIAN_POINT('',(2.743051033375,53.431389717645,-11.22));
#3493 = CARTESIAN_POINT('',(2.768316581494,51.572630969502,-10.57));
#3494 = CARTESIAN_POINT('',(2.743051033376,51.568610282355,
    -11.21999999999));
#3495 = CARTESIAN_POINT('',(3.329127100592,49.819643613775,-10.57));
#3496 = CARTESIAN_POINT('',(3.306603050586,49.808141741851,-11.22));
#3497 = CARTESIAN_POINT('',(4.369055716341,48.349321556539,-10.57));
#3498 = CARTESIAN_POINT('',(4.35152075966,48.33186609515,-11.22));
#3499 = CARTESIAN_POINT('',(5.750036389802,47.288923902848,-10.57));
#3500 = CARTESIAN_POINT('',(5.738932166393,47.26766346431,-11.22));
#3501 = CARTESIAN_POINT('',(7.309109769979,46.7,-10.57));
#3502 = CARTESIAN_POINT('',(7.304969521821,46.67730149983,-11.22));
#3503 = ADVANCED_FACE('',(#3504),#3521,.T.);
#3504 = FACE_BOUND('',#3505,.T.);
#3505 = EDGE_LOOP('',(#3506,#3514,#3515,#3516));
#3506 = ORIENTED_EDGE('',*,*,#3507,.T.);
#3507 = EDGE_CURVE('',#3508,#3462,#3510,.T.);
#3508 = VERTEX_POINT('',#3509);
#3509 = CARTESIAN_POINT('',(11.690890230021,58.3,-10.57));
#3510 = LINE('',#3511,#3512);
#3511 = CARTESIAN_POINT('',(15.713694553162,58.3,-10.57));
#3512 = VECTOR('',#3513,1.);
#3513 = DIRECTION('',(-1.,0.,0.));
#3514 = ORIENTED_EDGE('',*,*,#3478,.T.);
#3515 = ORIENTED_EDGE('',*,*,#1995,.T.);
#3516 = ORIENTED_EDGE('',*,*,#3517,.F.);
#3517 = EDGE_CURVE('',#3508,#1987,#3518,.T.);
#3518 = B_SPLINE_CURVE_WITH_KNOTS('',1,(#3519,#3520),.UNSPECIFIED.,.F.,
  .F.,(2,2),(0.,1.),.PIECEWISE_BEZIER_KNOTS.);
#3519 = CARTESIAN_POINT('',(11.690890230021,58.3,-10.57));
#3520 = CARTESIAN_POINT('',(11.695030478179,58.32269850017,-11.22));
#3521 = B_SPLINE_SURFACE_WITH_KNOTS('',1,1,(
    (#3522,#3523)
    ,(#3524,#3525
    )),.UNSPECIFIED.,.F.,.F.,.F.,(2,2),(2,2),(-4.3859207082,
    4.14024815854E-03),(0.,1.),.PIECEWISE_BEZIER_KNOTS.);
#3522 = CARTESIAN_POINT('',(11.690890230021,58.3,-10.57));
#3523 = CARTESIAN_POINT('',(11.695030478179,58.32269850017,-11.22));
#3524 = CARTESIAN_POINT('',(7.309109769979,58.3,-10.57));
#3525 = CARTESIAN_POINT('',(7.304969521821,58.32269850017,-11.22));
#3526 = ADVANCED_FACE('',(#3527),#3544,.T.);
#3527 = FACE_BOUND('',#3528,.T.);
#3528 = EDGE_LOOP('',(#3529,#3537,#3542,#3543));
#3529 = ORIENTED_EDGE('',*,*,#3530,.T.);
#3530 = EDGE_CURVE('',#3464,#3531,#3533,.T.);
#3531 = VERTEX_POINT('',#3532);
#3532 = CARTESIAN_POINT('',(11.690890230021,46.7,-10.57));
#3533 = LINE('',#3534,#3535);
#3534 = CARTESIAN_POINT('',(3.286305446838,46.7,-10.57));
#3535 = VECTOR('',#3536,1.);
#3536 = DIRECTION('',(1.,0.,0.));
#3537 = ORIENTED_EDGE('',*,*,#3538,.T.);
#3538 = EDGE_CURVE('',#3531,#1979,#3539,.T.);
#3539 = B_SPLINE_CURVE_WITH_KNOTS('',1,(#3540,#3541),.UNSPECIFIED.,.F.,
  .F.,(2,2),(0.,1.),.PIECEWISE_BEZIER_KNOTS.);
#3540 = CARTESIAN_POINT('',(11.690890230021,46.7,-10.57));
#3541 = CARTESIAN_POINT('',(11.695030478179,46.67730149983,-11.22));
#3542 = ORIENTED_EDGE('',*,*,#1978,.F.);
#3543 = ORIENTED_EDGE('',*,*,#3472,.F.);
#3544 = B_SPLINE_SURFACE_WITH_KNOTS('',1,1,(
    (#3545,#3546)
    ,(#3547,#3548
    )),.UNSPECIFIED.,.F.,.F.,.F.,(2,2),(2,2),(-4.140248158546E-03,
    4.3859207082),(0.,1.),.PIECEWISE_BEZIER_KNOTS.);
#3545 = CARTESIAN_POINT('',(7.309109769979,46.7,-10.57));
#3546 = CARTESIAN_POINT('',(7.304969521821,46.67730149983,-11.22));
#3547 = CARTESIAN_POINT('',(11.690890230021,46.7,-10.57));
#3548 = CARTESIAN_POINT('',(11.695030478179,46.67730149983,-11.22));
#3549 = ADVANCED_FACE('',(#3550),#3562,.T.);
#3550 = FACE_BOUND('',#3551,.T.);
#3551 = EDGE_LOOP('',(#3552,#3559,#3560,#3561));
#3552 = ORIENTED_EDGE('',*,*,#3553,.T.);
#3553 = EDGE_CURVE('',#3531,#3508,#3554,.T.);
#3554 = CIRCLE('',#3555,6.2);
#3555 = AXIS2_PLACEMENT_3D('',#3556,#3557,#3558);
#3556 = CARTESIAN_POINT('',(9.5,52.5,-10.57));
#3557 = DIRECTION('',(0.,0.,1.));
#3558 = DIRECTION('',(1.,0.,0.));
#3559 = ORIENTED_EDGE('',*,*,#3517,.T.);
#3560 = ORIENTED_EDGE('',*,*,#1986,.F.);
#3561 = ORIENTED_EDGE('',*,*,#3538,.F.);
#3562 = B_SPLINE_SURFACE_WITH_KNOTS('',9,1,(
    (#3563,#3564)
    ,(#3565,#3566)
    ,(#3567,#3568)
    ,(#3569,#3570)
    ,(#3571,#3572)
    ,(#3573,#3574)
    ,(#3575,#3576)
    ,(#3577,#3578)
    ,(#3579,#3580)
    ,(#3581,#3582
    )),.UNSPECIFIED.,.F.,.F.,.F.,(10,10),(2,2),(5.072892845838,
    7.493477768522),(0.,1.),.PIECEWISE_BEZIER_KNOTS.);
#3563 = CARTESIAN_POINT('',(11.690890230021,46.7,-10.57));
#3564 = CARTESIAN_POINT('',(11.695030478179,46.67730149983,-11.22));
#3565 = CARTESIAN_POINT('',(13.249963610198,47.288923902847,-10.57));
#3566 = CARTESIAN_POINT('',(13.261067833606,47.267663464309,-11.22));
#3567 = CARTESIAN_POINT('',(14.630944283659,48.349321556541,-10.57));
#3568 = CARTESIAN_POINT('',(14.648479240342,48.331866095152,-11.22));
#3569 = CARTESIAN_POINT('',(15.670872899409,49.819643613771,-10.57));
#3570 = CARTESIAN_POINT('',(15.693396949411,49.808141741847,
    -11.21999999999));
#3571 = CARTESIAN_POINT('',(16.231683418504,51.572630969508,-10.57));
#3572 = CARTESIAN_POINT('',(16.256948966629,51.568610282363,-11.22));
#3573 = CARTESIAN_POINT('',(16.231683418507,53.42736903049,-10.57));
#3574 = CARTESIAN_POINT('',(16.256948966621,53.431389717637,
    -11.21999999999));
#3575 = CARTESIAN_POINT('',(15.670872899407,55.180356386232,-10.57));
#3576 = CARTESIAN_POINT('',(15.693396949417,55.191858258154,-11.22));
#3577 = CARTESIAN_POINT('',(14.630944283659,56.650678443457,-10.57));
#3578 = CARTESIAN_POINT('',(14.648479240339,56.668133904847,-11.22));
#3579 = CARTESIAN_POINT('',(13.249963610198,57.711076097153,-10.57));
#3580 = CARTESIAN_POINT('',(13.261067833607,57.732336535691,-11.22));
#3581 = CARTESIAN_POINT('',(11.690890230021,58.3,-10.57));
#3582 = CARTESIAN_POINT('',(11.695030478179,58.32269850017,-11.22));
#3583 = ADVANCED_FACE('',(#3584),#3608,.T.);
#3584 = FACE_BOUND('',#3585,.T.);
#3585 = EDGE_LOOP('',(#3586,#3597,#3602,#3603));
#3586 = ORIENTED_EDGE('',*,*,#3587,.T.);
#3587 = EDGE_CURVE('',#3588,#3590,#3592,.T.);
#3588 = VERTEX_POINT('',#3589);
#3589 = CARTESIAN_POINT('',(29.309109769979,58.3,-10.57));
#3590 = VERTEX_POINT('',#3591);
#3591 = CARTESIAN_POINT('',(29.309109769979,46.7,-10.57));
#3592 = CIRCLE('',#3593,6.2);
#3593 = AXIS2_PLACEMENT_3D('',#3594,#3595,#3596);
#3594 = CARTESIAN_POINT('',(31.5,52.5,-10.57));
#3595 = DIRECTION('',(0.,0.,1.));
#3596 = DIRECTION('',(1.,0.,0.));
#3597 = ORIENTED_EDGE('',*,*,#3598,.T.);
#3598 = EDGE_CURVE('',#3590,#2015,#3599,.T.);
#3599 = B_SPLINE_CURVE_WITH_KNOTS('',1,(#3600,#3601),.UNSPECIFIED.,.F.,
  .F.,(2,2),(0.,1.),.PIECEWISE_BEZIER_KNOTS.);
#3600 = CARTESIAN_POINT('',(29.309109769979,46.7,-10.57));
#3601 = CARTESIAN_POINT('',(29.304969521821,46.67730149983,-11.22));
#3602 = ORIENTED_EDGE('',*,*,#2012,.F.);
#3603 = ORIENTED_EDGE('',*,*,#3604,.F.);
#3604 = EDGE_CURVE('',#3588,#2013,#3605,.T.);
#3605 = B_SPLINE_CURVE_WITH_KNOTS('',1,(#3606,#3607),.UNSPECIFIED.,.F.,
  .F.,(2,2),(0.,1.),.PIECEWISE_BEZIER_KNOTS.);
#3606 = CARTESIAN_POINT('',(29.309109769979,58.3,-10.57));
#3607 = CARTESIAN_POINT('',(29.304969521821,58.32269850017,-11.22));
#3608 = B_SPLINE_SURFACE_WITH_KNOTS('',9,1,(
    (#3609,#3610)
    ,(#3611,#3612)
    ,(#3613,#3614)
    ,(#3615,#3616)
    ,(#3617,#3618)
    ,(#3619,#3620)
    ,(#3621,#3622)
    ,(#3623,#3624)
    ,(#3625,#3626)
    ,(#3627,#3628
    )),.UNSPECIFIED.,.F.,.F.,.F.,(10,10),(2,2),(1.931300192248,
    4.351885114932),(0.,1.),.PIECEWISE_BEZIER_KNOTS.);
#3609 = CARTESIAN_POINT('',(29.309109769979,58.3,-10.57));
#3610 = CARTESIAN_POINT('',(29.304969521821,58.32269850017,-11.22));
#3611 = CARTESIAN_POINT('',(27.750036389802,57.711076097152,-10.57));
#3612 = CARTESIAN_POINT('',(27.738932166393,57.73233653569,-11.22));
#3613 = CARTESIAN_POINT('',(26.369055716341,56.65067844346,-10.57));
#3614 = CARTESIAN_POINT('',(26.351520759659,56.668133904849,-11.22));
#3615 = CARTESIAN_POINT('',(25.329127100592,55.180356386227,-10.57));
#3616 = CARTESIAN_POINT('',(25.306603050586,55.191858258149,-11.22));
#3617 = CARTESIAN_POINT('',(24.768316581495,53.427369030497,
    -10.56999999999));
#3618 = CARTESIAN_POINT('',(24.743051033375,53.431389717645,-11.22));
#3619 = CARTESIAN_POINT('',(24.768316581494,51.572630969502,-10.57));
#3620 = CARTESIAN_POINT('',(24.743051033376,51.568610282355,
    -11.21999999999));
#3621 = CARTESIAN_POINT('',(25.329127100592,49.819643613775,-10.57));
#3622 = CARTESIAN_POINT('',(25.306603050586,49.808141741851,-11.22));
#3623 = CARTESIAN_POINT('',(26.369055716341,48.349321556539,-10.57));
#3624 = CARTESIAN_POINT('',(26.35152075966,48.33186609515,-11.22));
#3625 = CARTESIAN_POINT('',(27.750036389802,47.288923902848,-10.57));
#3626 = CARTESIAN_POINT('',(27.738932166393,47.26766346431,-11.22));
#3627 = CARTESIAN_POINT('',(29.309109769979,46.7,-10.57));
#3628 = CARTESIAN_POINT('',(29.304969521821,46.67730149983,-11.22));
#3629 = ADVANCED_FACE('',(#3630),#3647,.T.);
#3630 = FACE_BOUND('',#3631,.T.);
#3631 = EDGE_LOOP('',(#3632,#3640,#3641,#3642));
#3632 = ORIENTED_EDGE('',*,*,#3633,.T.);
#3633 = EDGE_CURVE('',#3634,#3588,#3636,.T.);
#3634 = VERTEX_POINT('',#3635);
#3635 = CARTESIAN_POINT('',(33.690890230021,58.3,-10.57));
#3636 = LINE('',#3637,#3638);
#3637 = CARTESIAN_POINT('',(37.713694553162,58.3,-10.57));
#3638 = VECTOR('',#3639,1.);
#3639 = DIRECTION('',(-1.,0.,0.));
#3640 = ORIENTED_EDGE('',*,*,#3604,.T.);
#3641 = ORIENTED_EDGE('',*,*,#2040,.T.);
#3642 = ORIENTED_EDGE('',*,*,#3643,.F.);
#3643 = EDGE_CURVE('',#3634,#2032,#3644,.T.);
#3644 = B_SPLINE_CURVE_WITH_KNOTS('',1,(#3645,#3646),.UNSPECIFIED.,.F.,
  .F.,(2,2),(0.,1.),.PIECEWISE_BEZIER_KNOTS.);
#3645 = CARTESIAN_POINT('',(33.690890230021,58.3,-10.57));
#3646 = CARTESIAN_POINT('',(33.695030478179,58.32269850017,-11.22));
#3647 = B_SPLINE_SURFACE_WITH_KNOTS('',1,1,(
    (#3648,#3649)
    ,(#3650,#3651
    )),.UNSPECIFIED.,.F.,.F.,.F.,(2,2),(2,2),(-4.3859207082,
    4.14024815854E-03),(0.,1.),.PIECEWISE_BEZIER_KNOTS.);
#3648 = CARTESIAN_POINT('',(33.690890230021,58.3,-10.57));
#3649 = CARTESIAN_POINT('',(33.695030478179,58.32269850017,-11.22));
#3650 = CARTESIAN_POINT('',(29.309109769979,58.3,-10.57));
#3651 = CARTESIAN_POINT('',(29.304969521821,58.32269850017,-11.22));
#3652 = ADVANCED_FACE('',(#3653),#3670,.T.);
#3653 = FACE_BOUND('',#3654,.T.);
#3654 = EDGE_LOOP('',(#3655,#3663,#3668,#3669));
#3655 = ORIENTED_EDGE('',*,*,#3656,.T.);
#3656 = EDGE_CURVE('',#3590,#3657,#3659,.T.);
#3657 = VERTEX_POINT('',#3658);
#3658 = CARTESIAN_POINT('',(33.690890230021,46.7,-10.57));
#3659 = LINE('',#3660,#3661);
#3660 = CARTESIAN_POINT('',(25.286305446838,46.7,-10.57));
#3661 = VECTOR('',#3662,1.);
#3662 = DIRECTION('',(1.,0.,0.));
#3663 = ORIENTED_EDGE('',*,*,#3664,.T.);
#3664 = EDGE_CURVE('',#3657,#2024,#3665,.T.);
#3665 = B_SPLINE_CURVE_WITH_KNOTS('',1,(#3666,#3667),.UNSPECIFIED.,.F.,
  .F.,(2,2),(0.,1.),.PIECEWISE_BEZIER_KNOTS.);
#3666 = CARTESIAN_POINT('',(33.690890230021,46.7,-10.57));
#3667 = CARTESIAN_POINT('',(33.695030478179,46.67730149983,-11.22));
#3668 = ORIENTED_EDGE('',*,*,#2023,.F.);
#3669 = ORIENTED_EDGE('',*,*,#3598,.F.);
#3670 = B_SPLINE_SURFACE_WITH_KNOTS('',1,1,(
    (#3671,#3672)
    ,(#3673,#3674
    )),.UNSPECIFIED.,.F.,.F.,.F.,(2,2),(2,2),(-4.140248158546E-03,
    4.3859207082),(0.,1.),.PIECEWISE_BEZIER_KNOTS.);
#3671 = CARTESIAN_POINT('',(29.309109769979,46.7,-10.57));
#3672 = CARTESIAN_POINT('',(29.304969521821,46.67730149983,-11.22));
#3673 = CARTESIAN_POINT('',(33.690890230021,46.7,-10.57));
#3674 = CARTESIAN_POINT('',(33.695030478179,46.67730149983,-11.22));
#3675 = ADVANCED_FACE('',(#3676),#3688,.T.);
#3676 = FACE_BOUND('',#3677,.T.);
#3677 = EDGE_LOOP('',(#3678,#3685,#3686,#3687));
#3678 = ORIENTED_EDGE('',*,*,#3679,.T.);
#3679 = EDGE_CURVE('',#3657,#3634,#3680,.T.);
#3680 = CIRCLE('',#3681,6.2);
#3681 = AXIS2_PLACEMENT_3D('',#3682,#3683,#3684);
#3682 = CARTESIAN_POINT('',(31.5,52.5,-10.57));
#3683 = DIRECTION('',(0.,0.,1.));
#3684 = DIRECTION('',(1.,0.,0.));
#3685 = ORIENTED_EDGE('',*,*,#3643,.T.);
#3686 = ORIENTED_EDGE('',*,*,#2031,.F.);
#3687 = ORIENTED_EDGE('',*,*,#3664,.F.);
#3688 = B_SPLINE_SURFACE_WITH_KNOTS('',9,1,(
    (#3689,#3690)
    ,(#3691,#3692)
    ,(#3693,#3694)
    ,(#3695,#3696)
    ,(#3697,#3698)
    ,(#3699,#3700)
    ,(#3701,#3702)
    ,(#3703,#3704)
    ,(#3705,#3706)
    ,(#3707,#3708
    )),.UNSPECIFIED.,.F.,.F.,.F.,(10,10),(2,2),(5.072892845838,
    7.493477768522),(0.,1.),.PIECEWISE_BEZIER_KNOTS.);
#3689 = CARTESIAN_POINT('',(33.690890230021,46.7,-10.57));
#3690 = CARTESIAN_POINT('',(33.695030478179,46.67730149983,-11.22));
#3691 = CARTESIAN_POINT('',(35.249963610198,47.288923902847,-10.57));
#3692 = CARTESIAN_POINT('',(35.261067833606,47.267663464309,-11.22));
#3693 = CARTESIAN_POINT('',(36.630944283659,48.349321556541,-10.57));
#3694 = CARTESIAN_POINT('',(36.648479240342,48.331866095152,-11.22));
#3695 = CARTESIAN_POINT('',(37.670872899409,49.819643613771,-10.57));
#3696 = CARTESIAN_POINT('',(37.693396949411,49.808141741847,
    -11.21999999999));
#3697 = CARTESIAN_POINT('',(38.231683418504,51.572630969508,-10.57));
#3698 = CARTESIAN_POINT('',(38.256948966629,51.568610282363,-11.22));
#3699 = CARTESIAN_POINT('',(38.231683418507,53.42736903049,-10.57));
#3700 = CARTESIAN_POINT('',(38.256948966621,53.431389717637,
    -11.21999999999));
#3701 = CARTESIAN_POINT('',(37.670872899407,55.180356386232,-10.57));
#3702 = CARTESIAN_POINT('',(37.693396949417,55.191858258154,-11.22));
#3703 = CARTESIAN_POINT('',(36.630944283659,56.650678443457,-10.57));
#3704 = CARTESIAN_POINT('',(36.648479240339,56.668133904847,-11.22));
#3705 = CARTESIAN_POINT('',(35.249963610198,57.711076097153,-10.57));
#3706 = CARTESIAN_POINT('',(35.261067833607,57.732336535691,-11.22));
#3707 = CARTESIAN_POINT('',(33.690890230021,58.3,-10.57));
#3708 = CARTESIAN_POINT('',(33.695030478179,58.32269850017,-11.22));
#3709 = ADVANCED_FACE('',(#3710),#3734,.T.);
#3710 = FACE_BOUND('',#3711,.T.);
#3711 = EDGE_LOOP('',(#3712,#3723,#3728,#3729));
#3712 = ORIENTED_EDGE('',*,*,#3713,.T.);
#3713 = EDGE_CURVE('',#3714,#3716,#3718,.T.);
#3714 = VERTEX_POINT('',#3715);
#3715 = CARTESIAN_POINT('',(51.309109769979,58.3,-10.57));
#3716 = VERTEX_POINT('',#3717);
#3717 = CARTESIAN_POINT('',(51.309109769979,46.7,-10.57));
#3718 = CIRCLE('',#3719,6.2);
#3719 = AXIS2_PLACEMENT_3D('',#3720,#3721,#3722);
#3720 = CARTESIAN_POINT('',(53.5,52.5,-10.57));
#3721 = DIRECTION('',(0.,0.,1.));
#3722 = DIRECTION('',(1.,0.,0.));
#3723 = ORIENTED_EDGE('',*,*,#3724,.T.);
#3724 = EDGE_CURVE('',#3716,#2060,#3725,.T.);
#3725 = B_SPLINE_CURVE_WITH_KNOTS('',1,(#3726,#3727),.UNSPECIFIED.,.F.,
  .F.,(2,2),(0.,1.),.PIECEWISE_BEZIER_KNOTS.);
#3726 = CARTESIAN_POINT('',(51.309109769979,46.7,-10.57));
#3727 = CARTESIAN_POINT('',(51.304969521821,46.67730149983,-11.22));
#3728 = ORIENTED_EDGE('',*,*,#2057,.F.);
#3729 = ORIENTED_EDGE('',*,*,#3730,.F.);
#3730 = EDGE_CURVE('',#3714,#2058,#3731,.T.);
#3731 = B_SPLINE_CURVE_WITH_KNOTS('',1,(#3732,#3733),.UNSPECIFIED.,.F.,
  .F.,(2,2),(0.,1.),.PIECEWISE_BEZIER_KNOTS.);
#3732 = CARTESIAN_POINT('',(51.309109769979,58.3,-10.57));
#3733 = CARTESIAN_POINT('',(51.304969521821,58.32269850017,-11.22));
#3734 = B_SPLINE_SURFACE_WITH_KNOTS('',9,1,(
    (#3735,#3736)
    ,(#3737,#3738)
    ,(#3739,#3740)
    ,(#3741,#3742)
    ,(#3743,#3744)
    ,(#3745,#3746)
    ,(#3747,#3748)
    ,(#3749,#3750)
    ,(#3751,#3752)
    ,(#3753,#3754
    )),.UNSPECIFIED.,.F.,.F.,.F.,(10,10),(2,2),(1.931300192248,
    4.351885114932),(0.,1.),.PIECEWISE_BEZIER_KNOTS.);
#3735 = CARTESIAN_POINT('',(51.309109769979,58.3,-10.57));
#3736 = CARTESIAN_POINT('',(51.304969521821,58.32269850017,-11.22));
#3737 = CARTESIAN_POINT('',(49.750036389802,57.711076097152,-10.57));
#3738 = CARTESIAN_POINT('',(49.738932166393,57.73233653569,-11.22));
#3739 = CARTESIAN_POINT('',(48.369055716341,56.65067844346,-10.57));
#3740 = CARTESIAN_POINT('',(48.351520759659,56.668133904849,-11.22));
#3741 = CARTESIAN_POINT('',(47.329127100592,55.180356386227,-10.57));
#3742 = CARTESIAN_POINT('',(47.306603050586,55.191858258149,-11.22));
#3743 = CARTESIAN_POINT('',(46.768316581495,53.427369030497,
    -10.56999999999));
#3744 = CARTESIAN_POINT('',(46.743051033375,53.431389717645,-11.22));
#3745 = CARTESIAN_POINT('',(46.768316581494,51.572630969502,-10.57));
#3746 = CARTESIAN_POINT('',(46.743051033376,51.568610282355,
    -11.21999999999));
#3747 = CARTESIAN_POINT('',(47.329127100592,49.819643613775,-10.57));
#3748 = CARTESIAN_POINT('',(47.306603050586,49.808141741851,-11.22));
#3749 = CARTESIAN_POINT('',(48.369055716341,48.349321556539,-10.57));
#3750 = CARTESIAN_POINT('',(48.35152075966,48.33186609515,-11.22));
#3751 = CARTESIAN_POINT('',(49.750036389802,47.288923902848,-10.57));
#3752 = CARTESIAN_POINT('',(49.738932166393,47.26766346431,-11.22));
#3753 = CARTESIAN_POINT('',(51.309109769979,46.7,-10.57));
#3754 = CARTESIAN_POINT('',(51.304969521821,46.67730149983,-11.22));
#3755 = ADVANCED_FACE('',(#3756),#3773,.T.);
#3756 = FACE_BOUND('',#3757,.T.);
#3757 = EDGE_LOOP('',(#3758,#3766,#3767,#3768));
#3758 = ORIENTED_EDGE('',*,*,#3759,.T.);
#3759 = EDGE_CURVE('',#3760,#3714,#3762,.T.);
#3760 = VERTEX_POINT('',#3761);
#3761 = CARTESIAN_POINT('',(55.690890230021,58.3,-10.57));
#3762 = LINE('',#3763,#3764);
#3763 = CARTESIAN_POINT('',(59.713694553162,58.3,-10.57));
#3764 = VECTOR('',#3765,1.);
#3765 = DIRECTION('',(-1.,0.,0.));
#3766 = ORIENTED_EDGE('',*,*,#3730,.T.);
#3767 = ORIENTED_EDGE('',*,*,#2085,.T.);
#3768 = ORIENTED_EDGE('',*,*,#3769,.F.);
#3769 = EDGE_CURVE('',#3760,#2077,#3770,.T.);
#3770 = B_SPLINE_CURVE_WITH_KNOTS('',1,(#3771,#3772),.UNSPECIFIED.,.F.,
  .F.,(2,2),(0.,1.),.PIECEWISE_BEZIER_KNOTS.);
#3771 = CARTESIAN_POINT('',(55.690890230021,58.3,-10.57));
#3772 = CARTESIAN_POINT('',(55.695030478179,58.32269850017,-11.22));
#3773 = B_SPLINE_SURFACE_WITH_KNOTS('',1,1,(
    (#3774,#3775)
    ,(#3776,#3777
    )),.UNSPECIFIED.,.F.,.F.,.F.,(2,2),(2,2),(-4.3859207082,
    4.14024815854E-03),(0.,1.),.PIECEWISE_BEZIER_KNOTS.);
#3774 = CARTESIAN_POINT('',(55.690890230021,58.3,-10.57));
#3775 = CARTESIAN_POINT('',(55.695030478179,58.32269850017,-11.22));
#3776 = CARTESIAN_POINT('',(51.309109769979,58.3,-10.57));
#3777 = CARTESIAN_POINT('',(51.304969521821,58.32269850017,-11.22));
#3778 = ADVANCED_FACE('',(#3779),#3796,.T.);
#3779 = FACE_BOUND('',#3780,.T.);
#3780 = EDGE_LOOP('',(#3781,#3789,#3794,#3795));
#3781 = ORIENTED_EDGE('',*,*,#3782,.T.);
#3782 = EDGE_CURVE('',#3716,#3783,#3785,.T.);
#3783 = VERTEX_POINT('',#3784);
#3784 = CARTESIAN_POINT('',(55.690890230021,46.7,-10.57));
#3785 = LINE('',#3786,#3787);
#3786 = CARTESIAN_POINT('',(47.286305446838,46.7,-10.57));
#3787 = VECTOR('',#3788,1.);
#3788 = DIRECTION('',(1.,0.,0.));
#3789 = ORIENTED_EDGE('',*,*,#3790,.T.);
#3790 = EDGE_CURVE('',#3783,#2069,#3791,.T.);
#3791 = B_SPLINE_CURVE_WITH_KNOTS('',1,(#3792,#3793),.UNSPECIFIED.,.F.,
  .F.,(2,2),(0.,1.),.PIECEWISE_BEZIER_KNOTS.);
#3792 = CARTESIAN_POINT('',(55.690890230021,46.7,-10.57));
#3793 = CARTESIAN_POINT('',(55.695030478179,46.67730149983,-11.22));
#3794 = ORIENTED_EDGE('',*,*,#2068,.F.);
#3795 = ORIENTED_EDGE('',*,*,#3724,.F.);
#3796 = B_SPLINE_SURFACE_WITH_KNOTS('',1,1,(
    (#3797,#3798)
    ,(#3799,#3800
    )),.UNSPECIFIED.,.F.,.F.,.F.,(2,2),(2,2),(-4.140248158546E-03,
    4.3859207082),(0.,1.),.PIECEWISE_BEZIER_KNOTS.);
#3797 = CARTESIAN_POINT('',(51.309109769979,46.7,-10.57));
#3798 = CARTESIAN_POINT('',(51.304969521821,46.67730149983,-11.22));
#3799 = CARTESIAN_POINT('',(55.690890230021,46.7,-10.57));
#3800 = CARTESIAN_POINT('',(55.695030478179,46.67730149983,-11.22));
#3801 = ADVANCED_FACE('',(#3802),#3814,.T.);
#3802 = FACE_BOUND('',#3803,.T.);
#3803 = EDGE_LOOP('',(#3804,#3811,#3812,#3813));
#3804 = ORIENTED_EDGE('',*,*,#3805,.T.);
#3805 = EDGE_CURVE('',#3783,#3760,#3806,.T.);
#3806 = CIRCLE('',#3807,6.2);
#3807 = AXIS2_PLACEMENT_3D('',#3808,#3809,#3810);
#3808 = CARTESIAN_POINT('',(53.5,52.5,-10.57));
#3809 = DIRECTION('',(0.,0.,1.));
#3810 = DIRECTION('',(1.,0.,0.));
#3811 = ORIENTED_EDGE('',*,*,#3769,.T.);
#3812 = ORIENTED_EDGE('',*,*,#2076,.F.);
#3813 = ORIENTED_EDGE('',*,*,#3790,.F.);
#3814 = B_SPLINE_SURFACE_WITH_KNOTS('',9,1,(
    (#3815,#3816)
    ,(#3817,#3818)
    ,(#3819,#3820)
    ,(#3821,#3822)
    ,(#3823,#3824)
    ,(#3825,#3826)
    ,(#3827,#3828)
    ,(#3829,#3830)
    ,(#3831,#3832)
    ,(#3833,#3834
    )),.UNSPECIFIED.,.F.,.F.,.F.,(10,10),(2,2),(5.072892845838,
    7.493477768522),(0.,1.),.PIECEWISE_BEZIER_KNOTS.);
#3815 = CARTESIAN_POINT('',(55.690890230021,46.7,-10.57));
#3816 = CARTESIAN_POINT('',(55.695030478179,46.67730149983,-11.22));
#3817 = CARTESIAN_POINT('',(57.249963610198,47.288923902847,-10.57));
#3818 = CARTESIAN_POINT('',(57.261067833606,47.267663464309,-11.22));
#3819 = CARTESIAN_POINT('',(58.630944283659,48.349321556541,-10.57));
#3820 = CARTESIAN_POINT('',(58.648479240342,48.331866095152,-11.22));
#3821 = CARTESIAN_POINT('',(59.670872899409,49.819643613771,-10.57));
#3822 = CARTESIAN_POINT('',(59.693396949411,49.808141741847,
    -11.21999999999));
#3823 = CARTESIAN_POINT('',(60.231683418504,51.572630969508,-10.57));
#3824 = CARTESIAN_POINT('',(60.256948966629,51.568610282363,-11.22));
#3825 = CARTESIAN_POINT('',(60.231683418507,53.42736903049,-10.57));
#3826 = CARTESIAN_POINT('',(60.256948966621,53.431389717637,
    -11.21999999999));
#3827 = CARTESIAN_POINT('',(59.670872899407,55.180356386232,-10.57));
#3828 = CARTESIAN_POINT('',(59.693396949417,55.191858258154,-11.22));
#3829 = CARTESIAN_POINT('',(58.630944283659,56.650678443457,-10.57));
#3830 = CARTESIAN_POINT('',(58.648479240339,56.668133904847,-11.22));
#3831 = CARTESIAN_POINT('',(57.249963610198,57.711076097153,-10.57));
#3832 = CARTESIAN_POINT('',(57.261067833607,57.732336535691,-11.22));
#3833 = CARTESIAN_POINT('',(55.690890230021,58.3,-10.57));
#3834 = CARTESIAN_POINT('',(55.695030478179,58.32269850017,-11.22));
#3835 = ADVANCED_FACE('',(#3836),#3862,.T.);
#3836 = FACE_BOUND('',#3837,.T.);
#3837 = EDGE_LOOP('',(#3838,#3846,#3855,#3861));
#3838 = ORIENTED_EDGE('',*,*,#3839,.T.);
#3839 = EDGE_CURVE('',#3714,#3840,#3842,.T.);
#3840 = VERTEX_POINT('',#3841);
#3841 = CARTESIAN_POINT('',(47.286305446838,58.3,-10.57));
#3842 = LINE('',#3843,#3844);
#3843 = CARTESIAN_POINT('',(59.713694553162,58.3,-10.57));
#3844 = VECTOR('',#3845,1.);
#3845 = DIRECTION('',(-1.,0.,0.));
#3846 = ORIENTED_EDGE('',*,*,#3847,.T.);
#3847 = EDGE_CURVE('',#3840,#3848,#3850,.T.);
#3848 = VERTEX_POINT('',#3849);
#3849 = CARTESIAN_POINT('',(47.286305446838,46.7,-10.57));
#3850 = CIRCLE('',#3851,8.5);
#3851 = AXIS2_PLACEMENT_3D('',#3852,#3853,#3854);
#3852 = CARTESIAN_POINT('',(53.5,52.5,-10.57));
#3853 = DIRECTION('',(0.,0.,1.));
#3854 = DIRECTION('',(1.,0.,0.));
#3855 = ORIENTED_EDGE('',*,*,#3856,.T.);
#3856 = EDGE_CURVE('',#3848,#3716,#3857,.T.);
#3857 = LINE('',#3858,#3859);
#3858 = CARTESIAN_POINT('',(47.286305446838,46.7,-10.57));
#3859 = VECTOR('',#3860,1.);
#3860 = DIRECTION('',(1.,0.,0.));
#3861 = ORIENTED_EDGE('',*,*,#3713,.F.);
#3862 = PLANE('',#3863);
#3863 = AXIS2_PLACEMENT_3D('',#3864,#3865,#3866);
#3864 = CARTESIAN_POINT('',(53.5,52.5,-10.57));
#3865 = DIRECTION('',(0.,0.,1.));
#3866 = DIRECTION('',(1.,0.,0.));
#3867 = ADVANCED_FACE('',(#3868),#3902,.F.);
#3868 = FACE_BOUND('',#3869,.F.);
#3869 = EDGE_LOOP('',(#3870,#3880,#3886,#3887,#3888,#3896));
#3870 = ORIENTED_EDGE('',*,*,#3871,.T.);
#3871 = EDGE_CURVE('',#3872,#3874,#3876,.T.);
#3872 = VERTEX_POINT('',#3873);
#3873 = CARTESIAN_POINT('',(59.713694553162,58.3,-9.27));
#3874 = VERTEX_POINT('',#3875);
#3875 = CARTESIAN_POINT('',(59.713694553162,58.3,-10.57));
#3876 = LINE('',#3877,#3878);
#3877 = CARTESIAN_POINT('',(59.713694553162,58.3,-9.27));
#3878 = VECTOR('',#3879,1.);
#3879 = DIRECTION('',(-0.,-0.,-1.));
#3880 = ORIENTED_EDGE('',*,*,#3881,.T.);
#3881 = EDGE_CURVE('',#3874,#3760,#3882,.T.);
#3882 = LINE('',#3883,#3884);
#3883 = CARTESIAN_POINT('',(59.713694553162,58.3,-10.57));
#3884 = VECTOR('',#3885,1.);
#3885 = DIRECTION('',(-1.,0.,0.));
#3886 = ORIENTED_EDGE('',*,*,#3759,.T.);
#3887 = ORIENTED_EDGE('',*,*,#3839,.T.);
#3888 = ORIENTED_EDGE('',*,*,#3889,.F.);
#3889 = EDGE_CURVE('',#3890,#3840,#3892,.T.);
#3890 = VERTEX_POINT('',#3891);
#3891 = CARTESIAN_POINT('',(47.286305446838,58.3,-9.27));
#3892 = LINE('',#3893,#3894);
#3893 = CARTESIAN_POINT('',(47.286305446838,58.3,-9.27));
#3894 = VECTOR('',#3895,1.);
#3895 = DIRECTION('',(-0.,-0.,-1.));
#3896 = ORIENTED_EDGE('',*,*,#3897,.F.);
#3897 = EDGE_CURVE('',#3872,#3890,#3898,.T.);
#3898 = LINE('',#3899,#3900);
#3899 = CARTESIAN_POINT('',(59.713694553162,58.3,-9.27));
#3900 = VECTOR('',#3901,1.);
#3901 = DIRECTION('',(-1.,0.,0.));
#3902 = PLANE('',#3903);
#3903 = AXIS2_PLACEMENT_3D('',#3904,#3905,#3906);
#3904 = CARTESIAN_POINT('',(59.713694553162,58.3,-9.27));
#3905 = DIRECTION('',(0.,1.,0.));
#3906 = DIRECTION('',(-1.,0.,0.));
#3907 = ADVANCED_FACE('',(#3908),#3918,.T.);
#3908 = FACE_BOUND('',#3909,.T.);
#3909 = EDGE_LOOP('',(#3910,#3911));
#3910 = ORIENTED_EDGE('',*,*,#3897,.F.);
#3911 = ORIENTED_EDGE('',*,*,#3912,.T.);
#3912 = EDGE_CURVE('',#3872,#3890,#3913,.T.);
#3913 = CIRCLE('',#3914,8.5);
#3914 = AXIS2_PLACEMENT_3D('',#3915,#3916,#3917);
#3915 = CARTESIAN_POINT('',(53.5,52.5,-9.27));
#3916 = DIRECTION('',(0.,0.,1.));
#3917 = DIRECTION('',(1.,0.,0.));
#3918 = PLANE('',#3919);
#3919 = AXIS2_PLACEMENT_3D('',#3920,#3921,#3922);
#3920 = CARTESIAN_POINT('',(53.5,46.555848118596,-9.27));
#3921 = DIRECTION('',(0.,0.,1.));
#3922 = DIRECTION('',(1.,0.,0.));
#3923 = ADVANCED_FACE('',(#3924),#3976,.T.);
#3924 = FACE_BOUND('',#3925,.T.);
#3925 = EDGE_LOOP('',(#3926,#3935,#3936,#3937,#3945,#3954,#3962,#3970));
#3926 = ORIENTED_EDGE('',*,*,#3927,.T.);
#3927 = EDGE_CURVE('',#3928,#3874,#3930,.T.);
#3928 = VERTEX_POINT('',#3929);
#3929 = CARTESIAN_POINT('',(61.850236588295,54.088568197936,-10.57));
#3930 = CIRCLE('',#3931,8.5);
#3931 = AXIS2_PLACEMENT_3D('',#3932,#3933,#3934);
#3932 = CARTESIAN_POINT('',(53.5,52.5,-10.57));
#3933 = DIRECTION('',(0.,0.,1.));
#3934 = DIRECTION('',(1.,0.,0.));
#3935 = ORIENTED_EDGE('',*,*,#3881,.T.);
#3936 = ORIENTED_EDGE('',*,*,#3805,.F.);
#3937 = ORIENTED_EDGE('',*,*,#3938,.T.);
#3938 = EDGE_CURVE('',#3783,#3939,#3941,.T.);
#3939 = VERTEX_POINT('',#3940);
#3940 = CARTESIAN_POINT('',(59.713694553162,46.7,-10.57));
#3941 = LINE('',#3942,#3943);
#3942 = CARTESIAN_POINT('',(47.286305446838,46.7,-10.57));
#3943 = VECTOR('',#3944,1.);
#3944 = DIRECTION('',(1.,0.,0.));
#3945 = ORIENTED_EDGE('',*,*,#3946,.T.);
#3946 = EDGE_CURVE('',#3939,#3947,#3949,.T.);
#3947 = VERTEX_POINT('',#3948);
#3948 = CARTESIAN_POINT('',(61.850236588295,50.911431802064,-10.57));
#3949 = CIRCLE('',#3950,8.5);
#3950 = AXIS2_PLACEMENT_3D('',#3951,#3952,#3953);
#3951 = CARTESIAN_POINT('',(53.5,52.5,-10.57));
#3952 = DIRECTION('',(0.,0.,1.));
#3953 = DIRECTION('',(1.,0.,0.));
#3954 = ORIENTED_EDGE('',*,*,#3955,.F.);
#3955 = EDGE_CURVE('',#3956,#3947,#3958,.T.);
#3956 = VERTEX_POINT('',#3957);
#3957 = CARTESIAN_POINT('',(60.646659876658,51.112322844714,-10.57));
#3958 = LINE('',#3959,#3960);
#3959 = CARTESIAN_POINT('',(60.646659876658,51.112322844714,-10.57));
#3960 = VECTOR('',#3961,1.);
#3961 = DIRECTION('',(0.986354701848,-0.164634146341,0.));
#3962 = ORIENTED_EDGE('',*,*,#3963,.F.);
#3963 = EDGE_CURVE('',#3964,#3956,#3966,.T.);
#3964 = VERTEX_POINT('',#3965);
#3965 = CARTESIAN_POINT('',(60.646659876658,53.887677155286,-10.57));
#3966 = LINE('',#3967,#3968);
#3967 = CARTESIAN_POINT('',(60.646659876658,53.887677155286,-10.57));
#3968 = VECTOR('',#3969,1.);
#3969 = DIRECTION('',(0.,-1.,0.));
#3970 = ORIENTED_EDGE('',*,*,#3971,.F.);
#3971 = EDGE_CURVE('',#3928,#3964,#3972,.T.);
#3972 = LINE('',#3973,#3974);
#3973 = CARTESIAN_POINT('',(61.850236588295,54.088568197936,-10.57));
#3974 = VECTOR('',#3975,1.);
#3975 = DIRECTION('',(-0.986354701848,-0.164634146341,0.));
#3976 = PLANE('',#3977);
#3977 = AXIS2_PLACEMENT_3D('',#3978,#3979,#3980);
#3978 = CARTESIAN_POINT('',(53.5,52.5,-10.57));
#3979 = DIRECTION('',(0.,0.,1.));
#3980 = DIRECTION('',(1.,0.,0.));
#3981 = ADVANCED_FACE('',(#3982),#4009,.F.);
#3982 = FACE_BOUND('',#3983,.F.);
#3983 = EDGE_LOOP('',(#3984,#3992,#3993,#3994,#3995,#4003));
#3984 = ORIENTED_EDGE('',*,*,#3985,.T.);
#3985 = EDGE_CURVE('',#3986,#3848,#3988,.T.);
#3986 = VERTEX_POINT('',#3987);
#3987 = CARTESIAN_POINT('',(47.286305446838,46.7,-9.27));
#3988 = LINE('',#3989,#3990);
#3989 = CARTESIAN_POINT('',(47.286305446838,46.7,-9.27));
#3990 = VECTOR('',#3991,1.);
#3991 = DIRECTION('',(-0.,-0.,-1.));
#3992 = ORIENTED_EDGE('',*,*,#3856,.T.);
#3993 = ORIENTED_EDGE('',*,*,#3782,.T.);
#3994 = ORIENTED_EDGE('',*,*,#3938,.T.);
#3995 = ORIENTED_EDGE('',*,*,#3996,.F.);
#3996 = EDGE_CURVE('',#3997,#3939,#3999,.T.);
#3997 = VERTEX_POINT('',#3998);
#3998 = CARTESIAN_POINT('',(59.713694553162,46.7,-9.27));
#3999 = LINE('',#4000,#4001);
#4000 = CARTESIAN_POINT('',(59.713694553162,46.7,-9.27));
#4001 = VECTOR('',#4002,1.);
#4002 = DIRECTION('',(-0.,-0.,-1.));
#4003 = ORIENTED_EDGE('',*,*,#4004,.F.);
#4004 = EDGE_CURVE('',#3986,#3997,#4005,.T.);
#4005 = LINE('',#4006,#4007);
#4006 = CARTESIAN_POINT('',(47.286305446838,46.7,-9.27));
#4007 = VECTOR('',#4008,1.);
#4008 = DIRECTION('',(1.,0.,0.));
#4009 = PLANE('',#4010);
#4010 = AXIS2_PLACEMENT_3D('',#4011,#4012,#4013);
#4011 = CARTESIAN_POINT('',(47.286305446838,46.7,-9.27));
#4012 = DIRECTION('',(0.,-1.,0.));
#4013 = DIRECTION('',(1.,0.,0.));
#4014 = ADVANCED_FACE('',(#4015,#4035),#4069,.T.);
#4015 = FACE_BOUND('',#4016,.T.);
#4016 = EDGE_LOOP('',(#4017,#4018,#4025,#4026,#4033,#4034));
#4017 = ORIENTED_EDGE('',*,*,#2237,.T.);
#4018 = ORIENTED_EDGE('',*,*,#4019,.F.);
#4019 = EDGE_CURVE('',#3997,#2240,#4020,.T.);
#4020 = CIRCLE('',#4021,8.5);
#4021 = AXIS2_PLACEMENT_3D('',#4022,#4023,#4024);
#4022 = CARTESIAN_POINT('',(53.5,52.5,-9.27));
#4023 = DIRECTION('',(0.,0.,1.));
#4024 = DIRECTION('',(1.,0.,0.));
#4025 = ORIENTED_EDGE('',*,*,#4004,.F.);
#4026 = ORIENTED_EDGE('',*,*,#4027,.F.);
#4027 = EDGE_CURVE('',#2293,#3986,#4028,.T.);
#4028 = CIRCLE('',#4029,8.5);
#4029 = AXIS2_PLACEMENT_3D('',#4030,#4031,#4032);
#4030 = CARTESIAN_POINT('',(53.5,52.5,-9.27));
#4031 = DIRECTION('',(0.,0.,1.));
#4032 = DIRECTION('',(1.,0.,0.));
#4033 = ORIENTED_EDGE('',*,*,#2292,.T.);
#4034 = ORIENTED_EDGE('',*,*,#2268,.T.);
#4035 = FACE_BOUND('',#4036,.T.);
#4036 = EDGE_LOOP('',(#4037,#4047,#4055,#4063));
#4037 = ORIENTED_EDGE('',*,*,#4038,.F.);
#4038 = EDGE_CURVE('',#4039,#4041,#4043,.T.);
#4039 = VERTEX_POINT('',#4040);
#4040 = CARTESIAN_POINT('',(46.82,46.1,-9.27));
#4041 = VERTEX_POINT('',#4042);
#4042 = CARTESIAN_POINT('',(46.82,42.4,-9.27));
#4043 = LINE('',#4044,#4045);
#4044 = CARTESIAN_POINT('',(46.82,46.1,-9.27));
#4045 = VECTOR('',#4046,1.);
#4046 = DIRECTION('',(0.,-1.,0.));
#4047 = ORIENTED_EDGE('',*,*,#4048,.F.);
#4048 = EDGE_CURVE('',#4049,#4039,#4051,.T.);
#4049 = VERTEX_POINT('',#4050);
#4050 = CARTESIAN_POINT('',(60.2,46.1,-9.27));
#4051 = LINE('',#4052,#4053);
#4052 = CARTESIAN_POINT('',(60.2,46.1,-9.27));
#4053 = VECTOR('',#4054,1.);
#4054 = DIRECTION('',(-1.,0.,0.));
#4055 = ORIENTED_EDGE('',*,*,#4056,.F.);
#4056 = EDGE_CURVE('',#4057,#4049,#4059,.T.);
#4057 = VERTEX_POINT('',#4058);
#4058 = CARTESIAN_POINT('',(60.2,42.4,-9.27));
#4059 = LINE('',#4060,#4061);
#4060 = CARTESIAN_POINT('',(60.2,42.4,-9.27));
#4061 = VECTOR('',#4062,1.);
#4062 = DIRECTION('',(0.,1.,0.));
#4063 = ORIENTED_EDGE('',*,*,#4064,.F.);
#4064 = EDGE_CURVE('',#4041,#4057,#4065,.T.);
#4065 = LINE('',#4066,#4067);
#4066 = CARTESIAN_POINT('',(46.82,42.4,-9.27));
#4067 = VECTOR('',#4068,1.);
#4068 = DIRECTION('',(1.,0.,0.));
#4069 = PLANE('',#4070);
#4070 = AXIS2_PLACEMENT_3D('',#4071,#4072,#4073);
#4071 = CARTESIAN_POINT('',(53.5,46.555848118596,-9.27));
#4072 = DIRECTION('',(0.,0.,1.));
#4073 = DIRECTION('',(1.,0.,0.));
#4074 = ADVANCED_FACE('',(#4075),#4101,.T.);
#4075 = FACE_BOUND('',#4076,.T.);
#4076 = EDGE_LOOP('',(#4077,#4085,#4094,#4100));
#4077 = ORIENTED_EDGE('',*,*,#4078,.T.);
#4078 = EDGE_CURVE('',#3588,#4079,#4081,.T.);
#4079 = VERTEX_POINT('',#4080);
#4080 = CARTESIAN_POINT('',(25.286305446838,58.3,-10.57));
#4081 = LINE('',#4082,#4083);
#4082 = CARTESIAN_POINT('',(37.713694553162,58.3,-10.57));
#4083 = VECTOR('',#4084,1.);
#4084 = DIRECTION('',(-1.,0.,0.));
#4085 = ORIENTED_EDGE('',*,*,#4086,.T.);
#4086 = EDGE_CURVE('',#4079,#4087,#4089,.T.);
#4087 = VERTEX_POINT('',#4088);
#4088 = CARTESIAN_POINT('',(25.286305446838,46.7,-10.57));
#4089 = CIRCLE('',#4090,8.5);
#4090 = AXIS2_PLACEMENT_3D('',#4091,#4092,#4093);
#4091 = CARTESIAN_POINT('',(31.5,52.5,-10.57));
#4092 = DIRECTION('',(0.,0.,1.));
#4093 = DIRECTION('',(1.,0.,0.));
#4094 = ORIENTED_EDGE('',*,*,#4095,.T.);
#4095 = EDGE_CURVE('',#4087,#3590,#4096,.T.);
#4096 = LINE('',#4097,#4098);
#4097 = CARTESIAN_POINT('',(25.286305446838,46.7,-10.57));
#4098 = VECTOR('',#4099,1.);
#4099 = DIRECTION('',(1.,0.,0.));
#4100 = ORIENTED_EDGE('',*,*,#3587,.F.);
#4101 = PLANE('',#4102);
#4102 = AXIS2_PLACEMENT_3D('',#4103,#4104,#4105);
#4103 = CARTESIAN_POINT('',(31.5,52.5,-10.57));
#4104 = DIRECTION('',(0.,0.,1.));
#4105 = DIRECTION('',(1.,0.,0.));
#4106 = ADVANCED_FACE('',(#4107),#4141,.F.);
#4107 = FACE_BOUND('',#4108,.F.);
#4108 = EDGE_LOOP('',(#4109,#4119,#4125,#4126,#4127,#4135));
#4109 = ORIENTED_EDGE('',*,*,#4110,.T.);
#4110 = EDGE_CURVE('',#4111,#4113,#4115,.T.);
#4111 = VERTEX_POINT('',#4112);
#4112 = CARTESIAN_POINT('',(37.713694553162,58.3,-9.27));
#4113 = VERTEX_POINT('',#4114);
#4114 = CARTESIAN_POINT('',(37.713694553162,58.3,-10.57));
#4115 = LINE('',#4116,#4117);
#4116 = CARTESIAN_POINT('',(37.713694553162,58.3,-9.27));
#4117 = VECTOR('',#4118,1.);
#4118 = DIRECTION('',(-0.,-0.,-1.));
#4119 = ORIENTED_EDGE('',*,*,#4120,.T.);
#4120 = EDGE_CURVE('',#4113,#3634,#4121,.T.);
#4121 = LINE('',#4122,#4123);
#4122 = CARTESIAN_POINT('',(37.713694553162,58.3,-10.57));
#4123 = VECTOR('',#4124,1.);
#4124 = DIRECTION('',(-1.,0.,0.));
#4125 = ORIENTED_EDGE('',*,*,#3633,.T.);
#4126 = ORIENTED_EDGE('',*,*,#4078,.T.);
#4127 = ORIENTED_EDGE('',*,*,#4128,.F.);
#4128 = EDGE_CURVE('',#4129,#4079,#4131,.T.);
#4129 = VERTEX_POINT('',#4130);
#4130 = CARTESIAN_POINT('',(25.286305446838,58.3,-9.27));
#4131 = LINE('',#4132,#4133);
#4132 = CARTESIAN_POINT('',(25.286305446838,58.3,-9.27));
#4133 = VECTOR('',#4134,1.);
#4134 = DIRECTION('',(-0.,-0.,-1.));
#4135 = ORIENTED_EDGE('',*,*,#4136,.F.);
#4136 = EDGE_CURVE('',#4111,#4129,#4137,.T.);
#4137 = LINE('',#4138,#4139);
#4138 = CARTESIAN_POINT('',(37.713694553162,58.3,-9.27));
#4139 = VECTOR('',#4140,1.);
#4140 = DIRECTION('',(-1.,0.,0.));
#4141 = PLANE('',#4142);
#4142 = AXIS2_PLACEMENT_3D('',#4143,#4144,#4145);
#4143 = CARTESIAN_POINT('',(37.713694553162,58.3,-9.27));
#4144 = DIRECTION('',(0.,1.,0.));
#4145 = DIRECTION('',(-1.,0.,0.));
#4146 = ADVANCED_FACE('',(#4147),#4157,.T.);
#4147 = FACE_BOUND('',#4148,.T.);
#4148 = EDGE_LOOP('',(#4149,#4150));
#4149 = ORIENTED_EDGE('',*,*,#4136,.F.);
#4150 = ORIENTED_EDGE('',*,*,#4151,.T.);
#4151 = EDGE_CURVE('',#4111,#4129,#4152,.T.);
#4152 = CIRCLE('',#4153,8.5);
#4153 = AXIS2_PLACEMENT_3D('',#4154,#4155,#4156);
#4154 = CARTESIAN_POINT('',(31.5,52.5,-9.27));
#4155 = DIRECTION('',(0.,0.,1.));
#4156 = DIRECTION('',(1.,0.,0.));
#4157 = PLANE('',#4158);
#4158 = AXIS2_PLACEMENT_3D('',#4159,#4160,#4161);
#4159 = CARTESIAN_POINT('',(31.5,46.555848118596,-9.27));
#4160 = DIRECTION('',(0.,0.,1.));
#4161 = DIRECTION('',(1.,0.,0.));
#4162 = ADVANCED_FACE('',(#4163),#4215,.T.);
#4163 = FACE_BOUND('',#4164,.T.);
#4164 = EDGE_LOOP('',(#4165,#4174,#4175,#4176,#4184,#4193,#4201,#4209));
#4165 = ORIENTED_EDGE('',*,*,#4166,.T.);
#4166 = EDGE_CURVE('',#4167,#4113,#4169,.T.);
#4167 = VERTEX_POINT('',#4168);
#4168 = CARTESIAN_POINT('',(39.850236588295,54.088568197936,-10.57));
#4169 = CIRCLE('',#4170,8.5);
#4170 = AXIS2_PLACEMENT_3D('',#4171,#4172,#4173);
#4171 = CARTESIAN_POINT('',(31.5,52.5,-10.57));
#4172 = DIRECTION('',(0.,0.,1.));
#4173 = DIRECTION('',(1.,0.,0.));
#4174 = ORIENTED_EDGE('',*,*,#4120,.T.);
#4175 = ORIENTED_EDGE('',*,*,#3679,.F.);
#4176 = ORIENTED_EDGE('',*,*,#4177,.T.);
#4177 = EDGE_CURVE('',#3657,#4178,#4180,.T.);
#4178 = VERTEX_POINT('',#4179);
#4179 = CARTESIAN_POINT('',(37.713694553162,46.7,-10.57));
#4180 = LINE('',#4181,#4182);
#4181 = CARTESIAN_POINT('',(25.286305446838,46.7,-10.57));
#4182 = VECTOR('',#4183,1.);
#4183 = DIRECTION('',(1.,0.,0.));
#4184 = ORIENTED_EDGE('',*,*,#4185,.T.);
#4185 = EDGE_CURVE('',#4178,#4186,#4188,.T.);
#4186 = VERTEX_POINT('',#4187);
#4187 = CARTESIAN_POINT('',(39.850236588295,50.911431802064,-10.57));
#4188 = CIRCLE('',#4189,8.5);
#4189 = AXIS2_PLACEMENT_3D('',#4190,#4191,#4192);
#4190 = CARTESIAN_POINT('',(31.5,52.5,-10.57));
#4191 = DIRECTION('',(0.,0.,1.));
#4192 = DIRECTION('',(1.,0.,0.));
#4193 = ORIENTED_EDGE('',*,*,#4194,.F.);
#4194 = EDGE_CURVE('',#4195,#4186,#4197,.T.);
#4195 = VERTEX_POINT('',#4196);
#4196 = CARTESIAN_POINT('',(38.646659876658,51.112322844714,-10.57));
#4197 = LINE('',#4198,#4199);
#4198 = CARTESIAN_POINT('',(38.646659876658,51.112322844714,-10.57));
#4199 = VECTOR('',#4200,1.);
#4200 = DIRECTION('',(0.986354701848,-0.164634146341,0.));
#4201 = ORIENTED_EDGE('',*,*,#4202,.F.);
#4202 = EDGE_CURVE('',#4203,#4195,#4205,.T.);
#4203 = VERTEX_POINT('',#4204);
#4204 = CARTESIAN_POINT('',(38.646659876658,53.887677155286,-10.57));
#4205 = LINE('',#4206,#4207);
#4206 = CARTESIAN_POINT('',(38.646659876658,53.887677155286,-10.57));
#4207 = VECTOR('',#4208,1.);
#4208 = DIRECTION('',(0.,-1.,0.));
#4209 = ORIENTED_EDGE('',*,*,#4210,.F.);
#4210 = EDGE_CURVE('',#4167,#4203,#4211,.T.);
#4211 = LINE('',#4212,#4213);
#4212 = CARTESIAN_POINT('',(39.850236588295,54.088568197936,-10.57));
#4213 = VECTOR('',#4214,1.);
#4214 = DIRECTION('',(-0.986354701848,-0.164634146341,0.));
#4215 = PLANE('',#4216);
#4216 = AXIS2_PLACEMENT_3D('',#4217,#4218,#4219);
#4217 = CARTESIAN_POINT('',(31.5,52.5,-10.57));
#4218 = DIRECTION('',(0.,0.,1.));
#4219 = DIRECTION('',(1.,0.,0.));
#4220 = ADVANCED_FACE('',(#4221),#4248,.F.);
#4221 = FACE_BOUND('',#4222,.F.);
#4222 = EDGE_LOOP('',(#4223,#4231,#4232,#4233,#4234,#4242));
#4223 = ORIENTED_EDGE('',*,*,#4224,.T.);
#4224 = EDGE_CURVE('',#4225,#4087,#4227,.T.);
#4225 = VERTEX_POINT('',#4226);
#4226 = CARTESIAN_POINT('',(25.286305446838,46.7,-9.27));
#4227 = LINE('',#4228,#4229);
#4228 = CARTESIAN_POINT('',(25.286305446838,46.7,-9.27));
#4229 = VECTOR('',#4230,1.);
#4230 = DIRECTION('',(-0.,-0.,-1.));
#4231 = ORIENTED_EDGE('',*,*,#4095,.T.);
#4232 = ORIENTED_EDGE('',*,*,#3656,.T.);
#4233 = ORIENTED_EDGE('',*,*,#4177,.T.);
#4234 = ORIENTED_EDGE('',*,*,#4235,.F.);
#4235 = EDGE_CURVE('',#4236,#4178,#4238,.T.);
#4236 = VERTEX_POINT('',#4237);
#4237 = CARTESIAN_POINT('',(37.713694553162,46.7,-9.27));
#4238 = LINE('',#4239,#4240);
#4239 = CARTESIAN_POINT('',(37.713694553162,46.7,-9.27));
#4240 = VECTOR('',#4241,1.);
#4241 = DIRECTION('',(-0.,-0.,-1.));
#4242 = ORIENTED_EDGE('',*,*,#4243,.F.);
#4243 = EDGE_CURVE('',#4225,#4236,#4244,.T.);
#4244 = LINE('',#4245,#4246);
#4245 = CARTESIAN_POINT('',(25.286305446838,46.7,-9.27));
#4246 = VECTOR('',#4247,1.);
#4247 = DIRECTION('',(1.,0.,0.));
#4248 = PLANE('',#4249);
#4249 = AXIS2_PLACEMENT_3D('',#4250,#4251,#4252);
#4250 = CARTESIAN_POINT('',(25.286305446838,46.7,-9.27));
#4251 = DIRECTION('',(0.,-1.,0.));
#4252 = DIRECTION('',(1.,0.,0.));
#4253 = ADVANCED_FACE('',(#4254,#4274),#4308,.T.);
#4254 = FACE_BOUND('',#4255,.T.);
#4255 = EDGE_LOOP('',(#4256,#4257,#4264,#4265,#4272,#4273));
#4256 = ORIENTED_EDGE('',*,*,#2316,.T.);
#4257 = ORIENTED_EDGE('',*,*,#4258,.F.);
#4258 = EDGE_CURVE('',#4236,#2319,#4259,.T.);
#4259 = CIRCLE('',#4260,8.5);
#4260 = AXIS2_PLACEMENT_3D('',#4261,#4262,#4263);
#4261 = CARTESIAN_POINT('',(31.5,52.5,-9.27));
#4262 = DIRECTION('',(0.,0.,1.));
#4263 = DIRECTION('',(1.,0.,0.));
#4264 = ORIENTED_EDGE('',*,*,#4243,.F.);
#4265 = ORIENTED_EDGE('',*,*,#4266,.F.);
#4266 = EDGE_CURVE('',#2372,#4225,#4267,.T.);
#4267 = CIRCLE('',#4268,8.5);
#4268 = AXIS2_PLACEMENT_3D('',#4269,#4270,#4271);
#4269 = CARTESIAN_POINT('',(31.5,52.5,-9.27));
#4270 = DIRECTION('',(0.,0.,1.));
#4271 = DIRECTION('',(1.,0.,0.));
#4272 = ORIENTED_EDGE('',*,*,#2371,.T.);
#4273 = ORIENTED_EDGE('',*,*,#2347,.T.);
#4274 = FACE_BOUND('',#4275,.T.);
#4275 = EDGE_LOOP('',(#4276,#4286,#4294,#4302));
#4276 = ORIENTED_EDGE('',*,*,#4277,.F.);
#4277 = EDGE_CURVE('',#4278,#4280,#4282,.T.);
#4278 = VERTEX_POINT('',#4279);
#4279 = CARTESIAN_POINT('',(24.82,46.1,-9.27));
#4280 = VERTEX_POINT('',#4281);
#4281 = CARTESIAN_POINT('',(24.82,42.4,-9.27));
#4282 = LINE('',#4283,#4284);
#4283 = CARTESIAN_POINT('',(24.82,46.1,-9.27));
#4284 = VECTOR('',#4285,1.);
#4285 = DIRECTION('',(0.,-1.,0.));
#4286 = ORIENTED_EDGE('',*,*,#4287,.F.);
#4287 = EDGE_CURVE('',#4288,#4278,#4290,.T.);
#4288 = VERTEX_POINT('',#4289);
#4289 = CARTESIAN_POINT('',(38.2,46.1,-9.27));
#4290 = LINE('',#4291,#4292);
#4291 = CARTESIAN_POINT('',(38.2,46.1,-9.27));
#4292 = VECTOR('',#4293,1.);
#4293 = DIRECTION('',(-1.,0.,0.));
#4294 = ORIENTED_EDGE('',*,*,#4295,.F.);
#4295 = EDGE_CURVE('',#4296,#4288,#4298,.T.);
#4296 = VERTEX_POINT('',#4297);
#4297 = CARTESIAN_POINT('',(38.2,42.4,-9.27));
#4298 = LINE('',#4299,#4300);
#4299 = CARTESIAN_POINT('',(38.2,42.4,-9.27));
#4300 = VECTOR('',#4301,1.);
#4301 = DIRECTION('',(0.,1.,0.));
#4302 = ORIENTED_EDGE('',*,*,#4303,.F.);
#4303 = EDGE_CURVE('',#4280,#4296,#4304,.T.);
#4304 = LINE('',#4305,#4306);
#4305 = CARTESIAN_POINT('',(24.82,42.4,-9.27));
#4306 = VECTOR('',#4307,1.);
#4307 = DIRECTION('',(1.,0.,0.));
#4308 = PLANE('',#4309);
#4309 = AXIS2_PLACEMENT_3D('',#4310,#4311,#4312);
#4310 = CARTESIAN_POINT('',(31.5,46.555848118596,-9.27));
#4311 = DIRECTION('',(0.,0.,1.));
#4312 = DIRECTION('',(1.,0.,0.));
#4313 = ADVANCED_FACE('',(#4314),#4339,.T.);
#4314 = FACE_BOUND('',#4315,.T.);
#4315 = EDGE_LOOP('',(#4316,#4324,#4332,#4338));
#4316 = ORIENTED_EDGE('',*,*,#4317,.T.);
#4317 = EDGE_CURVE('',#2398,#4318,#4320,.T.);
#4318 = VERTEX_POINT('',#4319);
#4319 = CARTESIAN_POINT('',(16.646659876658,53.887677155286,-13.57));
#4320 = LINE('',#4321,#4322);
#4321 = CARTESIAN_POINT('',(17.850236588295,54.088568197936,-13.57));
#4322 = VECTOR('',#4323,1.);
#4323 = DIRECTION('',(-0.986354701848,-0.164634146341,0.));
#4324 = ORIENTED_EDGE('',*,*,#4325,.T.);
#4325 = EDGE_CURVE('',#4318,#4326,#4328,.T.);
#4326 = VERTEX_POINT('',#4327);
#4327 = CARTESIAN_POINT('',(16.646659876658,51.112322844714,-13.57));
#4328 = LINE('',#4329,#4330);
#4329 = CARTESIAN_POINT('',(16.646659876658,53.887677155286,-13.57));
#4330 = VECTOR('',#4331,1.);
#4331 = DIRECTION('',(0.,-1.,0.));
#4332 = ORIENTED_EDGE('',*,*,#4333,.T.);
#4333 = EDGE_CURVE('',#4326,#2396,#4334,.T.);
#4334 = LINE('',#4335,#4336);
#4335 = CARTESIAN_POINT('',(16.646659876658,51.112322844714,-13.57));
#4336 = VECTOR('',#4337,1.);
#4337 = DIRECTION('',(0.986354701848,-0.164634146341,0.));
#4338 = ORIENTED_EDGE('',*,*,#2395,.T.);
#4339 = PLANE('',#4340);
#4340 = AXIS2_PLACEMENT_3D('',#4341,#4342,#4343);
#4341 = CARTESIAN_POINT('',(17.312088733951,52.5,-13.57));
#4342 = DIRECTION('',(0.,0.,1.));
#4343 = DIRECTION('',(1.,0.,0.));
#4344 = ADVANCED_FACE('',(#4345),#4363,.F.);
#4345 = FACE_BOUND('',#4346,.F.);
#4346 = EDGE_LOOP('',(#4347,#4355,#4356,#4357));
#4347 = ORIENTED_EDGE('',*,*,#4348,.T.);
#4348 = EDGE_CURVE('',#4349,#4326,#4351,.T.);
#4349 = VERTEX_POINT('',#4350);
#4350 = CARTESIAN_POINT('',(16.646659876658,51.112322844714,-10.57));
#4351 = LINE('',#4352,#4353);
#4352 = CARTESIAN_POINT('',(16.646659876658,51.112322844714,-10.57));
#4353 = VECTOR('',#4354,1.);
#4354 = DIRECTION('',(-0.,-0.,-1.));
#4355 = ORIENTED_EDGE('',*,*,#4333,.T.);
#4356 = ORIENTED_EDGE('',*,*,#2406,.F.);
#4357 = ORIENTED_EDGE('',*,*,#4358,.F.);
#4358 = EDGE_CURVE('',#4349,#2407,#4359,.T.);
#4359 = LINE('',#4360,#4361);
#4360 = CARTESIAN_POINT('',(16.646659876658,51.112322844714,-10.57));
#4361 = VECTOR('',#4362,1.);
#4362 = DIRECTION('',(0.986354701848,-0.164634146341,0.));
#4363 = PLANE('',#4364);
#4364 = AXIS2_PLACEMENT_3D('',#4365,#4366,#4367);
#4365 = CARTESIAN_POINT('',(16.646659876658,51.112322844714,-10.57));
#4366 = DIRECTION('',(-0.164634146341,-0.986354701848,0.));
#4367 = DIRECTION('',(0.986354701848,-0.164634146341,0.));
#4368 = ADVANCED_FACE('',(#4369),#4401,.T.);
#4369 = FACE_BOUND('',#4370,.T.);
#4370 = EDGE_LOOP('',(#4371,#4372,#4378,#4379,#4385,#4386,#4387,#4395));
#4371 = ORIENTED_EDGE('',*,*,#2506,.T.);
#4372 = ORIENTED_EDGE('',*,*,#4373,.T.);
#4373 = EDGE_CURVE('',#2499,#3508,#4374,.T.);
#4374 = LINE('',#4375,#4376);
#4375 = CARTESIAN_POINT('',(15.713694553162,58.3,-10.57));
#4376 = VECTOR('',#4377,1.);
#4377 = DIRECTION('',(-1.,0.,0.));
#4378 = ORIENTED_EDGE('',*,*,#3553,.F.);
#4379 = ORIENTED_EDGE('',*,*,#4380,.T.);
#4380 = EDGE_CURVE('',#3531,#2415,#4381,.T.);
#4381 = LINE('',#4382,#4383);
#4382 = CARTESIAN_POINT('',(3.286305446838,46.7,-10.57));
#4383 = VECTOR('',#4384,1.);
#4384 = DIRECTION('',(1.,0.,0.));
#4385 = ORIENTED_EDGE('',*,*,#2414,.T.);
#4386 = ORIENTED_EDGE('',*,*,#4358,.F.);
#4387 = ORIENTED_EDGE('',*,*,#4388,.F.);
#4388 = EDGE_CURVE('',#4389,#4349,#4391,.T.);
#4389 = VERTEX_POINT('',#4390);
#4390 = CARTESIAN_POINT('',(16.646659876658,53.887677155286,-10.57));
#4391 = LINE('',#4392,#4393);
#4392 = CARTESIAN_POINT('',(16.646659876658,53.887677155286,-10.57));
#4393 = VECTOR('',#4394,1.);
#4394 = DIRECTION('',(0.,-1.,0.));
#4395 = ORIENTED_EDGE('',*,*,#4396,.F.);
#4396 = EDGE_CURVE('',#2507,#4389,#4397,.T.);
#4397 = LINE('',#4398,#4399);
#4398 = CARTESIAN_POINT('',(17.850236588295,54.088568197936,-10.57));
#4399 = VECTOR('',#4400,1.);
#4400 = DIRECTION('',(-0.986354701848,-0.164634146341,0.));
#4401 = PLANE('',#4402);
#4402 = AXIS2_PLACEMENT_3D('',#4403,#4404,#4405);
#4403 = CARTESIAN_POINT('',(9.5,52.5,-10.57));
#4404 = DIRECTION('',(0.,0.,1.));
#4405 = DIRECTION('',(1.,0.,0.));
#4406 = ADVANCED_FACE('',(#4407),#4425,.F.);
#4407 = FACE_BOUND('',#4408,.F.);
#4408 = EDGE_LOOP('',(#4409,#4410,#4416,#4417,#4418,#4419));
#4409 = ORIENTED_EDGE('',*,*,#2464,.T.);
#4410 = ORIENTED_EDGE('',*,*,#4411,.T.);
#4411 = EDGE_CURVE('',#2465,#3464,#4412,.T.);
#4412 = LINE('',#4413,#4414);
#4413 = CARTESIAN_POINT('',(3.286305446838,46.7,-10.57));
#4414 = VECTOR('',#4415,1.);
#4415 = DIRECTION('',(1.,0.,0.));
#4416 = ORIENTED_EDGE('',*,*,#3530,.T.);
#4417 = ORIENTED_EDGE('',*,*,#4380,.T.);
#4418 = ORIENTED_EDGE('',*,*,#2423,.F.);
#4419 = ORIENTED_EDGE('',*,*,#4420,.F.);
#4420 = EDGE_CURVE('',#2456,#2424,#4421,.T.);
#4421 = LINE('',#4422,#4423);
#4422 = CARTESIAN_POINT('',(3.286305446838,46.7,-9.27));
#4423 = VECTOR('',#4424,1.);
#4424 = DIRECTION('',(1.,0.,0.));
#4425 = PLANE('',#4426);
#4426 = AXIS2_PLACEMENT_3D('',#4427,#4428,#4429);
#4427 = CARTESIAN_POINT('',(3.286305446838,46.7,-9.27));
#4428 = DIRECTION('',(0.,-1.,0.));
#4429 = DIRECTION('',(1.,0.,0.));
#4430 = ADVANCED_FACE('',(#4431,#4439),#4473,.T.);
#4431 = FACE_BOUND('',#4432,.T.);
#4432 = EDGE_LOOP('',(#4433,#4434,#4435,#4436,#4437,#4438));
#4433 = ORIENTED_EDGE('',*,*,#2553,.T.);
#4434 = ORIENTED_EDGE('',*,*,#2431,.F.);
#4435 = ORIENTED_EDGE('',*,*,#4420,.F.);
#4436 = ORIENTED_EDGE('',*,*,#2455,.F.);
#4437 = ORIENTED_EDGE('',*,*,#2529,.T.);
#4438 = ORIENTED_EDGE('',*,*,#2577,.T.);
#4439 = FACE_BOUND('',#4440,.T.);
#4440 = EDGE_LOOP('',(#4441,#4451,#4459,#4467));
#4441 = ORIENTED_EDGE('',*,*,#4442,.F.);
#4442 = EDGE_CURVE('',#4443,#4445,#4447,.T.);
#4443 = VERTEX_POINT('',#4444);
#4444 = CARTESIAN_POINT('',(2.82,46.1,-9.27));
#4445 = VERTEX_POINT('',#4446);
#4446 = CARTESIAN_POINT('',(2.82,42.4,-9.27));
#4447 = LINE('',#4448,#4449);
#4448 = CARTESIAN_POINT('',(2.82,46.1,-9.27));
#4449 = VECTOR('',#4450,1.);
#4450 = DIRECTION('',(0.,-1.,0.));
#4451 = ORIENTED_EDGE('',*,*,#4452,.F.);
#4452 = EDGE_CURVE('',#4453,#4443,#4455,.T.);
#4453 = VERTEX_POINT('',#4454);
#4454 = CARTESIAN_POINT('',(16.2,46.1,-9.27));
#4455 = LINE('',#4456,#4457);
#4456 = CARTESIAN_POINT('',(16.2,46.1,-9.27));
#4457 = VECTOR('',#4458,1.);
#4458 = DIRECTION('',(-1.,0.,0.));
#4459 = ORIENTED_EDGE('',*,*,#4460,.F.);
#4460 = EDGE_CURVE('',#4461,#4453,#4463,.T.);
#4461 = VERTEX_POINT('',#4462);
#4462 = CARTESIAN_POINT('',(16.2,42.4,-9.27));
#4463 = LINE('',#4464,#4465);
#4464 = CARTESIAN_POINT('',(16.2,42.4,-9.27));
#4465 = VECTOR('',#4466,1.);
#4466 = DIRECTION('',(0.,1.,0.));
#4467 = ORIENTED_EDGE('',*,*,#4468,.F.);
#4468 = EDGE_CURVE('',#4445,#4461,#4469,.T.);
#4469 = LINE('',#4470,#4471);
#4470 = CARTESIAN_POINT('',(2.82,42.4,-9.27));
#4471 = VECTOR('',#4472,1.);
#4472 = DIRECTION('',(1.,0.,0.));
#4473 = PLANE('',#4474);
#4474 = AXIS2_PLACEMENT_3D('',#4475,#4476,#4477);
#4475 = CARTESIAN_POINT('',(9.5,46.555848118596,-9.27));
#4476 = DIRECTION('',(0.,0.,1.));
#4477 = DIRECTION('',(1.,0.,0.));
#4478 = ADVANCED_FACE('',(#4479),#4490,.T.);
#4479 = FACE_BOUND('',#4480,.T.);
#4480 = EDGE_LOOP('',(#4481,#4487,#4488,#4489));
#4481 = ORIENTED_EDGE('',*,*,#4482,.T.);
#4482 = EDGE_CURVE('',#3462,#2473,#4483,.T.);
#4483 = LINE('',#4484,#4485);
#4484 = CARTESIAN_POINT('',(15.713694553162,58.3,-10.57));
#4485 = VECTOR('',#4486,1.);
#4486 = DIRECTION('',(-1.,0.,0.));
#4487 = ORIENTED_EDGE('',*,*,#2472,.T.);
#4488 = ORIENTED_EDGE('',*,*,#4411,.T.);
#4489 = ORIENTED_EDGE('',*,*,#3461,.F.);
#4490 = PLANE('',#4491);
#4491 = AXIS2_PLACEMENT_3D('',#4492,#4493,#4494);
#4492 = CARTESIAN_POINT('',(9.5,52.5,-10.57));
#4493 = DIRECTION('',(0.,0.,1.));
#4494 = DIRECTION('',(1.,0.,0.));
#4495 = ADVANCED_FACE('',(#4496),#4509,.F.);
#4496 = FACE_BOUND('',#4497,.F.);
#4497 = EDGE_LOOP('',(#4498,#4499,#4500,#4501,#4502,#4503));
#4498 = ORIENTED_EDGE('',*,*,#2498,.T.);
#4499 = ORIENTED_EDGE('',*,*,#4373,.T.);
#4500 = ORIENTED_EDGE('',*,*,#3507,.T.);
#4501 = ORIENTED_EDGE('',*,*,#4482,.T.);
#4502 = ORIENTED_EDGE('',*,*,#2481,.F.);
#4503 = ORIENTED_EDGE('',*,*,#4504,.F.);
#4504 = EDGE_CURVE('',#2490,#2482,#4505,.T.);
#4505 = LINE('',#4506,#4507);
#4506 = CARTESIAN_POINT('',(15.713694553162,58.3,-9.27));
#4507 = VECTOR('',#4508,1.);
#4508 = DIRECTION('',(-1.,0.,0.));
#4509 = PLANE('',#4510);
#4510 = AXIS2_PLACEMENT_3D('',#4511,#4512,#4513);
#4511 = CARTESIAN_POINT('',(15.713694553162,58.3,-9.27));
#4512 = DIRECTION('',(0.,1.,0.));
#4513 = DIRECTION('',(-1.,0.,0.));
#4514 = ADVANCED_FACE('',(#4515),#4519,.T.);
#4515 = FACE_BOUND('',#4516,.T.);
#4516 = EDGE_LOOP('',(#4517,#4518));
#4517 = ORIENTED_EDGE('',*,*,#4504,.F.);
#4518 = ORIENTED_EDGE('',*,*,#2489,.T.);
#4519 = PLANE('',#4520);
#4520 = AXIS2_PLACEMENT_3D('',#4521,#4522,#4523);
#4521 = CARTESIAN_POINT('',(9.5,46.555848118596,-9.27));
#4522 = DIRECTION('',(0.,0.,1.));
#4523 = DIRECTION('',(1.,0.,0.));
#4524 = ADVANCED_FACE('',(#4525),#4536,.F.);
#4525 = FACE_BOUND('',#4526,.F.);
#4526 = EDGE_LOOP('',(#4527,#4528,#4529,#4535));
#4527 = ORIENTED_EDGE('',*,*,#2515,.T.);
#4528 = ORIENTED_EDGE('',*,*,#4317,.T.);
#4529 = ORIENTED_EDGE('',*,*,#4530,.F.);
#4530 = EDGE_CURVE('',#4389,#4318,#4531,.T.);
#4531 = LINE('',#4532,#4533);
#4532 = CARTESIAN_POINT('',(16.646659876658,53.887677155286,-10.57));
#4533 = VECTOR('',#4534,1.);
#4534 = DIRECTION('',(-0.,-0.,-1.));
#4535 = ORIENTED_EDGE('',*,*,#4396,.F.);
#4536 = PLANE('',#4537);
#4537 = AXIS2_PLACEMENT_3D('',#4538,#4539,#4540);
#4538 = CARTESIAN_POINT('',(17.850236588295,54.088568197936,-10.57));
#4539 = DIRECTION('',(-0.164634146341,0.986354701848,0.));
#4540 = DIRECTION('',(-0.986354701848,-0.164634146341,0.));
#4541 = ADVANCED_FACE('',(#4542),#4548,.T.);
#4542 = FACE_BOUND('',#4543,.T.);
#4543 = EDGE_LOOP('',(#4544,#4545,#4546,#4547));
#4544 = ORIENTED_EDGE('',*,*,#2602,.T.);
#4545 = ORIENTED_EDGE('',*,*,#2650,.T.);
#4546 = ORIENTED_EDGE('',*,*,#2674,.T.);
#4547 = ORIENTED_EDGE('',*,*,#2633,.T.);
#4548 = PLANE('',#4549);
#4549 = AXIS2_PLACEMENT_3D('',#4550,#4551,#4552);
#4550 = CARTESIAN_POINT('',(53.51,70.25,-11.27));
#4551 = DIRECTION('',(0.,0.,1.));
#4552 = DIRECTION('',(1.,0.,0.));
#4553 = ADVANCED_FACE('',(#4554),#4560,.T.);
#4554 = FACE_BOUND('',#4555,.T.);
#4555 = EDGE_LOOP('',(#4556,#4557,#4558,#4559));
#4556 = ORIENTED_EDGE('',*,*,#2891,.T.);
#4557 = ORIENTED_EDGE('',*,*,#2939,.T.);
#4558 = ORIENTED_EDGE('',*,*,#2963,.T.);
#4559 = ORIENTED_EDGE('',*,*,#2922,.T.);
#4560 = PLANE('',#4561);
#4561 = AXIS2_PLACEMENT_3D('',#4562,#4563,#4564);
#4562 = CARTESIAN_POINT('',(31.51,70.25,-11.27));
#4563 = DIRECTION('',(0.,0.,1.));
#4564 = DIRECTION('',(1.,0.,0.));
#4565 = ADVANCED_FACE('',(#4566),#4572,.T.);
#4566 = FACE_BOUND('',#4567,.T.);
#4567 = EDGE_LOOP('',(#4568,#4569,#4570,#4571));
#4568 = ORIENTED_EDGE('',*,*,#3180,.T.);
#4569 = ORIENTED_EDGE('',*,*,#3228,.T.);
#4570 = ORIENTED_EDGE('',*,*,#3252,.T.);
#4571 = ORIENTED_EDGE('',*,*,#3211,.T.);
#4572 = PLANE('',#4573);
#4573 = AXIS2_PLACEMENT_3D('',#4574,#4575,#4576);
#4574 = CARTESIAN_POINT('',(9.51,70.25,-11.27));
#4575 = DIRECTION('',(0.,0.,1.));
#4576 = DIRECTION('',(1.,0.,0.));
#4577 = ADVANCED_FACE('',(#4578),#4603,.F.);
#4578 = FACE_BOUND('',#4579,.F.);
#4579 = EDGE_LOOP('',(#4580,#4588,#4596,#4602));
#4580 = ORIENTED_EDGE('',*,*,#4581,.T.);
#4581 = EDGE_CURVE('',#3928,#4582,#4584,.T.);
#4582 = VERTEX_POINT('',#4583);
#4583 = CARTESIAN_POINT('',(61.850236588295,54.088568197936,-13.57));
#4584 = LINE('',#4585,#4586);
#4585 = CARTESIAN_POINT('',(61.850236588295,54.088568197936,-10.57));
#4586 = VECTOR('',#4587,1.);
#4587 = DIRECTION('',(-0.,-0.,-1.));
#4588 = ORIENTED_EDGE('',*,*,#4589,.T.);
#4589 = EDGE_CURVE('',#4582,#4590,#4592,.T.);
#4590 = VERTEX_POINT('',#4591);
#4591 = CARTESIAN_POINT('',(60.646659876658,53.887677155286,-13.57));
#4592 = LINE('',#4593,#4594);
#4593 = CARTESIAN_POINT('',(61.850236588295,54.088568197936,-13.57));
#4594 = VECTOR('',#4595,1.);
#4595 = DIRECTION('',(-0.986354701848,-0.164634146341,0.));
#4596 = ORIENTED_EDGE('',*,*,#4597,.F.);
#4597 = EDGE_CURVE('',#3964,#4590,#4598,.T.);
#4598 = LINE('',#4599,#4600);
#4599 = CARTESIAN_POINT('',(60.646659876658,53.887677155286,-10.57));
#4600 = VECTOR('',#4601,1.);
#4601 = DIRECTION('',(-0.,-0.,-1.));
#4602 = ORIENTED_EDGE('',*,*,#3971,.F.);
#4603 = PLANE('',#4604);
#4604 = AXIS2_PLACEMENT_3D('',#4605,#4606,#4607);
#4605 = CARTESIAN_POINT('',(61.850236588295,54.088568197936,-10.57));
#4606 = DIRECTION('',(-0.164634146341,0.986354701848,0.));
#4607 = DIRECTION('',(-0.986354701848,-0.164634146341,0.));
#4608 = ADVANCED_FACE('',(#4609),#4627,.F.);
#4609 = FACE_BOUND('',#4610,.F.);
#4610 = EDGE_LOOP('',(#4611,#4612,#4620,#4626));
#4611 = ORIENTED_EDGE('',*,*,#4597,.T.);
#4612 = ORIENTED_EDGE('',*,*,#4613,.T.);
#4613 = EDGE_CURVE('',#4590,#4614,#4616,.T.);
#4614 = VERTEX_POINT('',#4615);
#4615 = CARTESIAN_POINT('',(60.646659876658,51.112322844714,-13.57));
#4616 = LINE('',#4617,#4618);
#4617 = CARTESIAN_POINT('',(60.646659876658,53.887677155286,-13.57));
#4618 = VECTOR('',#4619,1.);
#4619 = DIRECTION('',(0.,-1.,0.));
#4620 = ORIENTED_EDGE('',*,*,#4621,.F.);
#4621 = EDGE_CURVE('',#3956,#4614,#4622,.T.);
#4622 = LINE('',#4623,#4624);
#4623 = CARTESIAN_POINT('',(60.646659876658,51.112322844714,-10.57));
#4624 = VECTOR('',#4625,1.);
#4625 = DIRECTION('',(-0.,-0.,-1.));
#4626 = ORIENTED_EDGE('',*,*,#3963,.F.);
#4627 = PLANE('',#4628);
#4628 = AXIS2_PLACEMENT_3D('',#4629,#4630,#4631);
#4629 = CARTESIAN_POINT('',(60.646659876658,53.887677155286,-10.57));
#4630 = DIRECTION('',(-1.,0.,0.));
#4631 = DIRECTION('',(0.,-1.,0.));
#4632 = ADVANCED_FACE('',(#4633),#4651,.F.);
#4633 = FACE_BOUND('',#4634,.F.);
#4634 = EDGE_LOOP('',(#4635,#4636,#4644,#4650));
#4635 = ORIENTED_EDGE('',*,*,#4621,.T.);
#4636 = ORIENTED_EDGE('',*,*,#4637,.T.);
#4637 = EDGE_CURVE('',#4614,#4638,#4640,.T.);
#4638 = VERTEX_POINT('',#4639);
#4639 = CARTESIAN_POINT('',(61.850236588295,50.911431802064,-13.57));
#4640 = LINE('',#4641,#4642);
#4641 = CARTESIAN_POINT('',(60.646659876658,51.112322844714,-13.57));
#4642 = VECTOR('',#4643,1.);
#4643 = DIRECTION('',(0.986354701848,-0.164634146341,0.));
#4644 = ORIENTED_EDGE('',*,*,#4645,.F.);
#4645 = EDGE_CURVE('',#3947,#4638,#4646,.T.);
#4646 = LINE('',#4647,#4648);
#4647 = CARTESIAN_POINT('',(61.850236588295,50.911431802064,-10.57));
#4648 = VECTOR('',#4649,1.);
#4649 = DIRECTION('',(-0.,-0.,-1.));
#4650 = ORIENTED_EDGE('',*,*,#3955,.F.);
#4651 = PLANE('',#4652);
#4652 = AXIS2_PLACEMENT_3D('',#4653,#4654,#4655);
#4653 = CARTESIAN_POINT('',(60.646659876658,51.112322844714,-10.57));
#4654 = DIRECTION('',(-0.164634146341,-0.986354701848,0.));
#4655 = DIRECTION('',(0.986354701848,-0.164634146341,0.));
#4656 = ADVANCED_FACE('',(#4657),#4669,.T.);
#4657 = FACE_BOUND('',#4658,.T.);
#4658 = EDGE_LOOP('',(#4659,#4660,#4661,#4662));
#4659 = ORIENTED_EDGE('',*,*,#4589,.T.);
#4660 = ORIENTED_EDGE('',*,*,#4613,.T.);
#4661 = ORIENTED_EDGE('',*,*,#4637,.T.);
#4662 = ORIENTED_EDGE('',*,*,#4663,.T.);
#4663 = EDGE_CURVE('',#4638,#4582,#4664,.T.);
#4664 = CIRCLE('',#4665,8.5);
#4665 = AXIS2_PLACEMENT_3D('',#4666,#4667,#4668);
#4666 = CARTESIAN_POINT('',(53.5,52.5,-13.57));
#4667 = DIRECTION('',(0.,0.,1.));
#4668 = DIRECTION('',(1.,0.,0.));
#4669 = PLANE('',#4670);
#4670 = AXIS2_PLACEMENT_3D('',#4671,#4672,#4673);
#4671 = CARTESIAN_POINT('',(61.312088733951,52.5,-13.57));
#4672 = DIRECTION('',(0.,0.,1.));
#4673 = DIRECTION('',(1.,0.,0.));
#4674 = ADVANCED_FACE('',(#4675),#4700,.F.);
#4675 = FACE_BOUND('',#4676,.F.);
#4676 = EDGE_LOOP('',(#4677,#4685,#4693,#4699));
#4677 = ORIENTED_EDGE('',*,*,#4678,.T.);
#4678 = EDGE_CURVE('',#4039,#4679,#4681,.T.);
#4679 = VERTEX_POINT('',#4680);
#4680 = CARTESIAN_POINT('',(46.82,46.1,-11.27));
#4681 = LINE('',#4682,#4683);
#4682 = CARTESIAN_POINT('',(46.82,46.1,-9.27));
#4683 = VECTOR('',#4684,1.);
#4684 = DIRECTION('',(-0.,-0.,-1.));
#4685 = ORIENTED_EDGE('',*,*,#4686,.T.);
#4686 = EDGE_CURVE('',#4679,#4687,#4689,.T.);
#4687 = VERTEX_POINT('',#4688);
#4688 = CARTESIAN_POINT('',(46.82,42.4,-11.27));
#4689 = LINE('',#4690,#4691);
#4690 = CARTESIAN_POINT('',(46.82,46.1,-11.27));
#4691 = VECTOR('',#4692,1.);
#4692 = DIRECTION('',(0.,-1.,0.));
#4693 = ORIENTED_EDGE('',*,*,#4694,.F.);
#4694 = EDGE_CURVE('',#4041,#4687,#4695,.T.);
#4695 = LINE('',#4696,#4697);
#4696 = CARTESIAN_POINT('',(46.82,42.4,-9.27));
#4697 = VECTOR('',#4698,1.);
#4698 = DIRECTION('',(-0.,-0.,-1.));
#4699 = ORIENTED_EDGE('',*,*,#4038,.F.);
#4700 = PLANE('',#4701);
#4701 = AXIS2_PLACEMENT_3D('',#4702,#4703,#4704);
#4702 = CARTESIAN_POINT('',(46.82,46.1,-9.27));
#4703 = DIRECTION('',(-1.,0.,0.));
#4704 = DIRECTION('',(0.,-1.,0.));
#4705 = ADVANCED_FACE('',(#4706),#4724,.F.);
#4706 = FACE_BOUND('',#4707,.F.);
#4707 = EDGE_LOOP('',(#4708,#4716,#4722,#4723));
#4708 = ORIENTED_EDGE('',*,*,#4709,.T.);
#4709 = EDGE_CURVE('',#4049,#4710,#4712,.T.);
#4710 = VERTEX_POINT('',#4711);
#4711 = CARTESIAN_POINT('',(60.2,46.1,-11.27));
#4712 = LINE('',#4713,#4714);
#4713 = CARTESIAN_POINT('',(60.2,46.1,-9.27));
#4714 = VECTOR('',#4715,1.);
#4715 = DIRECTION('',(-0.,-0.,-1.));
#4716 = ORIENTED_EDGE('',*,*,#4717,.T.);
#4717 = EDGE_CURVE('',#4710,#4679,#4718,.T.);
#4718 = LINE('',#4719,#4720);
#4719 = CARTESIAN_POINT('',(60.2,46.1,-11.27));
#4720 = VECTOR('',#4721,1.);
#4721 = DIRECTION('',(-1.,0.,0.));
#4722 = ORIENTED_EDGE('',*,*,#4678,.F.);
#4723 = ORIENTED_EDGE('',*,*,#4048,.F.);
#4724 = PLANE('',#4725);
#4725 = AXIS2_PLACEMENT_3D('',#4726,#4727,#4728);
#4726 = CARTESIAN_POINT('',(60.2,46.1,-9.27));
#4727 = DIRECTION('',(0.,1.,0.));
#4728 = DIRECTION('',(-1.,0.,0.));
#4729 = ADVANCED_FACE('',(#4730),#4748,.F.);
#4730 = FACE_BOUND('',#4731,.F.);
#4731 = EDGE_LOOP('',(#4732,#4733,#4741,#4747));
#4732 = ORIENTED_EDGE('',*,*,#4694,.T.);
#4733 = ORIENTED_EDGE('',*,*,#4734,.T.);
#4734 = EDGE_CURVE('',#4687,#4735,#4737,.T.);
#4735 = VERTEX_POINT('',#4736);
#4736 = CARTESIAN_POINT('',(60.2,42.4,-11.27));
#4737 = LINE('',#4738,#4739);
#4738 = CARTESIAN_POINT('',(46.82,42.4,-11.27));
#4739 = VECTOR('',#4740,1.);
#4740 = DIRECTION('',(1.,0.,0.));
#4741 = ORIENTED_EDGE('',*,*,#4742,.F.);
#4742 = EDGE_CURVE('',#4057,#4735,#4743,.T.);
#4743 = LINE('',#4744,#4745);
#4744 = CARTESIAN_POINT('',(60.2,42.4,-9.27));
#4745 = VECTOR('',#4746,1.);
#4746 = DIRECTION('',(-0.,-0.,-1.));
#4747 = ORIENTED_EDGE('',*,*,#4064,.F.);
#4748 = PLANE('',#4749);
#4749 = AXIS2_PLACEMENT_3D('',#4750,#4751,#4752);
#4750 = CARTESIAN_POINT('',(46.82,42.4,-9.27));
#4751 = DIRECTION('',(0.,-1.,0.));
#4752 = DIRECTION('',(1.,0.,0.));
#4753 = ADVANCED_FACE('',(#4754),#4765,.F.);
#4754 = FACE_BOUND('',#4755,.F.);
#4755 = EDGE_LOOP('',(#4756,#4757,#4763,#4764));
#4756 = ORIENTED_EDGE('',*,*,#4742,.T.);
#4757 = ORIENTED_EDGE('',*,*,#4758,.T.);
#4758 = EDGE_CURVE('',#4735,#4710,#4759,.T.);
#4759 = LINE('',#4760,#4761);
#4760 = CARTESIAN_POINT('',(60.2,42.4,-11.27));
#4761 = VECTOR('',#4762,1.);
#4762 = DIRECTION('',(0.,1.,0.));
#4763 = ORIENTED_EDGE('',*,*,#4709,.F.);
#4764 = ORIENTED_EDGE('',*,*,#4056,.F.);
#4765 = PLANE('',#4766);
#4766 = AXIS2_PLACEMENT_3D('',#4767,#4768,#4769);
#4767 = CARTESIAN_POINT('',(60.2,42.4,-9.27));
#4768 = DIRECTION('',(1.,0.,0.));
#4769 = DIRECTION('',(0.,1.,0.));
#4770 = ADVANCED_FACE('',(#4771),#4796,.F.);
#4771 = FACE_BOUND('',#4772,.F.);
#4772 = EDGE_LOOP('',(#4773,#4781,#4789,#4795));
#4773 = ORIENTED_EDGE('',*,*,#4774,.T.);
#4774 = EDGE_CURVE('',#4167,#4775,#4777,.T.);
#4775 = VERTEX_POINT('',#4776);
#4776 = CARTESIAN_POINT('',(39.850236588295,54.088568197936,-13.57));
#4777 = LINE('',#4778,#4779);
#4778 = CARTESIAN_POINT('',(39.850236588295,54.088568197936,-10.57));
#4779 = VECTOR('',#4780,1.);
#4780 = DIRECTION('',(-0.,-0.,-1.));
#4781 = ORIENTED_EDGE('',*,*,#4782,.T.);
#4782 = EDGE_CURVE('',#4775,#4783,#4785,.T.);
#4783 = VERTEX_POINT('',#4784);
#4784 = CARTESIAN_POINT('',(38.646659876658,53.887677155286,-13.57));
#4785 = LINE('',#4786,#4787);
#4786 = CARTESIAN_POINT('',(39.850236588295,54.088568197936,-13.57));
#4787 = VECTOR('',#4788,1.);
#4788 = DIRECTION('',(-0.986354701848,-0.164634146341,0.));
#4789 = ORIENTED_EDGE('',*,*,#4790,.F.);
#4790 = EDGE_CURVE('',#4203,#4783,#4791,.T.);
#4791 = LINE('',#4792,#4793);
#4792 = CARTESIAN_POINT('',(38.646659876658,53.887677155286,-10.57));
#4793 = VECTOR('',#4794,1.);
#4794 = DIRECTION('',(-0.,-0.,-1.));
#4795 = ORIENTED_EDGE('',*,*,#4210,.F.);
#4796 = PLANE('',#4797);
#4797 = AXIS2_PLACEMENT_3D('',#4798,#4799,#4800);
#4798 = CARTESIAN_POINT('',(39.850236588295,54.088568197936,-10.57));
#4799 = DIRECTION('',(-0.164634146341,0.986354701848,0.));
#4800 = DIRECTION('',(-0.986354701848,-0.164634146341,0.));
#4801 = ADVANCED_FACE('',(#4802),#4820,.F.);
#4802 = FACE_BOUND('',#4803,.F.);
#4803 = EDGE_LOOP('',(#4804,#4805,#4813,#4819));
#4804 = ORIENTED_EDGE('',*,*,#4790,.T.);
#4805 = ORIENTED_EDGE('',*,*,#4806,.T.);
#4806 = EDGE_CURVE('',#4783,#4807,#4809,.T.);
#4807 = VERTEX_POINT('',#4808);
#4808 = CARTESIAN_POINT('',(38.646659876658,51.112322844714,-13.57));
#4809 = LINE('',#4810,#4811);
#4810 = CARTESIAN_POINT('',(38.646659876658,53.887677155286,-13.57));
#4811 = VECTOR('',#4812,1.);
#4812 = DIRECTION('',(0.,-1.,0.));
#4813 = ORIENTED_EDGE('',*,*,#4814,.F.);
#4814 = EDGE_CURVE('',#4195,#4807,#4815,.T.);
#4815 = LINE('',#4816,#4817);
#4816 = CARTESIAN_POINT('',(38.646659876658,51.112322844714,-10.57));
#4817 = VECTOR('',#4818,1.);
#4818 = DIRECTION('',(-0.,-0.,-1.));
#4819 = ORIENTED_EDGE('',*,*,#4202,.F.);
#4820 = PLANE('',#4821);
#4821 = AXIS2_PLACEMENT_3D('',#4822,#4823,#4824);
#4822 = CARTESIAN_POINT('',(38.646659876658,53.887677155286,-10.57));
#4823 = DIRECTION('',(-1.,0.,0.));
#4824 = DIRECTION('',(0.,-1.,0.));
#4825 = ADVANCED_FACE('',(#4826),#4844,.F.);
#4826 = FACE_BOUND('',#4827,.F.);
#4827 = EDGE_LOOP('',(#4828,#4829,#4837,#4843));
#4828 = ORIENTED_EDGE('',*,*,#4814,.T.);
#4829 = ORIENTED_EDGE('',*,*,#4830,.T.);
#4830 = EDGE_CURVE('',#4807,#4831,#4833,.T.);
#4831 = VERTEX_POINT('',#4832);
#4832 = CARTESIAN_POINT('',(39.850236588295,50.911431802064,-13.57));
#4833 = LINE('',#4834,#4835);
#4834 = CARTESIAN_POINT('',(38.646659876658,51.112322844714,-13.57));
#4835 = VECTOR('',#4836,1.);
#4836 = DIRECTION('',(0.986354701848,-0.164634146341,0.));
#4837 = ORIENTED_EDGE('',*,*,#4838,.F.);
#4838 = EDGE_CURVE('',#4186,#4831,#4839,.T.);
#4839 = LINE('',#4840,#4841);
#4840 = CARTESIAN_POINT('',(39.850236588295,50.911431802064,-10.57));
#4841 = VECTOR('',#4842,1.);
#4842 = DIRECTION('',(-0.,-0.,-1.));
#4843 = ORIENTED_EDGE('',*,*,#4194,.F.);
#4844 = PLANE('',#4845);
#4845 = AXIS2_PLACEMENT_3D('',#4846,#4847,#4848);
#4846 = CARTESIAN_POINT('',(38.646659876658,51.112322844714,-10.57));
#4847 = DIRECTION('',(-0.164634146341,-0.986354701848,0.));
#4848 = DIRECTION('',(0.986354701848,-0.164634146341,0.));
#4849 = ADVANCED_FACE('',(#4850),#4862,.T.);
#4850 = FACE_BOUND('',#4851,.T.);
#4851 = EDGE_LOOP('',(#4852,#4853,#4854,#4855));
#4852 = ORIENTED_EDGE('',*,*,#4782,.T.);
#4853 = ORIENTED_EDGE('',*,*,#4806,.T.);
#4854 = ORIENTED_EDGE('',*,*,#4830,.T.);
#4855 = ORIENTED_EDGE('',*,*,#4856,.T.);
#4856 = EDGE_CURVE('',#4831,#4775,#4857,.T.);
#4857 = CIRCLE('',#4858,8.5);
#4858 = AXIS2_PLACEMENT_3D('',#4859,#4860,#4861);
#4859 = CARTESIAN_POINT('',(31.5,52.5,-13.57));
#4860 = DIRECTION('',(0.,0.,1.));
#4861 = DIRECTION('',(1.,0.,0.));
#4862 = PLANE('',#4863);
#4863 = AXIS2_PLACEMENT_3D('',#4864,#4865,#4866);
#4864 = CARTESIAN_POINT('',(39.312088733951,52.5,-13.57));
#4865 = DIRECTION('',(0.,0.,1.));
#4866 = DIRECTION('',(1.,0.,0.));
#4867 = ADVANCED_FACE('',(#4868),#4893,.F.);
#4868 = FACE_BOUND('',#4869,.F.);
#4869 = EDGE_LOOP('',(#4870,#4878,#4886,#4892));
#4870 = ORIENTED_EDGE('',*,*,#4871,.T.);
#4871 = EDGE_CURVE('',#4278,#4872,#4874,.T.);
#4872 = VERTEX_POINT('',#4873);
#4873 = CARTESIAN_POINT('',(24.82,46.1,-11.27));
#4874 = LINE('',#4875,#4876);
#4875 = CARTESIAN_POINT('',(24.82,46.1,-9.27));
#4876 = VECTOR('',#4877,1.);
#4877 = DIRECTION('',(-0.,-0.,-1.));
#4878 = ORIENTED_EDGE('',*,*,#4879,.T.);
#4879 = EDGE_CURVE('',#4872,#4880,#4882,.T.);
#4880 = VERTEX_POINT('',#4881);
#4881 = CARTESIAN_POINT('',(24.82,42.4,-11.27));
#4882 = LINE('',#4883,#4884);
#4883 = CARTESIAN_POINT('',(24.82,46.1,-11.27));
#4884 = VECTOR('',#4885,1.);
#4885 = DIRECTION('',(0.,-1.,0.));
#4886 = ORIENTED_EDGE('',*,*,#4887,.F.);
#4887 = EDGE_CURVE('',#4280,#4880,#4888,.T.);
#4888 = LINE('',#4889,#4890);
#4889 = CARTESIAN_POINT('',(24.82,42.4,-9.27));
#4890 = VECTOR('',#4891,1.);
#4891 = DIRECTION('',(-0.,-0.,-1.));
#4892 = ORIENTED_EDGE('',*,*,#4277,.F.);
#4893 = PLANE('',#4894);
#4894 = AXIS2_PLACEMENT_3D('',#4895,#4896,#4897);
#4895 = CARTESIAN_POINT('',(24.82,46.1,-9.27));
#4896 = DIRECTION('',(-1.,0.,0.));
#4897 = DIRECTION('',(0.,-1.,0.));
#4898 = ADVANCED_FACE('',(#4899),#4917,.F.);
#4899 = FACE_BOUND('',#4900,.F.);
#4900 = EDGE_LOOP('',(#4901,#4909,#4915,#4916));
#4901 = ORIENTED_EDGE('',*,*,#4902,.T.);
#4902 = EDGE_CURVE('',#4288,#4903,#4905,.T.);
#4903 = VERTEX_POINT('',#4904);
#4904 = CARTESIAN_POINT('',(38.2,46.1,-11.27));
#4905 = LINE('',#4906,#4907);
#4906 = CARTESIAN_POINT('',(38.2,46.1,-9.27));
#4907 = VECTOR('',#4908,1.);
#4908 = DIRECTION('',(-0.,-0.,-1.));
#4909 = ORIENTED_EDGE('',*,*,#4910,.T.);
#4910 = EDGE_CURVE('',#4903,#4872,#4911,.T.);
#4911 = LINE('',#4912,#4913);
#4912 = CARTESIAN_POINT('',(38.2,46.1,-11.27));
#4913 = VECTOR('',#4914,1.);
#4914 = DIRECTION('',(-1.,0.,0.));
#4915 = ORIENTED_EDGE('',*,*,#4871,.F.);
#4916 = ORIENTED_EDGE('',*,*,#4287,.F.);
#4917 = PLANE('',#4918);
#4918 = AXIS2_PLACEMENT_3D('',#4919,#4920,#4921);
#4919 = CARTESIAN_POINT('',(38.2,46.1,-9.27));
#4920 = DIRECTION('',(0.,1.,0.));
#4921 = DIRECTION('',(-1.,0.,0.));
#4922 = ADVANCED_FACE('',(#4923),#4941,.F.);
#4923 = FACE_BOUND('',#4924,.F.);
#4924 = EDGE_LOOP('',(#4925,#4926,#4934,#4940));
#4925 = ORIENTED_EDGE('',*,*,#4887,.T.);
#4926 = ORIENTED_EDGE('',*,*,#4927,.T.);
#4927 = EDGE_CURVE('',#4880,#4928,#4930,.T.);
#4928 = VERTEX_POINT('',#4929);
#4929 = CARTESIAN_POINT('',(38.2,42.4,-11.27));
#4930 = LINE('',#4931,#4932);
#4931 = CARTESIAN_POINT('',(24.82,42.4,-11.27));
#4932 = VECTOR('',#4933,1.);
#4933 = DIRECTION('',(1.,0.,0.));
#4934 = ORIENTED_EDGE('',*,*,#4935,.F.);
#4935 = EDGE_CURVE('',#4296,#4928,#4936,.T.);
#4936 = LINE('',#4937,#4938);
#4937 = CARTESIAN_POINT('',(38.2,42.4,-9.27));
#4938 = VECTOR('',#4939,1.);
#4939 = DIRECTION('',(-0.,-0.,-1.));
#4940 = ORIENTED_EDGE('',*,*,#4303,.F.);
#4941 = PLANE('',#4942);
#4942 = AXIS2_PLACEMENT_3D('',#4943,#4944,#4945);
#4943 = CARTESIAN_POINT('',(24.82,42.4,-9.27));
#4944 = DIRECTION('',(0.,-1.,0.));
#4945 = DIRECTION('',(1.,0.,0.));
#4946 = ADVANCED_FACE('',(#4947),#4958,.F.);
#4947 = FACE_BOUND('',#4948,.F.);
#4948 = EDGE_LOOP('',(#4949,#4950,#4956,#4957));
#4949 = ORIENTED_EDGE('',*,*,#4935,.T.);
#4950 = ORIENTED_EDGE('',*,*,#4951,.T.);
#4951 = EDGE_CURVE('',#4928,#4903,#4952,.T.);
#4952 = LINE('',#4953,#4954);
#4953 = CARTESIAN_POINT('',(38.2,42.4,-11.27));
#4954 = VECTOR('',#4955,1.);
#4955 = DIRECTION('',(0.,1.,0.));
#4956 = ORIENTED_EDGE('',*,*,#4902,.F.);
#4957 = ORIENTED_EDGE('',*,*,#4295,.F.);
#4958 = PLANE('',#4959);
#4959 = AXIS2_PLACEMENT_3D('',#4960,#4961,#4962);
#4960 = CARTESIAN_POINT('',(38.2,42.4,-9.27));
#4961 = DIRECTION('',(1.,0.,0.));
#4962 = DIRECTION('',(0.,1.,0.));
#4963 = ADVANCED_FACE('',(#4964),#4970,.F.);
#4964 = FACE_BOUND('',#4965,.F.);
#4965 = EDGE_LOOP('',(#4966,#4967,#4968,#4969));
#4966 = ORIENTED_EDGE('',*,*,#4530,.T.);
#4967 = ORIENTED_EDGE('',*,*,#4325,.T.);
#4968 = ORIENTED_EDGE('',*,*,#4348,.F.);
#4969 = ORIENTED_EDGE('',*,*,#4388,.F.);
#4970 = PLANE('',#4971);
#4971 = AXIS2_PLACEMENT_3D('',#4972,#4973,#4974);
#4972 = CARTESIAN_POINT('',(16.646659876658,53.887677155286,-10.57));
#4973 = DIRECTION('',(-1.,0.,0.));
#4974 = DIRECTION('',(0.,-1.,0.));
#4975 = ADVANCED_FACE('',(#4976),#5001,.F.);
#4976 = FACE_BOUND('',#4977,.F.);
#4977 = EDGE_LOOP('',(#4978,#4986,#4994,#5000));
#4978 = ORIENTED_EDGE('',*,*,#4979,.T.);
#4979 = EDGE_CURVE('',#4443,#4980,#4982,.T.);
#4980 = VERTEX_POINT('',#4981);
#4981 = CARTESIAN_POINT('',(2.82,46.1,-11.27));
#4982 = LINE('',#4983,#4984);
#4983 = CARTESIAN_POINT('',(2.82,46.1,-9.27));
#4984 = VECTOR('',#4985,1.);
#4985 = DIRECTION('',(-0.,-0.,-1.));
#4986 = ORIENTED_EDGE('',*,*,#4987,.T.);
#4987 = EDGE_CURVE('',#4980,#4988,#4990,.T.);
#4988 = VERTEX_POINT('',#4989);
#4989 = CARTESIAN_POINT('',(2.82,42.4,-11.27));
#4990 = LINE('',#4991,#4992);
#4991 = CARTESIAN_POINT('',(2.82,46.1,-11.27));
#4992 = VECTOR('',#4993,1.);
#4993 = DIRECTION('',(0.,-1.,0.));
#4994 = ORIENTED_EDGE('',*,*,#4995,.F.);
#4995 = EDGE_CURVE('',#4445,#4988,#4996,.T.);
#4996 = LINE('',#4997,#4998);
#4997 = CARTESIAN_POINT('',(2.82,42.4,-9.27));
#4998 = VECTOR('',#4999,1.);
#4999 = DIRECTION('',(-0.,-0.,-1.));
#5000 = ORIENTED_EDGE('',*,*,#4442,.F.);
#5001 = PLANE('',#5002);
#5002 = AXIS2_PLACEMENT_3D('',#5003,#5004,#5005);
#5003 = CARTESIAN_POINT('',(2.82,46.1,-9.27));
#5004 = DIRECTION('',(-1.,0.,0.));
#5005 = DIRECTION('',(0.,-1.,0.));
#5006 = ADVANCED_FACE('',(#5007),#5025,.F.);
#5007 = FACE_BOUND('',#5008,.F.);
#5008 = EDGE_LOOP('',(#5009,#5017,#5023,#5024));
#5009 = ORIENTED_EDGE('',*,*,#5010,.T.);
#5010 = EDGE_CURVE('',#4453,#5011,#5013,.T.);
#5011 = VERTEX_POINT('',#5012);
#5012 = CARTESIAN_POINT('',(16.2,46.1,-11.27));
#5013 = LINE('',#5014,#5015);
#5014 = CARTESIAN_POINT('',(16.2,46.1,-9.27));
#5015 = VECTOR('',#5016,1.);
#5016 = DIRECTION('',(-0.,-0.,-1.));
#5017 = ORIENTED_EDGE('',*,*,#5018,.T.);
#5018 = EDGE_CURVE('',#5011,#4980,#5019,.T.);
#5019 = LINE('',#5020,#5021);
#5020 = CARTESIAN_POINT('',(16.2,46.1,-11.27));
#5021 = VECTOR('',#5022,1.);
#5022 = DIRECTION('',(-1.,0.,0.));
#5023 = ORIENTED_EDGE('',*,*,#4979,.F.);
#5024 = ORIENTED_EDGE('',*,*,#4452,.F.);
#5025 = PLANE('',#5026);
#5026 = AXIS2_PLACEMENT_3D('',#5027,#5028,#5029);
#5027 = CARTESIAN_POINT('',(16.2,46.1,-9.27));
#5028 = DIRECTION('',(0.,1.,0.));
#5029 = DIRECTION('',(-1.,0.,0.));
#5030 = ADVANCED_FACE('',(#5031),#5049,.F.);
#5031 = FACE_BOUND('',#5032,.F.);
#5032 = EDGE_LOOP('',(#5033,#5034,#5042,#5048));
#5033 = ORIENTED_EDGE('',*,*,#4995,.T.);
#5034 = ORIENTED_EDGE('',*,*,#5035,.T.);
#5035 = EDGE_CURVE('',#4988,#5036,#5038,.T.);
#5036 = VERTEX_POINT('',#5037);
#5037 = CARTESIAN_POINT('',(16.2,42.4,-11.27));
#5038 = LINE('',#5039,#5040);
#5039 = CARTESIAN_POINT('',(2.82,42.4,-11.27));
#5040 = VECTOR('',#5041,1.);
#5041 = DIRECTION('',(1.,0.,0.));
#5042 = ORIENTED_EDGE('',*,*,#5043,.F.);
#5043 = EDGE_CURVE('',#4461,#5036,#5044,.T.);
#5044 = LINE('',#5045,#5046);
#5045 = CARTESIAN_POINT('',(16.2,42.4,-9.27));
#5046 = VECTOR('',#5047,1.);
#5047 = DIRECTION('',(-0.,-0.,-1.));
#5048 = ORIENTED_EDGE('',*,*,#4468,.F.);
#5049 = PLANE('',#5050);
#5050 = AXIS2_PLACEMENT_3D('',#5051,#5052,#5053);
#5051 = CARTESIAN_POINT('',(2.82,42.4,-9.27));
#5052 = DIRECTION('',(0.,-1.,0.));
#5053 = DIRECTION('',(1.,0.,0.));
#5054 = ADVANCED_FACE('',(#5055),#5066,.F.);
#5055 = FACE_BOUND('',#5056,.F.);
#5056 = EDGE_LOOP('',(#5057,#5058,#5064,#5065));
#5057 = ORIENTED_EDGE('',*,*,#5043,.T.);
#5058 = ORIENTED_EDGE('',*,*,#5059,.T.);
#5059 = EDGE_CURVE('',#5036,#5011,#5060,.T.);
#5060 = LINE('',#5061,#5062);
#5061 = CARTESIAN_POINT('',(16.2,42.4,-11.27));
#5062 = VECTOR('',#5063,1.);
#5063 = DIRECTION('',(0.,1.,0.));
#5064 = ORIENTED_EDGE('',*,*,#5010,.F.);
#5065 = ORIENTED_EDGE('',*,*,#4460,.F.);
#5066 = PLANE('',#5067);
#5067 = AXIS2_PLACEMENT_3D('',#5068,#5069,#5070);
#5068 = CARTESIAN_POINT('',(16.2,42.4,-9.27));
#5069 = DIRECTION('',(1.,0.,0.));
#5070 = DIRECTION('',(0.,1.,0.));
#5071 = ADVANCED_FACE('',(#5072),#5078,.T.);
#5072 = FACE_BOUND('',#5073,.T.);
#5073 = EDGE_LOOP('',(#5074,#5075,#5076,#5077));
#5074 = ORIENTED_EDGE('',*,*,#4686,.T.);
#5075 = ORIENTED_EDGE('',*,*,#4734,.T.);
#5076 = ORIENTED_EDGE('',*,*,#4758,.T.);
#5077 = ORIENTED_EDGE('',*,*,#4717,.T.);
#5078 = PLANE('',#5079);
#5079 = AXIS2_PLACEMENT_3D('',#5080,#5081,#5082);
#5080 = CARTESIAN_POINT('',(53.51,44.25,-11.27));
#5081 = DIRECTION('',(0.,0.,1.));
#5082 = DIRECTION('',(1.,0.,0.));
#5083 = ADVANCED_FACE('',(#5084),#5090,.T.);
#5084 = FACE_BOUND('',#5085,.T.);
#5085 = EDGE_LOOP('',(#5086,#5087,#5088,#5089));
#5086 = ORIENTED_EDGE('',*,*,#4879,.T.);
#5087 = ORIENTED_EDGE('',*,*,#4927,.T.);
#5088 = ORIENTED_EDGE('',*,*,#4951,.T.);
#5089 = ORIENTED_EDGE('',*,*,#4910,.T.);
#5090 = PLANE('',#5091);
#5091 = AXIS2_PLACEMENT_3D('',#5092,#5093,#5094);
#5092 = CARTESIAN_POINT('',(31.51,44.25,-11.27));
#5093 = DIRECTION('',(0.,0.,1.));
#5094 = DIRECTION('',(1.,0.,0.));
#5095 = ADVANCED_FACE('',(#5096),#5102,.T.);
#5096 = FACE_BOUND('',#5097,.T.);
#5097 = EDGE_LOOP('',(#5098,#5099,#5100,#5101));
#5098 = ORIENTED_EDGE('',*,*,#4987,.T.);
#5099 = ORIENTED_EDGE('',*,*,#5035,.T.);
#5100 = ORIENTED_EDGE('',*,*,#5059,.T.);
#5101 = ORIENTED_EDGE('',*,*,#5018,.T.);
#5102 = PLANE('',#5103);
#5103 = AXIS2_PLACEMENT_3D('',#5104,#5105,#5106);
#5104 = CARTESIAN_POINT('',(9.51,44.25,-11.27));
#5105 = DIRECTION('',(0.,0.,1.));
#5106 = DIRECTION('',(1.,0.,0.));
#5107 = ADVANCED_FACE('',(#5108),#5126,.F.);
#5108 = FACE_BOUND('',#5109,.T.);
#5109 = EDGE_LOOP('',(#5110,#5111,#5112,#5113,#5114,#5115,#5116,#5117,
    #5118,#5119,#5120,#5121,#5122,#5123,#5124,#5125));
#5110 = ORIENTED_EDGE('',*,*,#2856,.F.);
#5111 = ORIENTED_EDGE('',*,*,#2806,.F.);
#5112 = ORIENTED_EDGE('',*,*,#1356,.F.);
#5113 = ORIENTED_EDGE('',*,*,#1227,.F.);
#5114 = ORIENTED_EDGE('',*,*,#1110,.T.);
#5115 = ORIENTED_EDGE('',*,*,#515,.T.);
#5116 = ORIENTED_EDGE('',*,*,#244,.F.);
#5117 = ORIENTED_EDGE('',*,*,#539,.F.);
#5118 = ORIENTED_EDGE('',*,*,#1127,.T.);
#5119 = ORIENTED_EDGE('',*,*,#1195,.T.);
#5120 = ORIENTED_EDGE('',*,*,#1252,.F.);
#5121 = ORIENTED_EDGE('',*,*,#1300,.F.);
#5122 = ORIENTED_EDGE('',*,*,#1323,.F.);
#5123 = ORIENTED_EDGE('',*,*,#1275,.T.);
#5124 = ORIENTED_EDGE('',*,*,#1338,.F.);
#5125 = ORIENTED_EDGE('',*,*,#2742,.T.);
#5126 = CYLINDRICAL_SURFACE('',#5127,8.5);
#5127 = AXIS2_PLACEMENT_3D('',#5128,#5129,#5130);
#5128 = CARTESIAN_POINT('',(53.5,78.5,-9.27));
#5129 = DIRECTION('',(-0.,-0.,-1.));
#5130 = DIRECTION('',(1.,0.,0.));
#5131 = ADVANCED_FACE('',(#5132),#5150,.F.);
#5132 = FACE_BOUND('',#5133,.T.);
#5133 = EDGE_LOOP('',(#5134,#5135,#5136,#5137,#5138,#5139,#5140,#5141,
    #5142,#5143,#5144,#5145,#5146,#5147,#5148,#5149));
#5134 = ORIENTED_EDGE('',*,*,#3145,.F.);
#5135 = ORIENTED_EDGE('',*,*,#3095,.F.);
#5136 = ORIENTED_EDGE('',*,*,#1642,.F.);
#5137 = ORIENTED_EDGE('',*,*,#1513,.F.);
#5138 = ORIENTED_EDGE('',*,*,#1396,.T.);
#5139 = ORIENTED_EDGE('',*,*,#626,.T.);
#5140 = ORIENTED_EDGE('',*,*,#211,.F.);
#5141 = ORIENTED_EDGE('',*,*,#650,.F.);
#5142 = ORIENTED_EDGE('',*,*,#1413,.T.);
#5143 = ORIENTED_EDGE('',*,*,#1481,.T.);
#5144 = ORIENTED_EDGE('',*,*,#1538,.F.);
#5145 = ORIENTED_EDGE('',*,*,#1586,.F.);
#5146 = ORIENTED_EDGE('',*,*,#1609,.F.);
#5147 = ORIENTED_EDGE('',*,*,#1561,.T.);
#5148 = ORIENTED_EDGE('',*,*,#1624,.F.);
#5149 = ORIENTED_EDGE('',*,*,#3031,.T.);
#5150 = CYLINDRICAL_SURFACE('',#5151,8.5);
#5151 = AXIS2_PLACEMENT_3D('',#5152,#5153,#5154);
#5152 = CARTESIAN_POINT('',(31.5,78.5,-9.27));
#5153 = DIRECTION('',(-0.,-0.,-1.));
#5154 = DIRECTION('',(1.,0.,0.));
#5155 = ADVANCED_FACE('',(#5156),#5174,.F.);
#5156 = FACE_BOUND('',#5157,.T.);
#5157 = EDGE_LOOP('',(#5158,#5159,#5160,#5161,#5162,#5163,#5164,#5165,
    #5166,#5167,#5168,#5169,#5170,#5171,#5172,#5173));
#5158 = ORIENTED_EDGE('',*,*,#3434,.F.);
#5159 = ORIENTED_EDGE('',*,*,#3384,.F.);
#5160 = ORIENTED_EDGE('',*,*,#1928,.F.);
#5161 = ORIENTED_EDGE('',*,*,#1799,.F.);
#5162 = ORIENTED_EDGE('',*,*,#1682,.T.);
#5163 = ORIENTED_EDGE('',*,*,#737,.T.);
#5164 = ORIENTED_EDGE('',*,*,#178,.F.);
#5165 = ORIENTED_EDGE('',*,*,#761,.F.);
#5166 = ORIENTED_EDGE('',*,*,#1699,.T.);
#5167 = ORIENTED_EDGE('',*,*,#1767,.T.);
#5168 = ORIENTED_EDGE('',*,*,#1824,.F.);
#5169 = ORIENTED_EDGE('',*,*,#1872,.F.);
#5170 = ORIENTED_EDGE('',*,*,#1895,.F.);
#5171 = ORIENTED_EDGE('',*,*,#1847,.T.);
#5172 = ORIENTED_EDGE('',*,*,#1910,.F.);
#5173 = ORIENTED_EDGE('',*,*,#3320,.T.);
#5174 = CYLINDRICAL_SURFACE('',#5175,8.5);
#5175 = AXIS2_PLACEMENT_3D('',#5176,#5177,#5178);
#5176 = CARTESIAN_POINT('',(9.5,78.5,-9.27));
#5177 = DIRECTION('',(-0.,-0.,-1.));
#5178 = DIRECTION('',(1.,0.,0.));
#5179 = ADVANCED_FACE('',(#5180),#5198,.F.);
#5180 = FACE_BOUND('',#5181,.T.);
#5181 = EDGE_LOOP('',(#5182,#5183,#5184,#5185,#5186,#5187,#5188,#5189,
    #5190,#5191,#5192,#5193,#5194,#5195,#5196,#5197));
#5182 = ORIENTED_EDGE('',*,*,#4663,.F.);
#5183 = ORIENTED_EDGE('',*,*,#4645,.F.);
#5184 = ORIENTED_EDGE('',*,*,#3946,.F.);
#5185 = ORIENTED_EDGE('',*,*,#3996,.F.);
#5186 = ORIENTED_EDGE('',*,*,#4019,.T.);
#5187 = ORIENTED_EDGE('',*,*,#2254,.T.);
#5188 = ORIENTED_EDGE('',*,*,#998,.F.);
#5189 = ORIENTED_EDGE('',*,*,#2300,.F.);
#5190 = ORIENTED_EDGE('',*,*,#4027,.T.);
#5191 = ORIENTED_EDGE('',*,*,#3985,.T.);
#5192 = ORIENTED_EDGE('',*,*,#3847,.F.);
#5193 = ORIENTED_EDGE('',*,*,#3889,.F.);
#5194 = ORIENTED_EDGE('',*,*,#3912,.F.);
#5195 = ORIENTED_EDGE('',*,*,#3871,.T.);
#5196 = ORIENTED_EDGE('',*,*,#3927,.F.);
#5197 = ORIENTED_EDGE('',*,*,#4581,.T.);
#5198 = CYLINDRICAL_SURFACE('',#5199,8.5);
#5199 = AXIS2_PLACEMENT_3D('',#5200,#5201,#5202);
#5200 = CARTESIAN_POINT('',(53.5,52.5,-9.27));
#5201 = DIRECTION('',(-0.,-0.,-1.));
#5202 = DIRECTION('',(1.,0.,0.));
#5203 = ADVANCED_FACE('',(#5204),#5222,.F.);
#5204 = FACE_BOUND('',#5205,.T.);
#5205 = EDGE_LOOP('',(#5206,#5207,#5208,#5209,#5210,#5211,#5212,#5213,
    #5214,#5215,#5216,#5217,#5218,#5219,#5220,#5221));
#5206 = ORIENTED_EDGE('',*,*,#4856,.F.);
#5207 = ORIENTED_EDGE('',*,*,#4838,.F.);
#5208 = ORIENTED_EDGE('',*,*,#4185,.F.);
#5209 = ORIENTED_EDGE('',*,*,#4235,.F.);
#5210 = ORIENTED_EDGE('',*,*,#4258,.T.);
#5211 = ORIENTED_EDGE('',*,*,#2333,.T.);
#5212 = ORIENTED_EDGE('',*,*,#1033,.F.);
#5213 = ORIENTED_EDGE('',*,*,#2379,.F.);
#5214 = ORIENTED_EDGE('',*,*,#4266,.T.);
#5215 = ORIENTED_EDGE('',*,*,#4224,.T.);
#5216 = ORIENTED_EDGE('',*,*,#4086,.F.);
#5217 = ORIENTED_EDGE('',*,*,#4128,.F.);
#5218 = ORIENTED_EDGE('',*,*,#4151,.F.);
#5219 = ORIENTED_EDGE('',*,*,#4110,.T.);
#5220 = ORIENTED_EDGE('',*,*,#4166,.F.);
#5221 = ORIENTED_EDGE('',*,*,#4774,.T.);
#5222 = CYLINDRICAL_SURFACE('',#5223,8.5);
#5223 = AXIS2_PLACEMENT_3D('',#5224,#5225,#5226);
#5224 = CARTESIAN_POINT('',(31.5,52.5,-9.27));
#5225 = DIRECTION('',(-0.,-0.,-1.));
#5226 = DIRECTION('',(1.,0.,0.));
#5227 = ( GEOMETRIC_REPRESENTATION_CONTEXT(3) 
GLOBAL_UNCERTAINTY_ASSIGNED_CONTEXT((#5231)) 
GLOBAL_UNIT_ASSIGNED_CONTEXT((#5228,#5229,#5230)) REPRESENTATION_CONTEXT
('Context #1','3D Context with UNIT and UNCERTAINTY') );
#5228 = ( LENGTH_UNIT() NAMED_UNIT(*) SI_UNIT(.MILLI.,.METRE.) );
#5229 = ( NAMED_UNIT(*) PLANE_ANGLE_UNIT() SI_UNIT($,.RADIAN.) );
#5230 = ( NAMED_UNIT(*) SI_UNIT($,.STERADIAN.) SOLID_ANGLE_UNIT() );
#5231 = UNCERTAINTY_MEASURE_WITH_UNIT(LENGTH_MEASURE(2.E-05),#5228,
  'distance_accuracy_value','confusion accuracy');
#5232 = CONTEXT_DEPENDENT_SHAPE_REPRESENTATION(#5233,#5235);
#5233 = ( REPRESENTATION_RELATIONSHIP('','',#32,#10) 
REPRESENTATION_RELATIONSHIP_WITH_TRANSFORMATION(#5234) 
SHAPE_REPRESENTATION_RELATIONSHIP() );
#5234 = ITEM_DEFINED_TRANSFORMATION('','',#11,#15);
#5235 = PRODUCT_DEFINITION_SHAPE('Placement','Placement of an item',
  #5236);
#5236 = NEXT_ASSEMBLY_USAGE_OCCURRENCE('1','Body001','',#5,#27,$);
#5237 = PRODUCT_RELATED_PRODUCT_CATEGORY('part',$,(#29));
#5238 = MECHANICAL_DESIGN_GEOMETRIC_PRESENTATION_REPRESENTATION('',(
    #5239),#5227);
#5239 = STYLED_ITEM('color',(#5240),#33);
#5240 = PRESENTATION_STYLE_ASSIGNMENT((#5241,#5249));
#5241 = SURFACE_STYLE_USAGE(.BOTH.,#5242);
#5242 = SURFACE_SIDE_STYLE('',(#5243,#5247));
#5243 = SURFACE_STYLE_FILL_AREA(#5244);
#5244 = FILL_AREA_STYLE('',(#5245));
#5245 = FILL_AREA_STYLE_COLOUR('',#5246);
#5246 = COLOUR_RGB('',0.384313730969,0.447058818107,0.643137266454);
#5247 = SURFACE_STYLE_RENDERING_WITH_PROPERTIES(.NORMAL_SHADING.,#5246,(
    #5248));
#5248 = SURFACE_STYLE_TRANSPARENT(0.899999976158);
#5249 = CURVE_STYLE('',#5250,POSITIVE_LENGTH_MEASURE(0.1),#5251);
#5250 = DRAUGHTING_PRE_DEFINED_CURVE_FONT('continuous');
#5251 = COLOUR_RGB('',9.803921802644E-02,9.803921802644E-02,
  9.803921802644E-02);
ENDSEC;
END-ISO-10303-21;
