ISO-10303-21;
HEADER;
FILE_DESCRIPTION(('FreeCAD Model'),'2;1');
FILE_NAME('Open CASCADE Shape Model','2026-06-23T18:28:35',('Author'),(
    ''),'Open CASCADE STEP processor 7.8','FreeCAD','Unknown');
FILE_SCHEMA(('AUTOMOTIVE_DESIGN { 1 0 10303 214 1 1 1 1 }'));
ENDSEC;
DATA;
#1 = APPLICATION_PROTOCOL_DEFINITION('international standard',
  'automotive_design',2000,#2);
#2 = APPLICATION_CONTEXT(
  'core data for automotive mechanical design processes');
#3 = SHAPE_DEFINITION_REPRESENTATION(#4,#10);
#4 = PRODUCT_DEFINITION_SHAPE('','',#5);
#5 = PRODUCT_DEFINITION('design','',#6,#9);
#6 = PRODUCT_DEFINITION_FORMATION('','',#7);
#7 = PRODUCT('Body001','Body001','',(#8));
#8 = PRODUCT_CONTEXT('',#2,'mechanical');
#9 = PRODUCT_DEFINITION_CONTEXT('part definition',#2,'design');
#10 = ADVANCED_BREP_SHAPE_REPRESENTATION('',(#11,#15),#3887);
#11 = AXIS2_PLACEMENT_3D('',#12,#13,#14);
#12 = CARTESIAN_POINT('',(0.,0.,0.));
#13 = DIRECTION('',(0.,0.,1.));
#14 = DIRECTION('',(1.,0.,-0.));
#15 = MANIFOLD_SOLID_BREP('',#16);
#16 = CLOSED_SHELL('',(#17,#89,#273,#313,#337,#370,#394,#462,#479,#491,
    #515,#539,#563,#697,#753,#777,#817,#841,#881,#905,#961,#1088,#1119,
    #1143,#1160,#1253,#1265,#1290,#1315,#1340,#1365,#1430,#1454,#1485,
    #1509,#1557,#1583,#1608,#1632,#1642,#1659,#1740,#1766,#1783,#1795,
    #1860,#1965,#1982,#2013,#2037,#2085,#2111,#2136,#2160,#2170,#2187,
    #2209,#2231,#2372,#2417,#2460,#2505,#2550,#2581,#2605,#2629,#2646,
    #2658,#2694,#2710,#2742,#2754,#2785,#2809,#2833,#2857,#2888,#2912,
    #2936,#2953,#2984,#3008,#3032,#3056,#3078,#3095,#3112,#3124,#3136,
    #3172,#3188,#3220,#3232,#3263,#3287,#3335,#3366,#3376,#3401,#3425,
    #3478,#3495,#3531,#3547,#3563,#3591,#3603,#3645,#3657,#3669,#3700,
    #3724,#3748,#3765,#3777,#3793,#3807,#3823,#3839,#3857,#3874));
#17 = ADVANCED_FACE('',(#18),#84,.T.);
#18 = FACE_BOUND('',#19,.T.);
#19 = EDGE_LOOP('',(#20,#30,#38,#46,#54,#62,#70,#78));
#20 = ORIENTED_EDGE('',*,*,#21,.F.);
#21 = EDGE_CURVE('',#22,#24,#26,.T.);
#22 = VERTEX_POINT('',#23);
#23 = CARTESIAN_POINT('',(-5.,-5.,1.46));
#24 = VERTEX_POINT('',#25);
#25 = CARTESIAN_POINT('',(26.5,-5.,1.46));
#26 = LINE('',#27,#28);
#27 = CARTESIAN_POINT('',(-5.,-5.,1.46));
#28 = VECTOR('',#29,1.);
#29 = DIRECTION('',(1.,0.,0.));
#30 = ORIENTED_EDGE('',*,*,#31,.T.);
#31 = EDGE_CURVE('',#22,#32,#34,.T.);
#32 = VERTEX_POINT('',#33);
#33 = CARTESIAN_POINT('',(-5.,-5.,-15.));
#34 = LINE('',#35,#36);
#35 = CARTESIAN_POINT('',(-5.,-5.,1.46));
#36 = VECTOR('',#37,1.);
#37 = DIRECTION('',(-0.,-0.,-1.));
#38 = ORIENTED_EDGE('',*,*,#39,.T.);
#39 = EDGE_CURVE('',#32,#40,#42,.T.);
#40 = VERTEX_POINT('',#41);
#41 = CARTESIAN_POINT('',(68.,-5.,-15.));
#42 = LINE('',#43,#44);
#43 = CARTESIAN_POINT('',(-5.,-5.,-15.));
#44 = VECTOR('',#45,1.);
#45 = DIRECTION('',(1.,0.,0.));
#46 = ORIENTED_EDGE('',*,*,#47,.F.);
#47 = EDGE_CURVE('',#48,#40,#50,.T.);
#48 = VERTEX_POINT('',#49);
#49 = CARTESIAN_POINT('',(68.,-5.,1.46));
#50 = LINE('',#51,#52);
#51 = CARTESIAN_POINT('',(68.,-5.,1.46));
#52 = VECTOR('',#53,1.);
#53 = DIRECTION('',(-0.,-0.,-1.));
#54 = ORIENTED_EDGE('',*,*,#55,.F.);
#55 = EDGE_CURVE('',#56,#48,#58,.T.);
#56 = VERTEX_POINT('',#57);
#57 = CARTESIAN_POINT('',(36.5,-5.,1.46));
#58 = LINE('',#59,#60);
#59 = CARTESIAN_POINT('',(-5.,-5.,1.46));
#60 = VECTOR('',#61,1.);
#61 = DIRECTION('',(1.,0.,0.));
#62 = ORIENTED_EDGE('',*,*,#63,.T.);
#63 = EDGE_CURVE('',#56,#64,#66,.T.);
#64 = VERTEX_POINT('',#65);
#65 = CARTESIAN_POINT('',(36.5,-5.,-0.54));
#66 = LINE('',#67,#68);
#67 = CARTESIAN_POINT('',(36.5,-5.,1.46));
#68 = VECTOR('',#69,1.);
#69 = DIRECTION('',(-0.,-0.,-1.));
#70 = ORIENTED_EDGE('',*,*,#71,.F.);
#71 = EDGE_CURVE('',#72,#64,#74,.T.);
#72 = VERTEX_POINT('',#73);
#73 = CARTESIAN_POINT('',(26.5,-5.,-0.54));
#74 = LINE('',#75,#76);
#75 = CARTESIAN_POINT('',(26.5,-5.,-0.54));
#76 = VECTOR('',#77,1.);
#77 = DIRECTION('',(1.,0.,0.));
#78 = ORIENTED_EDGE('',*,*,#79,.F.);
#79 = EDGE_CURVE('',#24,#72,#80,.T.);
#80 = LINE('',#81,#82);
#81 = CARTESIAN_POINT('',(26.5,-5.,1.46));
#82 = VECTOR('',#83,1.);
#83 = DIRECTION('',(-0.,-0.,-1.));
#84 = PLANE('',#85);
#85 = AXIS2_PLACEMENT_3D('',#86,#87,#88);
#86 = CARTESIAN_POINT('',(-5.,-5.,1.46));
#87 = DIRECTION('',(0.,-1.,0.));
#88 = DIRECTION('',(1.,0.,0.));
#89 = ADVANCED_FACE('',(#90),#268,.T.);
#90 = FACE_BOUND('',#91,.T.);
#91 = EDGE_LOOP('',(#92,#100,#101,#109,#117,#125,#133,#141,#150,#158,
    #166,#174,#182,#190,#198,#206,#215,#223,#231,#239,#247,#253,#254,
    #262));
#92 = ORIENTED_EDGE('',*,*,#93,.T.);
#93 = EDGE_CURVE('',#94,#22,#96,.T.);
#94 = VERTEX_POINT('',#95);
#95 = CARTESIAN_POINT('',(-5.,90.,1.46));
#96 = LINE('',#97,#98);
#97 = CARTESIAN_POINT('',(-5.,90.,1.46));
#98 = VECTOR('',#99,1.);
#99 = DIRECTION('',(0.,-1.,0.));
#100 = ORIENTED_EDGE('',*,*,#21,.T.);
#101 = ORIENTED_EDGE('',*,*,#102,.F.);
#102 = EDGE_CURVE('',#103,#24,#105,.T.);
#103 = VERTEX_POINT('',#104);
#104 = CARTESIAN_POINT('',(26.5,0.,1.46));
#105 = LINE('',#106,#107);
#106 = CARTESIAN_POINT('',(26.5,0.5,1.46));
#107 = VECTOR('',#108,1.);
#108 = DIRECTION('',(0.,-1.,0.));
#109 = ORIENTED_EDGE('',*,*,#110,.F.);
#110 = EDGE_CURVE('',#111,#103,#113,.T.);
#111 = VERTEX_POINT('',#112);
#112 = CARTESIAN_POINT('',(0.,0.,1.46));
#113 = LINE('',#114,#115);
#114 = CARTESIAN_POINT('',(47.25,0.,1.46));
#115 = VECTOR('',#116,1.);
#116 = DIRECTION('',(1.,0.,0.));
#117 = ORIENTED_EDGE('',*,*,#118,.F.);
#118 = EDGE_CURVE('',#119,#111,#121,.T.);
#119 = VERTEX_POINT('',#120);
#120 = CARTESIAN_POINT('',(0.,72.,1.46));
#121 = LINE('',#122,#123);
#122 = CARTESIAN_POINT('',(0.,21.25,1.46));
#123 = VECTOR('',#124,1.);
#124 = DIRECTION('',(0.,-1.,0.));
#125 = ORIENTED_EDGE('',*,*,#126,.F.);
#126 = EDGE_CURVE('',#127,#119,#129,.T.);
#127 = VERTEX_POINT('',#128);
#128 = CARTESIAN_POINT('',(1.8,72.,1.46));
#129 = LINE('',#130,#131);
#130 = CARTESIAN_POINT('',(15.75,72.,1.46));
#131 = VECTOR('',#132,1.);
#132 = DIRECTION('',(-1.,0.,0.));
#133 = ORIENTED_EDGE('',*,*,#134,.T.);
#134 = EDGE_CURVE('',#127,#135,#137,.T.);
#135 = VERTEX_POINT('',#136);
#136 = CARTESIAN_POINT('',(1.8,74.9,1.46));
#137 = LINE('',#138,#139);
#138 = CARTESIAN_POINT('',(1.8,58.7,1.46));
#139 = VECTOR('',#140,1.);
#140 = DIRECTION('',(0.,1.,0.));
#141 = ORIENTED_EDGE('',*,*,#142,.T.);
#142 = EDGE_CURVE('',#135,#143,#145,.T.);
#143 = VERTEX_POINT('',#144);
#144 = CARTESIAN_POINT('',(17.2,74.9,1.46));
#145 = CIRCLE('',#146,8.5);
#146 = AXIS2_PLACEMENT_3D('',#147,#148,#149);
#147 = CARTESIAN_POINT('',(9.5,78.5,1.46));
#148 = DIRECTION('',(0.,0.,-1.));
#149 = DIRECTION('',(1.,0.,0.));
#150 = ORIENTED_EDGE('',*,*,#151,.T.);
#151 = EDGE_CURVE('',#143,#152,#154,.T.);
#152 = VERTEX_POINT('',#153);
#153 = CARTESIAN_POINT('',(17.2,72.,1.46));
#154 = LINE('',#155,#156);
#155 = CARTESIAN_POINT('',(17.2,51.95,1.46));
#156 = VECTOR('',#157,1.);
#157 = DIRECTION('',(0.,-1.,0.));
#158 = ORIENTED_EDGE('',*,*,#159,.F.);
#159 = EDGE_CURVE('',#160,#152,#162,.T.);
#160 = VERTEX_POINT('',#161);
#161 = CARTESIAN_POINT('',(26.5,72.,1.46));
#162 = LINE('',#163,#164);
#163 = CARTESIAN_POINT('',(15.75,72.,1.46));
#164 = VECTOR('',#165,1.);
#165 = DIRECTION('',(-1.,0.,0.));
#166 = ORIENTED_EDGE('',*,*,#167,.F.);
#167 = EDGE_CURVE('',#168,#160,#170,.T.);
#168 = VERTEX_POINT('',#169);
#169 = CARTESIAN_POINT('',(26.5,81.5,1.46));
#170 = LINE('',#171,#172);
#171 = CARTESIAN_POINT('',(26.5,81.5,1.46));
#172 = VECTOR('',#173,1.);
#173 = DIRECTION('',(0.,-1.,0.));
#174 = ORIENTED_EDGE('',*,*,#175,.F.);
#175 = EDGE_CURVE('',#176,#168,#178,.T.);
#176 = VERTEX_POINT('',#177);
#177 = CARTESIAN_POINT('',(36.5,81.5,1.46));
#178 = LINE('',#179,#180);
#179 = CARTESIAN_POINT('',(36.5,81.5,1.46));
#180 = VECTOR('',#181,1.);
#181 = DIRECTION('',(-1.,0.,0.));
#182 = ORIENTED_EDGE('',*,*,#183,.F.);
#183 = EDGE_CURVE('',#184,#176,#186,.T.);
#184 = VERTEX_POINT('',#185);
#185 = CARTESIAN_POINT('',(36.5,72.,1.46));
#186 = LINE('',#187,#188);
#187 = CARTESIAN_POINT('',(36.5,71.5,1.46));
#188 = VECTOR('',#189,1.);
#189 = DIRECTION('',(0.,1.,0.));
#190 = ORIENTED_EDGE('',*,*,#191,.F.);
#191 = EDGE_CURVE('',#192,#184,#194,.T.);
#192 = VERTEX_POINT('',#193);
#193 = CARTESIAN_POINT('',(45.8,72.,1.46));
#194 = LINE('',#195,#196);
#195 = CARTESIAN_POINT('',(15.75,72.,1.46));
#196 = VECTOR('',#197,1.);
#197 = DIRECTION('',(-1.,0.,0.));
#198 = ORIENTED_EDGE('',*,*,#199,.T.);
#199 = EDGE_CURVE('',#192,#200,#202,.T.);
#200 = VERTEX_POINT('',#201);
#201 = CARTESIAN_POINT('',(45.8,74.9,1.46));
#202 = LINE('',#203,#204);
#203 = CARTESIAN_POINT('',(45.8,58.7,1.46));
#204 = VECTOR('',#205,1.);
#205 = DIRECTION('',(0.,1.,0.));
#206 = ORIENTED_EDGE('',*,*,#207,.T.);
#207 = EDGE_CURVE('',#200,#208,#210,.T.);
#208 = VERTEX_POINT('',#209);
#209 = CARTESIAN_POINT('',(61.2,74.9,1.46));
#210 = CIRCLE('',#211,8.5);
#211 = AXIS2_PLACEMENT_3D('',#212,#213,#214);
#212 = CARTESIAN_POINT('',(53.5,78.5,1.46));
#213 = DIRECTION('',(0.,0.,-1.));
#214 = DIRECTION('',(1.,0.,0.));
#215 = ORIENTED_EDGE('',*,*,#216,.T.);
#216 = EDGE_CURVE('',#208,#217,#219,.T.);
#217 = VERTEX_POINT('',#218);
#218 = CARTESIAN_POINT('',(61.2,72.,1.46));
#219 = LINE('',#220,#221);
#220 = CARTESIAN_POINT('',(61.2,51.95,1.46));
#221 = VECTOR('',#222,1.);
#222 = DIRECTION('',(0.,-1.,0.));
#223 = ORIENTED_EDGE('',*,*,#224,.F.);
#224 = EDGE_CURVE('',#225,#217,#227,.T.);
#225 = VERTEX_POINT('',#226);
#226 = CARTESIAN_POINT('',(63.,72.,1.46));
#227 = LINE('',#228,#229);
#228 = CARTESIAN_POINT('',(15.75,72.,1.46));
#229 = VECTOR('',#230,1.);
#230 = DIRECTION('',(-1.,0.,0.));
#231 = ORIENTED_EDGE('',*,*,#232,.F.);
#232 = EDGE_CURVE('',#233,#225,#235,.T.);
#233 = VERTEX_POINT('',#234);
#234 = CARTESIAN_POINT('',(63.,0.,1.46));
#235 = LINE('',#236,#237);
#236 = CARTESIAN_POINT('',(63.,57.25,1.46));
#237 = VECTOR('',#238,1.);
#238 = DIRECTION('',(0.,1.,0.));
#239 = ORIENTED_EDGE('',*,*,#240,.F.);
#240 = EDGE_CURVE('',#241,#233,#243,.T.);
#241 = VERTEX_POINT('',#242);
#242 = CARTESIAN_POINT('',(36.5,0.,1.46));
#243 = LINE('',#244,#245);
#244 = CARTESIAN_POINT('',(47.25,0.,1.46));
#245 = VECTOR('',#246,1.);
#246 = DIRECTION('',(1.,0.,0.));
#247 = ORIENTED_EDGE('',*,*,#248,.F.);
#248 = EDGE_CURVE('',#56,#241,#249,.T.);
#249 = LINE('',#250,#251);
#250 = CARTESIAN_POINT('',(36.5,-5.,1.46));
#251 = VECTOR('',#252,1.);
#252 = DIRECTION('',(0.,1.,0.));
#253 = ORIENTED_EDGE('',*,*,#55,.T.);
#254 = ORIENTED_EDGE('',*,*,#255,.T.);
#255 = EDGE_CURVE('',#48,#256,#258,.T.);
#256 = VERTEX_POINT('',#257);
#257 = CARTESIAN_POINT('',(68.,90.,1.46));
#258 = LINE('',#259,#260);
#259 = CARTESIAN_POINT('',(68.,-5.,1.46));
#260 = VECTOR('',#261,1.);
#261 = DIRECTION('',(0.,1.,0.));
#262 = ORIENTED_EDGE('',*,*,#263,.T.);
#263 = EDGE_CURVE('',#256,#94,#264,.T.);
#264 = LINE('',#265,#266);
#265 = CARTESIAN_POINT('',(68.,90.,1.46));
#266 = VECTOR('',#267,1.);
#267 = DIRECTION('',(-1.,0.,0.));
#268 = PLANE('',#269);
#269 = AXIS2_PLACEMENT_3D('',#270,#271,#272);
#270 = CARTESIAN_POINT('',(31.5,42.5,1.46));
#271 = DIRECTION('',(0.,0.,1.));
#272 = DIRECTION('',(1.,0.,0.));
#273 = ADVANCED_FACE('',(#274),#308,.F.);
#274 = FACE_BOUND('',#275,.F.);
#275 = EDGE_LOOP('',(#276,#286,#294,#300,#301,#302));
#276 = ORIENTED_EDGE('',*,*,#277,.F.);
#277 = EDGE_CURVE('',#278,#280,#282,.T.);
#278 = VERTEX_POINT('',#279);
#279 = CARTESIAN_POINT('',(26.5,0.5,0.));
#280 = VERTEX_POINT('',#281);
#281 = CARTESIAN_POINT('',(26.5,0.,0.));
#282 = LINE('',#283,#284);
#283 = CARTESIAN_POINT('',(26.5,19.810819462228,0.));
#284 = VECTOR('',#285,1.);
#285 = DIRECTION('',(0.,-1.,0.));
#286 = ORIENTED_EDGE('',*,*,#287,.T.);
#287 = EDGE_CURVE('',#278,#288,#290,.T.);
#288 = VERTEX_POINT('',#289);
#289 = CARTESIAN_POINT('',(26.5,0.5,-0.54));
#290 = LINE('',#291,#292);
#291 = CARTESIAN_POINT('',(26.5,0.5,1.46));
#292 = VECTOR('',#293,1.);
#293 = DIRECTION('',(-0.,-0.,-1.));
#294 = ORIENTED_EDGE('',*,*,#295,.T.);
#295 = EDGE_CURVE('',#288,#72,#296,.T.);
#296 = LINE('',#297,#298);
#297 = CARTESIAN_POINT('',(26.5,0.5,-0.54));
#298 = VECTOR('',#299,1.);
#299 = DIRECTION('',(0.,-1.,0.));
#300 = ORIENTED_EDGE('',*,*,#79,.F.);
#301 = ORIENTED_EDGE('',*,*,#102,.F.);
#302 = ORIENTED_EDGE('',*,*,#303,.T.);
#303 = EDGE_CURVE('',#103,#280,#304,.T.);
#304 = LINE('',#305,#306);
#305 = CARTESIAN_POINT('',(26.5,0.,0.73));
#306 = VECTOR('',#307,1.);
#307 = DIRECTION('',(-0.,-0.,-1.));
#308 = PLANE('',#309);
#309 = AXIS2_PLACEMENT_3D('',#310,#311,#312);
#310 = CARTESIAN_POINT('',(26.5,0.5,1.46));
#311 = DIRECTION('',(-1.,0.,0.));
#312 = DIRECTION('',(0.,-1.,0.));
#313 = ADVANCED_FACE('',(#314),#332,.T.);
#314 = FACE_BOUND('',#315,.T.);
#315 = EDGE_LOOP('',(#316,#317,#325,#331));
#316 = ORIENTED_EDGE('',*,*,#71,.T.);
#317 = ORIENTED_EDGE('',*,*,#318,.T.);
#318 = EDGE_CURVE('',#64,#319,#321,.T.);
#319 = VERTEX_POINT('',#320);
#320 = CARTESIAN_POINT('',(36.5,0.5,-0.54));
#321 = LINE('',#322,#323);
#322 = CARTESIAN_POINT('',(36.5,-5.,-0.54));
#323 = VECTOR('',#324,1.);
#324 = DIRECTION('',(0.,1.,0.));
#325 = ORIENTED_EDGE('',*,*,#326,.T.);
#326 = EDGE_CURVE('',#319,#288,#327,.T.);
#327 = LINE('',#328,#329);
#328 = CARTESIAN_POINT('',(36.5,0.5,-0.54));
#329 = VECTOR('',#330,1.);
#330 = DIRECTION('',(-1.,0.,0.));
#331 = ORIENTED_EDGE('',*,*,#295,.T.);
#332 = PLANE('',#333);
#333 = AXIS2_PLACEMENT_3D('',#334,#335,#336);
#334 = CARTESIAN_POINT('',(31.5,42.116197183099,-0.54));
#335 = DIRECTION('',(0.,0.,1.));
#336 = DIRECTION('',(1.,0.,0.));
#337 = ADVANCED_FACE('',(#338),#365,.F.);
#338 = FACE_BOUND('',#339,.F.);
#339 = EDGE_LOOP('',(#340,#341,#342,#343,#351,#359));
#340 = ORIENTED_EDGE('',*,*,#248,.F.);
#341 = ORIENTED_EDGE('',*,*,#63,.T.);
#342 = ORIENTED_EDGE('',*,*,#318,.T.);
#343 = ORIENTED_EDGE('',*,*,#344,.F.);
#344 = EDGE_CURVE('',#345,#319,#347,.T.);
#345 = VERTEX_POINT('',#346);
#346 = CARTESIAN_POINT('',(36.5,0.5,0.));
#347 = LINE('',#348,#349);
#348 = CARTESIAN_POINT('',(36.5,0.5,1.46));
#349 = VECTOR('',#350,1.);
#350 = DIRECTION('',(-0.,-0.,-1.));
#351 = ORIENTED_EDGE('',*,*,#352,.F.);
#352 = EDGE_CURVE('',#353,#345,#355,.T.);
#353 = VERTEX_POINT('',#354);
#354 = CARTESIAN_POINT('',(36.5,0.,0.));
#355 = LINE('',#356,#357);
#356 = CARTESIAN_POINT('',(36.5,17.060819462228,0.));
#357 = VECTOR('',#358,1.);
#358 = DIRECTION('',(0.,1.,0.));
#359 = ORIENTED_EDGE('',*,*,#360,.T.);
#360 = EDGE_CURVE('',#353,#241,#361,.T.);
#361 = LINE('',#362,#363);
#362 = CARTESIAN_POINT('',(36.5,0.,0.73));
#363 = VECTOR('',#364,1.);
#364 = DIRECTION('',(0.,0.,1.));
#365 = PLANE('',#366);
#366 = AXIS2_PLACEMENT_3D('',#367,#368,#369);
#367 = CARTESIAN_POINT('',(36.5,-5.,1.46));
#368 = DIRECTION('',(1.,0.,0.));
#369 = DIRECTION('',(0.,1.,0.));
#370 = ADVANCED_FACE('',(#371),#389,.T.);
#371 = FACE_BOUND('',#372,.T.);
#372 = EDGE_LOOP('',(#373,#374,#382,#388));
#373 = ORIENTED_EDGE('',*,*,#47,.T.);
#374 = ORIENTED_EDGE('',*,*,#375,.T.);
#375 = EDGE_CURVE('',#40,#376,#378,.T.);
#376 = VERTEX_POINT('',#377);
#377 = CARTESIAN_POINT('',(68.,90.,-15.));
#378 = LINE('',#379,#380);
#379 = CARTESIAN_POINT('',(68.,-5.,-15.));
#380 = VECTOR('',#381,1.);
#381 = DIRECTION('',(0.,1.,0.));
#382 = ORIENTED_EDGE('',*,*,#383,.F.);
#383 = EDGE_CURVE('',#256,#376,#384,.T.);
#384 = LINE('',#385,#386);
#385 = CARTESIAN_POINT('',(68.,90.,1.46));
#386 = VECTOR('',#387,1.);
#387 = DIRECTION('',(-0.,-0.,-1.));
#388 = ORIENTED_EDGE('',*,*,#255,.F.);
#389 = PLANE('',#390);
#390 = AXIS2_PLACEMENT_3D('',#391,#392,#393);
#391 = CARTESIAN_POINT('',(68.,-5.,1.46));
#392 = DIRECTION('',(1.,0.,0.));
#393 = DIRECTION('',(0.,1.,0.));
#394 = ADVANCED_FACE('',(#395,#413,#424,#435,#446),#457,.T.);
#395 = FACE_BOUND('',#396,.T.);
#396 = EDGE_LOOP('',(#397,#398,#406,#412));
#397 = ORIENTED_EDGE('',*,*,#39,.F.);
#398 = ORIENTED_EDGE('',*,*,#399,.F.);
#399 = EDGE_CURVE('',#400,#32,#402,.T.);
#400 = VERTEX_POINT('',#401);
#401 = CARTESIAN_POINT('',(-5.,90.,-15.));
#402 = LINE('',#403,#404);
#403 = CARTESIAN_POINT('',(-5.,90.,-15.));
#404 = VECTOR('',#405,1.);
#405 = DIRECTION('',(0.,-1.,0.));
#406 = ORIENTED_EDGE('',*,*,#407,.F.);
#407 = EDGE_CURVE('',#376,#400,#408,.T.);
#408 = LINE('',#409,#410);
#409 = CARTESIAN_POINT('',(68.,90.,-15.));
#410 = VECTOR('',#411,1.);
#411 = DIRECTION('',(-1.,0.,0.));
#412 = ORIENTED_EDGE('',*,*,#375,.F.);
#413 = FACE_BOUND('',#414,.T.);
#414 = EDGE_LOOP('',(#415));
#415 = ORIENTED_EDGE('',*,*,#416,.T.);
#416 = EDGE_CURVE('',#417,#417,#419,.T.);
#417 = VERTEX_POINT('',#418);
#418 = CARTESIAN_POINT('',(57.25,52.5,-15.));
#419 = CIRCLE('',#420,3.75);
#420 = AXIS2_PLACEMENT_3D('',#421,#422,#423);
#421 = CARTESIAN_POINT('',(53.5,52.5,-15.));
#422 = DIRECTION('',(0.,0.,1.));
#423 = DIRECTION('',(1.,0.,0.));
#424 = FACE_BOUND('',#425,.T.);
#425 = EDGE_LOOP('',(#426));
#426 = ORIENTED_EDGE('',*,*,#427,.T.);
#427 = EDGE_CURVE('',#428,#428,#430,.T.);
#428 = VERTEX_POINT('',#429);
#429 = CARTESIAN_POINT('',(12.6,52.5,-15.));
#430 = CIRCLE('',#431,3.1);
#431 = AXIS2_PLACEMENT_3D('',#432,#433,#434);
#432 = CARTESIAN_POINT('',(9.5,52.5,-15.));
#433 = DIRECTION('',(0.,0.,1.));
#434 = DIRECTION('',(1.,0.,0.));
#435 = FACE_BOUND('',#436,.T.);
#436 = EDGE_LOOP('',(#437));
#437 = ORIENTED_EDGE('',*,*,#438,.T.);
#438 = EDGE_CURVE('',#439,#439,#441,.T.);
#439 = VERTEX_POINT('',#440);
#440 = CARTESIAN_POINT('',(57.25,78.5,-15.));
#441 = CIRCLE('',#442,3.75);
#442 = AXIS2_PLACEMENT_3D('',#443,#444,#445);
#443 = CARTESIAN_POINT('',(53.5,78.5,-15.));
#444 = DIRECTION('',(0.,0.,1.));
#445 = DIRECTION('',(1.,0.,0.));
#446 = FACE_BOUND('',#447,.T.);
#447 = EDGE_LOOP('',(#448));
#448 = ORIENTED_EDGE('',*,*,#449,.T.);
#449 = EDGE_CURVE('',#450,#450,#452,.T.);
#450 = VERTEX_POINT('',#451);
#451 = CARTESIAN_POINT('',(13.25,78.5,-15.));
#452 = CIRCLE('',#453,3.75);
#453 = AXIS2_PLACEMENT_3D('',#454,#455,#456);
#454 = CARTESIAN_POINT('',(9.5,78.5,-15.));
#455 = DIRECTION('',(0.,0.,1.));
#456 = DIRECTION('',(1.,0.,0.));
#457 = PLANE('',#458);
#458 = AXIS2_PLACEMENT_3D('',#459,#460,#461);
#459 = CARTESIAN_POINT('',(31.5,42.5,-15.));
#460 = DIRECTION('',(-0.,-0.,-1.));
#461 = DIRECTION('',(-1.,0.,0.));
#462 = ADVANCED_FACE('',(#463),#474,.T.);
#463 = FACE_BOUND('',#464,.T.);
#464 = EDGE_LOOP('',(#465,#471,#472,#473));
#465 = ORIENTED_EDGE('',*,*,#466,.T.);
#466 = EDGE_CURVE('',#94,#400,#467,.T.);
#467 = LINE('',#468,#469);
#468 = CARTESIAN_POINT('',(-5.,90.,1.46));
#469 = VECTOR('',#470,1.);
#470 = DIRECTION('',(-0.,-0.,-1.));
#471 = ORIENTED_EDGE('',*,*,#399,.T.);
#472 = ORIENTED_EDGE('',*,*,#31,.F.);
#473 = ORIENTED_EDGE('',*,*,#93,.F.);
#474 = PLANE('',#475);
#475 = AXIS2_PLACEMENT_3D('',#476,#477,#478);
#476 = CARTESIAN_POINT('',(-5.,90.,1.46));
#477 = DIRECTION('',(-1.,0.,0.));
#478 = DIRECTION('',(0.,-1.,0.));
#479 = ADVANCED_FACE('',(#480),#486,.T.);
#480 = FACE_BOUND('',#481,.T.);
#481 = EDGE_LOOP('',(#482,#483,#484,#485));
#482 = ORIENTED_EDGE('',*,*,#383,.T.);
#483 = ORIENTED_EDGE('',*,*,#407,.T.);
#484 = ORIENTED_EDGE('',*,*,#466,.F.);
#485 = ORIENTED_EDGE('',*,*,#263,.F.);
#486 = PLANE('',#487);
#487 = AXIS2_PLACEMENT_3D('',#488,#489,#490);
#488 = CARTESIAN_POINT('',(68.,90.,1.46));
#489 = DIRECTION('',(0.,1.,0.));
#490 = DIRECTION('',(-1.,0.,0.));
#491 = ADVANCED_FACE('',(#492),#510,.F.);
#492 = FACE_BOUND('',#493,.F.);
#493 = EDGE_LOOP('',(#494,#502,#508,#509));
#494 = ORIENTED_EDGE('',*,*,#495,.F.);
#495 = EDGE_CURVE('',#496,#353,#498,.T.);
#496 = VERTEX_POINT('',#497);
#497 = CARTESIAN_POINT('',(63.,0.,0.));
#498 = LINE('',#499,#500);
#499 = CARTESIAN_POINT('',(63.,0.,0.));
#500 = VECTOR('',#501,1.);
#501 = DIRECTION('',(-1.,0.,0.));
#502 = ORIENTED_EDGE('',*,*,#503,.T.);
#503 = EDGE_CURVE('',#496,#233,#504,.T.);
#504 = LINE('',#505,#506);
#505 = CARTESIAN_POINT('',(63.,0.,0.));
#506 = VECTOR('',#507,1.);
#507 = DIRECTION('',(0.,0.,1.));
#508 = ORIENTED_EDGE('',*,*,#240,.F.);
#509 = ORIENTED_EDGE('',*,*,#360,.F.);
#510 = PLANE('',#511);
#511 = AXIS2_PLACEMENT_3D('',#512,#513,#514);
#512 = CARTESIAN_POINT('',(63.,0.,0.));
#513 = DIRECTION('',(0.,-1.,0.));
#514 = DIRECTION('',(-1.,0.,0.));
#515 = ADVANCED_FACE('',(#516),#534,.F.);
#516 = FACE_BOUND('',#517,.F.);
#517 = EDGE_LOOP('',(#518,#526,#532,#533));
#518 = ORIENTED_EDGE('',*,*,#519,.F.);
#519 = EDGE_CURVE('',#520,#496,#522,.T.);
#520 = VERTEX_POINT('',#521);
#521 = CARTESIAN_POINT('',(63.,72.,0.));
#522 = LINE('',#523,#524);
#523 = CARTESIAN_POINT('',(63.,72.,0.));
#524 = VECTOR('',#525,1.);
#525 = DIRECTION('',(0.,-1.,0.));
#526 = ORIENTED_EDGE('',*,*,#527,.T.);
#527 = EDGE_CURVE('',#520,#225,#528,.T.);
#528 = LINE('',#529,#530);
#529 = CARTESIAN_POINT('',(63.,72.,0.));
#530 = VECTOR('',#531,1.);
#531 = DIRECTION('',(0.,0.,1.));
#532 = ORIENTED_EDGE('',*,*,#232,.F.);
#533 = ORIENTED_EDGE('',*,*,#503,.F.);
#534 = PLANE('',#535);
#535 = AXIS2_PLACEMENT_3D('',#536,#537,#538);
#536 = CARTESIAN_POINT('',(63.,72.,0.));
#537 = DIRECTION('',(1.,0.,0.));
#538 = DIRECTION('',(0.,-1.,0.));
#539 = ADVANCED_FACE('',(#540),#558,.F.);
#540 = FACE_BOUND('',#541,.F.);
#541 = EDGE_LOOP('',(#542,#550,#556,#557));
#542 = ORIENTED_EDGE('',*,*,#543,.F.);
#543 = EDGE_CURVE('',#544,#520,#546,.T.);
#544 = VERTEX_POINT('',#545);
#545 = CARTESIAN_POINT('',(61.2,72.,0.));
#546 = LINE('',#547,#548);
#547 = CARTESIAN_POINT('',(0.,72.,0.));
#548 = VECTOR('',#549,1.);
#549 = DIRECTION('',(1.,0.,0.));
#550 = ORIENTED_EDGE('',*,*,#551,.T.);
#551 = EDGE_CURVE('',#544,#217,#552,.T.);
#552 = LINE('',#553,#554);
#553 = CARTESIAN_POINT('',(61.2,72.,-4.635));
#554 = VECTOR('',#555,1.);
#555 = DIRECTION('',(0.,0.,1.));
#556 = ORIENTED_EDGE('',*,*,#224,.F.);
#557 = ORIENTED_EDGE('',*,*,#527,.F.);
#558 = PLANE('',#559);
#559 = AXIS2_PLACEMENT_3D('',#560,#561,#562);
#560 = CARTESIAN_POINT('',(0.,72.,0.));
#561 = DIRECTION('',(0.,1.,0.));
#562 = DIRECTION('',(1.,0.,0.));
#563 = ADVANCED_FACE('',(#564),#692,.F.);
#564 = FACE_BOUND('',#565,.T.);
#565 = EDGE_LOOP('',(#566,#577,#585,#594,#602,#611,#617,#618,#626,#635,
    #643,#652,#660,#669,#677,#686));
#566 = ORIENTED_EDGE('',*,*,#567,.F.);
#567 = EDGE_CURVE('',#568,#570,#572,.T.);
#568 = VERTEX_POINT('',#569);
#569 = CARTESIAN_POINT('',(61.850236588295,76.911431802064,-13.57));
#570 = VERTEX_POINT('',#571);
#571 = CARTESIAN_POINT('',(61.850236588295,80.088568197936,-13.57));
#572 = CIRCLE('',#573,8.5);
#573 = AXIS2_PLACEMENT_3D('',#574,#575,#576);
#574 = CARTESIAN_POINT('',(53.5,78.5,-13.57));
#575 = DIRECTION('',(0.,0.,1.));
#576 = DIRECTION('',(1.,0.,0.));
#577 = ORIENTED_EDGE('',*,*,#578,.F.);
#578 = EDGE_CURVE('',#579,#568,#581,.T.);
#579 = VERTEX_POINT('',#580);
#580 = CARTESIAN_POINT('',(61.850236588295,76.911431802064,-10.57));
#581 = LINE('',#582,#583);
#582 = CARTESIAN_POINT('',(61.850236588295,76.911431802064,-10.57));
#583 = VECTOR('',#584,1.);
#584 = DIRECTION('',(-0.,-0.,-1.));
#585 = ORIENTED_EDGE('',*,*,#586,.F.);
#586 = EDGE_CURVE('',#587,#579,#589,.T.);
#587 = VERTEX_POINT('',#588);
#588 = CARTESIAN_POINT('',(59.713694553162,72.7,-10.57));
#589 = CIRCLE('',#590,8.5);
#590 = AXIS2_PLACEMENT_3D('',#591,#592,#593);
#591 = CARTESIAN_POINT('',(53.5,78.5,-10.57));
#592 = DIRECTION('',(0.,0.,1.));
#593 = DIRECTION('',(1.,0.,0.));
#594 = ORIENTED_EDGE('',*,*,#595,.F.);
#595 = EDGE_CURVE('',#596,#587,#598,.T.);
#596 = VERTEX_POINT('',#597);
#597 = CARTESIAN_POINT('',(59.713694553162,72.7,-9.27));
#598 = LINE('',#599,#600);
#599 = CARTESIAN_POINT('',(59.713694553162,72.7,-9.27));
#600 = VECTOR('',#601,1.);
#601 = DIRECTION('',(-0.,-0.,-1.));
#602 = ORIENTED_EDGE('',*,*,#603,.T.);
#603 = EDGE_CURVE('',#596,#604,#606,.T.);
#604 = VERTEX_POINT('',#605);
#605 = CARTESIAN_POINT('',(61.2,74.9,-9.27));
#606 = CIRCLE('',#607,8.5);
#607 = AXIS2_PLACEMENT_3D('',#608,#609,#610);
#608 = CARTESIAN_POINT('',(53.5,78.5,-9.27));
#609 = DIRECTION('',(0.,0.,1.));
#610 = DIRECTION('',(1.,0.,0.));
#611 = ORIENTED_EDGE('',*,*,#612,.T.);
#612 = EDGE_CURVE('',#604,#208,#613,.T.);
#613 = LINE('',#614,#615);
#614 = CARTESIAN_POINT('',(61.2,74.9,-9.27));
#615 = VECTOR('',#616,1.);
#616 = DIRECTION('',(0.,0.,1.));
#617 = ORIENTED_EDGE('',*,*,#207,.F.);
#618 = ORIENTED_EDGE('',*,*,#619,.F.);
#619 = EDGE_CURVE('',#620,#200,#622,.T.);
#620 = VERTEX_POINT('',#621);
#621 = CARTESIAN_POINT('',(45.8,74.9,-9.27));
#622 = LINE('',#623,#624);
#623 = CARTESIAN_POINT('',(45.8,74.9,-9.27));
#624 = VECTOR('',#625,1.);
#625 = DIRECTION('',(0.,0.,1.));
#626 = ORIENTED_EDGE('',*,*,#627,.T.);
#627 = EDGE_CURVE('',#620,#628,#630,.T.);
#628 = VERTEX_POINT('',#629);
#629 = CARTESIAN_POINT('',(47.286305446838,72.7,-9.27));
#630 = CIRCLE('',#631,8.5);
#631 = AXIS2_PLACEMENT_3D('',#632,#633,#634);
#632 = CARTESIAN_POINT('',(53.5,78.5,-9.27));
#633 = DIRECTION('',(0.,0.,1.));
#634 = DIRECTION('',(1.,0.,0.));
#635 = ORIENTED_EDGE('',*,*,#636,.T.);
#636 = EDGE_CURVE('',#628,#637,#639,.T.);
#637 = VERTEX_POINT('',#638);
#638 = CARTESIAN_POINT('',(47.286305446838,72.7,-10.57));
#639 = LINE('',#640,#641);
#640 = CARTESIAN_POINT('',(47.286305446838,72.7,-9.27));
#641 = VECTOR('',#642,1.);
#642 = DIRECTION('',(-0.,-0.,-1.));
#643 = ORIENTED_EDGE('',*,*,#644,.F.);
#644 = EDGE_CURVE('',#645,#637,#647,.T.);
#645 = VERTEX_POINT('',#646);
#646 = CARTESIAN_POINT('',(47.286305446838,84.3,-10.57));
#647 = CIRCLE('',#648,8.5);
#648 = AXIS2_PLACEMENT_3D('',#649,#650,#651);
#649 = CARTESIAN_POINT('',(53.5,78.5,-10.57));
#650 = DIRECTION('',(0.,0.,1.));
#651 = DIRECTION('',(1.,0.,0.));
#652 = ORIENTED_EDGE('',*,*,#653,.F.);
#653 = EDGE_CURVE('',#654,#645,#656,.T.);
#654 = VERTEX_POINT('',#655);
#655 = CARTESIAN_POINT('',(47.286305446838,84.3,-9.27));
#656 = LINE('',#657,#658);
#657 = CARTESIAN_POINT('',(47.286305446838,84.3,-9.27));
#658 = VECTOR('',#659,1.);
#659 = DIRECTION('',(-0.,-0.,-1.));
#660 = ORIENTED_EDGE('',*,*,#661,.F.);
#661 = EDGE_CURVE('',#662,#654,#664,.T.);
#662 = VERTEX_POINT('',#663);
#663 = CARTESIAN_POINT('',(59.713694553162,84.3,-9.27));
#664 = CIRCLE('',#665,8.5);
#665 = AXIS2_PLACEMENT_3D('',#666,#667,#668);
#666 = CARTESIAN_POINT('',(53.5,78.5,-9.27));
#667 = DIRECTION('',(0.,0.,1.));
#668 = DIRECTION('',(1.,0.,0.));
#669 = ORIENTED_EDGE('',*,*,#670,.T.);
#670 = EDGE_CURVE('',#662,#671,#673,.T.);
#671 = VERTEX_POINT('',#672);
#672 = CARTESIAN_POINT('',(59.713694553162,84.3,-10.57));
#673 = LINE('',#674,#675);
#674 = CARTESIAN_POINT('',(59.713694553162,84.3,-9.27));
#675 = VECTOR('',#676,1.);
#676 = DIRECTION('',(-0.,-0.,-1.));
#677 = ORIENTED_EDGE('',*,*,#678,.F.);
#678 = EDGE_CURVE('',#679,#671,#681,.T.);
#679 = VERTEX_POINT('',#680);
#680 = CARTESIAN_POINT('',(61.850236588295,80.088568197936,-10.57));
#681 = CIRCLE('',#682,8.5);
#682 = AXIS2_PLACEMENT_3D('',#683,#684,#685);
#683 = CARTESIAN_POINT('',(53.5,78.5,-10.57));
#684 = DIRECTION('',(0.,0.,1.));
#685 = DIRECTION('',(1.,0.,0.));
#686 = ORIENTED_EDGE('',*,*,#687,.T.);
#687 = EDGE_CURVE('',#679,#570,#688,.T.);
#688 = LINE('',#689,#690);
#689 = CARTESIAN_POINT('',(61.850236588295,80.088568197936,-10.57));
#690 = VECTOR('',#691,1.);
#691 = DIRECTION('',(-0.,-0.,-1.));
#692 = CYLINDRICAL_SURFACE('',#693,8.5);
#693 = AXIS2_PLACEMENT_3D('',#694,#695,#696);
#694 = CARTESIAN_POINT('',(53.5,78.5,-9.27));
#695 = DIRECTION('',(-0.,-0.,-1.));
#696 = DIRECTION('',(1.,0.,0.));
#697 = ADVANCED_FACE('',(#698),#748,.T.);
#698 = FACE_BOUND('',#699,.T.);
#699 = EDGE_LOOP('',(#700,#708,#709,#710,#718,#726,#734,#742));
#700 = ORIENTED_EDGE('',*,*,#701,.F.);
#701 = EDGE_CURVE('',#620,#702,#704,.T.);
#702 = VERTEX_POINT('',#703);
#703 = CARTESIAN_POINT('',(45.8,61.4,-9.27));
#704 = LINE('',#705,#706);
#705 = CARTESIAN_POINT('',(45.8,74.9,-9.27));
#706 = VECTOR('',#707,1.);
#707 = DIRECTION('',(0.,-1.,0.));
#708 = ORIENTED_EDGE('',*,*,#619,.T.);
#709 = ORIENTED_EDGE('',*,*,#199,.F.);
#710 = ORIENTED_EDGE('',*,*,#711,.T.);
#711 = EDGE_CURVE('',#192,#712,#714,.T.);
#712 = VERTEX_POINT('',#713);
#713 = CARTESIAN_POINT('',(45.8,72.,0.));
#714 = LINE('',#715,#716);
#715 = CARTESIAN_POINT('',(45.8,72.,-4.635));
#716 = VECTOR('',#717,1.);
#717 = DIRECTION('',(0.,0.,-1.));
#718 = ORIENTED_EDGE('',*,*,#719,.T.);
#719 = EDGE_CURVE('',#712,#720,#722,.T.);
#720 = VERTEX_POINT('',#721);
#721 = CARTESIAN_POINT('',(45.8,70.,0.));
#722 = LINE('',#723,#724);
#723 = CARTESIAN_POINT('',(45.8,55.45,0.));
#724 = VECTOR('',#725,1.);
#725 = DIRECTION('',(0.,-1.,0.));
#726 = ORIENTED_EDGE('',*,*,#727,.F.);
#727 = EDGE_CURVE('',#728,#720,#730,.T.);
#728 = VERTEX_POINT('',#729);
#729 = CARTESIAN_POINT('',(45.8,70.,-2.));
#730 = LINE('',#731,#732);
#731 = CARTESIAN_POINT('',(45.8,70.,-4.635));
#732 = VECTOR('',#733,1.);
#733 = DIRECTION('',(0.,0.,1.));
#734 = ORIENTED_EDGE('',*,*,#735,.T.);
#735 = EDGE_CURVE('',#728,#736,#738,.T.);
#736 = VERTEX_POINT('',#737);
#737 = CARTESIAN_POINT('',(45.8,61.4,-2.));
#738 = LINE('',#739,#740);
#739 = CARTESIAN_POINT('',(45.8,55.623312401884,-2.));
#740 = VECTOR('',#741,1.);
#741 = DIRECTION('',(0.,-1.,0.));
#742 = ORIENTED_EDGE('',*,*,#743,.F.);
#743 = EDGE_CURVE('',#702,#736,#744,.T.);
#744 = LINE('',#745,#746);
#745 = CARTESIAN_POINT('',(45.8,61.4,-9.27));
#746 = VECTOR('',#747,1.);
#747 = DIRECTION('',(0.,0.,1.));
#748 = PLANE('',#749);
#749 = AXIS2_PLACEMENT_3D('',#750,#751,#752);
#750 = CARTESIAN_POINT('',(45.8,74.9,-9.27));
#751 = DIRECTION('',(1.,0.,0.));
#752 = DIRECTION('',(0.,-1.,0.));
#753 = ADVANCED_FACE('',(#754),#772,.F.);
#754 = FACE_BOUND('',#755,.F.);
#755 = EDGE_LOOP('',(#756,#764,#770,#771));
#756 = ORIENTED_EDGE('',*,*,#757,.F.);
#757 = EDGE_CURVE('',#758,#712,#760,.T.);
#758 = VERTEX_POINT('',#759);
#759 = CARTESIAN_POINT('',(36.5,72.,0.));
#760 = LINE('',#761,#762);
#761 = CARTESIAN_POINT('',(0.,72.,0.));
#762 = VECTOR('',#763,1.);
#763 = DIRECTION('',(1.,0.,0.));
#764 = ORIENTED_EDGE('',*,*,#765,.F.);
#765 = EDGE_CURVE('',#184,#758,#766,.T.);
#766 = LINE('',#767,#768);
#767 = CARTESIAN_POINT('',(36.5,72.,0.73));
#768 = VECTOR('',#769,1.);
#769 = DIRECTION('',(0.,0.,-1.));
#770 = ORIENTED_EDGE('',*,*,#191,.F.);
#771 = ORIENTED_EDGE('',*,*,#711,.T.);
#772 = PLANE('',#773);
#773 = AXIS2_PLACEMENT_3D('',#774,#775,#776);
#774 = CARTESIAN_POINT('',(0.,72.,0.));
#775 = DIRECTION('',(0.,1.,0.));
#776 = DIRECTION('',(1.,0.,0.));
#777 = ADVANCED_FACE('',(#778),#812,.F.);
#778 = FACE_BOUND('',#779,.F.);
#779 = EDGE_LOOP('',(#780,#788,#796,#804,#810,#811));
#780 = ORIENTED_EDGE('',*,*,#781,.F.);
#781 = EDGE_CURVE('',#782,#758,#784,.T.);
#782 = VERTEX_POINT('',#783);
#783 = CARTESIAN_POINT('',(36.5,71.5,0.));
#784 = LINE('',#785,#786);
#785 = CARTESIAN_POINT('',(36.5,55.310819462228,0.));
#786 = VECTOR('',#787,1.);
#787 = DIRECTION('',(0.,1.,0.));
#788 = ORIENTED_EDGE('',*,*,#789,.T.);
#789 = EDGE_CURVE('',#782,#790,#792,.T.);
#790 = VERTEX_POINT('',#791);
#791 = CARTESIAN_POINT('',(36.5,71.5,-0.54));
#792 = LINE('',#793,#794);
#793 = CARTESIAN_POINT('',(36.5,71.5,1.46));
#794 = VECTOR('',#795,1.);
#795 = DIRECTION('',(-0.,-0.,-1.));
#796 = ORIENTED_EDGE('',*,*,#797,.T.);
#797 = EDGE_CURVE('',#790,#798,#800,.T.);
#798 = VERTEX_POINT('',#799);
#799 = CARTESIAN_POINT('',(36.5,81.5,-0.54));
#800 = LINE('',#801,#802);
#801 = CARTESIAN_POINT('',(36.5,71.5,-0.54));
#802 = VECTOR('',#803,1.);
#803 = DIRECTION('',(0.,1.,0.));
#804 = ORIENTED_EDGE('',*,*,#805,.F.);
#805 = EDGE_CURVE('',#176,#798,#806,.T.);
#806 = LINE('',#807,#808);
#807 = CARTESIAN_POINT('',(36.5,81.5,1.46));
#808 = VECTOR('',#809,1.);
#809 = DIRECTION('',(-0.,-0.,-1.));
#810 = ORIENTED_EDGE('',*,*,#183,.F.);
#811 = ORIENTED_EDGE('',*,*,#765,.T.);
#812 = PLANE('',#813);
#813 = AXIS2_PLACEMENT_3D('',#814,#815,#816);
#814 = CARTESIAN_POINT('',(36.5,71.5,1.46));
#815 = DIRECTION('',(1.,0.,0.));
#816 = DIRECTION('',(0.,1.,0.));
#817 = ADVANCED_FACE('',(#818),#836,.F.);
#818 = FACE_BOUND('',#819,.F.);
#819 = EDGE_LOOP('',(#820,#821,#829,#835));
#820 = ORIENTED_EDGE('',*,*,#805,.T.);
#821 = ORIENTED_EDGE('',*,*,#822,.T.);
#822 = EDGE_CURVE('',#798,#823,#825,.T.);
#823 = VERTEX_POINT('',#824);
#824 = CARTESIAN_POINT('',(26.5,81.5,-0.54));
#825 = LINE('',#826,#827);
#826 = CARTESIAN_POINT('',(36.5,81.5,-0.54));
#827 = VECTOR('',#828,1.);
#828 = DIRECTION('',(-1.,0.,0.));
#829 = ORIENTED_EDGE('',*,*,#830,.F.);
#830 = EDGE_CURVE('',#168,#823,#831,.T.);
#831 = LINE('',#832,#833);
#832 = CARTESIAN_POINT('',(26.5,81.5,1.46));
#833 = VECTOR('',#834,1.);
#834 = DIRECTION('',(-0.,-0.,-1.));
#835 = ORIENTED_EDGE('',*,*,#175,.F.);
#836 = PLANE('',#837);
#837 = AXIS2_PLACEMENT_3D('',#838,#839,#840);
#838 = CARTESIAN_POINT('',(36.5,81.5,1.46));
#839 = DIRECTION('',(0.,1.,0.));
#840 = DIRECTION('',(-1.,0.,0.));
#841 = ADVANCED_FACE('',(#842),#876,.F.);
#842 = FACE_BOUND('',#843,.F.);
#843 = EDGE_LOOP('',(#844,#845,#846,#854,#862,#870));
#844 = ORIENTED_EDGE('',*,*,#167,.F.);
#845 = ORIENTED_EDGE('',*,*,#830,.T.);
#846 = ORIENTED_EDGE('',*,*,#847,.T.);
#847 = EDGE_CURVE('',#823,#848,#850,.T.);
#848 = VERTEX_POINT('',#849);
#849 = CARTESIAN_POINT('',(26.5,71.5,-0.54));
#850 = LINE('',#851,#852);
#851 = CARTESIAN_POINT('',(26.5,81.5,-0.54));
#852 = VECTOR('',#853,1.);
#853 = DIRECTION('',(0.,-1.,0.));
#854 = ORIENTED_EDGE('',*,*,#855,.F.);
#855 = EDGE_CURVE('',#856,#848,#858,.T.);
#856 = VERTEX_POINT('',#857);
#857 = CARTESIAN_POINT('',(26.5,71.5,0.));
#858 = LINE('',#859,#860);
#859 = CARTESIAN_POINT('',(26.5,71.5,1.46));
#860 = VECTOR('',#861,1.);
#861 = DIRECTION('',(-0.,-0.,-1.));
#862 = ORIENTED_EDGE('',*,*,#863,.F.);
#863 = EDGE_CURVE('',#864,#856,#866,.T.);
#864 = VERTEX_POINT('',#865);
#865 = CARTESIAN_POINT('',(26.5,72.,0.));
#866 = LINE('',#867,#868);
#867 = CARTESIAN_POINT('',(26.5,60.310819462228,0.));
#868 = VECTOR('',#869,1.);
#869 = DIRECTION('',(0.,-1.,0.));
#870 = ORIENTED_EDGE('',*,*,#871,.T.);
#871 = EDGE_CURVE('',#864,#160,#872,.T.);
#872 = LINE('',#873,#874);
#873 = CARTESIAN_POINT('',(26.5,72.,0.73));
#874 = VECTOR('',#875,1.);
#875 = DIRECTION('',(0.,0.,1.));
#876 = PLANE('',#877);
#877 = AXIS2_PLACEMENT_3D('',#878,#879,#880);
#878 = CARTESIAN_POINT('',(26.5,81.5,1.46));
#879 = DIRECTION('',(-1.,0.,0.));
#880 = DIRECTION('',(0.,-1.,0.));
#881 = ADVANCED_FACE('',(#882),#900,.F.);
#882 = FACE_BOUND('',#883,.F.);
#883 = EDGE_LOOP('',(#884,#892,#898,#899));
#884 = ORIENTED_EDGE('',*,*,#885,.F.);
#885 = EDGE_CURVE('',#886,#864,#888,.T.);
#886 = VERTEX_POINT('',#887);
#887 = CARTESIAN_POINT('',(17.2,72.,0.));
#888 = LINE('',#889,#890);
#889 = CARTESIAN_POINT('',(0.,72.,0.));
#890 = VECTOR('',#891,1.);
#891 = DIRECTION('',(1.,0.,0.));
#892 = ORIENTED_EDGE('',*,*,#893,.T.);
#893 = EDGE_CURVE('',#886,#152,#894,.T.);
#894 = LINE('',#895,#896);
#895 = CARTESIAN_POINT('',(17.2,72.,-4.635));
#896 = VECTOR('',#897,1.);
#897 = DIRECTION('',(0.,0.,1.));
#898 = ORIENTED_EDGE('',*,*,#159,.F.);
#899 = ORIENTED_EDGE('',*,*,#871,.F.);
#900 = PLANE('',#901);
#901 = AXIS2_PLACEMENT_3D('',#902,#903,#904);
#902 = CARTESIAN_POINT('',(0.,72.,0.));
#903 = DIRECTION('',(0.,1.,0.));
#904 = DIRECTION('',(1.,0.,0.));
#905 = ADVANCED_FACE('',(#906),#956,.T.);
#906 = FACE_BOUND('',#907,.T.);
#907 = EDGE_LOOP('',(#908,#918,#926,#934,#942,#948,#949,#950));
#908 = ORIENTED_EDGE('',*,*,#909,.F.);
#909 = EDGE_CURVE('',#910,#912,#914,.T.);
#910 = VERTEX_POINT('',#911);
#911 = CARTESIAN_POINT('',(17.2,61.4,-9.27));
#912 = VERTEX_POINT('',#913);
#913 = CARTESIAN_POINT('',(17.2,74.9,-9.27));
#914 = LINE('',#915,#916);
#915 = CARTESIAN_POINT('',(17.2,61.4,-9.27));
#916 = VECTOR('',#917,1.);
#917 = DIRECTION('',(0.,1.,0.));
#918 = ORIENTED_EDGE('',*,*,#919,.T.);
#919 = EDGE_CURVE('',#910,#920,#922,.T.);
#920 = VERTEX_POINT('',#921);
#921 = CARTESIAN_POINT('',(17.2,61.4,-2.));
#922 = LINE('',#923,#924);
#923 = CARTESIAN_POINT('',(17.2,61.4,-9.27));
#924 = VECTOR('',#925,1.);
#925 = DIRECTION('',(0.,0.,1.));
#926 = ORIENTED_EDGE('',*,*,#927,.T.);
#927 = EDGE_CURVE('',#920,#928,#930,.T.);
#928 = VERTEX_POINT('',#929);
#929 = CARTESIAN_POINT('',(17.2,70.,-2.));
#930 = LINE('',#931,#932);
#931 = CARTESIAN_POINT('',(17.2,48.873312401884,-2.));
#932 = VECTOR('',#933,1.);
#933 = DIRECTION('',(0.,1.,0.));
#934 = ORIENTED_EDGE('',*,*,#935,.F.);
#935 = EDGE_CURVE('',#936,#928,#938,.T.);
#936 = VERTEX_POINT('',#937);
#937 = CARTESIAN_POINT('',(17.2,70.,0.));
#938 = LINE('',#939,#940);
#939 = CARTESIAN_POINT('',(17.2,70.,-4.635));
#940 = VECTOR('',#941,1.);
#941 = DIRECTION('',(0.,0.,-1.));
#942 = ORIENTED_EDGE('',*,*,#943,.T.);
#943 = EDGE_CURVE('',#936,#886,#944,.T.);
#944 = LINE('',#945,#946);
#945 = CARTESIAN_POINT('',(17.2,48.7,0.));
#946 = VECTOR('',#947,1.);
#947 = DIRECTION('',(0.,1.,0.));
#948 = ORIENTED_EDGE('',*,*,#893,.T.);
#949 = ORIENTED_EDGE('',*,*,#151,.F.);
#950 = ORIENTED_EDGE('',*,*,#951,.F.);
#951 = EDGE_CURVE('',#912,#143,#952,.T.);
#952 = LINE('',#953,#954);
#953 = CARTESIAN_POINT('',(17.2,74.9,-9.27));
#954 = VECTOR('',#955,1.);
#955 = DIRECTION('',(0.,0.,1.));
#956 = PLANE('',#957);
#957 = AXIS2_PLACEMENT_3D('',#958,#959,#960);
#958 = CARTESIAN_POINT('',(17.2,61.4,-9.27));
#959 = DIRECTION('',(-1.,0.,0.));
#960 = DIRECTION('',(0.,1.,0.));
#961 = ADVANCED_FACE('',(#962),#1083,.F.);
#962 = FACE_BOUND('',#963,.T.);
#963 = EDGE_LOOP('',(#964,#975,#983,#992,#1000,#1007,#1008,#1009,#1017,
    #1026,#1034,#1043,#1051,#1060,#1068,#1077));
#964 = ORIENTED_EDGE('',*,*,#965,.F.);
#965 = EDGE_CURVE('',#966,#968,#970,.T.);
#966 = VERTEX_POINT('',#967);
#967 = CARTESIAN_POINT('',(17.850236588295,76.911431802064,-13.57));
#968 = VERTEX_POINT('',#969);
#969 = CARTESIAN_POINT('',(17.850236588295,80.088568197936,-13.57));
#970 = CIRCLE('',#971,8.5);
#971 = AXIS2_PLACEMENT_3D('',#972,#973,#974);
#972 = CARTESIAN_POINT('',(9.5,78.5,-13.57));
#973 = DIRECTION('',(0.,0.,1.));
#974 = DIRECTION('',(1.,0.,0.));
#975 = ORIENTED_EDGE('',*,*,#976,.F.);
#976 = EDGE_CURVE('',#977,#966,#979,.T.);
#977 = VERTEX_POINT('',#978);
#978 = CARTESIAN_POINT('',(17.850236588295,76.911431802064,-10.57));
#979 = LINE('',#980,#981);
#980 = CARTESIAN_POINT('',(17.850236588295,76.911431802064,-10.57));
#981 = VECTOR('',#982,1.);
#982 = DIRECTION('',(-0.,-0.,-1.));
#983 = ORIENTED_EDGE('',*,*,#984,.F.);
#984 = EDGE_CURVE('',#985,#977,#987,.T.);
#985 = VERTEX_POINT('',#986);
#986 = CARTESIAN_POINT('',(15.713694553162,72.7,-10.57));
#987 = CIRCLE('',#988,8.5);
#988 = AXIS2_PLACEMENT_3D('',#989,#990,#991);
#989 = CARTESIAN_POINT('',(9.5,78.5,-10.57));
#990 = DIRECTION('',(0.,0.,1.));
#991 = DIRECTION('',(1.,0.,0.));
#992 = ORIENTED_EDGE('',*,*,#993,.F.);
#993 = EDGE_CURVE('',#994,#985,#996,.T.);
#994 = VERTEX_POINT('',#995);
#995 = CARTESIAN_POINT('',(15.713694553162,72.7,-9.27));
#996 = LINE('',#997,#998);
#997 = CARTESIAN_POINT('',(15.713694553162,72.7,-9.27));
#998 = VECTOR('',#999,1.);
#999 = DIRECTION('',(-0.,-0.,-1.));
#1000 = ORIENTED_EDGE('',*,*,#1001,.T.);
#1001 = EDGE_CURVE('',#994,#912,#1002,.T.);
#1002 = CIRCLE('',#1003,8.5);
#1003 = AXIS2_PLACEMENT_3D('',#1004,#1005,#1006);
#1004 = CARTESIAN_POINT('',(9.5,78.5,-9.27));
#1005 = DIRECTION('',(0.,0.,1.));
#1006 = DIRECTION('',(1.,0.,0.));
#1007 = ORIENTED_EDGE('',*,*,#951,.T.);
#1008 = ORIENTED_EDGE('',*,*,#142,.F.);
#1009 = ORIENTED_EDGE('',*,*,#1010,.F.);
#1010 = EDGE_CURVE('',#1011,#135,#1013,.T.);
#1011 = VERTEX_POINT('',#1012);
#1012 = CARTESIAN_POINT('',(1.8,74.9,-9.27));
#1013 = LINE('',#1014,#1015);
#1014 = CARTESIAN_POINT('',(1.8,74.9,-9.27));
#1015 = VECTOR('',#1016,1.);
#1016 = DIRECTION('',(0.,0.,1.));
#1017 = ORIENTED_EDGE('',*,*,#1018,.T.);
#1018 = EDGE_CURVE('',#1011,#1019,#1021,.T.);
#1019 = VERTEX_POINT('',#1020);
#1020 = CARTESIAN_POINT('',(3.286305446838,72.7,-9.27));
#1021 = CIRCLE('',#1022,8.5);
#1022 = AXIS2_PLACEMENT_3D('',#1023,#1024,#1025);
#1023 = CARTESIAN_POINT('',(9.5,78.5,-9.27));
#1024 = DIRECTION('',(0.,0.,1.));
#1025 = DIRECTION('',(1.,0.,0.));
#1026 = ORIENTED_EDGE('',*,*,#1027,.T.);
#1027 = EDGE_CURVE('',#1019,#1028,#1030,.T.);
#1028 = VERTEX_POINT('',#1029);
#1029 = CARTESIAN_POINT('',(3.286305446838,72.7,-10.57));
#1030 = LINE('',#1031,#1032);
#1031 = CARTESIAN_POINT('',(3.286305446838,72.7,-9.27));
#1032 = VECTOR('',#1033,1.);
#1033 = DIRECTION('',(-0.,-0.,-1.));
#1034 = ORIENTED_EDGE('',*,*,#1035,.F.);
#1035 = EDGE_CURVE('',#1036,#1028,#1038,.T.);
#1036 = VERTEX_POINT('',#1037);
#1037 = CARTESIAN_POINT('',(3.286305446838,84.3,-10.57));
#1038 = CIRCLE('',#1039,8.5);
#1039 = AXIS2_PLACEMENT_3D('',#1040,#1041,#1042);
#1040 = CARTESIAN_POINT('',(9.5,78.5,-10.57));
#1041 = DIRECTION('',(0.,0.,1.));
#1042 = DIRECTION('',(1.,0.,0.));
#1043 = ORIENTED_EDGE('',*,*,#1044,.F.);
#1044 = EDGE_CURVE('',#1045,#1036,#1047,.T.);
#1045 = VERTEX_POINT('',#1046);
#1046 = CARTESIAN_POINT('',(3.286305446838,84.3,-9.27));
#1047 = LINE('',#1048,#1049);
#1048 = CARTESIAN_POINT('',(3.286305446838,84.3,-9.27));
#1049 = VECTOR('',#1050,1.);
#1050 = DIRECTION('',(-0.,-0.,-1.));
#1051 = ORIENTED_EDGE('',*,*,#1052,.F.);
#1052 = EDGE_CURVE('',#1053,#1045,#1055,.T.);
#1053 = VERTEX_POINT('',#1054);
#1054 = CARTESIAN_POINT('',(15.713694553162,84.3,-9.27));
#1055 = CIRCLE('',#1056,8.5);
#1056 = AXIS2_PLACEMENT_3D('',#1057,#1058,#1059);
#1057 = CARTESIAN_POINT('',(9.5,78.5,-9.27));
#1058 = DIRECTION('',(0.,0.,1.));
#1059 = DIRECTION('',(1.,0.,0.));
#1060 = ORIENTED_EDGE('',*,*,#1061,.T.);
#1061 = EDGE_CURVE('',#1053,#1062,#1064,.T.);
#1062 = VERTEX_POINT('',#1063);
#1063 = CARTESIAN_POINT('',(15.713694553162,84.3,-10.57));
#1064 = LINE('',#1065,#1066);
#1065 = CARTESIAN_POINT('',(15.713694553162,84.3,-9.27));
#1066 = VECTOR('',#1067,1.);
#1067 = DIRECTION('',(-0.,-0.,-1.));
#1068 = ORIENTED_EDGE('',*,*,#1069,.F.);
#1069 = EDGE_CURVE('',#1070,#1062,#1072,.T.);
#1070 = VERTEX_POINT('',#1071);
#1071 = CARTESIAN_POINT('',(17.850236588295,80.088568197936,-10.57));
#1072 = CIRCLE('',#1073,8.5);
#1073 = AXIS2_PLACEMENT_3D('',#1074,#1075,#1076);
#1074 = CARTESIAN_POINT('',(9.5,78.5,-10.57));
#1075 = DIRECTION('',(0.,0.,1.));
#1076 = DIRECTION('',(1.,0.,0.));
#1077 = ORIENTED_EDGE('',*,*,#1078,.T.);
#1078 = EDGE_CURVE('',#1070,#968,#1079,.T.);
#1079 = LINE('',#1080,#1081);
#1080 = CARTESIAN_POINT('',(17.850236588295,80.088568197936,-10.57));
#1081 = VECTOR('',#1082,1.);
#1082 = DIRECTION('',(-0.,-0.,-1.));
#1083 = CYLINDRICAL_SURFACE('',#1084,8.5);
#1084 = AXIS2_PLACEMENT_3D('',#1085,#1086,#1087);
#1085 = CARTESIAN_POINT('',(9.5,78.5,-9.27));
#1086 = DIRECTION('',(-0.,-0.,-1.));
#1087 = DIRECTION('',(1.,0.,0.));
#1088 = ADVANCED_FACE('',(#1089),#1114,.F.);
#1089 = FACE_BOUND('',#1090,.F.);
#1090 = EDGE_LOOP('',(#1091,#1101,#1107,#1108));
#1091 = ORIENTED_EDGE('',*,*,#1092,.F.);
#1092 = EDGE_CURVE('',#1093,#1095,#1097,.T.);
#1093 = VERTEX_POINT('',#1094);
#1094 = CARTESIAN_POINT('',(0.,72.,0.));
#1095 = VERTEX_POINT('',#1096);
#1096 = CARTESIAN_POINT('',(1.8,72.,0.));
#1097 = LINE('',#1098,#1099);
#1098 = CARTESIAN_POINT('',(0.,72.,0.));
#1099 = VECTOR('',#1100,1.);
#1100 = DIRECTION('',(1.,0.,0.));
#1101 = ORIENTED_EDGE('',*,*,#1102,.T.);
#1102 = EDGE_CURVE('',#1093,#119,#1103,.T.);
#1103 = LINE('',#1104,#1105);
#1104 = CARTESIAN_POINT('',(0.,72.,0.));
#1105 = VECTOR('',#1106,1.);
#1106 = DIRECTION('',(0.,0.,1.));
#1107 = ORIENTED_EDGE('',*,*,#126,.F.);
#1108 = ORIENTED_EDGE('',*,*,#1109,.T.);
#1109 = EDGE_CURVE('',#127,#1095,#1110,.T.);
#1110 = LINE('',#1111,#1112);
#1111 = CARTESIAN_POINT('',(1.8,72.,-4.635));
#1112 = VECTOR('',#1113,1.);
#1113 = DIRECTION('',(0.,0.,-1.));
#1114 = PLANE('',#1115);
#1115 = AXIS2_PLACEMENT_3D('',#1116,#1117,#1118);
#1116 = CARTESIAN_POINT('',(0.,72.,0.));
#1117 = DIRECTION('',(0.,1.,0.));
#1118 = DIRECTION('',(1.,0.,0.));
#1119 = ADVANCED_FACE('',(#1120),#1138,.F.);
#1120 = FACE_BOUND('',#1121,.F.);
#1121 = EDGE_LOOP('',(#1122,#1130,#1136,#1137));
#1122 = ORIENTED_EDGE('',*,*,#1123,.F.);
#1123 = EDGE_CURVE('',#1124,#1093,#1126,.T.);
#1124 = VERTEX_POINT('',#1125);
#1125 = CARTESIAN_POINT('',(0.,0.,0.));
#1126 = LINE('',#1127,#1128);
#1127 = CARTESIAN_POINT('',(0.,0.,0.));
#1128 = VECTOR('',#1129,1.);
#1129 = DIRECTION('',(0.,1.,0.));
#1130 = ORIENTED_EDGE('',*,*,#1131,.T.);
#1131 = EDGE_CURVE('',#1124,#111,#1132,.T.);
#1132 = LINE('',#1133,#1134);
#1133 = CARTESIAN_POINT('',(0.,0.,0.));
#1134 = VECTOR('',#1135,1.);
#1135 = DIRECTION('',(0.,0.,1.));
#1136 = ORIENTED_EDGE('',*,*,#118,.F.);
#1137 = ORIENTED_EDGE('',*,*,#1102,.F.);
#1138 = PLANE('',#1139);
#1139 = AXIS2_PLACEMENT_3D('',#1140,#1141,#1142);
#1140 = CARTESIAN_POINT('',(0.,0.,0.));
#1141 = DIRECTION('',(-1.,0.,0.));
#1142 = DIRECTION('',(0.,1.,0.));
#1143 = ADVANCED_FACE('',(#1144),#1155,.F.);
#1144 = FACE_BOUND('',#1145,.F.);
#1145 = EDGE_LOOP('',(#1146,#1152,#1153,#1154));
#1146 = ORIENTED_EDGE('',*,*,#1147,.F.);
#1147 = EDGE_CURVE('',#280,#1124,#1148,.T.);
#1148 = LINE('',#1149,#1150);
#1149 = CARTESIAN_POINT('',(63.,0.,0.));
#1150 = VECTOR('',#1151,1.);
#1151 = DIRECTION('',(-1.,0.,0.));
#1152 = ORIENTED_EDGE('',*,*,#303,.F.);
#1153 = ORIENTED_EDGE('',*,*,#110,.F.);
#1154 = ORIENTED_EDGE('',*,*,#1131,.F.);
#1155 = PLANE('',#1156);
#1156 = AXIS2_PLACEMENT_3D('',#1157,#1158,#1159);
#1157 = CARTESIAN_POINT('',(63.,0.,0.));
#1158 = DIRECTION('',(0.,-1.,0.));
#1159 = DIRECTION('',(-1.,0.,0.));
#1160 = ADVANCED_FACE('',(#1161),#1248,.T.);
#1161 = FACE_BOUND('',#1162,.T.);
#1162 = EDGE_LOOP('',(#1163,#1164,#1165,#1173,#1182,#1190,#1198,#1206,
    #1214,#1222,#1230,#1236,#1237,#1238,#1239,#1240,#1246,#1247));
#1163 = ORIENTED_EDGE('',*,*,#519,.F.);
#1164 = ORIENTED_EDGE('',*,*,#543,.F.);
#1165 = ORIENTED_EDGE('',*,*,#1166,.F.);
#1166 = EDGE_CURVE('',#1167,#544,#1169,.T.);
#1167 = VERTEX_POINT('',#1168);
#1168 = CARTESIAN_POINT('',(61.2,56.1,0.));
#1169 = LINE('',#1170,#1171);
#1170 = CARTESIAN_POINT('',(61.2,48.7,0.));
#1171 = VECTOR('',#1172,1.);
#1172 = DIRECTION('',(0.,1.,0.));
#1173 = ORIENTED_EDGE('',*,*,#1174,.T.);
#1174 = EDGE_CURVE('',#1167,#1175,#1177,.T.);
#1175 = VERTEX_POINT('',#1176);
#1176 = CARTESIAN_POINT('',(61.2,48.9,0.));
#1177 = CIRCLE('',#1178,8.5);
#1178 = AXIS2_PLACEMENT_3D('',#1179,#1180,#1181);
#1179 = CARTESIAN_POINT('',(53.5,52.5,0.));
#1180 = DIRECTION('',(0.,0.,-1.));
#1181 = DIRECTION('',(1.,0.,0.));
#1182 = ORIENTED_EDGE('',*,*,#1183,.F.);
#1183 = EDGE_CURVE('',#1184,#1175,#1186,.T.);
#1184 = VERTEX_POINT('',#1185);
#1185 = CARTESIAN_POINT('',(61.2,33.,0.));
#1186 = LINE('',#1187,#1188);
#1187 = CARTESIAN_POINT('',(61.2,35.7,0.));
#1188 = VECTOR('',#1189,1.);
#1189 = DIRECTION('',(0.,1.,0.));
#1190 = ORIENTED_EDGE('',*,*,#1191,.F.);
#1191 = EDGE_CURVE('',#1192,#1184,#1194,.T.);
#1192 = VERTEX_POINT('',#1193);
#1193 = CARTESIAN_POINT('',(60.,33.,0.));
#1194 = LINE('',#1195,#1196);
#1195 = CARTESIAN_POINT('',(60.,33.,0.));
#1196 = VECTOR('',#1197,1.);
#1197 = DIRECTION('',(1.,0.,0.));
#1198 = ORIENTED_EDGE('',*,*,#1199,.T.);
#1199 = EDGE_CURVE('',#1192,#1200,#1202,.T.);
#1200 = VERTEX_POINT('',#1201);
#1201 = CARTESIAN_POINT('',(60.,2.,0.));
#1202 = LINE('',#1203,#1204);
#1203 = CARTESIAN_POINT('',(60.,33.,0.));
#1204 = VECTOR('',#1205,1.);
#1205 = DIRECTION('',(0.,-1.,0.));
#1206 = ORIENTED_EDGE('',*,*,#1207,.T.);
#1207 = EDGE_CURVE('',#1200,#1208,#1210,.T.);
#1208 = VERTEX_POINT('',#1209);
#1209 = CARTESIAN_POINT('',(3.,2.,0.));
#1210 = LINE('',#1211,#1212);
#1211 = CARTESIAN_POINT('',(60.,2.,0.));
#1212 = VECTOR('',#1213,1.);
#1213 = DIRECTION('',(-1.,0.,0.));
#1214 = ORIENTED_EDGE('',*,*,#1215,.T.);
#1215 = EDGE_CURVE('',#1208,#1216,#1218,.T.);
#1216 = VERTEX_POINT('',#1217);
#1217 = CARTESIAN_POINT('',(3.,44.6,0.));
#1218 = LINE('',#1219,#1220);
#1219 = CARTESIAN_POINT('',(3.,2.,0.));
#1220 = VECTOR('',#1221,1.);
#1221 = DIRECTION('',(0.,1.,0.));
#1222 = ORIENTED_EDGE('',*,*,#1223,.F.);
#1223 = EDGE_CURVE('',#1224,#1216,#1226,.T.);
#1224 = VERTEX_POINT('',#1225);
#1225 = CARTESIAN_POINT('',(1.8,44.6,0.));
#1226 = LINE('',#1227,#1228);
#1227 = CARTESIAN_POINT('',(1.8,44.6,0.));
#1228 = VECTOR('',#1229,1.);
#1229 = DIRECTION('',(1.,0.,0.));
#1230 = ORIENTED_EDGE('',*,*,#1231,.F.);
#1231 = EDGE_CURVE('',#1095,#1224,#1232,.T.);
#1232 = LINE('',#1233,#1234);
#1233 = CARTESIAN_POINT('',(1.8,70.,0.));
#1234 = VECTOR('',#1235,1.);
#1235 = DIRECTION('',(0.,-1.,0.));
#1236 = ORIENTED_EDGE('',*,*,#1092,.F.);
#1237 = ORIENTED_EDGE('',*,*,#1123,.F.);
#1238 = ORIENTED_EDGE('',*,*,#1147,.F.);
#1239 = ORIENTED_EDGE('',*,*,#277,.F.);
#1240 = ORIENTED_EDGE('',*,*,#1241,.F.);
#1241 = EDGE_CURVE('',#345,#278,#1242,.T.);
#1242 = LINE('',#1243,#1244);
#1243 = CARTESIAN_POINT('',(34.,0.5,0.));
#1244 = VECTOR('',#1245,1.);
#1245 = DIRECTION('',(-1.,0.,0.));
#1246 = ORIENTED_EDGE('',*,*,#352,.F.);
#1247 = ORIENTED_EDGE('',*,*,#495,.F.);
#1248 = PLANE('',#1249);
#1249 = AXIS2_PLACEMENT_3D('',#1250,#1251,#1252);
#1250 = CARTESIAN_POINT('',(31.5,39.121638924456,0.));
#1251 = DIRECTION('',(0.,0.,1.));
#1252 = DIRECTION('',(1.,0.,0.));
#1253 = ADVANCED_FACE('',(#1254),#1260,.F.);
#1254 = FACE_BOUND('',#1255,.F.);
#1255 = EDGE_LOOP('',(#1256,#1257,#1258,#1259));
#1256 = ORIENTED_EDGE('',*,*,#1241,.F.);
#1257 = ORIENTED_EDGE('',*,*,#344,.T.);
#1258 = ORIENTED_EDGE('',*,*,#326,.T.);
#1259 = ORIENTED_EDGE('',*,*,#287,.F.);
#1260 = PLANE('',#1261);
#1261 = AXIS2_PLACEMENT_3D('',#1262,#1263,#1264);
#1262 = CARTESIAN_POINT('',(36.5,0.5,1.46));
#1263 = DIRECTION('',(0.,1.,0.));
#1264 = DIRECTION('',(-1.,0.,0.));
#1265 = ADVANCED_FACE('',(#1266),#1285,.F.);
#1266 = FACE_BOUND('',#1267,.F.);
#1267 = EDGE_LOOP('',(#1268,#1277,#1283,#1284));
#1268 = ORIENTED_EDGE('',*,*,#1269,.F.);
#1269 = EDGE_CURVE('',#1270,#1270,#1272,.T.);
#1270 = VERTEX_POINT('',#1271);
#1271 = CARTESIAN_POINT('',(57.25,52.5,-11.22));
#1272 = CIRCLE('',#1273,3.75);
#1273 = AXIS2_PLACEMENT_3D('',#1274,#1275,#1276);
#1274 = CARTESIAN_POINT('',(53.5,52.5,-11.22));
#1275 = DIRECTION('',(0.,0.,1.));
#1276 = DIRECTION('',(1.,0.,0.));
#1277 = ORIENTED_EDGE('',*,*,#1278,.T.);
#1278 = EDGE_CURVE('',#1270,#417,#1279,.T.);
#1279 = LINE('',#1280,#1281);
#1280 = CARTESIAN_POINT('',(57.25,52.5,-11.22));
#1281 = VECTOR('',#1282,1.);
#1282 = DIRECTION('',(-0.,-0.,-1.));
#1283 = ORIENTED_EDGE('',*,*,#416,.T.);
#1284 = ORIENTED_EDGE('',*,*,#1278,.F.);
#1285 = CYLINDRICAL_SURFACE('',#1286,3.75);
#1286 = AXIS2_PLACEMENT_3D('',#1287,#1288,#1289);
#1287 = CARTESIAN_POINT('',(53.5,52.5,-11.22));
#1288 = DIRECTION('',(0.,0.,1.));
#1289 = DIRECTION('',(1.,0.,0.));
#1290 = ADVANCED_FACE('',(#1291),#1310,.F.);
#1291 = FACE_BOUND('',#1292,.F.);
#1292 = EDGE_LOOP('',(#1293,#1302,#1308,#1309));
#1293 = ORIENTED_EDGE('',*,*,#1294,.F.);
#1294 = EDGE_CURVE('',#1295,#1295,#1297,.T.);
#1295 = VERTEX_POINT('',#1296);
#1296 = CARTESIAN_POINT('',(12.6,52.5,-10.9));
#1297 = CIRCLE('',#1298,3.1);
#1298 = AXIS2_PLACEMENT_3D('',#1299,#1300,#1301);
#1299 = CARTESIAN_POINT('',(9.5,52.5,-10.9));
#1300 = DIRECTION('',(0.,0.,1.));
#1301 = DIRECTION('',(1.,0.,0.));
#1302 = ORIENTED_EDGE('',*,*,#1303,.T.);
#1303 = EDGE_CURVE('',#1295,#428,#1304,.T.);
#1304 = LINE('',#1305,#1306);
#1305 = CARTESIAN_POINT('',(12.6,52.5,-10.9));
#1306 = VECTOR('',#1307,1.);
#1307 = DIRECTION('',(-0.,-0.,-1.));
#1308 = ORIENTED_EDGE('',*,*,#427,.T.);
#1309 = ORIENTED_EDGE('',*,*,#1303,.F.);
#1310 = CYLINDRICAL_SURFACE('',#1311,3.1);
#1311 = AXIS2_PLACEMENT_3D('',#1312,#1313,#1314);
#1312 = CARTESIAN_POINT('',(9.5,52.5,-10.9));
#1313 = DIRECTION('',(0.,0.,1.));
#1314 = DIRECTION('',(1.,0.,0.));
#1315 = ADVANCED_FACE('',(#1316),#1335,.F.);
#1316 = FACE_BOUND('',#1317,.F.);
#1317 = EDGE_LOOP('',(#1318,#1327,#1333,#1334));
#1318 = ORIENTED_EDGE('',*,*,#1319,.F.);
#1319 = EDGE_CURVE('',#1320,#1320,#1322,.T.);
#1320 = VERTEX_POINT('',#1321);
#1321 = CARTESIAN_POINT('',(57.25,78.5,-11.22));
#1322 = CIRCLE('',#1323,3.75);
#1323 = AXIS2_PLACEMENT_3D('',#1324,#1325,#1326);
#1324 = CARTESIAN_POINT('',(53.5,78.5,-11.22));
#1325 = DIRECTION('',(0.,0.,1.));
#1326 = DIRECTION('',(1.,0.,0.));
#1327 = ORIENTED_EDGE('',*,*,#1328,.T.);
#1328 = EDGE_CURVE('',#1320,#439,#1329,.T.);
#1329 = LINE('',#1330,#1331);
#1330 = CARTESIAN_POINT('',(57.25,78.5,-11.22));
#1331 = VECTOR('',#1332,1.);
#1332 = DIRECTION('',(-0.,-0.,-1.));
#1333 = ORIENTED_EDGE('',*,*,#438,.T.);
#1334 = ORIENTED_EDGE('',*,*,#1328,.F.);
#1335 = CYLINDRICAL_SURFACE('',#1336,3.75);
#1336 = AXIS2_PLACEMENT_3D('',#1337,#1338,#1339);
#1337 = CARTESIAN_POINT('',(53.5,78.5,-11.22));
#1338 = DIRECTION('',(0.,0.,1.));
#1339 = DIRECTION('',(1.,0.,0.));
#1340 = ADVANCED_FACE('',(#1341),#1360,.F.);
#1341 = FACE_BOUND('',#1342,.F.);
#1342 = EDGE_LOOP('',(#1343,#1352,#1358,#1359));
#1343 = ORIENTED_EDGE('',*,*,#1344,.F.);
#1344 = EDGE_CURVE('',#1345,#1345,#1347,.T.);
#1345 = VERTEX_POINT('',#1346);
#1346 = CARTESIAN_POINT('',(13.25,78.5,-11.22));
#1347 = CIRCLE('',#1348,3.75);
#1348 = AXIS2_PLACEMENT_3D('',#1349,#1350,#1351);
#1349 = CARTESIAN_POINT('',(9.5,78.5,-11.22));
#1350 = DIRECTION('',(0.,0.,1.));
#1351 = DIRECTION('',(1.,0.,0.));
#1352 = ORIENTED_EDGE('',*,*,#1353,.T.);
#1353 = EDGE_CURVE('',#1345,#450,#1354,.T.);
#1354 = LINE('',#1355,#1356);
#1355 = CARTESIAN_POINT('',(13.25,78.5,-11.22));
#1356 = VECTOR('',#1357,1.);
#1357 = DIRECTION('',(-0.,-0.,-1.));
#1358 = ORIENTED_EDGE('',*,*,#449,.T.);
#1359 = ORIENTED_EDGE('',*,*,#1353,.F.);
#1360 = CYLINDRICAL_SURFACE('',#1361,3.75);
#1361 = AXIS2_PLACEMENT_3D('',#1362,#1363,#1364);
#1362 = CARTESIAN_POINT('',(9.5,78.5,-11.22));
#1363 = DIRECTION('',(0.,0.,1.));
#1364 = DIRECTION('',(1.,0.,0.));
#1365 = ADVANCED_FACE('',(#1366,#1391),#1425,.T.);
#1366 = FACE_BOUND('',#1367,.T.);
#1367 = EDGE_LOOP('',(#1368,#1376,#1377,#1383,#1384,#1385));
#1368 = ORIENTED_EDGE('',*,*,#1369,.T.);
#1369 = EDGE_CURVE('',#1370,#604,#1372,.T.);
#1370 = VERTEX_POINT('',#1371);
#1371 = CARTESIAN_POINT('',(61.2,61.4,-9.27));
#1372 = LINE('',#1373,#1374);
#1373 = CARTESIAN_POINT('',(61.2,61.4,-9.27));
#1374 = VECTOR('',#1375,1.);
#1375 = DIRECTION('',(0.,1.,0.));
#1376 = ORIENTED_EDGE('',*,*,#603,.F.);
#1377 = ORIENTED_EDGE('',*,*,#1378,.F.);
#1378 = EDGE_CURVE('',#628,#596,#1379,.T.);
#1379 = LINE('',#1380,#1381);
#1380 = CARTESIAN_POINT('',(47.286305446838,72.7,-9.27));
#1381 = VECTOR('',#1382,1.);
#1382 = DIRECTION('',(1.,0.,0.));
#1383 = ORIENTED_EDGE('',*,*,#627,.F.);
#1384 = ORIENTED_EDGE('',*,*,#701,.T.);
#1385 = ORIENTED_EDGE('',*,*,#1386,.T.);
#1386 = EDGE_CURVE('',#702,#1370,#1387,.T.);
#1387 = LINE('',#1388,#1389);
#1388 = CARTESIAN_POINT('',(45.8,61.4,-9.27));
#1389 = VECTOR('',#1390,1.);
#1390 = DIRECTION('',(1.,0.,0.));
#1391 = FACE_BOUND('',#1392,.T.);
#1392 = EDGE_LOOP('',(#1393,#1403,#1411,#1419));
#1393 = ORIENTED_EDGE('',*,*,#1394,.F.);
#1394 = EDGE_CURVE('',#1395,#1397,#1399,.T.);
#1395 = VERTEX_POINT('',#1396);
#1396 = CARTESIAN_POINT('',(46.82,72.1,-9.27));
#1397 = VERTEX_POINT('',#1398);
#1398 = CARTESIAN_POINT('',(46.82,68.4,-9.27));
#1399 = LINE('',#1400,#1401);
#1400 = CARTESIAN_POINT('',(46.82,72.1,-9.27));
#1401 = VECTOR('',#1402,1.);
#1402 = DIRECTION('',(0.,-1.,0.));
#1403 = ORIENTED_EDGE('',*,*,#1404,.F.);
#1404 = EDGE_CURVE('',#1405,#1395,#1407,.T.);
#1405 = VERTEX_POINT('',#1406);
#1406 = CARTESIAN_POINT('',(60.2,72.1,-9.27));
#1407 = LINE('',#1408,#1409);
#1408 = CARTESIAN_POINT('',(60.2,72.1,-9.27));
#1409 = VECTOR('',#1410,1.);
#1410 = DIRECTION('',(-1.,0.,0.));
#1411 = ORIENTED_EDGE('',*,*,#1412,.F.);
#1412 = EDGE_CURVE('',#1413,#1405,#1415,.T.);
#1413 = VERTEX_POINT('',#1414);
#1414 = CARTESIAN_POINT('',(60.2,68.4,-9.27));
#1415 = LINE('',#1416,#1417);
#1416 = CARTESIAN_POINT('',(60.2,68.4,-9.27));
#1417 = VECTOR('',#1418,1.);
#1418 = DIRECTION('',(0.,1.,0.));
#1419 = ORIENTED_EDGE('',*,*,#1420,.F.);
#1420 = EDGE_CURVE('',#1397,#1413,#1421,.T.);
#1421 = LINE('',#1422,#1423);
#1422 = CARTESIAN_POINT('',(46.82,68.4,-9.27));
#1423 = VECTOR('',#1424,1.);
#1424 = DIRECTION('',(1.,0.,0.));
#1425 = PLANE('',#1426);
#1426 = AXIS2_PLACEMENT_3D('',#1427,#1428,#1429);
#1427 = CARTESIAN_POINT('',(53.5,72.555848118596,-9.27));
#1428 = DIRECTION('',(0.,0.,1.));
#1429 = DIRECTION('',(1.,0.,0.));
#1430 = ADVANCED_FACE('',(#1431),#1449,.T.);
#1431 = FACE_BOUND('',#1432,.T.);
#1432 = EDGE_LOOP('',(#1433,#1434,#1435,#1443));
#1433 = ORIENTED_EDGE('',*,*,#1386,.F.);
#1434 = ORIENTED_EDGE('',*,*,#743,.T.);
#1435 = ORIENTED_EDGE('',*,*,#1436,.T.);
#1436 = EDGE_CURVE('',#736,#1437,#1439,.T.);
#1437 = VERTEX_POINT('',#1438);
#1438 = CARTESIAN_POINT('',(61.2,61.4,-2.));
#1439 = LINE('',#1440,#1441);
#1440 = CARTESIAN_POINT('',(38.677315541601,61.4,-2.));
#1441 = VECTOR('',#1442,1.);
#1442 = DIRECTION('',(1.,0.,0.));
#1443 = ORIENTED_EDGE('',*,*,#1444,.F.);
#1444 = EDGE_CURVE('',#1370,#1437,#1445,.T.);
#1445 = LINE('',#1446,#1447);
#1446 = CARTESIAN_POINT('',(61.2,61.4,-9.27));
#1447 = VECTOR('',#1448,1.);
#1448 = DIRECTION('',(0.,0.,1.));
#1449 = PLANE('',#1450);
#1450 = AXIS2_PLACEMENT_3D('',#1451,#1452,#1453);
#1451 = CARTESIAN_POINT('',(45.8,61.4,-9.27));
#1452 = DIRECTION('',(0.,1.,0.));
#1453 = DIRECTION('',(1.,0.,0.));
#1454 = ADVANCED_FACE('',(#1455),#1480,.T.);
#1455 = FACE_BOUND('',#1456,.T.);
#1456 = EDGE_LOOP('',(#1457,#1465,#1473,#1479));
#1457 = ORIENTED_EDGE('',*,*,#1458,.T.);
#1458 = EDGE_CURVE('',#570,#1459,#1461,.T.);
#1459 = VERTEX_POINT('',#1460);
#1460 = CARTESIAN_POINT('',(60.646659876658,79.887677155286,-13.57));
#1461 = LINE('',#1462,#1463);
#1462 = CARTESIAN_POINT('',(61.850236588295,80.088568197936,-13.57));
#1463 = VECTOR('',#1464,1.);
#1464 = DIRECTION('',(-0.986354701848,-0.164634146341,0.));
#1465 = ORIENTED_EDGE('',*,*,#1466,.T.);
#1466 = EDGE_CURVE('',#1459,#1467,#1469,.T.);
#1467 = VERTEX_POINT('',#1468);
#1468 = CARTESIAN_POINT('',(60.646659876658,77.112322844714,-13.57));
#1469 = LINE('',#1470,#1471);
#1470 = CARTESIAN_POINT('',(60.646659876658,79.887677155286,-13.57));
#1471 = VECTOR('',#1472,1.);
#1472 = DIRECTION('',(0.,-1.,0.));
#1473 = ORIENTED_EDGE('',*,*,#1474,.T.);
#1474 = EDGE_CURVE('',#1467,#568,#1475,.T.);
#1475 = LINE('',#1476,#1477);
#1476 = CARTESIAN_POINT('',(60.646659876658,77.112322844714,-13.57));
#1477 = VECTOR('',#1478,1.);
#1478 = DIRECTION('',(0.986354701848,-0.164634146341,0.));
#1479 = ORIENTED_EDGE('',*,*,#567,.T.);
#1480 = PLANE('',#1481);
#1481 = AXIS2_PLACEMENT_3D('',#1482,#1483,#1484);
#1482 = CARTESIAN_POINT('',(61.312088733951,78.5,-13.57));
#1483 = DIRECTION('',(0.,0.,1.));
#1484 = DIRECTION('',(1.,0.,0.));
#1485 = ADVANCED_FACE('',(#1486),#1504,.F.);
#1486 = FACE_BOUND('',#1487,.F.);
#1487 = EDGE_LOOP('',(#1488,#1496,#1497,#1498));
#1488 = ORIENTED_EDGE('',*,*,#1489,.T.);
#1489 = EDGE_CURVE('',#1490,#1467,#1492,.T.);
#1490 = VERTEX_POINT('',#1491);
#1491 = CARTESIAN_POINT('',(60.646659876658,77.112322844714,-10.57));
#1492 = LINE('',#1493,#1494);
#1493 = CARTESIAN_POINT('',(60.646659876658,77.112322844714,-10.57));
#1494 = VECTOR('',#1495,1.);
#1495 = DIRECTION('',(-0.,-0.,-1.));
#1496 = ORIENTED_EDGE('',*,*,#1474,.T.);
#1497 = ORIENTED_EDGE('',*,*,#578,.F.);
#1498 = ORIENTED_EDGE('',*,*,#1499,.F.);
#1499 = EDGE_CURVE('',#1490,#579,#1500,.T.);
#1500 = LINE('',#1501,#1502);
#1501 = CARTESIAN_POINT('',(60.646659876658,77.112322844714,-10.57));
#1502 = VECTOR('',#1503,1.);
#1503 = DIRECTION('',(0.986354701848,-0.164634146341,0.));
#1504 = PLANE('',#1505);
#1505 = AXIS2_PLACEMENT_3D('',#1506,#1507,#1508);
#1506 = CARTESIAN_POINT('',(60.646659876658,77.112322844714,-10.57));
#1507 = DIRECTION('',(-0.164634146341,-0.986354701848,0.));
#1508 = DIRECTION('',(0.986354701848,-0.164634146341,0.));
#1509 = ADVANCED_FACE('',(#1510),#1552,.T.);
#1510 = FACE_BOUND('',#1511,.T.);
#1511 = EDGE_LOOP('',(#1512,#1513,#1521,#1530,#1536,#1537,#1538,#1546));
#1512 = ORIENTED_EDGE('',*,*,#678,.T.);
#1513 = ORIENTED_EDGE('',*,*,#1514,.T.);
#1514 = EDGE_CURVE('',#671,#1515,#1517,.T.);
#1515 = VERTEX_POINT('',#1516);
#1516 = CARTESIAN_POINT('',(55.690890230021,84.3,-10.57));
#1517 = LINE('',#1518,#1519);
#1518 = CARTESIAN_POINT('',(59.713694553162,84.3,-10.57));
#1519 = VECTOR('',#1520,1.);
#1520 = DIRECTION('',(-1.,0.,0.));
#1521 = ORIENTED_EDGE('',*,*,#1522,.F.);
#1522 = EDGE_CURVE('',#1523,#1515,#1525,.T.);
#1523 = VERTEX_POINT('',#1524);
#1524 = CARTESIAN_POINT('',(55.690890230021,72.7,-10.57));
#1525 = CIRCLE('',#1526,6.2);
#1526 = AXIS2_PLACEMENT_3D('',#1527,#1528,#1529);
#1527 = CARTESIAN_POINT('',(53.5,78.5,-10.57));
#1528 = DIRECTION('',(0.,0.,1.));
#1529 = DIRECTION('',(1.,0.,0.));
#1530 = ORIENTED_EDGE('',*,*,#1531,.T.);
#1531 = EDGE_CURVE('',#1523,#587,#1532,.T.);
#1532 = LINE('',#1533,#1534);
#1533 = CARTESIAN_POINT('',(47.286305446838,72.7,-10.57));
#1534 = VECTOR('',#1535,1.);
#1535 = DIRECTION('',(1.,0.,0.));
#1536 = ORIENTED_EDGE('',*,*,#586,.T.);
#1537 = ORIENTED_EDGE('',*,*,#1499,.F.);
#1538 = ORIENTED_EDGE('',*,*,#1539,.F.);
#1539 = EDGE_CURVE('',#1540,#1490,#1542,.T.);
#1540 = VERTEX_POINT('',#1541);
#1541 = CARTESIAN_POINT('',(60.646659876658,79.887677155286,-10.57));
#1542 = LINE('',#1543,#1544);
#1543 = CARTESIAN_POINT('',(60.646659876658,79.887677155286,-10.57));
#1544 = VECTOR('',#1545,1.);
#1545 = DIRECTION('',(0.,-1.,0.));
#1546 = ORIENTED_EDGE('',*,*,#1547,.F.);
#1547 = EDGE_CURVE('',#679,#1540,#1548,.T.);
#1548 = LINE('',#1549,#1550);
#1549 = CARTESIAN_POINT('',(61.850236588295,80.088568197936,-10.57));
#1550 = VECTOR('',#1551,1.);
#1551 = DIRECTION('',(-0.986354701848,-0.164634146341,0.));
#1552 = PLANE('',#1553);
#1553 = AXIS2_PLACEMENT_3D('',#1554,#1555,#1556);
#1554 = CARTESIAN_POINT('',(53.5,78.5,-10.57));
#1555 = DIRECTION('',(0.,0.,1.));
#1556 = DIRECTION('',(1.,0.,0.));
#1557 = ADVANCED_FACE('',(#1558),#1578,.F.);
#1558 = FACE_BOUND('',#1559,.F.);
#1559 = EDGE_LOOP('',(#1560,#1561,#1569,#1575,#1576,#1577));
#1560 = ORIENTED_EDGE('',*,*,#636,.T.);
#1561 = ORIENTED_EDGE('',*,*,#1562,.T.);
#1562 = EDGE_CURVE('',#637,#1563,#1565,.T.);
#1563 = VERTEX_POINT('',#1564);
#1564 = CARTESIAN_POINT('',(51.309109769979,72.7,-10.57));
#1565 = LINE('',#1566,#1567);
#1566 = CARTESIAN_POINT('',(47.286305446838,72.7,-10.57));
#1567 = VECTOR('',#1568,1.);
#1568 = DIRECTION('',(1.,0.,0.));
#1569 = ORIENTED_EDGE('',*,*,#1570,.T.);
#1570 = EDGE_CURVE('',#1563,#1523,#1571,.T.);
#1571 = LINE('',#1572,#1573);
#1572 = CARTESIAN_POINT('',(47.286305446838,72.7,-10.57));
#1573 = VECTOR('',#1574,1.);
#1574 = DIRECTION('',(1.,0.,0.));
#1575 = ORIENTED_EDGE('',*,*,#1531,.T.);
#1576 = ORIENTED_EDGE('',*,*,#595,.F.);
#1577 = ORIENTED_EDGE('',*,*,#1378,.F.);
#1578 = PLANE('',#1579);
#1579 = AXIS2_PLACEMENT_3D('',#1580,#1581,#1582);
#1580 = CARTESIAN_POINT('',(47.286305446838,72.7,-9.27));
#1581 = DIRECTION('',(0.,-1.,0.));
#1582 = DIRECTION('',(1.,0.,0.));
#1583 = ADVANCED_FACE('',(#1584),#1603,.T.);
#1584 = FACE_BOUND('',#1585,.T.);
#1585 = EDGE_LOOP('',(#1586,#1594,#1595,#1596));
#1586 = ORIENTED_EDGE('',*,*,#1587,.T.);
#1587 = EDGE_CURVE('',#1588,#645,#1590,.T.);
#1588 = VERTEX_POINT('',#1589);
#1589 = CARTESIAN_POINT('',(51.309109769979,84.3,-10.57));
#1590 = LINE('',#1591,#1592);
#1591 = CARTESIAN_POINT('',(59.713694553162,84.3,-10.57));
#1592 = VECTOR('',#1593,1.);
#1593 = DIRECTION('',(-1.,0.,0.));
#1594 = ORIENTED_EDGE('',*,*,#644,.T.);
#1595 = ORIENTED_EDGE('',*,*,#1562,.T.);
#1596 = ORIENTED_EDGE('',*,*,#1597,.F.);
#1597 = EDGE_CURVE('',#1588,#1563,#1598,.T.);
#1598 = CIRCLE('',#1599,6.2);
#1599 = AXIS2_PLACEMENT_3D('',#1600,#1601,#1602);
#1600 = CARTESIAN_POINT('',(53.5,78.5,-10.57));
#1601 = DIRECTION('',(0.,0.,1.));
#1602 = DIRECTION('',(1.,0.,0.));
#1603 = PLANE('',#1604);
#1604 = AXIS2_PLACEMENT_3D('',#1605,#1606,#1607);
#1605 = CARTESIAN_POINT('',(53.5,78.5,-10.57));
#1606 = DIRECTION('',(0.,0.,1.));
#1607 = DIRECTION('',(1.,0.,0.));
#1608 = ADVANCED_FACE('',(#1609),#1627,.F.);
#1609 = FACE_BOUND('',#1610,.F.);
#1610 = EDGE_LOOP('',(#1611,#1612,#1613,#1619,#1620,#1621));
#1611 = ORIENTED_EDGE('',*,*,#670,.T.);
#1612 = ORIENTED_EDGE('',*,*,#1514,.T.);
#1613 = ORIENTED_EDGE('',*,*,#1614,.T.);
#1614 = EDGE_CURVE('',#1515,#1588,#1615,.T.);
#1615 = LINE('',#1616,#1617);
#1616 = CARTESIAN_POINT('',(59.713694553162,84.3,-10.57));
#1617 = VECTOR('',#1618,1.);
#1618 = DIRECTION('',(-1.,0.,0.));
#1619 = ORIENTED_EDGE('',*,*,#1587,.T.);
#1620 = ORIENTED_EDGE('',*,*,#653,.F.);
#1621 = ORIENTED_EDGE('',*,*,#1622,.F.);
#1622 = EDGE_CURVE('',#662,#654,#1623,.T.);
#1623 = LINE('',#1624,#1625);
#1624 = CARTESIAN_POINT('',(59.713694553162,84.3,-9.27));
#1625 = VECTOR('',#1626,1.);
#1626 = DIRECTION('',(-1.,0.,0.));
#1627 = PLANE('',#1628);
#1628 = AXIS2_PLACEMENT_3D('',#1629,#1630,#1631);
#1629 = CARTESIAN_POINT('',(59.713694553162,84.3,-9.27));
#1630 = DIRECTION('',(0.,1.,0.));
#1631 = DIRECTION('',(-1.,0.,0.));
#1632 = ADVANCED_FACE('',(#1633),#1637,.T.);
#1633 = FACE_BOUND('',#1634,.T.);
#1634 = EDGE_LOOP('',(#1635,#1636));
#1635 = ORIENTED_EDGE('',*,*,#1622,.F.);
#1636 = ORIENTED_EDGE('',*,*,#661,.T.);
#1637 = PLANE('',#1638);
#1638 = AXIS2_PLACEMENT_3D('',#1639,#1640,#1641);
#1639 = CARTESIAN_POINT('',(53.5,72.555848118596,-9.27));
#1640 = DIRECTION('',(0.,0.,1.));
#1641 = DIRECTION('',(1.,0.,0.));
#1642 = ADVANCED_FACE('',(#1643),#1654,.F.);
#1643 = FACE_BOUND('',#1644,.F.);
#1644 = EDGE_LOOP('',(#1645,#1646,#1647,#1653));
#1645 = ORIENTED_EDGE('',*,*,#687,.T.);
#1646 = ORIENTED_EDGE('',*,*,#1458,.T.);
#1647 = ORIENTED_EDGE('',*,*,#1648,.F.);
#1648 = EDGE_CURVE('',#1540,#1459,#1649,.T.);
#1649 = LINE('',#1650,#1651);
#1650 = CARTESIAN_POINT('',(60.646659876658,79.887677155286,-10.57));
#1651 = VECTOR('',#1652,1.);
#1652 = DIRECTION('',(-0.,-0.,-1.));
#1653 = ORIENTED_EDGE('',*,*,#1547,.F.);
#1654 = PLANE('',#1655);
#1655 = AXIS2_PLACEMENT_3D('',#1656,#1657,#1658);
#1656 = CARTESIAN_POINT('',(61.850236588295,80.088568197936,-10.57));
#1657 = DIRECTION('',(-0.164634146341,0.986354701848,0.));
#1658 = DIRECTION('',(-0.986354701848,-0.164634146341,0.));
#1659 = ADVANCED_FACE('',(#1660),#1735,.T.);
#1660 = FACE_BOUND('',#1661,.T.);
#1661 = EDGE_LOOP('',(#1662,#1672,#1680,#1688,#1696,#1704,#1713,#1719,
    #1720,#1721,#1729));
#1662 = ORIENTED_EDGE('',*,*,#1663,.F.);
#1663 = EDGE_CURVE('',#1664,#1666,#1668,.T.);
#1664 = VERTEX_POINT('',#1665);
#1665 = CARTESIAN_POINT('',(60.,33.,-2.));
#1666 = VERTEX_POINT('',#1667);
#1667 = CARTESIAN_POINT('',(43.5,33.,-2.));
#1668 = LINE('',#1669,#1670);
#1669 = CARTESIAN_POINT('',(37.527315541601,33.,-2.));
#1670 = VECTOR('',#1671,1.);
#1671 = DIRECTION('',(-1.,0.,0.));
#1672 = ORIENTED_EDGE('',*,*,#1673,.T.);
#1673 = EDGE_CURVE('',#1664,#1674,#1676,.T.);
#1674 = VERTEX_POINT('',#1675);
#1675 = CARTESIAN_POINT('',(61.2,33.,-2.));
#1676 = LINE('',#1677,#1678);
#1677 = CARTESIAN_POINT('',(60.,33.,-2.));
#1678 = VECTOR('',#1679,1.);
#1679 = DIRECTION('',(1.,0.,0.));
#1680 = ORIENTED_EDGE('',*,*,#1681,.T.);
#1681 = EDGE_CURVE('',#1674,#1682,#1684,.T.);
#1682 = VERTEX_POINT('',#1683);
#1683 = CARTESIAN_POINT('',(61.2,35.4,-2.));
#1684 = LINE('',#1685,#1686);
#1685 = CARTESIAN_POINT('',(61.2,33.,-2.));
#1686 = VECTOR('',#1687,1.);
#1687 = DIRECTION('',(0.,1.,0.));
#1688 = ORIENTED_EDGE('',*,*,#1689,.F.);
#1689 = EDGE_CURVE('',#1690,#1682,#1692,.T.);
#1690 = VERTEX_POINT('',#1691);
#1691 = CARTESIAN_POINT('',(45.8,35.4,-2.));
#1692 = LINE('',#1693,#1694);
#1693 = CARTESIAN_POINT('',(38.677315541601,35.4,-2.));
#1694 = VECTOR('',#1695,1.);
#1695 = DIRECTION('',(1.,0.,0.));
#1696 = ORIENTED_EDGE('',*,*,#1697,.F.);
#1697 = EDGE_CURVE('',#1698,#1690,#1700,.T.);
#1698 = VERTEX_POINT('',#1699);
#1699 = CARTESIAN_POINT('',(45.8,48.9,-2.));
#1700 = LINE('',#1701,#1702);
#1701 = CARTESIAN_POINT('',(45.8,42.623312401884,-2.));
#1702 = VECTOR('',#1703,1.);
#1703 = DIRECTION('',(0.,-1.,0.));
#1704 = ORIENTED_EDGE('',*,*,#1705,.T.);
#1705 = EDGE_CURVE('',#1698,#1706,#1708,.T.);
#1706 = VERTEX_POINT('',#1707);
#1707 = CARTESIAN_POINT('',(61.2,56.1,-2.));
#1708 = CIRCLE('',#1709,8.5);
#1709 = AXIS2_PLACEMENT_3D('',#1710,#1711,#1712);
#1710 = CARTESIAN_POINT('',(53.5,52.5,-2.));
#1711 = DIRECTION('',(0.,0.,-1.));
#1712 = DIRECTION('',(1.,0.,0.));
#1713 = ORIENTED_EDGE('',*,*,#1714,.T.);
#1714 = EDGE_CURVE('',#1706,#1437,#1715,.T.);
#1715 = LINE('',#1716,#1717);
#1716 = CARTESIAN_POINT('',(61.2,33.,-2.));
#1717 = VECTOR('',#1718,1.);
#1718 = DIRECTION('',(0.,1.,0.));
#1719 = ORIENTED_EDGE('',*,*,#1436,.F.);
#1720 = ORIENTED_EDGE('',*,*,#735,.F.);
#1721 = ORIENTED_EDGE('',*,*,#1722,.T.);
#1722 = EDGE_CURVE('',#728,#1723,#1725,.T.);
#1723 = VERTEX_POINT('',#1724);
#1724 = CARTESIAN_POINT('',(43.5,70.,-2.));
#1725 = LINE('',#1726,#1727);
#1726 = CARTESIAN_POINT('',(61.2,70.,-2.));
#1727 = VECTOR('',#1728,1.);
#1728 = DIRECTION('',(-1.,0.,0.));
#1729 = ORIENTED_EDGE('',*,*,#1730,.F.);
#1730 = EDGE_CURVE('',#1666,#1723,#1731,.T.);
#1731 = LINE('',#1732,#1733);
#1732 = CARTESIAN_POINT('',(43.5,53.173312401884,-2.));
#1733 = VECTOR('',#1734,1.);
#1734 = DIRECTION('',(0.,1.,0.));
#1735 = PLANE('',#1736);
#1736 = AXIS2_PLACEMENT_3D('',#1737,#1738,#1739);
#1737 = CARTESIAN_POINT('',(31.554631083203,36.346624803768,-2.));
#1738 = DIRECTION('',(0.,0.,1.));
#1739 = DIRECTION('',(1.,0.,0.));
#1740 = ADVANCED_FACE('',(#1741),#1761,.T.);
#1741 = FACE_BOUND('',#1742,.T.);
#1742 = EDGE_LOOP('',(#1743,#1749,#1750,#1751,#1752,#1758,#1759,#1760));
#1743 = ORIENTED_EDGE('',*,*,#1744,.F.);
#1744 = EDGE_CURVE('',#720,#936,#1745,.T.);
#1745 = LINE('',#1746,#1747);
#1746 = CARTESIAN_POINT('',(61.2,70.,0.));
#1747 = VECTOR('',#1748,1.);
#1748 = DIRECTION('',(-1.,0.,0.));
#1749 = ORIENTED_EDGE('',*,*,#719,.F.);
#1750 = ORIENTED_EDGE('',*,*,#757,.F.);
#1751 = ORIENTED_EDGE('',*,*,#781,.F.);
#1752 = ORIENTED_EDGE('',*,*,#1753,.F.);
#1753 = EDGE_CURVE('',#856,#782,#1754,.T.);
#1754 = LINE('',#1755,#1756);
#1755 = CARTESIAN_POINT('',(29.,71.5,0.));
#1756 = VECTOR('',#1757,1.);
#1757 = DIRECTION('',(1.,0.,0.));
#1758 = ORIENTED_EDGE('',*,*,#863,.F.);
#1759 = ORIENTED_EDGE('',*,*,#885,.F.);
#1760 = ORIENTED_EDGE('',*,*,#943,.F.);
#1761 = PLANE('',#1762);
#1762 = AXIS2_PLACEMENT_3D('',#1763,#1764,#1765);
#1763 = CARTESIAN_POINT('',(31.5,39.121638924456,0.));
#1764 = DIRECTION('',(0.,0.,1.));
#1765 = DIRECTION('',(1.,0.,0.));
#1766 = ADVANCED_FACE('',(#1767),#1778,.T.);
#1767 = FACE_BOUND('',#1768,.T.);
#1768 = EDGE_LOOP('',(#1769,#1775,#1776,#1777));
#1769 = ORIENTED_EDGE('',*,*,#1770,.T.);
#1770 = EDGE_CURVE('',#848,#790,#1771,.T.);
#1771 = LINE('',#1772,#1773);
#1772 = CARTESIAN_POINT('',(26.5,71.5,-0.54));
#1773 = VECTOR('',#1774,1.);
#1774 = DIRECTION('',(1.,0.,0.));
#1775 = ORIENTED_EDGE('',*,*,#797,.T.);
#1776 = ORIENTED_EDGE('',*,*,#822,.T.);
#1777 = ORIENTED_EDGE('',*,*,#847,.T.);
#1778 = PLANE('',#1779);
#1779 = AXIS2_PLACEMENT_3D('',#1780,#1781,#1782);
#1780 = CARTESIAN_POINT('',(31.5,42.116197183099,-0.54));
#1781 = DIRECTION('',(0.,0.,1.));
#1782 = DIRECTION('',(1.,0.,0.));
#1783 = ADVANCED_FACE('',(#1784),#1790,.F.);
#1784 = FACE_BOUND('',#1785,.F.);
#1785 = EDGE_LOOP('',(#1786,#1787,#1788,#1789));
#1786 = ORIENTED_EDGE('',*,*,#1753,.F.);
#1787 = ORIENTED_EDGE('',*,*,#855,.T.);
#1788 = ORIENTED_EDGE('',*,*,#1770,.T.);
#1789 = ORIENTED_EDGE('',*,*,#789,.F.);
#1790 = PLANE('',#1791);
#1791 = AXIS2_PLACEMENT_3D('',#1792,#1793,#1794);
#1792 = CARTESIAN_POINT('',(26.5,71.5,1.46));
#1793 = DIRECTION('',(0.,-1.,0.));
#1794 = DIRECTION('',(1.,0.,0.));
#1795 = ADVANCED_FACE('',(#1796,#1821),#1855,.T.);
#1796 = FACE_BOUND('',#1797,.T.);
#1797 = EDGE_LOOP('',(#1798,#1799,#1800,#1806,#1807,#1815));
#1798 = ORIENTED_EDGE('',*,*,#909,.T.);
#1799 = ORIENTED_EDGE('',*,*,#1001,.F.);
#1800 = ORIENTED_EDGE('',*,*,#1801,.F.);
#1801 = EDGE_CURVE('',#1019,#994,#1802,.T.);
#1802 = LINE('',#1803,#1804);
#1803 = CARTESIAN_POINT('',(3.286305446838,72.7,-9.27));
#1804 = VECTOR('',#1805,1.);
#1805 = DIRECTION('',(1.,0.,0.));
#1806 = ORIENTED_EDGE('',*,*,#1018,.F.);
#1807 = ORIENTED_EDGE('',*,*,#1808,.T.);
#1808 = EDGE_CURVE('',#1011,#1809,#1811,.T.);
#1809 = VERTEX_POINT('',#1810);
#1810 = CARTESIAN_POINT('',(1.8,61.4,-9.27));
#1811 = LINE('',#1812,#1813);
#1812 = CARTESIAN_POINT('',(1.8,74.9,-9.27));
#1813 = VECTOR('',#1814,1.);
#1814 = DIRECTION('',(0.,-1.,0.));
#1815 = ORIENTED_EDGE('',*,*,#1816,.T.);
#1816 = EDGE_CURVE('',#1809,#910,#1817,.T.);
#1817 = LINE('',#1818,#1819);
#1818 = CARTESIAN_POINT('',(1.8,61.4,-9.27));
#1819 = VECTOR('',#1820,1.);
#1820 = DIRECTION('',(1.,0.,0.));
#1821 = FACE_BOUND('',#1822,.T.);
#1822 = EDGE_LOOP('',(#1823,#1833,#1841,#1849));
#1823 = ORIENTED_EDGE('',*,*,#1824,.F.);
#1824 = EDGE_CURVE('',#1825,#1827,#1829,.T.);
#1825 = VERTEX_POINT('',#1826);
#1826 = CARTESIAN_POINT('',(2.82,72.1,-9.27));
#1827 = VERTEX_POINT('',#1828);
#1828 = CARTESIAN_POINT('',(2.82,68.4,-9.27));
#1829 = LINE('',#1830,#1831);
#1830 = CARTESIAN_POINT('',(2.82,72.1,-9.27));
#1831 = VECTOR('',#1832,1.);
#1832 = DIRECTION('',(0.,-1.,0.));
#1833 = ORIENTED_EDGE('',*,*,#1834,.F.);
#1834 = EDGE_CURVE('',#1835,#1825,#1837,.T.);
#1835 = VERTEX_POINT('',#1836);
#1836 = CARTESIAN_POINT('',(16.2,72.1,-9.27));
#1837 = LINE('',#1838,#1839);
#1838 = CARTESIAN_POINT('',(16.2,72.1,-9.27));
#1839 = VECTOR('',#1840,1.);
#1840 = DIRECTION('',(-1.,0.,0.));
#1841 = ORIENTED_EDGE('',*,*,#1842,.F.);
#1842 = EDGE_CURVE('',#1843,#1835,#1845,.T.);
#1843 = VERTEX_POINT('',#1844);
#1844 = CARTESIAN_POINT('',(16.2,68.4,-9.27));
#1845 = LINE('',#1846,#1847);
#1846 = CARTESIAN_POINT('',(16.2,68.4,-9.27));
#1847 = VECTOR('',#1848,1.);
#1848 = DIRECTION('',(0.,1.,0.));
#1849 = ORIENTED_EDGE('',*,*,#1850,.F.);
#1850 = EDGE_CURVE('',#1827,#1843,#1851,.T.);
#1851 = LINE('',#1852,#1853);
#1852 = CARTESIAN_POINT('',(2.82,68.4,-9.27));
#1853 = VECTOR('',#1854,1.);
#1854 = DIRECTION('',(1.,0.,0.));
#1855 = PLANE('',#1856);
#1856 = AXIS2_PLACEMENT_3D('',#1857,#1858,#1859);
#1857 = CARTESIAN_POINT('',(9.5,72.555848118596,-9.27));
#1858 = DIRECTION('',(0.,0.,1.));
#1859 = DIRECTION('',(1.,0.,0.));
#1860 = ADVANCED_FACE('',(#1861,#1926),#1960,.T.);
#1861 = FACE_BOUND('',#1862,.T.);
#1862 = EDGE_LOOP('',(#1863,#1873,#1881,#1889,#1897,#1905,#1911,#1912,
    #1920));
#1863 = ORIENTED_EDGE('',*,*,#1864,.T.);
#1864 = EDGE_CURVE('',#1865,#1867,#1869,.T.);
#1865 = VERTEX_POINT('',#1866);
#1866 = CARTESIAN_POINT('',(1.8,44.6,-2.));
#1867 = VERTEX_POINT('',#1868);
#1868 = CARTESIAN_POINT('',(3.,44.6,-2.));
#1869 = LINE('',#1870,#1871);
#1870 = CARTESIAN_POINT('',(1.8,44.6,-2.));
#1871 = VECTOR('',#1872,1.);
#1872 = DIRECTION('',(1.,0.,0.));
#1873 = ORIENTED_EDGE('',*,*,#1874,.F.);
#1874 = EDGE_CURVE('',#1875,#1867,#1877,.T.);
#1875 = VERTEX_POINT('',#1876);
#1876 = CARTESIAN_POINT('',(18.,44.6,-2.));
#1877 = LINE('',#1878,#1879);
#1878 = CARTESIAN_POINT('',(17.277315541601,44.6,-2.));
#1879 = VECTOR('',#1880,1.);
#1880 = DIRECTION('',(-1.,0.,0.));
#1881 = ORIENTED_EDGE('',*,*,#1882,.F.);
#1882 = EDGE_CURVE('',#1883,#1875,#1885,.T.);
#1883 = VERTEX_POINT('',#1884);
#1884 = CARTESIAN_POINT('',(18.,59.4,-2.));
#1885 = LINE('',#1886,#1887);
#1886 = CARTESIAN_POINT('',(18.,40.473312401884,-2.));
#1887 = VECTOR('',#1888,1.);
#1888 = DIRECTION('',(0.,-1.,0.));
#1889 = ORIENTED_EDGE('',*,*,#1890,.F.);
#1890 = EDGE_CURVE('',#1891,#1883,#1893,.T.);
#1891 = VERTEX_POINT('',#1892);
#1892 = CARTESIAN_POINT('',(19.5,59.4,-2.));
#1893 = LINE('',#1894,#1895);
#1894 = CARTESIAN_POINT('',(24.777315541601,59.4,-2.));
#1895 = VECTOR('',#1896,1.);
#1896 = DIRECTION('',(-1.,0.,0.));
#1897 = ORIENTED_EDGE('',*,*,#1898,.F.);
#1898 = EDGE_CURVE('',#1899,#1891,#1901,.T.);
#1899 = VERTEX_POINT('',#1900);
#1900 = CARTESIAN_POINT('',(19.5,70.,-2.));
#1901 = LINE('',#1902,#1903);
#1902 = CARTESIAN_POINT('',(19.5,47.873312401884,-2.));
#1903 = VECTOR('',#1904,1.);
#1904 = DIRECTION('',(0.,-1.,0.));
#1905 = ORIENTED_EDGE('',*,*,#1906,.T.);
#1906 = EDGE_CURVE('',#1899,#928,#1907,.T.);
#1907 = LINE('',#1908,#1909);
#1908 = CARTESIAN_POINT('',(61.2,70.,-2.));
#1909 = VECTOR('',#1910,1.);
#1910 = DIRECTION('',(-1.,0.,0.));
#1911 = ORIENTED_EDGE('',*,*,#927,.F.);
#1912 = ORIENTED_EDGE('',*,*,#1913,.F.);
#1913 = EDGE_CURVE('',#1914,#920,#1916,.T.);
#1914 = VERTEX_POINT('',#1915);
#1915 = CARTESIAN_POINT('',(1.8,61.4,-2.));
#1916 = LINE('',#1917,#1918);
#1917 = CARTESIAN_POINT('',(16.677315541601,61.4,-2.));
#1918 = VECTOR('',#1919,1.);
#1919 = DIRECTION('',(1.,0.,0.));
#1920 = ORIENTED_EDGE('',*,*,#1921,.T.);
#1921 = EDGE_CURVE('',#1914,#1865,#1922,.T.);
#1922 = LINE('',#1923,#1924);
#1923 = CARTESIAN_POINT('',(1.8,70.,-2.));
#1924 = VECTOR('',#1925,1.);
#1925 = DIRECTION('',(0.,-1.,0.));
#1926 = FACE_BOUND('',#1927,.T.);
#1927 = EDGE_LOOP('',(#1928,#1938,#1946,#1954));
#1928 = ORIENTED_EDGE('',*,*,#1929,.T.);
#1929 = EDGE_CURVE('',#1930,#1932,#1934,.T.);
#1930 = VERTEX_POINT('',#1931);
#1931 = CARTESIAN_POINT('',(16.,46.6,-2.));
#1932 = VERTEX_POINT('',#1933);
#1933 = CARTESIAN_POINT('',(3.,46.6,-2.));
#1934 = LINE('',#1935,#1936);
#1935 = CARTESIAN_POINT('',(17.277315541601,46.6,-2.));
#1936 = VECTOR('',#1937,1.);
#1937 = DIRECTION('',(-1.,0.,0.));
#1938 = ORIENTED_EDGE('',*,*,#1939,.T.);
#1939 = EDGE_CURVE('',#1932,#1940,#1942,.T.);
#1940 = VERTEX_POINT('',#1941);
#1941 = CARTESIAN_POINT('',(3.,58.4,-2.));
#1942 = LINE('',#1943,#1944);
#1943 = CARTESIAN_POINT('',(3.,47.373312401884,-2.));
#1944 = VECTOR('',#1945,1.);
#1945 = DIRECTION('',(0.,1.,0.));
#1946 = ORIENTED_EDGE('',*,*,#1947,.T.);
#1947 = EDGE_CURVE('',#1940,#1948,#1950,.T.);
#1948 = VERTEX_POINT('',#1949);
#1949 = CARTESIAN_POINT('',(16.,58.4,-2.));
#1950 = LINE('',#1951,#1952);
#1951 = CARTESIAN_POINT('',(23.777315541601,58.4,-2.));
#1952 = VECTOR('',#1953,1.);
#1953 = DIRECTION('',(1.,0.,0.));
#1954 = ORIENTED_EDGE('',*,*,#1955,.T.);
#1955 = EDGE_CURVE('',#1948,#1930,#1956,.T.);
#1956 = LINE('',#1957,#1958);
#1957 = CARTESIAN_POINT('',(16.,41.473312401884,-2.));
#1958 = VECTOR('',#1959,1.);
#1959 = DIRECTION('',(0.,-1.,0.));
#1960 = PLANE('',#1961);
#1961 = AXIS2_PLACEMENT_3D('',#1962,#1963,#1964);
#1962 = CARTESIAN_POINT('',(31.554631083203,36.346624803768,-2.));
#1963 = DIRECTION('',(0.,0.,1.));
#1964 = DIRECTION('',(1.,0.,0.));
#1965 = ADVANCED_FACE('',(#1966),#1977,.T.);
#1966 = FACE_BOUND('',#1967,.T.);
#1967 = EDGE_LOOP('',(#1968,#1969,#1975,#1976));
#1968 = ORIENTED_EDGE('',*,*,#1816,.F.);
#1969 = ORIENTED_EDGE('',*,*,#1970,.T.);
#1970 = EDGE_CURVE('',#1809,#1914,#1971,.T.);
#1971 = LINE('',#1972,#1973);
#1972 = CARTESIAN_POINT('',(1.8,61.4,-9.27));
#1973 = VECTOR('',#1974,1.);
#1974 = DIRECTION('',(0.,0.,1.));
#1975 = ORIENTED_EDGE('',*,*,#1913,.T.);
#1976 = ORIENTED_EDGE('',*,*,#919,.F.);
#1977 = PLANE('',#1978);
#1978 = AXIS2_PLACEMENT_3D('',#1979,#1980,#1981);
#1979 = CARTESIAN_POINT('',(1.8,61.4,-9.27));
#1980 = DIRECTION('',(0.,1.,0.));
#1981 = DIRECTION('',(1.,0.,0.));
#1982 = ADVANCED_FACE('',(#1983),#2008,.T.);
#1983 = FACE_BOUND('',#1984,.T.);
#1984 = EDGE_LOOP('',(#1985,#1993,#2001,#2007));
#1985 = ORIENTED_EDGE('',*,*,#1986,.T.);
#1986 = EDGE_CURVE('',#968,#1987,#1989,.T.);
#1987 = VERTEX_POINT('',#1988);
#1988 = CARTESIAN_POINT('',(16.646659876658,79.887677155286,-13.57));
#1989 = LINE('',#1990,#1991);
#1990 = CARTESIAN_POINT('',(17.850236588295,80.088568197936,-13.57));
#1991 = VECTOR('',#1992,1.);
#1992 = DIRECTION('',(-0.986354701848,-0.164634146341,0.));
#1993 = ORIENTED_EDGE('',*,*,#1994,.T.);
#1994 = EDGE_CURVE('',#1987,#1995,#1997,.T.);
#1995 = VERTEX_POINT('',#1996);
#1996 = CARTESIAN_POINT('',(16.646659876658,77.112322844714,-13.57));
#1997 = LINE('',#1998,#1999);
#1998 = CARTESIAN_POINT('',(16.646659876658,79.887677155286,-13.57));
#1999 = VECTOR('',#2000,1.);
#2000 = DIRECTION('',(0.,-1.,0.));
#2001 = ORIENTED_EDGE('',*,*,#2002,.T.);
#2002 = EDGE_CURVE('',#1995,#966,#2003,.T.);
#2003 = LINE('',#2004,#2005);
#2004 = CARTESIAN_POINT('',(16.646659876658,77.112322844714,-13.57));
#2005 = VECTOR('',#2006,1.);
#2006 = DIRECTION('',(0.986354701848,-0.164634146341,0.));
#2007 = ORIENTED_EDGE('',*,*,#965,.T.);
#2008 = PLANE('',#2009);
#2009 = AXIS2_PLACEMENT_3D('',#2010,#2011,#2012);
#2010 = CARTESIAN_POINT('',(17.312088733951,78.5,-13.57));
#2011 = DIRECTION('',(0.,0.,1.));
#2012 = DIRECTION('',(1.,0.,0.));
#2013 = ADVANCED_FACE('',(#2014),#2032,.F.);
#2014 = FACE_BOUND('',#2015,.F.);
#2015 = EDGE_LOOP('',(#2016,#2024,#2025,#2026));
#2016 = ORIENTED_EDGE('',*,*,#2017,.T.);
#2017 = EDGE_CURVE('',#2018,#1995,#2020,.T.);
#2018 = VERTEX_POINT('',#2019);
#2019 = CARTESIAN_POINT('',(16.646659876658,77.112322844714,-10.57));
#2020 = LINE('',#2021,#2022);
#2021 = CARTESIAN_POINT('',(16.646659876658,77.112322844714,-10.57));
#2022 = VECTOR('',#2023,1.);
#2023 = DIRECTION('',(-0.,-0.,-1.));
#2024 = ORIENTED_EDGE('',*,*,#2002,.T.);
#2025 = ORIENTED_EDGE('',*,*,#976,.F.);
#2026 = ORIENTED_EDGE('',*,*,#2027,.F.);
#2027 = EDGE_CURVE('',#2018,#977,#2028,.T.);
#2028 = LINE('',#2029,#2030);
#2029 = CARTESIAN_POINT('',(16.646659876658,77.112322844714,-10.57));
#2030 = VECTOR('',#2031,1.);
#2031 = DIRECTION('',(0.986354701848,-0.164634146341,0.));
#2032 = PLANE('',#2033);
#2033 = AXIS2_PLACEMENT_3D('',#2034,#2035,#2036);
#2034 = CARTESIAN_POINT('',(16.646659876658,77.112322844714,-10.57));
#2035 = DIRECTION('',(-0.164634146341,-0.986354701848,0.));
#2036 = DIRECTION('',(0.986354701848,-0.164634146341,0.));
#2037 = ADVANCED_FACE('',(#2038),#2080,.T.);
#2038 = FACE_BOUND('',#2039,.T.);
#2039 = EDGE_LOOP('',(#2040,#2041,#2049,#2058,#2064,#2065,#2066,#2074));
#2040 = ORIENTED_EDGE('',*,*,#1069,.T.);
#2041 = ORIENTED_EDGE('',*,*,#2042,.T.);
#2042 = EDGE_CURVE('',#1062,#2043,#2045,.T.);
#2043 = VERTEX_POINT('',#2044);
#2044 = CARTESIAN_POINT('',(11.690890230021,84.3,-10.57));
#2045 = LINE('',#2046,#2047);
#2046 = CARTESIAN_POINT('',(15.713694553162,84.3,-10.57));
#2047 = VECTOR('',#2048,1.);
#2048 = DIRECTION('',(-1.,0.,0.));
#2049 = ORIENTED_EDGE('',*,*,#2050,.F.);
#2050 = EDGE_CURVE('',#2051,#2043,#2053,.T.);
#2051 = VERTEX_POINT('',#2052);
#2052 = CARTESIAN_POINT('',(11.690890230021,72.7,-10.57));
#2053 = CIRCLE('',#2054,6.2);
#2054 = AXIS2_PLACEMENT_3D('',#2055,#2056,#2057);
#2055 = CARTESIAN_POINT('',(9.5,78.5,-10.57));
#2056 = DIRECTION('',(0.,0.,1.));
#2057 = DIRECTION('',(1.,0.,0.));
#2058 = ORIENTED_EDGE('',*,*,#2059,.T.);
#2059 = EDGE_CURVE('',#2051,#985,#2060,.T.);
#2060 = LINE('',#2061,#2062);
#2061 = CARTESIAN_POINT('',(3.286305446838,72.7,-10.57));
#2062 = VECTOR('',#2063,1.);
#2063 = DIRECTION('',(1.,0.,0.));
#2064 = ORIENTED_EDGE('',*,*,#984,.T.);
#2065 = ORIENTED_EDGE('',*,*,#2027,.F.);
#2066 = ORIENTED_EDGE('',*,*,#2067,.F.);
#2067 = EDGE_CURVE('',#2068,#2018,#2070,.T.);
#2068 = VERTEX_POINT('',#2069);
#2069 = CARTESIAN_POINT('',(16.646659876658,79.887677155286,-10.57));
#2070 = LINE('',#2071,#2072);
#2071 = CARTESIAN_POINT('',(16.646659876658,79.887677155286,-10.57));
#2072 = VECTOR('',#2073,1.);
#2073 = DIRECTION('',(0.,-1.,0.));
#2074 = ORIENTED_EDGE('',*,*,#2075,.F.);
#2075 = EDGE_CURVE('',#1070,#2068,#2076,.T.);
#2076 = LINE('',#2077,#2078);
#2077 = CARTESIAN_POINT('',(17.850236588295,80.088568197936,-10.57));
#2078 = VECTOR('',#2079,1.);
#2079 = DIRECTION('',(-0.986354701848,-0.164634146341,0.));
#2080 = PLANE('',#2081);
#2081 = AXIS2_PLACEMENT_3D('',#2082,#2083,#2084);
#2082 = CARTESIAN_POINT('',(9.5,78.5,-10.57));
#2083 = DIRECTION('',(0.,0.,1.));
#2084 = DIRECTION('',(1.,0.,0.));
#2085 = ADVANCED_FACE('',(#2086),#2106,.F.);
#2086 = FACE_BOUND('',#2087,.F.);
#2087 = EDGE_LOOP('',(#2088,#2089,#2097,#2103,#2104,#2105));
#2088 = ORIENTED_EDGE('',*,*,#1027,.T.);
#2089 = ORIENTED_EDGE('',*,*,#2090,.T.);
#2090 = EDGE_CURVE('',#1028,#2091,#2093,.T.);
#2091 = VERTEX_POINT('',#2092);
#2092 = CARTESIAN_POINT('',(7.309109769979,72.7,-10.57));
#2093 = LINE('',#2094,#2095);
#2094 = CARTESIAN_POINT('',(3.286305446838,72.7,-10.57));
#2095 = VECTOR('',#2096,1.);
#2096 = DIRECTION('',(1.,0.,0.));
#2097 = ORIENTED_EDGE('',*,*,#2098,.T.);
#2098 = EDGE_CURVE('',#2091,#2051,#2099,.T.);
#2099 = LINE('',#2100,#2101);
#2100 = CARTESIAN_POINT('',(3.286305446838,72.7,-10.57));
#2101 = VECTOR('',#2102,1.);
#2102 = DIRECTION('',(1.,0.,0.));
#2103 = ORIENTED_EDGE('',*,*,#2059,.T.);
#2104 = ORIENTED_EDGE('',*,*,#993,.F.);
#2105 = ORIENTED_EDGE('',*,*,#1801,.F.);
#2106 = PLANE('',#2107);
#2107 = AXIS2_PLACEMENT_3D('',#2108,#2109,#2110);
#2108 = CARTESIAN_POINT('',(3.286305446838,72.7,-9.27));
#2109 = DIRECTION('',(0.,-1.,0.));
#2110 = DIRECTION('',(1.,0.,0.));
#2111 = ADVANCED_FACE('',(#2112),#2131,.T.);
#2112 = FACE_BOUND('',#2113,.T.);
#2113 = EDGE_LOOP('',(#2114,#2122,#2123,#2124));
#2114 = ORIENTED_EDGE('',*,*,#2115,.T.);
#2115 = EDGE_CURVE('',#2116,#1036,#2118,.T.);
#2116 = VERTEX_POINT('',#2117);
#2117 = CARTESIAN_POINT('',(7.309109769979,84.3,-10.57));
#2118 = LINE('',#2119,#2120);
#2119 = CARTESIAN_POINT('',(15.713694553162,84.3,-10.57));
#2120 = VECTOR('',#2121,1.);
#2121 = DIRECTION('',(-1.,0.,0.));
#2122 = ORIENTED_EDGE('',*,*,#1035,.T.);
#2123 = ORIENTED_EDGE('',*,*,#2090,.T.);
#2124 = ORIENTED_EDGE('',*,*,#2125,.F.);
#2125 = EDGE_CURVE('',#2116,#2091,#2126,.T.);
#2126 = CIRCLE('',#2127,6.2);
#2127 = AXIS2_PLACEMENT_3D('',#2128,#2129,#2130);
#2128 = CARTESIAN_POINT('',(9.5,78.5,-10.57));
#2129 = DIRECTION('',(0.,0.,1.));
#2130 = DIRECTION('',(1.,0.,0.));
#2131 = PLANE('',#2132);
#2132 = AXIS2_PLACEMENT_3D('',#2133,#2134,#2135);
#2133 = CARTESIAN_POINT('',(9.5,78.5,-10.57));
#2134 = DIRECTION('',(0.,0.,1.));
#2135 = DIRECTION('',(1.,0.,0.));
#2136 = ADVANCED_FACE('',(#2137),#2155,.F.);
#2137 = FACE_BOUND('',#2138,.F.);
#2138 = EDGE_LOOP('',(#2139,#2140,#2141,#2147,#2148,#2149));
#2139 = ORIENTED_EDGE('',*,*,#1061,.T.);
#2140 = ORIENTED_EDGE('',*,*,#2042,.T.);
#2141 = ORIENTED_EDGE('',*,*,#2142,.T.);
#2142 = EDGE_CURVE('',#2043,#2116,#2143,.T.);
#2143 = LINE('',#2144,#2145);
#2144 = CARTESIAN_POINT('',(15.713694553162,84.3,-10.57));
#2145 = VECTOR('',#2146,1.);
#2146 = DIRECTION('',(-1.,0.,0.));
#2147 = ORIENTED_EDGE('',*,*,#2115,.T.);
#2148 = ORIENTED_EDGE('',*,*,#1044,.F.);
#2149 = ORIENTED_EDGE('',*,*,#2150,.F.);
#2150 = EDGE_CURVE('',#1053,#1045,#2151,.T.);
#2151 = LINE('',#2152,#2153);
#2152 = CARTESIAN_POINT('',(15.713694553162,84.3,-9.27));
#2153 = VECTOR('',#2154,1.);
#2154 = DIRECTION('',(-1.,0.,0.));
#2155 = PLANE('',#2156);
#2156 = AXIS2_PLACEMENT_3D('',#2157,#2158,#2159);
#2157 = CARTESIAN_POINT('',(15.713694553162,84.3,-9.27));
#2158 = DIRECTION('',(0.,1.,0.));
#2159 = DIRECTION('',(-1.,0.,0.));
#2160 = ADVANCED_FACE('',(#2161),#2165,.T.);
#2161 = FACE_BOUND('',#2162,.T.);
#2162 = EDGE_LOOP('',(#2163,#2164));
#2163 = ORIENTED_EDGE('',*,*,#2150,.F.);
#2164 = ORIENTED_EDGE('',*,*,#1052,.T.);
#2165 = PLANE('',#2166);
#2166 = AXIS2_PLACEMENT_3D('',#2167,#2168,#2169);
#2167 = CARTESIAN_POINT('',(9.5,72.555848118596,-9.27));
#2168 = DIRECTION('',(0.,0.,1.));
#2169 = DIRECTION('',(1.,0.,0.));
#2170 = ADVANCED_FACE('',(#2171),#2182,.F.);
#2171 = FACE_BOUND('',#2172,.F.);
#2172 = EDGE_LOOP('',(#2173,#2174,#2175,#2181));
#2173 = ORIENTED_EDGE('',*,*,#1078,.T.);
#2174 = ORIENTED_EDGE('',*,*,#1986,.T.);
#2175 = ORIENTED_EDGE('',*,*,#2176,.F.);
#2176 = EDGE_CURVE('',#2068,#1987,#2177,.T.);
#2177 = LINE('',#2178,#2179);
#2178 = CARTESIAN_POINT('',(16.646659876658,79.887677155286,-10.57));
#2179 = VECTOR('',#2180,1.);
#2180 = DIRECTION('',(-0.,-0.,-1.));
#2181 = ORIENTED_EDGE('',*,*,#2075,.F.);
#2182 = PLANE('',#2183);
#2183 = AXIS2_PLACEMENT_3D('',#2184,#2185,#2186);
#2184 = CARTESIAN_POINT('',(17.850236588295,80.088568197936,-10.57));
#2185 = DIRECTION('',(-0.164634146341,0.986354701848,0.));
#2186 = DIRECTION('',(-0.986354701848,-0.164634146341,0.));
#2187 = ADVANCED_FACE('',(#2188),#2204,.F.);
#2188 = FACE_BOUND('',#2189,.F.);
#2189 = EDGE_LOOP('',(#2190,#2196,#2197,#2203));
#2190 = ORIENTED_EDGE('',*,*,#2191,.T.);
#2191 = EDGE_CURVE('',#1224,#1865,#2192,.T.);
#2192 = LINE('',#2193,#2194);
#2193 = CARTESIAN_POINT('',(1.8,44.6,0.));
#2194 = VECTOR('',#2195,1.);
#2195 = DIRECTION('',(-0.,-0.,-1.));
#2196 = ORIENTED_EDGE('',*,*,#1864,.T.);
#2197 = ORIENTED_EDGE('',*,*,#2198,.F.);
#2198 = EDGE_CURVE('',#1216,#1867,#2199,.T.);
#2199 = LINE('',#2200,#2201);
#2200 = CARTESIAN_POINT('',(3.,44.6,0.));
#2201 = VECTOR('',#2202,1.);
#2202 = DIRECTION('',(-0.,-0.,-1.));
#2203 = ORIENTED_EDGE('',*,*,#1223,.F.);
#2204 = PLANE('',#2205);
#2205 = AXIS2_PLACEMENT_3D('',#2206,#2207,#2208);
#2206 = CARTESIAN_POINT('',(1.8,44.6,0.));
#2207 = DIRECTION('',(0.,-1.,0.));
#2208 = DIRECTION('',(1.,0.,0.));
#2209 = ADVANCED_FACE('',(#2210),#2226,.F.);
#2210 = FACE_BOUND('',#2211,.F.);
#2211 = EDGE_LOOP('',(#2212,#2218,#2219,#2225));
#2212 = ORIENTED_EDGE('',*,*,#2213,.T.);
#2213 = EDGE_CURVE('',#1192,#1664,#2214,.T.);
#2214 = LINE('',#2215,#2216);
#2215 = CARTESIAN_POINT('',(60.,33.,0.));
#2216 = VECTOR('',#2217,1.);
#2217 = DIRECTION('',(-0.,-0.,-1.));
#2218 = ORIENTED_EDGE('',*,*,#1673,.T.);
#2219 = ORIENTED_EDGE('',*,*,#2220,.F.);
#2220 = EDGE_CURVE('',#1184,#1674,#2221,.T.);
#2221 = LINE('',#2222,#2223);
#2222 = CARTESIAN_POINT('',(61.2,33.,0.));
#2223 = VECTOR('',#2224,1.);
#2224 = DIRECTION('',(-0.,-0.,-1.));
#2225 = ORIENTED_EDGE('',*,*,#1191,.F.);
#2226 = PLANE('',#2227);
#2227 = AXIS2_PLACEMENT_3D('',#2228,#2229,#2230);
#2228 = CARTESIAN_POINT('',(60.,33.,0.));
#2229 = DIRECTION('',(0.,-1.,0.));
#2230 = DIRECTION('',(1.,0.,0.));
#2231 = ADVANCED_FACE('',(#2232),#2367,.F.);
#2232 = FACE_BOUND('',#2233,.T.);
#2233 = EDGE_LOOP('',(#2234,#2245,#2253,#2262,#2270,#2279,#2285,#2286,
    #2292,#2293,#2301,#2310,#2318,#2327,#2335,#2344,#2352,#2361));
#2234 = ORIENTED_EDGE('',*,*,#2235,.F.);
#2235 = EDGE_CURVE('',#2236,#2238,#2240,.T.);
#2236 = VERTEX_POINT('',#2237);
#2237 = CARTESIAN_POINT('',(61.850236588295,50.911431802064,-13.57));
#2238 = VERTEX_POINT('',#2239);
#2239 = CARTESIAN_POINT('',(61.850236588295,54.088568197936,-13.57));
#2240 = CIRCLE('',#2241,8.5);
#2241 = AXIS2_PLACEMENT_3D('',#2242,#2243,#2244);
#2242 = CARTESIAN_POINT('',(53.5,52.5,-13.57));
#2243 = DIRECTION('',(0.,0.,1.));
#2244 = DIRECTION('',(1.,0.,0.));
#2245 = ORIENTED_EDGE('',*,*,#2246,.F.);
#2246 = EDGE_CURVE('',#2247,#2236,#2249,.T.);
#2247 = VERTEX_POINT('',#2248);
#2248 = CARTESIAN_POINT('',(61.850236588295,50.911431802064,-10.57));
#2249 = LINE('',#2250,#2251);
#2250 = CARTESIAN_POINT('',(61.850236588295,50.911431802064,-10.57));
#2251 = VECTOR('',#2252,1.);
#2252 = DIRECTION('',(-0.,-0.,-1.));
#2253 = ORIENTED_EDGE('',*,*,#2254,.F.);
#2254 = EDGE_CURVE('',#2255,#2247,#2257,.T.);
#2255 = VERTEX_POINT('',#2256);
#2256 = CARTESIAN_POINT('',(59.713694553162,46.7,-10.57));
#2257 = CIRCLE('',#2258,8.5);
#2258 = AXIS2_PLACEMENT_3D('',#2259,#2260,#2261);
#2259 = CARTESIAN_POINT('',(53.5,52.5,-10.57));
#2260 = DIRECTION('',(0.,0.,1.));
#2261 = DIRECTION('',(1.,0.,0.));
#2262 = ORIENTED_EDGE('',*,*,#2263,.F.);
#2263 = EDGE_CURVE('',#2264,#2255,#2266,.T.);
#2264 = VERTEX_POINT('',#2265);
#2265 = CARTESIAN_POINT('',(59.713694553162,46.7,-9.27));
#2266 = LINE('',#2267,#2268);
#2267 = CARTESIAN_POINT('',(59.713694553162,46.7,-9.27));
#2268 = VECTOR('',#2269,1.);
#2269 = DIRECTION('',(-0.,-0.,-1.));
#2270 = ORIENTED_EDGE('',*,*,#2271,.T.);
#2271 = EDGE_CURVE('',#2264,#2272,#2274,.T.);
#2272 = VERTEX_POINT('',#2273);
#2273 = CARTESIAN_POINT('',(61.2,48.9,-9.27));
#2274 = CIRCLE('',#2275,8.5);
#2275 = AXIS2_PLACEMENT_3D('',#2276,#2277,#2278);
#2276 = CARTESIAN_POINT('',(53.5,52.5,-9.27));
#2277 = DIRECTION('',(0.,0.,1.));
#2278 = DIRECTION('',(1.,0.,0.));
#2279 = ORIENTED_EDGE('',*,*,#2280,.T.);
#2280 = EDGE_CURVE('',#2272,#1175,#2281,.T.);
#2281 = LINE('',#2282,#2283);
#2282 = CARTESIAN_POINT('',(61.2,48.9,-9.27));
#2283 = VECTOR('',#2284,1.);
#2284 = DIRECTION('',(0.,0.,1.));
#2285 = ORIENTED_EDGE('',*,*,#1174,.F.);
#2286 = ORIENTED_EDGE('',*,*,#2287,.T.);
#2287 = EDGE_CURVE('',#1167,#1706,#2288,.T.);
#2288 = LINE('',#2289,#2290);
#2289 = CARTESIAN_POINT('',(61.2,56.1,-9.27));
#2290 = VECTOR('',#2291,1.);
#2291 = DIRECTION('',(-0.,-0.,-1.));
#2292 = ORIENTED_EDGE('',*,*,#1705,.F.);
#2293 = ORIENTED_EDGE('',*,*,#2294,.F.);
#2294 = EDGE_CURVE('',#2295,#1698,#2297,.T.);
#2295 = VERTEX_POINT('',#2296);
#2296 = CARTESIAN_POINT('',(45.8,48.9,-9.27));
#2297 = LINE('',#2298,#2299);
#2298 = CARTESIAN_POINT('',(45.8,48.9,-9.27));
#2299 = VECTOR('',#2300,1.);
#2300 = DIRECTION('',(0.,0.,1.));
#2301 = ORIENTED_EDGE('',*,*,#2302,.T.);
#2302 = EDGE_CURVE('',#2295,#2303,#2305,.T.);
#2303 = VERTEX_POINT('',#2304);
#2304 = CARTESIAN_POINT('',(47.286305446838,46.7,-9.27));
#2305 = CIRCLE('',#2306,8.5);
#2306 = AXIS2_PLACEMENT_3D('',#2307,#2308,#2309);
#2307 = CARTESIAN_POINT('',(53.5,52.5,-9.27));
#2308 = DIRECTION('',(0.,0.,1.));
#2309 = DIRECTION('',(1.,0.,0.));
#2310 = ORIENTED_EDGE('',*,*,#2311,.T.);
#2311 = EDGE_CURVE('',#2303,#2312,#2314,.T.);
#2312 = VERTEX_POINT('',#2313);
#2313 = CARTESIAN_POINT('',(47.286305446838,46.7,-10.57));
#2314 = LINE('',#2315,#2316);
#2315 = CARTESIAN_POINT('',(47.286305446838,46.7,-9.27));
#2316 = VECTOR('',#2317,1.);
#2317 = DIRECTION('',(-0.,-0.,-1.));
#2318 = ORIENTED_EDGE('',*,*,#2319,.F.);
#2319 = EDGE_CURVE('',#2320,#2312,#2322,.T.);
#2320 = VERTEX_POINT('',#2321);
#2321 = CARTESIAN_POINT('',(47.286305446838,58.3,-10.57));
#2322 = CIRCLE('',#2323,8.5);
#2323 = AXIS2_PLACEMENT_3D('',#2324,#2325,#2326);
#2324 = CARTESIAN_POINT('',(53.5,52.5,-10.57));
#2325 = DIRECTION('',(0.,0.,1.));
#2326 = DIRECTION('',(1.,0.,0.));
#2327 = ORIENTED_EDGE('',*,*,#2328,.F.);
#2328 = EDGE_CURVE('',#2329,#2320,#2331,.T.);
#2329 = VERTEX_POINT('',#2330);
#2330 = CARTESIAN_POINT('',(47.286305446838,58.3,-9.27));
#2331 = LINE('',#2332,#2333);
#2332 = CARTESIAN_POINT('',(47.286305446838,58.3,-9.27));
#2333 = VECTOR('',#2334,1.);
#2334 = DIRECTION('',(-0.,-0.,-1.));
#2335 = ORIENTED_EDGE('',*,*,#2336,.F.);
#2336 = EDGE_CURVE('',#2337,#2329,#2339,.T.);
#2337 = VERTEX_POINT('',#2338);
#2338 = CARTESIAN_POINT('',(59.713694553162,58.3,-9.27));
#2339 = CIRCLE('',#2340,8.5);
#2340 = AXIS2_PLACEMENT_3D('',#2341,#2342,#2343);
#2341 = CARTESIAN_POINT('',(53.5,52.5,-9.27));
#2342 = DIRECTION('',(0.,0.,1.));
#2343 = DIRECTION('',(1.,0.,0.));
#2344 = ORIENTED_EDGE('',*,*,#2345,.T.);
#2345 = EDGE_CURVE('',#2337,#2346,#2348,.T.);
#2346 = VERTEX_POINT('',#2347);
#2347 = CARTESIAN_POINT('',(59.713694553162,58.3,-10.57));
#2348 = LINE('',#2349,#2350);
#2349 = CARTESIAN_POINT('',(59.713694553162,58.3,-9.27));
#2350 = VECTOR('',#2351,1.);
#2351 = DIRECTION('',(-0.,-0.,-1.));
#2352 = ORIENTED_EDGE('',*,*,#2353,.F.);
#2353 = EDGE_CURVE('',#2354,#2346,#2356,.T.);
#2354 = VERTEX_POINT('',#2355);
#2355 = CARTESIAN_POINT('',(61.850236588295,54.088568197936,-10.57));
#2356 = CIRCLE('',#2357,8.5);
#2357 = AXIS2_PLACEMENT_3D('',#2358,#2359,#2360);
#2358 = CARTESIAN_POINT('',(53.5,52.5,-10.57));
#2359 = DIRECTION('',(0.,0.,1.));
#2360 = DIRECTION('',(1.,0.,0.));
#2361 = ORIENTED_EDGE('',*,*,#2362,.T.);
#2362 = EDGE_CURVE('',#2354,#2238,#2363,.T.);
#2363 = LINE('',#2364,#2365);
#2364 = CARTESIAN_POINT('',(61.850236588295,54.088568197936,-10.57));
#2365 = VECTOR('',#2366,1.);
#2366 = DIRECTION('',(-0.,-0.,-1.));
#2367 = CYLINDRICAL_SURFACE('',#2368,8.5);
#2368 = AXIS2_PLACEMENT_3D('',#2369,#2370,#2371);
#2369 = CARTESIAN_POINT('',(53.5,52.5,-9.27));
#2370 = DIRECTION('',(-0.,-0.,-1.));
#2371 = DIRECTION('',(1.,0.,0.));
#2372 = ADVANCED_FACE('',(#2373,#2409),#2412,.T.);
#2373 = FACE_BOUND('',#2374,.T.);
#2374 = EDGE_LOOP('',(#2375,#2386,#2394,#2403));
#2375 = ORIENTED_EDGE('',*,*,#2376,.T.);
#2376 = EDGE_CURVE('',#2377,#2379,#2381,.T.);
#2377 = VERTEX_POINT('',#2378);
#2378 = CARTESIAN_POINT('',(51.304969521821,58.32269850017,-11.22));
#2379 = VERTEX_POINT('',#2380);
#2380 = CARTESIAN_POINT('',(51.304969521821,46.67730149983,-11.22));
#2381 = CIRCLE('',#2382,6.22269850017);
#2382 = AXIS2_PLACEMENT_3D('',#2383,#2384,#2385);
#2383 = CARTESIAN_POINT('',(53.5,52.5,-11.22));
#2384 = DIRECTION('',(0.,0.,1.));
#2385 = DIRECTION('',(1.,0.,0.));
#2386 = ORIENTED_EDGE('',*,*,#2387,.T.);
#2387 = EDGE_CURVE('',#2379,#2388,#2390,.T.);
#2388 = VERTEX_POINT('',#2389);
#2389 = CARTESIAN_POINT('',(55.695030478179,46.67730149983,-11.22));
#2390 = LINE('',#2391,#2392);
#2391 = CARTESIAN_POINT('',(51.309109769979,46.67730149983,-11.22));
#2392 = VECTOR('',#2393,1.);
#2393 = DIRECTION('',(1.,0.,0.));
#2394 = ORIENTED_EDGE('',*,*,#2395,.T.);
#2395 = EDGE_CURVE('',#2388,#2396,#2398,.T.);
#2396 = VERTEX_POINT('',#2397);
#2397 = CARTESIAN_POINT('',(55.695030478179,58.32269850017,-11.22));
#2398 = CIRCLE('',#2399,6.22269850017);
#2399 = AXIS2_PLACEMENT_3D('',#2400,#2401,#2402);
#2400 = CARTESIAN_POINT('',(53.5,52.5,-11.22));
#2401 = DIRECTION('',(0.,0.,1.));
#2402 = DIRECTION('',(1.,0.,0.));
#2403 = ORIENTED_EDGE('',*,*,#2404,.F.);
#2404 = EDGE_CURVE('',#2377,#2396,#2405,.T.);
#2405 = LINE('',#2406,#2407);
#2406 = CARTESIAN_POINT('',(51.309109769979,58.32269850017,-11.22));
#2407 = VECTOR('',#2408,1.);
#2408 = DIRECTION('',(1.,0.,0.));
#2409 = FACE_BOUND('',#2410,.T.);
#2410 = EDGE_LOOP('',(#2411));
#2411 = ORIENTED_EDGE('',*,*,#1269,.F.);
#2412 = PLANE('',#2413);
#2413 = AXIS2_PLACEMENT_3D('',#2414,#2415,#2416);
#2414 = CARTESIAN_POINT('',(53.5,52.5,-11.22));
#2415 = DIRECTION('',(0.,0.,1.));
#2416 = DIRECTION('',(1.,0.,0.));
#2417 = ADVANCED_FACE('',(#2418,#2452),#2455,.T.);
#2418 = FACE_BOUND('',#2419,.T.);
#2419 = EDGE_LOOP('',(#2420,#2430,#2438,#2446));
#2420 = ORIENTED_EDGE('',*,*,#2421,.T.);
#2421 = EDGE_CURVE('',#2422,#2424,#2426,.T.);
#2422 = VERTEX_POINT('',#2423);
#2423 = CARTESIAN_POINT('',(3.,58.4,-10.9));
#2424 = VERTEX_POINT('',#2425);
#2425 = CARTESIAN_POINT('',(3.,46.6,-10.9));
#2426 = LINE('',#2427,#2428);
#2427 = CARTESIAN_POINT('',(3.,58.4,-10.9));
#2428 = VECTOR('',#2429,1.);
#2429 = DIRECTION('',(0.,-1.,0.));
#2430 = ORIENTED_EDGE('',*,*,#2431,.T.);
#2431 = EDGE_CURVE('',#2424,#2432,#2434,.T.);
#2432 = VERTEX_POINT('',#2433);
#2433 = CARTESIAN_POINT('',(16.,46.6,-10.9));
#2434 = LINE('',#2435,#2436);
#2435 = CARTESIAN_POINT('',(3.,46.6,-10.9));
#2436 = VECTOR('',#2437,1.);
#2437 = DIRECTION('',(1.,0.,0.));
#2438 = ORIENTED_EDGE('',*,*,#2439,.T.);
#2439 = EDGE_CURVE('',#2432,#2440,#2442,.T.);
#2440 = VERTEX_POINT('',#2441);
#2441 = CARTESIAN_POINT('',(16.,58.4,-10.9));
#2442 = LINE('',#2443,#2444);
#2443 = CARTESIAN_POINT('',(16.,46.6,-10.9));
#2444 = VECTOR('',#2445,1.);
#2445 = DIRECTION('',(0.,1.,0.));
#2446 = ORIENTED_EDGE('',*,*,#2447,.T.);
#2447 = EDGE_CURVE('',#2440,#2422,#2448,.T.);
#2448 = LINE('',#2449,#2450);
#2449 = CARTESIAN_POINT('',(16.,58.4,-10.9));
#2450 = VECTOR('',#2451,1.);
#2451 = DIRECTION('',(-1.,0.,0.));
#2452 = FACE_BOUND('',#2453,.T.);
#2453 = EDGE_LOOP('',(#2454));
#2454 = ORIENTED_EDGE('',*,*,#1294,.F.);
#2455 = PLANE('',#2456);
#2456 = AXIS2_PLACEMENT_3D('',#2457,#2458,#2459);
#2457 = CARTESIAN_POINT('',(9.5,52.5,-10.9));
#2458 = DIRECTION('',(0.,0.,1.));
#2459 = DIRECTION('',(1.,0.,0.));
#2460 = ADVANCED_FACE('',(#2461,#2497),#2500,.T.);
#2461 = FACE_BOUND('',#2462,.T.);
#2462 = EDGE_LOOP('',(#2463,#2474,#2482,#2491));
#2463 = ORIENTED_EDGE('',*,*,#2464,.T.);
#2464 = EDGE_CURVE('',#2465,#2467,#2469,.T.);
#2465 = VERTEX_POINT('',#2466);
#2466 = CARTESIAN_POINT('',(51.304969521821,84.32269850017,-11.22));
#2467 = VERTEX_POINT('',#2468);
#2468 = CARTESIAN_POINT('',(51.304969521821,72.67730149983,-11.22));
#2469 = CIRCLE('',#2470,6.22269850017);
#2470 = AXIS2_PLACEMENT_3D('',#2471,#2472,#2473);
#2471 = CARTESIAN_POINT('',(53.5,78.5,-11.22));
#2472 = DIRECTION('',(0.,0.,1.));
#2473 = DIRECTION('',(1.,0.,0.));
#2474 = ORIENTED_EDGE('',*,*,#2475,.T.);
#2475 = EDGE_CURVE('',#2467,#2476,#2478,.T.);
#2476 = VERTEX_POINT('',#2477);
#2477 = CARTESIAN_POINT('',(55.695030478179,72.67730149983,-11.22));
#2478 = LINE('',#2479,#2480);
#2479 = CARTESIAN_POINT('',(51.309109769979,72.67730149983,-11.22));
#2480 = VECTOR('',#2481,1.);
#2481 = DIRECTION('',(1.,0.,0.));
#2482 = ORIENTED_EDGE('',*,*,#2483,.T.);
#2483 = EDGE_CURVE('',#2476,#2484,#2486,.T.);
#2484 = VERTEX_POINT('',#2485);
#2485 = CARTESIAN_POINT('',(55.695030478179,84.32269850017,-11.22));
#2486 = CIRCLE('',#2487,6.22269850017);
#2487 = AXIS2_PLACEMENT_3D('',#2488,#2489,#2490);
#2488 = CARTESIAN_POINT('',(53.5,78.5,-11.22));
#2489 = DIRECTION('',(0.,0.,1.));
#2490 = DIRECTION('',(1.,0.,0.));
#2491 = ORIENTED_EDGE('',*,*,#2492,.F.);
#2492 = EDGE_CURVE('',#2465,#2484,#2493,.T.);
#2493 = LINE('',#2494,#2495);
#2494 = CARTESIAN_POINT('',(51.309109769979,84.32269850017,-11.22));
#2495 = VECTOR('',#2496,1.);
#2496 = DIRECTION('',(1.,0.,0.));
#2497 = FACE_BOUND('',#2498,.T.);
#2498 = EDGE_LOOP('',(#2499));
#2499 = ORIENTED_EDGE('',*,*,#1319,.F.);
#2500 = PLANE('',#2501);
#2501 = AXIS2_PLACEMENT_3D('',#2502,#2503,#2504);
#2502 = CARTESIAN_POINT('',(53.5,78.5,-11.22));
#2503 = DIRECTION('',(0.,0.,1.));
#2504 = DIRECTION('',(1.,0.,0.));
#2505 = ADVANCED_FACE('',(#2506,#2542),#2545,.T.);
#2506 = FACE_BOUND('',#2507,.T.);
#2507 = EDGE_LOOP('',(#2508,#2519,#2527,#2536));
#2508 = ORIENTED_EDGE('',*,*,#2509,.T.);
#2509 = EDGE_CURVE('',#2510,#2512,#2514,.T.);
#2510 = VERTEX_POINT('',#2511);
#2511 = CARTESIAN_POINT('',(7.304969521821,84.32269850017,-11.22));
#2512 = VERTEX_POINT('',#2513);
#2513 = CARTESIAN_POINT('',(7.304969521821,72.67730149983,-11.22));
#2514 = CIRCLE('',#2515,6.22269850017);
#2515 = AXIS2_PLACEMENT_3D('',#2516,#2517,#2518);
#2516 = CARTESIAN_POINT('',(9.5,78.5,-11.22));
#2517 = DIRECTION('',(0.,0.,1.));
#2518 = DIRECTION('',(1.,0.,0.));
#2519 = ORIENTED_EDGE('',*,*,#2520,.T.);
#2520 = EDGE_CURVE('',#2512,#2521,#2523,.T.);
#2521 = VERTEX_POINT('',#2522);
#2522 = CARTESIAN_POINT('',(11.695030478179,72.67730149983,-11.22));
#2523 = LINE('',#2524,#2525);
#2524 = CARTESIAN_POINT('',(7.309109769979,72.67730149983,-11.22));
#2525 = VECTOR('',#2526,1.);
#2526 = DIRECTION('',(1.,0.,0.));
#2527 = ORIENTED_EDGE('',*,*,#2528,.T.);
#2528 = EDGE_CURVE('',#2521,#2529,#2531,.T.);
#2529 = VERTEX_POINT('',#2530);
#2530 = CARTESIAN_POINT('',(11.695030478179,84.32269850017,-11.22));
#2531 = CIRCLE('',#2532,6.22269850017);
#2532 = AXIS2_PLACEMENT_3D('',#2533,#2534,#2535);
#2533 = CARTESIAN_POINT('',(9.5,78.5,-11.22));
#2534 = DIRECTION('',(0.,0.,1.));
#2535 = DIRECTION('',(1.,0.,0.));
#2536 = ORIENTED_EDGE('',*,*,#2537,.F.);
#2537 = EDGE_CURVE('',#2510,#2529,#2538,.T.);
#2538 = LINE('',#2539,#2540);
#2539 = CARTESIAN_POINT('',(7.309109769979,84.32269850017,-11.22));
#2540 = VECTOR('',#2541,1.);
#2541 = DIRECTION('',(1.,0.,0.));
#2542 = FACE_BOUND('',#2543,.T.);
#2543 = EDGE_LOOP('',(#2544));
#2544 = ORIENTED_EDGE('',*,*,#1344,.F.);
#2545 = PLANE('',#2546);
#2546 = AXIS2_PLACEMENT_3D('',#2547,#2548,#2549);
#2547 = CARTESIAN_POINT('',(9.5,78.5,-11.22));
#2548 = DIRECTION('',(0.,0.,1.));
#2549 = DIRECTION('',(1.,0.,0.));
#2550 = ADVANCED_FACE('',(#2551),#2576,.F.);
#2551 = FACE_BOUND('',#2552,.F.);
#2552 = EDGE_LOOP('',(#2553,#2561,#2569,#2575));
#2553 = ORIENTED_EDGE('',*,*,#2554,.T.);
#2554 = EDGE_CURVE('',#1395,#2555,#2557,.T.);
#2555 = VERTEX_POINT('',#2556);
#2556 = CARTESIAN_POINT('',(46.82,72.1,-11.27));
#2557 = LINE('',#2558,#2559);
#2558 = CARTESIAN_POINT('',(46.82,72.1,-9.27));
#2559 = VECTOR('',#2560,1.);
#2560 = DIRECTION('',(-0.,-0.,-1.));
#2561 = ORIENTED_EDGE('',*,*,#2562,.T.);
#2562 = EDGE_CURVE('',#2555,#2563,#2565,.T.);
#2563 = VERTEX_POINT('',#2564);
#2564 = CARTESIAN_POINT('',(46.82,68.4,-11.27));
#2565 = LINE('',#2566,#2567);
#2566 = CARTESIAN_POINT('',(46.82,72.1,-11.27));
#2567 = VECTOR('',#2568,1.);
#2568 = DIRECTION('',(0.,-1.,0.));
#2569 = ORIENTED_EDGE('',*,*,#2570,.F.);
#2570 = EDGE_CURVE('',#1397,#2563,#2571,.T.);
#2571 = LINE('',#2572,#2573);
#2572 = CARTESIAN_POINT('',(46.82,68.4,-9.27));
#2573 = VECTOR('',#2574,1.);
#2574 = DIRECTION('',(-0.,-0.,-1.));
#2575 = ORIENTED_EDGE('',*,*,#1394,.F.);
#2576 = PLANE('',#2577);
#2577 = AXIS2_PLACEMENT_3D('',#2578,#2579,#2580);
#2578 = CARTESIAN_POINT('',(46.82,72.1,-9.27));
#2579 = DIRECTION('',(-1.,0.,0.));
#2580 = DIRECTION('',(0.,-1.,0.));
#2581 = ADVANCED_FACE('',(#2582),#2600,.F.);
#2582 = FACE_BOUND('',#2583,.F.);
#2583 = EDGE_LOOP('',(#2584,#2592,#2598,#2599));
#2584 = ORIENTED_EDGE('',*,*,#2585,.T.);
#2585 = EDGE_CURVE('',#1405,#2586,#2588,.T.);
#2586 = VERTEX_POINT('',#2587);
#2587 = CARTESIAN_POINT('',(60.2,72.1,-11.27));
#2588 = LINE('',#2589,#2590);
#2589 = CARTESIAN_POINT('',(60.2,72.1,-9.27));
#2590 = VECTOR('',#2591,1.);
#2591 = DIRECTION('',(-0.,-0.,-1.));
#2592 = ORIENTED_EDGE('',*,*,#2593,.T.);
#2593 = EDGE_CURVE('',#2586,#2555,#2594,.T.);
#2594 = LINE('',#2595,#2596);
#2595 = CARTESIAN_POINT('',(60.2,72.1,-11.27));
#2596 = VECTOR('',#2597,1.);
#2597 = DIRECTION('',(-1.,0.,0.));
#2598 = ORIENTED_EDGE('',*,*,#2554,.F.);
#2599 = ORIENTED_EDGE('',*,*,#1404,.F.);
#2600 = PLANE('',#2601);
#2601 = AXIS2_PLACEMENT_3D('',#2602,#2603,#2604);
#2602 = CARTESIAN_POINT('',(60.2,72.1,-9.27));
#2603 = DIRECTION('',(0.,1.,0.));
#2604 = DIRECTION('',(-1.,0.,0.));
#2605 = ADVANCED_FACE('',(#2606),#2624,.F.);
#2606 = FACE_BOUND('',#2607,.F.);
#2607 = EDGE_LOOP('',(#2608,#2609,#2617,#2623));
#2608 = ORIENTED_EDGE('',*,*,#2570,.T.);
#2609 = ORIENTED_EDGE('',*,*,#2610,.T.);
#2610 = EDGE_CURVE('',#2563,#2611,#2613,.T.);
#2611 = VERTEX_POINT('',#2612);
#2612 = CARTESIAN_POINT('',(60.2,68.4,-11.27));
#2613 = LINE('',#2614,#2615);
#2614 = CARTESIAN_POINT('',(46.82,68.4,-11.27));
#2615 = VECTOR('',#2616,1.);
#2616 = DIRECTION('',(1.,0.,0.));
#2617 = ORIENTED_EDGE('',*,*,#2618,.F.);
#2618 = EDGE_CURVE('',#1413,#2611,#2619,.T.);
#2619 = LINE('',#2620,#2621);
#2620 = CARTESIAN_POINT('',(60.2,68.4,-9.27));
#2621 = VECTOR('',#2622,1.);
#2622 = DIRECTION('',(-0.,-0.,-1.));
#2623 = ORIENTED_EDGE('',*,*,#1420,.F.);
#2624 = PLANE('',#2625);
#2625 = AXIS2_PLACEMENT_3D('',#2626,#2627,#2628);
#2626 = CARTESIAN_POINT('',(46.82,68.4,-9.27));
#2627 = DIRECTION('',(0.,-1.,0.));
#2628 = DIRECTION('',(1.,0.,0.));
#2629 = ADVANCED_FACE('',(#2630),#2641,.F.);
#2630 = FACE_BOUND('',#2631,.F.);
#2631 = EDGE_LOOP('',(#2632,#2633,#2639,#2640));
#2632 = ORIENTED_EDGE('',*,*,#2618,.T.);
#2633 = ORIENTED_EDGE('',*,*,#2634,.T.);
#2634 = EDGE_CURVE('',#2611,#2586,#2635,.T.);
#2635 = LINE('',#2636,#2637);
#2636 = CARTESIAN_POINT('',(60.2,68.4,-11.27));
#2637 = VECTOR('',#2638,1.);
#2638 = DIRECTION('',(0.,1.,0.));
#2639 = ORIENTED_EDGE('',*,*,#2585,.F.);
#2640 = ORIENTED_EDGE('',*,*,#1412,.F.);
#2641 = PLANE('',#2642);
#2642 = AXIS2_PLACEMENT_3D('',#2643,#2644,#2645);
#2643 = CARTESIAN_POINT('',(60.2,68.4,-9.27));
#2644 = DIRECTION('',(1.,0.,0.));
#2645 = DIRECTION('',(0.,1.,0.));
#2646 = ADVANCED_FACE('',(#2647),#2653,.F.);
#2647 = FACE_BOUND('',#2648,.F.);
#2648 = EDGE_LOOP('',(#2649,#2650,#2651,#2652));
#2649 = ORIENTED_EDGE('',*,*,#1648,.T.);
#2650 = ORIENTED_EDGE('',*,*,#1466,.T.);
#2651 = ORIENTED_EDGE('',*,*,#1489,.F.);
#2652 = ORIENTED_EDGE('',*,*,#1539,.F.);
#2653 = PLANE('',#2654);
#2654 = AXIS2_PLACEMENT_3D('',#2655,#2656,#2657);
#2655 = CARTESIAN_POINT('',(60.646659876658,79.887677155286,-10.57));
#2656 = DIRECTION('',(-1.,0.,0.));
#2657 = DIRECTION('',(0.,-1.,0.));
#2658 = ADVANCED_FACE('',(#2659),#2673,.T.);
#2659 = FACE_BOUND('',#2660,.T.);
#2660 = EDGE_LOOP('',(#2661,#2662,#2667,#2668));
#2661 = ORIENTED_EDGE('',*,*,#1522,.T.);
#2662 = ORIENTED_EDGE('',*,*,#2663,.T.);
#2663 = EDGE_CURVE('',#1515,#2484,#2664,.T.);
#2664 = B_SPLINE_CURVE_WITH_KNOTS('',1,(#2665,#2666),.UNSPECIFIED.,.F.,
  .F.,(2,2),(0.,1.),.PIECEWISE_BEZIER_KNOTS.);
#2665 = CARTESIAN_POINT('',(55.690890230021,84.3,-10.57));
#2666 = CARTESIAN_POINT('',(55.695030478179,84.32269850017,-11.22));
#2667 = ORIENTED_EDGE('',*,*,#2483,.F.);
#2668 = ORIENTED_EDGE('',*,*,#2669,.F.);
#2669 = EDGE_CURVE('',#1523,#2476,#2670,.T.);
#2670 = B_SPLINE_CURVE_WITH_KNOTS('',1,(#2671,#2672),.UNSPECIFIED.,.F.,
  .F.,(2,2),(0.,1.),.PIECEWISE_BEZIER_KNOTS.);
#2671 = CARTESIAN_POINT('',(55.690890230021,72.7,-10.57));
#2672 = CARTESIAN_POINT('',(55.695030478179,72.67730149983,-11.22));
#2673 = B_SPLINE_SURFACE_WITH_KNOTS('',9,1,(
    (#2674,#2675)
    ,(#2676,#2677)
    ,(#2678,#2679)
    ,(#2680,#2681)
    ,(#2682,#2683)
    ,(#2684,#2685)
    ,(#2686,#2687)
    ,(#2688,#2689)
    ,(#2690,#2691)
    ,(#2692,#2693
    )),.UNSPECIFIED.,.F.,.F.,.F.,(10,10),(2,2),(5.072892845838,
    7.493477768522),(0.,1.),.PIECEWISE_BEZIER_KNOTS.);
#2674 = CARTESIAN_POINT('',(55.690890230021,72.7,-10.57));
#2675 = CARTESIAN_POINT('',(55.695030478179,72.67730149983,-11.22));
#2676 = CARTESIAN_POINT('',(57.249963610198,73.288923902848,-10.57));
#2677 = CARTESIAN_POINT('',(57.261067833606,73.267663464309,-11.22));
#2678 = CARTESIAN_POINT('',(58.630944283659,74.349321556541,-10.57));
#2679 = CARTESIAN_POINT('',(58.648479240342,74.331866095152,-11.22));
#2680 = CARTESIAN_POINT('',(59.670872899409,75.819643613771,-10.57));
#2681 = CARTESIAN_POINT('',(59.693396949411,75.808141741847,
    -11.21999999999));
#2682 = CARTESIAN_POINT('',(60.231683418504,77.572630969508,-10.57));
#2683 = CARTESIAN_POINT('',(60.256948966629,77.568610282363,-11.22));
#2684 = CARTESIAN_POINT('',(60.231683418507,79.42736903049,-10.57));
#2685 = CARTESIAN_POINT('',(60.256948966621,79.431389717637,
    -11.21999999999));
#2686 = CARTESIAN_POINT('',(59.670872899407,81.180356386232,-10.57));
#2687 = CARTESIAN_POINT('',(59.693396949417,81.191858258154,-11.22));
#2688 = CARTESIAN_POINT('',(58.630944283659,82.650678443457,-10.57));
#2689 = CARTESIAN_POINT('',(58.648479240339,82.668133904847,-11.22));
#2690 = CARTESIAN_POINT('',(57.249963610198,83.711076097153,-10.57));
#2691 = CARTESIAN_POINT('',(57.261067833607,83.732336535691,-11.22));
#2692 = CARTESIAN_POINT('',(55.690890230021,84.3,-10.57));
#2693 = CARTESIAN_POINT('',(55.695030478179,84.32269850017,-11.22));
#2694 = ADVANCED_FACE('',(#2695),#2705,.T.);
#2695 = FACE_BOUND('',#2696,.T.);
#2696 = EDGE_LOOP('',(#2697,#2698,#2699,#2700));
#2697 = ORIENTED_EDGE('',*,*,#1570,.T.);
#2698 = ORIENTED_EDGE('',*,*,#2669,.T.);
#2699 = ORIENTED_EDGE('',*,*,#2475,.F.);
#2700 = ORIENTED_EDGE('',*,*,#2701,.F.);
#2701 = EDGE_CURVE('',#1563,#2467,#2702,.T.);
#2702 = B_SPLINE_CURVE_WITH_KNOTS('',1,(#2703,#2704),.UNSPECIFIED.,.F.,
  .F.,(2,2),(0.,1.),.PIECEWISE_BEZIER_KNOTS.);
#2703 = CARTESIAN_POINT('',(51.309109769979,72.7,-10.57));
#2704 = CARTESIAN_POINT('',(51.304969521821,72.67730149983,-11.22));
#2705 = B_SPLINE_SURFACE_WITH_KNOTS('',1,1,(
    (#2706,#2707)
    ,(#2708,#2709
    )),.UNSPECIFIED.,.F.,.F.,.F.,(2,2),(2,2),(-4.140248158546E-03,
    4.3859207082),(0.,1.),.PIECEWISE_BEZIER_KNOTS.);
#2706 = CARTESIAN_POINT('',(51.309109769979,72.7,-10.57));
#2707 = CARTESIAN_POINT('',(51.304969521821,72.67730149983,-11.22));
#2708 = CARTESIAN_POINT('',(55.690890230021,72.7,-10.57));
#2709 = CARTESIAN_POINT('',(55.695030478179,72.67730149983,-11.22));
#2710 = ADVANCED_FACE('',(#2711),#2721,.T.);
#2711 = FACE_BOUND('',#2712,.T.);
#2712 = EDGE_LOOP('',(#2713,#2714,#2715,#2716));
#2713 = ORIENTED_EDGE('',*,*,#1597,.T.);
#2714 = ORIENTED_EDGE('',*,*,#2701,.T.);
#2715 = ORIENTED_EDGE('',*,*,#2464,.F.);
#2716 = ORIENTED_EDGE('',*,*,#2717,.F.);
#2717 = EDGE_CURVE('',#1588,#2465,#2718,.T.);
#2718 = B_SPLINE_CURVE_WITH_KNOTS('',1,(#2719,#2720),.UNSPECIFIED.,.F.,
  .F.,(2,2),(0.,1.),.PIECEWISE_BEZIER_KNOTS.);
#2719 = CARTESIAN_POINT('',(51.309109769979,84.3,-10.57));
#2720 = CARTESIAN_POINT('',(51.304969521821,84.32269850017,-11.22));
#2721 = B_SPLINE_SURFACE_WITH_KNOTS('',9,1,(
    (#2722,#2723)
    ,(#2724,#2725)
    ,(#2726,#2727)
    ,(#2728,#2729)
    ,(#2730,#2731)
    ,(#2732,#2733)
    ,(#2734,#2735)
    ,(#2736,#2737)
    ,(#2738,#2739)
    ,(#2740,#2741
    )),.UNSPECIFIED.,.F.,.F.,.F.,(10,10),(2,2),(1.931300192248,
    4.351885114932),(0.,1.),.PIECEWISE_BEZIER_KNOTS.);
#2722 = CARTESIAN_POINT('',(51.309109769979,84.3,-10.57));
#2723 = CARTESIAN_POINT('',(51.304969521821,84.32269850017,-11.22));
#2724 = CARTESIAN_POINT('',(49.750036389802,83.711076097152,-10.57));
#2725 = CARTESIAN_POINT('',(49.738932166393,83.73233653569,-11.22));
#2726 = CARTESIAN_POINT('',(48.369055716341,82.65067844346,-10.57));
#2727 = CARTESIAN_POINT('',(48.351520759659,82.668133904849,-11.22));
#2728 = CARTESIAN_POINT('',(47.329127100592,81.180356386227,-10.57));
#2729 = CARTESIAN_POINT('',(47.306603050586,81.191858258149,-11.22));
#2730 = CARTESIAN_POINT('',(46.768316581495,79.427369030497,
    -10.56999999999));
#2731 = CARTESIAN_POINT('',(46.743051033375,79.431389717645,-11.22));
#2732 = CARTESIAN_POINT('',(46.768316581494,77.572630969502,-10.57));
#2733 = CARTESIAN_POINT('',(46.743051033376,77.568610282355,
    -11.21999999999));
#2734 = CARTESIAN_POINT('',(47.329127100592,75.819643613775,-10.57));
#2735 = CARTESIAN_POINT('',(47.306603050586,75.808141741851,-11.22));
#2736 = CARTESIAN_POINT('',(48.369055716341,74.349321556539,-10.57));
#2737 = CARTESIAN_POINT('',(48.35152075966,74.33186609515,-11.22));
#2738 = CARTESIAN_POINT('',(49.750036389802,73.288923902848,-10.57));
#2739 = CARTESIAN_POINT('',(49.738932166393,73.26766346431,-11.22));
#2740 = CARTESIAN_POINT('',(51.309109769979,72.7,-10.57));
#2741 = CARTESIAN_POINT('',(51.304969521821,72.67730149983,-11.22));
#2742 = ADVANCED_FACE('',(#2743),#2749,.T.);
#2743 = FACE_BOUND('',#2744,.T.);
#2744 = EDGE_LOOP('',(#2745,#2746,#2747,#2748));
#2745 = ORIENTED_EDGE('',*,*,#1614,.T.);
#2746 = ORIENTED_EDGE('',*,*,#2717,.T.);
#2747 = ORIENTED_EDGE('',*,*,#2492,.T.);
#2748 = ORIENTED_EDGE('',*,*,#2663,.F.);
#2749 = B_SPLINE_SURFACE_WITH_KNOTS('',1,1,(
    (#2750,#2751)
    ,(#2752,#2753
    )),.UNSPECIFIED.,.F.,.F.,.F.,(2,2),(2,2),(-4.3859207082,
    4.14024815854E-03),(0.,1.),.PIECEWISE_BEZIER_KNOTS.);
#2750 = CARTESIAN_POINT('',(55.690890230021,84.3,-10.57));
#2751 = CARTESIAN_POINT('',(55.695030478179,84.32269850017,-11.22));
#2752 = CARTESIAN_POINT('',(51.309109769979,84.3,-10.57));
#2753 = CARTESIAN_POINT('',(51.304969521821,84.32269850017,-11.22));
#2754 = ADVANCED_FACE('',(#2755),#2780,.T.);
#2755 = FACE_BOUND('',#2756,.T.);
#2756 = EDGE_LOOP('',(#2757,#2758,#2766,#2774));
#2757 = ORIENTED_EDGE('',*,*,#1663,.T.);
#2758 = ORIENTED_EDGE('',*,*,#2759,.T.);
#2759 = EDGE_CURVE('',#1666,#2760,#2762,.T.);
#2760 = VERTEX_POINT('',#2761);
#2761 = CARTESIAN_POINT('',(43.5,33.,-10.));
#2762 = LINE('',#2763,#2764);
#2763 = CARTESIAN_POINT('',(43.5,33.,0.));
#2764 = VECTOR('',#2765,1.);
#2765 = DIRECTION('',(-0.,-0.,-1.));
#2766 = ORIENTED_EDGE('',*,*,#2767,.T.);
#2767 = EDGE_CURVE('',#2760,#2768,#2770,.T.);
#2768 = VERTEX_POINT('',#2769);
#2769 = CARTESIAN_POINT('',(60.,33.,-10.));
#2770 = LINE('',#2771,#2772);
#2771 = CARTESIAN_POINT('',(43.5,33.,-10.));
#2772 = VECTOR('',#2773,1.);
#2773 = DIRECTION('',(1.,0.,0.));
#2774 = ORIENTED_EDGE('',*,*,#2775,.F.);
#2775 = EDGE_CURVE('',#1664,#2768,#2776,.T.);
#2776 = LINE('',#2777,#2778);
#2777 = CARTESIAN_POINT('',(60.,33.,0.));
#2778 = VECTOR('',#2779,1.);
#2779 = DIRECTION('',(-0.,-0.,-1.));
#2780 = PLANE('',#2781);
#2781 = AXIS2_PLACEMENT_3D('',#2782,#2783,#2784);
#2782 = CARTESIAN_POINT('',(43.5,33.,0.));
#2783 = DIRECTION('',(0.,-1.,0.));
#2784 = DIRECTION('',(1.,0.,0.));
#2785 = ADVANCED_FACE('',(#2786),#2804,.T.);
#2786 = FACE_BOUND('',#2787,.T.);
#2787 = EDGE_LOOP('',(#2788,#2789,#2797,#2803));
#2788 = ORIENTED_EDGE('',*,*,#1730,.T.);
#2789 = ORIENTED_EDGE('',*,*,#2790,.T.);
#2790 = EDGE_CURVE('',#1723,#2791,#2793,.T.);
#2791 = VERTEX_POINT('',#2792);
#2792 = CARTESIAN_POINT('',(43.5,70.,-10.));
#2793 = LINE('',#2794,#2795);
#2794 = CARTESIAN_POINT('',(43.5,70.,0.));
#2795 = VECTOR('',#2796,1.);
#2796 = DIRECTION('',(-0.,-0.,-1.));
#2797 = ORIENTED_EDGE('',*,*,#2798,.T.);
#2798 = EDGE_CURVE('',#2791,#2760,#2799,.T.);
#2799 = LINE('',#2800,#2801);
#2800 = CARTESIAN_POINT('',(43.5,70.,-10.));
#2801 = VECTOR('',#2802,1.);
#2802 = DIRECTION('',(0.,-1.,0.));
#2803 = ORIENTED_EDGE('',*,*,#2759,.F.);
#2804 = PLANE('',#2805);
#2805 = AXIS2_PLACEMENT_3D('',#2806,#2807,#2808);
#2806 = CARTESIAN_POINT('',(43.5,70.,0.));
#2807 = DIRECTION('',(-1.,0.,0.));
#2808 = DIRECTION('',(0.,-1.,0.));
#2809 = ADVANCED_FACE('',(#2810),#2828,.T.);
#2810 = FACE_BOUND('',#2811,.T.);
#2811 = EDGE_LOOP('',(#2812,#2820,#2821,#2822));
#2812 = ORIENTED_EDGE('',*,*,#2813,.F.);
#2813 = EDGE_CURVE('',#2295,#2814,#2816,.T.);
#2814 = VERTEX_POINT('',#2815);
#2815 = CARTESIAN_POINT('',(45.8,35.4,-9.27));
#2816 = LINE('',#2817,#2818);
#2817 = CARTESIAN_POINT('',(45.8,48.9,-9.27));
#2818 = VECTOR('',#2819,1.);
#2819 = DIRECTION('',(0.,-1.,0.));
#2820 = ORIENTED_EDGE('',*,*,#2294,.T.);
#2821 = ORIENTED_EDGE('',*,*,#1697,.T.);
#2822 = ORIENTED_EDGE('',*,*,#2823,.F.);
#2823 = EDGE_CURVE('',#2814,#1690,#2824,.T.);
#2824 = LINE('',#2825,#2826);
#2825 = CARTESIAN_POINT('',(45.8,35.4,-9.27));
#2826 = VECTOR('',#2827,1.);
#2827 = DIRECTION('',(0.,0.,1.));
#2828 = PLANE('',#2829);
#2829 = AXIS2_PLACEMENT_3D('',#2830,#2831,#2832);
#2830 = CARTESIAN_POINT('',(45.8,48.9,-9.27));
#2831 = DIRECTION('',(1.,0.,0.));
#2832 = DIRECTION('',(0.,-1.,0.));
#2833 = ADVANCED_FACE('',(#2834),#2852,.T.);
#2834 = FACE_BOUND('',#2835,.T.);
#2835 = EDGE_LOOP('',(#2836,#2844,#2845,#2846));
#2836 = ORIENTED_EDGE('',*,*,#2837,.F.);
#2837 = EDGE_CURVE('',#2814,#2838,#2840,.T.);
#2838 = VERTEX_POINT('',#2839);
#2839 = CARTESIAN_POINT('',(61.2,35.4,-9.27));
#2840 = LINE('',#2841,#2842);
#2841 = CARTESIAN_POINT('',(45.8,35.4,-9.27));
#2842 = VECTOR('',#2843,1.);
#2843 = DIRECTION('',(1.,0.,0.));
#2844 = ORIENTED_EDGE('',*,*,#2823,.T.);
#2845 = ORIENTED_EDGE('',*,*,#1689,.T.);
#2846 = ORIENTED_EDGE('',*,*,#2847,.F.);
#2847 = EDGE_CURVE('',#2838,#1682,#2848,.T.);
#2848 = LINE('',#2849,#2850);
#2849 = CARTESIAN_POINT('',(61.2,35.4,-9.27));
#2850 = VECTOR('',#2851,1.);
#2851 = DIRECTION('',(0.,0.,1.));
#2852 = PLANE('',#2853);
#2853 = AXIS2_PLACEMENT_3D('',#2854,#2855,#2856);
#2854 = CARTESIAN_POINT('',(45.8,35.4,-9.27));
#2855 = DIRECTION('',(0.,1.,0.));
#2856 = DIRECTION('',(1.,0.,0.));
#2857 = ADVANCED_FACE('',(#2858),#2883,.F.);
#2858 = FACE_BOUND('',#2859,.F.);
#2859 = EDGE_LOOP('',(#2860,#2868,#2876,#2882));
#2860 = ORIENTED_EDGE('',*,*,#2861,.T.);
#2861 = EDGE_CURVE('',#1825,#2862,#2864,.T.);
#2862 = VERTEX_POINT('',#2863);
#2863 = CARTESIAN_POINT('',(2.82,72.1,-11.27));
#2864 = LINE('',#2865,#2866);
#2865 = CARTESIAN_POINT('',(2.82,72.1,-9.27));
#2866 = VECTOR('',#2867,1.);
#2867 = DIRECTION('',(-0.,-0.,-1.));
#2868 = ORIENTED_EDGE('',*,*,#2869,.T.);
#2869 = EDGE_CURVE('',#2862,#2870,#2872,.T.);
#2870 = VERTEX_POINT('',#2871);
#2871 = CARTESIAN_POINT('',(2.82,68.4,-11.27));
#2872 = LINE('',#2873,#2874);
#2873 = CARTESIAN_POINT('',(2.82,72.1,-11.27));
#2874 = VECTOR('',#2875,1.);
#2875 = DIRECTION('',(0.,-1.,0.));
#2876 = ORIENTED_EDGE('',*,*,#2877,.F.);
#2877 = EDGE_CURVE('',#1827,#2870,#2878,.T.);
#2878 = LINE('',#2879,#2880);
#2879 = CARTESIAN_POINT('',(2.82,68.4,-9.27));
#2880 = VECTOR('',#2881,1.);
#2881 = DIRECTION('',(-0.,-0.,-1.));
#2882 = ORIENTED_EDGE('',*,*,#1824,.F.);
#2883 = PLANE('',#2884);
#2884 = AXIS2_PLACEMENT_3D('',#2885,#2886,#2887);
#2885 = CARTESIAN_POINT('',(2.82,72.1,-9.27));
#2886 = DIRECTION('',(-1.,0.,0.));
#2887 = DIRECTION('',(0.,-1.,0.));
#2888 = ADVANCED_FACE('',(#2889),#2907,.F.);
#2889 = FACE_BOUND('',#2890,.F.);
#2890 = EDGE_LOOP('',(#2891,#2899,#2905,#2906));
#2891 = ORIENTED_EDGE('',*,*,#2892,.T.);
#2892 = EDGE_CURVE('',#1835,#2893,#2895,.T.);
#2893 = VERTEX_POINT('',#2894);
#2894 = CARTESIAN_POINT('',(16.2,72.1,-11.27));
#2895 = LINE('',#2896,#2897);
#2896 = CARTESIAN_POINT('',(16.2,72.1,-9.27));
#2897 = VECTOR('',#2898,1.);
#2898 = DIRECTION('',(-0.,-0.,-1.));
#2899 = ORIENTED_EDGE('',*,*,#2900,.T.);
#2900 = EDGE_CURVE('',#2893,#2862,#2901,.T.);
#2901 = LINE('',#2902,#2903);
#2902 = CARTESIAN_POINT('',(16.2,72.1,-11.27));
#2903 = VECTOR('',#2904,1.);
#2904 = DIRECTION('',(-1.,0.,0.));
#2905 = ORIENTED_EDGE('',*,*,#2861,.F.);
#2906 = ORIENTED_EDGE('',*,*,#1834,.F.);
#2907 = PLANE('',#2908);
#2908 = AXIS2_PLACEMENT_3D('',#2909,#2910,#2911);
#2909 = CARTESIAN_POINT('',(16.2,72.1,-9.27));
#2910 = DIRECTION('',(0.,1.,0.));
#2911 = DIRECTION('',(-1.,0.,0.));
#2912 = ADVANCED_FACE('',(#2913),#2931,.F.);
#2913 = FACE_BOUND('',#2914,.F.);
#2914 = EDGE_LOOP('',(#2915,#2916,#2924,#2930));
#2915 = ORIENTED_EDGE('',*,*,#2877,.T.);
#2916 = ORIENTED_EDGE('',*,*,#2917,.T.);
#2917 = EDGE_CURVE('',#2870,#2918,#2920,.T.);
#2918 = VERTEX_POINT('',#2919);
#2919 = CARTESIAN_POINT('',(16.2,68.4,-11.27));
#2920 = LINE('',#2921,#2922);
#2921 = CARTESIAN_POINT('',(2.82,68.4,-11.27));
#2922 = VECTOR('',#2923,1.);
#2923 = DIRECTION('',(1.,0.,0.));
#2924 = ORIENTED_EDGE('',*,*,#2925,.F.);
#2925 = EDGE_CURVE('',#1843,#2918,#2926,.T.);
#2926 = LINE('',#2927,#2928);
#2927 = CARTESIAN_POINT('',(16.2,68.4,-9.27));
#2928 = VECTOR('',#2929,1.);
#2929 = DIRECTION('',(-0.,-0.,-1.));
#2930 = ORIENTED_EDGE('',*,*,#1850,.F.);
#2931 = PLANE('',#2932);
#2932 = AXIS2_PLACEMENT_3D('',#2933,#2934,#2935);
#2933 = CARTESIAN_POINT('',(2.82,68.4,-9.27));
#2934 = DIRECTION('',(0.,-1.,0.));
#2935 = DIRECTION('',(1.,0.,0.));
#2936 = ADVANCED_FACE('',(#2937),#2948,.F.);
#2937 = FACE_BOUND('',#2938,.F.);
#2938 = EDGE_LOOP('',(#2939,#2940,#2946,#2947));
#2939 = ORIENTED_EDGE('',*,*,#2925,.T.);
#2940 = ORIENTED_EDGE('',*,*,#2941,.T.);
#2941 = EDGE_CURVE('',#2918,#2893,#2942,.T.);
#2942 = LINE('',#2943,#2944);
#2943 = CARTESIAN_POINT('',(16.2,68.4,-11.27));
#2944 = VECTOR('',#2945,1.);
#2945 = DIRECTION('',(0.,1.,0.));
#2946 = ORIENTED_EDGE('',*,*,#2892,.F.);
#2947 = ORIENTED_EDGE('',*,*,#1842,.F.);
#2948 = PLANE('',#2949);
#2949 = AXIS2_PLACEMENT_3D('',#2950,#2951,#2952);
#2950 = CARTESIAN_POINT('',(16.2,68.4,-9.27));
#2951 = DIRECTION('',(1.,0.,0.));
#2952 = DIRECTION('',(0.,1.,0.));
#2953 = ADVANCED_FACE('',(#2954),#2979,.T.);
#2954 = FACE_BOUND('',#2955,.T.);
#2955 = EDGE_LOOP('',(#2956,#2957,#2965,#2973));
#2956 = ORIENTED_EDGE('',*,*,#1898,.T.);
#2957 = ORIENTED_EDGE('',*,*,#2958,.T.);
#2958 = EDGE_CURVE('',#1891,#2959,#2961,.T.);
#2959 = VERTEX_POINT('',#2960);
#2960 = CARTESIAN_POINT('',(19.5,59.4,-10.));
#2961 = LINE('',#2962,#2963);
#2962 = CARTESIAN_POINT('',(19.5,59.4,0.));
#2963 = VECTOR('',#2964,1.);
#2964 = DIRECTION('',(-0.,-0.,-1.));
#2965 = ORIENTED_EDGE('',*,*,#2966,.T.);
#2966 = EDGE_CURVE('',#2959,#2967,#2969,.T.);
#2967 = VERTEX_POINT('',#2968);
#2968 = CARTESIAN_POINT('',(19.5,70.,-10.));
#2969 = LINE('',#2970,#2971);
#2970 = CARTESIAN_POINT('',(19.5,59.4,-10.));
#2971 = VECTOR('',#2972,1.);
#2972 = DIRECTION('',(0.,1.,0.));
#2973 = ORIENTED_EDGE('',*,*,#2974,.F.);
#2974 = EDGE_CURVE('',#1899,#2967,#2975,.T.);
#2975 = LINE('',#2976,#2977);
#2976 = CARTESIAN_POINT('',(19.5,70.,0.));
#2977 = VECTOR('',#2978,1.);
#2978 = DIRECTION('',(-0.,-0.,-1.));
#2979 = PLANE('',#2980);
#2980 = AXIS2_PLACEMENT_3D('',#2981,#2982,#2983);
#2981 = CARTESIAN_POINT('',(19.5,59.4,0.));
#2982 = DIRECTION('',(1.,0.,0.));
#2983 = DIRECTION('',(0.,1.,0.));
#2984 = ADVANCED_FACE('',(#2985),#3003,.T.);
#2985 = FACE_BOUND('',#2986,.T.);
#2986 = EDGE_LOOP('',(#2987,#2988,#2996,#3002));
#2987 = ORIENTED_EDGE('',*,*,#1890,.T.);
#2988 = ORIENTED_EDGE('',*,*,#2989,.T.);
#2989 = EDGE_CURVE('',#1883,#2990,#2992,.T.);
#2990 = VERTEX_POINT('',#2991);
#2991 = CARTESIAN_POINT('',(18.,59.4,-10.));
#2992 = LINE('',#2993,#2994);
#2993 = CARTESIAN_POINT('',(18.,59.4,0.));
#2994 = VECTOR('',#2995,1.);
#2995 = DIRECTION('',(-0.,-0.,-1.));
#2996 = ORIENTED_EDGE('',*,*,#2997,.T.);
#2997 = EDGE_CURVE('',#2990,#2959,#2998,.T.);
#2998 = LINE('',#2999,#3000);
#2999 = CARTESIAN_POINT('',(18.,59.4,-10.));
#3000 = VECTOR('',#3001,1.);
#3001 = DIRECTION('',(1.,0.,0.));
#3002 = ORIENTED_EDGE('',*,*,#2958,.F.);
#3003 = PLANE('',#3004);
#3004 = AXIS2_PLACEMENT_3D('',#3005,#3006,#3007);
#3005 = CARTESIAN_POINT('',(18.,59.4,0.));
#3006 = DIRECTION('',(0.,-1.,0.));
#3007 = DIRECTION('',(1.,0.,0.));
#3008 = ADVANCED_FACE('',(#3009),#3027,.T.);
#3009 = FACE_BOUND('',#3010,.T.);
#3010 = EDGE_LOOP('',(#3011,#3012,#3020,#3026));
#3011 = ORIENTED_EDGE('',*,*,#1882,.T.);
#3012 = ORIENTED_EDGE('',*,*,#3013,.T.);
#3013 = EDGE_CURVE('',#1875,#3014,#3016,.T.);
#3014 = VERTEX_POINT('',#3015);
#3015 = CARTESIAN_POINT('',(18.,44.6,-10.));
#3016 = LINE('',#3017,#3018);
#3017 = CARTESIAN_POINT('',(18.,44.6,0.));
#3018 = VECTOR('',#3019,1.);
#3019 = DIRECTION('',(-0.,-0.,-1.));
#3020 = ORIENTED_EDGE('',*,*,#3021,.T.);
#3021 = EDGE_CURVE('',#3014,#2990,#3022,.T.);
#3022 = LINE('',#3023,#3024);
#3023 = CARTESIAN_POINT('',(18.,44.6,-10.));
#3024 = VECTOR('',#3025,1.);
#3025 = DIRECTION('',(0.,1.,0.));
#3026 = ORIENTED_EDGE('',*,*,#2989,.F.);
#3027 = PLANE('',#3028);
#3028 = AXIS2_PLACEMENT_3D('',#3029,#3030,#3031);
#3029 = CARTESIAN_POINT('',(18.,44.6,0.));
#3030 = DIRECTION('',(1.,0.,0.));
#3031 = DIRECTION('',(0.,1.,0.));
#3032 = ADVANCED_FACE('',(#3033),#3051,.T.);
#3033 = FACE_BOUND('',#3034,.T.);
#3034 = EDGE_LOOP('',(#3035,#3036,#3044,#3050));
#3035 = ORIENTED_EDGE('',*,*,#1874,.T.);
#3036 = ORIENTED_EDGE('',*,*,#3037,.T.);
#3037 = EDGE_CURVE('',#1867,#3038,#3040,.T.);
#3038 = VERTEX_POINT('',#3039);
#3039 = CARTESIAN_POINT('',(3.,44.6,-10.));
#3040 = LINE('',#3041,#3042);
#3041 = CARTESIAN_POINT('',(3.,44.6,0.));
#3042 = VECTOR('',#3043,1.);
#3043 = DIRECTION('',(-0.,-0.,-1.));
#3044 = ORIENTED_EDGE('',*,*,#3045,.T.);
#3045 = EDGE_CURVE('',#3038,#3014,#3046,.T.);
#3046 = LINE('',#3047,#3048);
#3047 = CARTESIAN_POINT('',(3.,44.6,-10.));
#3048 = VECTOR('',#3049,1.);
#3049 = DIRECTION('',(1.,0.,0.));
#3050 = ORIENTED_EDGE('',*,*,#3013,.F.);
#3051 = PLANE('',#3052);
#3052 = AXIS2_PLACEMENT_3D('',#3053,#3054,#3055);
#3053 = CARTESIAN_POINT('',(3.,44.6,0.));
#3054 = DIRECTION('',(0.,-1.,0.));
#3055 = DIRECTION('',(1.,0.,0.));
#3056 = ADVANCED_FACE('',(#3057),#3073,.F.);
#3057 = FACE_BOUND('',#3058,.F.);
#3058 = EDGE_LOOP('',(#3059,#3060,#3066,#3067));
#3059 = ORIENTED_EDGE('',*,*,#1929,.T.);
#3060 = ORIENTED_EDGE('',*,*,#3061,.T.);
#3061 = EDGE_CURVE('',#1932,#2424,#3062,.T.);
#3062 = LINE('',#3063,#3064);
#3063 = CARTESIAN_POINT('',(3.,46.6,0.));
#3064 = VECTOR('',#3065,1.);
#3065 = DIRECTION('',(-0.,-0.,-1.));
#3066 = ORIENTED_EDGE('',*,*,#2431,.T.);
#3067 = ORIENTED_EDGE('',*,*,#3068,.F.);
#3068 = EDGE_CURVE('',#1930,#2432,#3069,.T.);
#3069 = LINE('',#3070,#3071);
#3070 = CARTESIAN_POINT('',(16.,46.6,0.));
#3071 = VECTOR('',#3072,1.);
#3072 = DIRECTION('',(-0.,-0.,-1.));
#3073 = PLANE('',#3074);
#3074 = AXIS2_PLACEMENT_3D('',#3075,#3076,#3077);
#3075 = CARTESIAN_POINT('',(3.,46.6,0.));
#3076 = DIRECTION('',(0.,-1.,0.));
#3077 = DIRECTION('',(1.,0.,0.));
#3078 = ADVANCED_FACE('',(#3079),#3090,.F.);
#3079 = FACE_BOUND('',#3080,.F.);
#3080 = EDGE_LOOP('',(#3081,#3082,#3083,#3084));
#3081 = ORIENTED_EDGE('',*,*,#1955,.T.);
#3082 = ORIENTED_EDGE('',*,*,#3068,.T.);
#3083 = ORIENTED_EDGE('',*,*,#2439,.T.);
#3084 = ORIENTED_EDGE('',*,*,#3085,.F.);
#3085 = EDGE_CURVE('',#1948,#2440,#3086,.T.);
#3086 = LINE('',#3087,#3088);
#3087 = CARTESIAN_POINT('',(16.,58.4,0.));
#3088 = VECTOR('',#3089,1.);
#3089 = DIRECTION('',(-0.,-0.,-1.));
#3090 = PLANE('',#3091);
#3091 = AXIS2_PLACEMENT_3D('',#3092,#3093,#3094);
#3092 = CARTESIAN_POINT('',(16.,46.6,0.));
#3093 = DIRECTION('',(1.,0.,0.));
#3094 = DIRECTION('',(0.,1.,0.));
#3095 = ADVANCED_FACE('',(#3096),#3107,.F.);
#3096 = FACE_BOUND('',#3097,.F.);
#3097 = EDGE_LOOP('',(#3098,#3099,#3100,#3101));
#3098 = ORIENTED_EDGE('',*,*,#1947,.T.);
#3099 = ORIENTED_EDGE('',*,*,#3085,.T.);
#3100 = ORIENTED_EDGE('',*,*,#2447,.T.);
#3101 = ORIENTED_EDGE('',*,*,#3102,.F.);
#3102 = EDGE_CURVE('',#1940,#2422,#3103,.T.);
#3103 = LINE('',#3104,#3105);
#3104 = CARTESIAN_POINT('',(3.,58.4,0.));
#3105 = VECTOR('',#3106,1.);
#3106 = DIRECTION('',(-0.,-0.,-1.));
#3107 = PLANE('',#3108);
#3108 = AXIS2_PLACEMENT_3D('',#3109,#3110,#3111);
#3109 = CARTESIAN_POINT('',(16.,58.4,0.));
#3110 = DIRECTION('',(0.,1.,0.));
#3111 = DIRECTION('',(-1.,0.,0.));
#3112 = ADVANCED_FACE('',(#3113),#3119,.F.);
#3113 = FACE_BOUND('',#3114,.F.);
#3114 = EDGE_LOOP('',(#3115,#3116,#3117,#3118));
#3115 = ORIENTED_EDGE('',*,*,#1939,.T.);
#3116 = ORIENTED_EDGE('',*,*,#3102,.T.);
#3117 = ORIENTED_EDGE('',*,*,#2421,.T.);
#3118 = ORIENTED_EDGE('',*,*,#3061,.F.);
#3119 = PLANE('',#3120);
#3120 = AXIS2_PLACEMENT_3D('',#3121,#3122,#3123);
#3121 = CARTESIAN_POINT('',(3.,58.4,0.));
#3122 = DIRECTION('',(-1.,0.,0.));
#3123 = DIRECTION('',(0.,-1.,0.));
#3124 = ADVANCED_FACE('',(#3125),#3131,.F.);
#3125 = FACE_BOUND('',#3126,.F.);
#3126 = EDGE_LOOP('',(#3127,#3128,#3129,#3130));
#3127 = ORIENTED_EDGE('',*,*,#2176,.T.);
#3128 = ORIENTED_EDGE('',*,*,#1994,.T.);
#3129 = ORIENTED_EDGE('',*,*,#2017,.F.);
#3130 = ORIENTED_EDGE('',*,*,#2067,.F.);
#3131 = PLANE('',#3132);
#3132 = AXIS2_PLACEMENT_3D('',#3133,#3134,#3135);
#3133 = CARTESIAN_POINT('',(16.646659876658,79.887677155286,-10.57));
#3134 = DIRECTION('',(-1.,0.,0.));
#3135 = DIRECTION('',(0.,-1.,0.));
#3136 = ADVANCED_FACE('',(#3137),#3151,.T.);
#3137 = FACE_BOUND('',#3138,.T.);
#3138 = EDGE_LOOP('',(#3139,#3140,#3145,#3146));
#3139 = ORIENTED_EDGE('',*,*,#2050,.T.);
#3140 = ORIENTED_EDGE('',*,*,#3141,.T.);
#3141 = EDGE_CURVE('',#2043,#2529,#3142,.T.);
#3142 = B_SPLINE_CURVE_WITH_KNOTS('',1,(#3143,#3144),.UNSPECIFIED.,.F.,
  .F.,(2,2),(0.,1.),.PIECEWISE_BEZIER_KNOTS.);
#3143 = CARTESIAN_POINT('',(11.690890230021,84.3,-10.57));
#3144 = CARTESIAN_POINT('',(11.695030478179,84.32269850017,-11.22));
#3145 = ORIENTED_EDGE('',*,*,#2528,.F.);
#3146 = ORIENTED_EDGE('',*,*,#3147,.F.);
#3147 = EDGE_CURVE('',#2051,#2521,#3148,.T.);
#3148 = B_SPLINE_CURVE_WITH_KNOTS('',1,(#3149,#3150),.UNSPECIFIED.,.F.,
  .F.,(2,2),(0.,1.),.PIECEWISE_BEZIER_KNOTS.);
#3149 = CARTESIAN_POINT('',(11.690890230021,72.7,-10.57));
#3150 = CARTESIAN_POINT('',(11.695030478179,72.67730149983,-11.22));
#3151 = B_SPLINE_SURFACE_WITH_KNOTS('',9,1,(
    (#3152,#3153)
    ,(#3154,#3155)
    ,(#3156,#3157)
    ,(#3158,#3159)
    ,(#3160,#3161)
    ,(#3162,#3163)
    ,(#3164,#3165)
    ,(#3166,#3167)
    ,(#3168,#3169)
    ,(#3170,#3171
    )),.UNSPECIFIED.,.F.,.F.,.F.,(10,10),(2,2),(5.072892845838,
    7.493477768522),(0.,1.),.PIECEWISE_BEZIER_KNOTS.);
#3152 = CARTESIAN_POINT('',(11.690890230021,72.7,-10.57));
#3153 = CARTESIAN_POINT('',(11.695030478179,72.67730149983,-11.22));
#3154 = CARTESIAN_POINT('',(13.249963610198,73.288923902848,-10.57));
#3155 = CARTESIAN_POINT('',(13.261067833606,73.267663464309,-11.22));
#3156 = CARTESIAN_POINT('',(14.630944283659,74.349321556541,-10.57));
#3157 = CARTESIAN_POINT('',(14.648479240342,74.331866095152,-11.22));
#3158 = CARTESIAN_POINT('',(15.670872899409,75.819643613771,-10.57));
#3159 = CARTESIAN_POINT('',(15.693396949411,75.808141741847,
    -11.21999999999));
#3160 = CARTESIAN_POINT('',(16.231683418504,77.572630969508,-10.57));
#3161 = CARTESIAN_POINT('',(16.256948966629,77.568610282363,-11.22));
#3162 = CARTESIAN_POINT('',(16.231683418507,79.42736903049,-10.57));
#3163 = CARTESIAN_POINT('',(16.256948966621,79.431389717637,
    -11.21999999999));
#3164 = CARTESIAN_POINT('',(15.670872899407,81.180356386232,-10.57));
#3165 = CARTESIAN_POINT('',(15.693396949417,81.191858258154,-11.22));
#3166 = CARTESIAN_POINT('',(14.630944283659,82.650678443457,-10.57));
#3167 = CARTESIAN_POINT('',(14.648479240339,82.668133904847,-11.22));
#3168 = CARTESIAN_POINT('',(13.249963610198,83.711076097153,-10.57));
#3169 = CARTESIAN_POINT('',(13.261067833607,83.732336535691,-11.22));
#3170 = CARTESIAN_POINT('',(11.690890230021,84.3,-10.57));
#3171 = CARTESIAN_POINT('',(11.695030478179,84.32269850017,-11.22));
#3172 = ADVANCED_FACE('',(#3173),#3183,.T.);
#3173 = FACE_BOUND('',#3174,.T.);
#3174 = EDGE_LOOP('',(#3175,#3176,#3177,#3178));
#3175 = ORIENTED_EDGE('',*,*,#2098,.T.);
#3176 = ORIENTED_EDGE('',*,*,#3147,.T.);
#3177 = ORIENTED_EDGE('',*,*,#2520,.F.);
#3178 = ORIENTED_EDGE('',*,*,#3179,.F.);
#3179 = EDGE_CURVE('',#2091,#2512,#3180,.T.);
#3180 = B_SPLINE_CURVE_WITH_KNOTS('',1,(#3181,#3182),.UNSPECIFIED.,.F.,
  .F.,(2,2),(0.,1.),.PIECEWISE_BEZIER_KNOTS.);
#3181 = CARTESIAN_POINT('',(7.309109769979,72.7,-10.57));
#3182 = CARTESIAN_POINT('',(7.304969521821,72.67730149983,-11.22));
#3183 = B_SPLINE_SURFACE_WITH_KNOTS('',1,1,(
    (#3184,#3185)
    ,(#3186,#3187
    )),.UNSPECIFIED.,.F.,.F.,.F.,(2,2),(2,2),(-4.140248158546E-03,
    4.3859207082),(0.,1.),.PIECEWISE_BEZIER_KNOTS.);
#3184 = CARTESIAN_POINT('',(7.309109769979,72.7,-10.57));
#3185 = CARTESIAN_POINT('',(7.304969521821,72.67730149983,-11.22));
#3186 = CARTESIAN_POINT('',(11.690890230021,72.7,-10.57));
#3187 = CARTESIAN_POINT('',(11.695030478179,72.67730149983,-11.22));
#3188 = ADVANCED_FACE('',(#3189),#3199,.T.);
#3189 = FACE_BOUND('',#3190,.T.);
#3190 = EDGE_LOOP('',(#3191,#3192,#3193,#3194));
#3191 = ORIENTED_EDGE('',*,*,#2125,.T.);
#3192 = ORIENTED_EDGE('',*,*,#3179,.T.);
#3193 = ORIENTED_EDGE('',*,*,#2509,.F.);
#3194 = ORIENTED_EDGE('',*,*,#3195,.F.);
#3195 = EDGE_CURVE('',#2116,#2510,#3196,.T.);
#3196 = B_SPLINE_CURVE_WITH_KNOTS('',1,(#3197,#3198),.UNSPECIFIED.,.F.,
  .F.,(2,2),(0.,1.),.PIECEWISE_BEZIER_KNOTS.);
#3197 = CARTESIAN_POINT('',(7.309109769979,84.3,-10.57));
#3198 = CARTESIAN_POINT('',(7.304969521821,84.32269850017,-11.22));
#3199 = B_SPLINE_SURFACE_WITH_KNOTS('',9,1,(
    (#3200,#3201)
    ,(#3202,#3203)
    ,(#3204,#3205)
    ,(#3206,#3207)
    ,(#3208,#3209)
    ,(#3210,#3211)
    ,(#3212,#3213)
    ,(#3214,#3215)
    ,(#3216,#3217)
    ,(#3218,#3219
    )),.UNSPECIFIED.,.F.,.F.,.F.,(10,10),(2,2),(1.931300192248,
    4.351885114932),(0.,1.),.PIECEWISE_BEZIER_KNOTS.);
#3200 = CARTESIAN_POINT('',(7.309109769979,84.3,-10.57));
#3201 = CARTESIAN_POINT('',(7.304969521821,84.32269850017,-11.22));
#3202 = CARTESIAN_POINT('',(5.750036389802,83.711076097152,-10.57));
#3203 = CARTESIAN_POINT('',(5.738932166393,83.73233653569,-11.22));
#3204 = CARTESIAN_POINT('',(4.369055716341,82.65067844346,-10.57));
#3205 = CARTESIAN_POINT('',(4.351520759659,82.668133904849,-11.22));
#3206 = CARTESIAN_POINT('',(3.329127100592,81.180356386227,-10.57));
#3207 = CARTESIAN_POINT('',(3.306603050586,81.191858258149,-11.22));
#3208 = CARTESIAN_POINT('',(2.768316581495,79.427369030497,
    -10.56999999999));
#3209 = CARTESIAN_POINT('',(2.743051033375,79.431389717645,-11.22));
#3210 = CARTESIAN_POINT('',(2.768316581494,77.572630969502,-10.57));
#3211 = CARTESIAN_POINT('',(2.743051033376,77.568610282355,
    -11.21999999999));
#3212 = CARTESIAN_POINT('',(3.329127100592,75.819643613775,-10.57));
#3213 = CARTESIAN_POINT('',(3.306603050586,75.808141741851,-11.22));
#3214 = CARTESIAN_POINT('',(4.369055716341,74.349321556539,-10.57));
#3215 = CARTESIAN_POINT('',(4.35152075966,74.33186609515,-11.22));
#3216 = CARTESIAN_POINT('',(5.750036389802,73.288923902848,-10.57));
#3217 = CARTESIAN_POINT('',(5.738932166393,73.26766346431,-11.22));
#3218 = CARTESIAN_POINT('',(7.309109769979,72.7,-10.57));
#3219 = CARTESIAN_POINT('',(7.304969521821,72.67730149983,-11.22));
#3220 = ADVANCED_FACE('',(#3221),#3227,.T.);
#3221 = FACE_BOUND('',#3222,.T.);
#3222 = EDGE_LOOP('',(#3223,#3224,#3225,#3226));
#3223 = ORIENTED_EDGE('',*,*,#2142,.T.);
#3224 = ORIENTED_EDGE('',*,*,#3195,.T.);
#3225 = ORIENTED_EDGE('',*,*,#2537,.T.);
#3226 = ORIENTED_EDGE('',*,*,#3141,.F.);
#3227 = B_SPLINE_SURFACE_WITH_KNOTS('',1,1,(
    (#3228,#3229)
    ,(#3230,#3231
    )),.UNSPECIFIED.,.F.,.F.,.F.,(2,2),(2,2),(-4.3859207082,
    4.14024815854E-03),(0.,1.),.PIECEWISE_BEZIER_KNOTS.);
#3228 = CARTESIAN_POINT('',(11.690890230021,84.3,-10.57));
#3229 = CARTESIAN_POINT('',(11.695030478179,84.32269850017,-11.22));
#3230 = CARTESIAN_POINT('',(7.309109769979,84.3,-10.57));
#3231 = CARTESIAN_POINT('',(7.304969521821,84.32269850017,-11.22));
#3232 = ADVANCED_FACE('',(#3233),#3258,.T.);
#3233 = FACE_BOUND('',#3234,.T.);
#3234 = EDGE_LOOP('',(#3235,#3243,#3251,#3257));
#3235 = ORIENTED_EDGE('',*,*,#3236,.T.);
#3236 = EDGE_CURVE('',#2238,#3237,#3239,.T.);
#3237 = VERTEX_POINT('',#3238);
#3238 = CARTESIAN_POINT('',(60.646659876658,53.887677155286,-13.57));
#3239 = LINE('',#3240,#3241);
#3240 = CARTESIAN_POINT('',(61.850236588295,54.088568197936,-13.57));
#3241 = VECTOR('',#3242,1.);
#3242 = DIRECTION('',(-0.986354701848,-0.164634146341,0.));
#3243 = ORIENTED_EDGE('',*,*,#3244,.T.);
#3244 = EDGE_CURVE('',#3237,#3245,#3247,.T.);
#3245 = VERTEX_POINT('',#3246);
#3246 = CARTESIAN_POINT('',(60.646659876658,51.112322844714,-13.57));
#3247 = LINE('',#3248,#3249);
#3248 = CARTESIAN_POINT('',(60.646659876658,53.887677155286,-13.57));
#3249 = VECTOR('',#3250,1.);
#3250 = DIRECTION('',(0.,-1.,0.));
#3251 = ORIENTED_EDGE('',*,*,#3252,.T.);
#3252 = EDGE_CURVE('',#3245,#2236,#3253,.T.);
#3253 = LINE('',#3254,#3255);
#3254 = CARTESIAN_POINT('',(60.646659876658,51.112322844714,-13.57));
#3255 = VECTOR('',#3256,1.);
#3256 = DIRECTION('',(0.986354701848,-0.164634146341,0.));
#3257 = ORIENTED_EDGE('',*,*,#2235,.T.);
#3258 = PLANE('',#3259);
#3259 = AXIS2_PLACEMENT_3D('',#3260,#3261,#3262);
#3260 = CARTESIAN_POINT('',(61.312088733951,52.5,-13.57));
#3261 = DIRECTION('',(0.,0.,1.));
#3262 = DIRECTION('',(1.,0.,0.));
#3263 = ADVANCED_FACE('',(#3264),#3282,.F.);
#3264 = FACE_BOUND('',#3265,.F.);
#3265 = EDGE_LOOP('',(#3266,#3267,#3268,#3276));
#3266 = ORIENTED_EDGE('',*,*,#2362,.T.);
#3267 = ORIENTED_EDGE('',*,*,#3236,.T.);
#3268 = ORIENTED_EDGE('',*,*,#3269,.F.);
#3269 = EDGE_CURVE('',#3270,#3237,#3272,.T.);
#3270 = VERTEX_POINT('',#3271);
#3271 = CARTESIAN_POINT('',(60.646659876658,53.887677155286,-10.57));
#3272 = LINE('',#3273,#3274);
#3273 = CARTESIAN_POINT('',(60.646659876658,53.887677155286,-10.57));
#3274 = VECTOR('',#3275,1.);
#3275 = DIRECTION('',(-0.,-0.,-1.));
#3276 = ORIENTED_EDGE('',*,*,#3277,.F.);
#3277 = EDGE_CURVE('',#2354,#3270,#3278,.T.);
#3278 = LINE('',#3279,#3280);
#3279 = CARTESIAN_POINT('',(61.850236588295,54.088568197936,-10.57));
#3280 = VECTOR('',#3281,1.);
#3281 = DIRECTION('',(-0.986354701848,-0.164634146341,0.));
#3282 = PLANE('',#3283);
#3283 = AXIS2_PLACEMENT_3D('',#3284,#3285,#3286);
#3284 = CARTESIAN_POINT('',(61.850236588295,54.088568197936,-10.57));
#3285 = DIRECTION('',(-0.164634146341,0.986354701848,0.));
#3286 = DIRECTION('',(-0.986354701848,-0.164634146341,0.));
#3287 = ADVANCED_FACE('',(#3288),#3330,.T.);
#3288 = FACE_BOUND('',#3289,.T.);
#3289 = EDGE_LOOP('',(#3290,#3291,#3299,#3308,#3314,#3315,#3323,#3329));
#3290 = ORIENTED_EDGE('',*,*,#2353,.T.);
#3291 = ORIENTED_EDGE('',*,*,#3292,.T.);
#3292 = EDGE_CURVE('',#2346,#3293,#3295,.T.);
#3293 = VERTEX_POINT('',#3294);
#3294 = CARTESIAN_POINT('',(55.690890230021,58.3,-10.57));
#3295 = LINE('',#3296,#3297);
#3296 = CARTESIAN_POINT('',(59.713694553162,58.3,-10.57));
#3297 = VECTOR('',#3298,1.);
#3298 = DIRECTION('',(-1.,0.,0.));
#3299 = ORIENTED_EDGE('',*,*,#3300,.F.);
#3300 = EDGE_CURVE('',#3301,#3293,#3303,.T.);
#3301 = VERTEX_POINT('',#3302);
#3302 = CARTESIAN_POINT('',(55.690890230021,46.7,-10.57));
#3303 = CIRCLE('',#3304,6.2);
#3304 = AXIS2_PLACEMENT_3D('',#3305,#3306,#3307);
#3305 = CARTESIAN_POINT('',(53.5,52.5,-10.57));
#3306 = DIRECTION('',(0.,0.,1.));
#3307 = DIRECTION('',(1.,0.,0.));
#3308 = ORIENTED_EDGE('',*,*,#3309,.T.);
#3309 = EDGE_CURVE('',#3301,#2255,#3310,.T.);
#3310 = LINE('',#3311,#3312);
#3311 = CARTESIAN_POINT('',(47.286305446838,46.7,-10.57));
#3312 = VECTOR('',#3313,1.);
#3313 = DIRECTION('',(1.,0.,0.));
#3314 = ORIENTED_EDGE('',*,*,#2254,.T.);
#3315 = ORIENTED_EDGE('',*,*,#3316,.F.);
#3316 = EDGE_CURVE('',#3317,#2247,#3319,.T.);
#3317 = VERTEX_POINT('',#3318);
#3318 = CARTESIAN_POINT('',(60.646659876658,51.112322844714,-10.57));
#3319 = LINE('',#3320,#3321);
#3320 = CARTESIAN_POINT('',(60.646659876658,51.112322844714,-10.57));
#3321 = VECTOR('',#3322,1.);
#3322 = DIRECTION('',(0.986354701848,-0.164634146341,0.));
#3323 = ORIENTED_EDGE('',*,*,#3324,.F.);
#3324 = EDGE_CURVE('',#3270,#3317,#3325,.T.);
#3325 = LINE('',#3326,#3327);
#3326 = CARTESIAN_POINT('',(60.646659876658,53.887677155286,-10.57));
#3327 = VECTOR('',#3328,1.);
#3328 = DIRECTION('',(0.,-1.,0.));
#3329 = ORIENTED_EDGE('',*,*,#3277,.F.);
#3330 = PLANE('',#3331);
#3331 = AXIS2_PLACEMENT_3D('',#3332,#3333,#3334);
#3332 = CARTESIAN_POINT('',(53.5,52.5,-10.57));
#3333 = DIRECTION('',(0.,0.,1.));
#3334 = DIRECTION('',(1.,0.,0.));
#3335 = ADVANCED_FACE('',(#3336),#3361,.F.);
#3336 = FACE_BOUND('',#3337,.F.);
#3337 = EDGE_LOOP('',(#3338,#3339,#3340,#3348,#3354,#3355));
#3338 = ORIENTED_EDGE('',*,*,#2345,.T.);
#3339 = ORIENTED_EDGE('',*,*,#3292,.T.);
#3340 = ORIENTED_EDGE('',*,*,#3341,.T.);
#3341 = EDGE_CURVE('',#3293,#3342,#3344,.T.);
#3342 = VERTEX_POINT('',#3343);
#3343 = CARTESIAN_POINT('',(51.309109769979,58.3,-10.57));
#3344 = LINE('',#3345,#3346);
#3345 = CARTESIAN_POINT('',(59.713694553162,58.3,-10.57));
#3346 = VECTOR('',#3347,1.);
#3347 = DIRECTION('',(-1.,0.,0.));
#3348 = ORIENTED_EDGE('',*,*,#3349,.T.);
#3349 = EDGE_CURVE('',#3342,#2320,#3350,.T.);
#3350 = LINE('',#3351,#3352);
#3351 = CARTESIAN_POINT('',(59.713694553162,58.3,-10.57));
#3352 = VECTOR('',#3353,1.);
#3353 = DIRECTION('',(-1.,0.,0.));
#3354 = ORIENTED_EDGE('',*,*,#2328,.F.);
#3355 = ORIENTED_EDGE('',*,*,#3356,.F.);
#3356 = EDGE_CURVE('',#2337,#2329,#3357,.T.);
#3357 = LINE('',#3358,#3359);
#3358 = CARTESIAN_POINT('',(59.713694553162,58.3,-9.27));
#3359 = VECTOR('',#3360,1.);
#3360 = DIRECTION('',(-1.,0.,0.));
#3361 = PLANE('',#3362);
#3362 = AXIS2_PLACEMENT_3D('',#3363,#3364,#3365);
#3363 = CARTESIAN_POINT('',(59.713694553162,58.3,-9.27));
#3364 = DIRECTION('',(0.,1.,0.));
#3365 = DIRECTION('',(-1.,0.,0.));
#3366 = ADVANCED_FACE('',(#3367),#3371,.T.);
#3367 = FACE_BOUND('',#3368,.T.);
#3368 = EDGE_LOOP('',(#3369,#3370));
#3369 = ORIENTED_EDGE('',*,*,#3356,.F.);
#3370 = ORIENTED_EDGE('',*,*,#2336,.T.);
#3371 = PLANE('',#3372);
#3372 = AXIS2_PLACEMENT_3D('',#3373,#3374,#3375);
#3373 = CARTESIAN_POINT('',(53.5,46.555848118596,-9.27));
#3374 = DIRECTION('',(0.,0.,1.));
#3375 = DIRECTION('',(1.,0.,0.));
#3376 = ADVANCED_FACE('',(#3377),#3396,.T.);
#3377 = FACE_BOUND('',#3378,.T.);
#3378 = EDGE_LOOP('',(#3379,#3380,#3381,#3389));
#3379 = ORIENTED_EDGE('',*,*,#3349,.T.);
#3380 = ORIENTED_EDGE('',*,*,#2319,.T.);
#3381 = ORIENTED_EDGE('',*,*,#3382,.T.);
#3382 = EDGE_CURVE('',#2312,#3383,#3385,.T.);
#3383 = VERTEX_POINT('',#3384);
#3384 = CARTESIAN_POINT('',(51.309109769979,46.7,-10.57));
#3385 = LINE('',#3386,#3387);
#3386 = CARTESIAN_POINT('',(47.286305446838,46.7,-10.57));
#3387 = VECTOR('',#3388,1.);
#3388 = DIRECTION('',(1.,0.,0.));
#3389 = ORIENTED_EDGE('',*,*,#3390,.F.);
#3390 = EDGE_CURVE('',#3342,#3383,#3391,.T.);
#3391 = CIRCLE('',#3392,6.2);
#3392 = AXIS2_PLACEMENT_3D('',#3393,#3394,#3395);
#3393 = CARTESIAN_POINT('',(53.5,52.5,-10.57));
#3394 = DIRECTION('',(0.,0.,1.));
#3395 = DIRECTION('',(1.,0.,0.));
#3396 = PLANE('',#3397);
#3397 = AXIS2_PLACEMENT_3D('',#3398,#3399,#3400);
#3398 = CARTESIAN_POINT('',(53.5,52.5,-10.57));
#3399 = DIRECTION('',(0.,0.,1.));
#3400 = DIRECTION('',(1.,0.,0.));
#3401 = ADVANCED_FACE('',(#3402),#3420,.F.);
#3402 = FACE_BOUND('',#3403,.F.);
#3403 = EDGE_LOOP('',(#3404,#3405,#3406,#3412,#3413,#3414));
#3404 = ORIENTED_EDGE('',*,*,#2311,.T.);
#3405 = ORIENTED_EDGE('',*,*,#3382,.T.);
#3406 = ORIENTED_EDGE('',*,*,#3407,.T.);
#3407 = EDGE_CURVE('',#3383,#3301,#3408,.T.);
#3408 = LINE('',#3409,#3410);
#3409 = CARTESIAN_POINT('',(47.286305446838,46.7,-10.57));
#3410 = VECTOR('',#3411,1.);
#3411 = DIRECTION('',(1.,0.,0.));
#3412 = ORIENTED_EDGE('',*,*,#3309,.T.);
#3413 = ORIENTED_EDGE('',*,*,#2263,.F.);
#3414 = ORIENTED_EDGE('',*,*,#3415,.F.);
#3415 = EDGE_CURVE('',#2303,#2264,#3416,.T.);
#3416 = LINE('',#3417,#3418);
#3417 = CARTESIAN_POINT('',(47.286305446838,46.7,-9.27));
#3418 = VECTOR('',#3419,1.);
#3419 = DIRECTION('',(1.,0.,0.));
#3420 = PLANE('',#3421);
#3421 = AXIS2_PLACEMENT_3D('',#3422,#3423,#3424);
#3422 = CARTESIAN_POINT('',(47.286305446838,46.7,-9.27));
#3423 = DIRECTION('',(0.,-1.,0.));
#3424 = DIRECTION('',(1.,0.,0.));
#3425 = ADVANCED_FACE('',(#3426,#3439),#3473,.T.);
#3426 = FACE_BOUND('',#3427,.T.);
#3427 = EDGE_LOOP('',(#3428,#3434,#3435,#3436,#3437,#3438));
#3428 = ORIENTED_EDGE('',*,*,#3429,.T.);
#3429 = EDGE_CURVE('',#2838,#2272,#3430,.T.);
#3430 = LINE('',#3431,#3432);
#3431 = CARTESIAN_POINT('',(61.2,35.4,-9.27));
#3432 = VECTOR('',#3433,1.);
#3433 = DIRECTION('',(0.,1.,0.));
#3434 = ORIENTED_EDGE('',*,*,#2271,.F.);
#3435 = ORIENTED_EDGE('',*,*,#3415,.F.);
#3436 = ORIENTED_EDGE('',*,*,#2302,.F.);
#3437 = ORIENTED_EDGE('',*,*,#2813,.T.);
#3438 = ORIENTED_EDGE('',*,*,#2837,.T.);
#3439 = FACE_BOUND('',#3440,.T.);
#3440 = EDGE_LOOP('',(#3441,#3451,#3459,#3467));
#3441 = ORIENTED_EDGE('',*,*,#3442,.F.);
#3442 = EDGE_CURVE('',#3443,#3445,#3447,.T.);
#3443 = VERTEX_POINT('',#3444);
#3444 = CARTESIAN_POINT('',(46.82,46.1,-9.27));
#3445 = VERTEX_POINT('',#3446);
#3446 = CARTESIAN_POINT('',(46.82,42.4,-9.27));
#3447 = LINE('',#3448,#3449);
#3448 = CARTESIAN_POINT('',(46.82,46.1,-9.27));
#3449 = VECTOR('',#3450,1.);
#3450 = DIRECTION('',(0.,-1.,0.));
#3451 = ORIENTED_EDGE('',*,*,#3452,.F.);
#3452 = EDGE_CURVE('',#3453,#3443,#3455,.T.);
#3453 = VERTEX_POINT('',#3454);
#3454 = CARTESIAN_POINT('',(60.2,46.1,-9.27));
#3455 = LINE('',#3456,#3457);
#3456 = CARTESIAN_POINT('',(60.2,46.1,-9.27));
#3457 = VECTOR('',#3458,1.);
#3458 = DIRECTION('',(-1.,0.,0.));
#3459 = ORIENTED_EDGE('',*,*,#3460,.F.);
#3460 = EDGE_CURVE('',#3461,#3453,#3463,.T.);
#3461 = VERTEX_POINT('',#3462);
#3462 = CARTESIAN_POINT('',(60.2,42.4,-9.27));
#3463 = LINE('',#3464,#3465);
#3464 = CARTESIAN_POINT('',(60.2,42.4,-9.27));
#3465 = VECTOR('',#3466,1.);
#3466 = DIRECTION('',(0.,1.,0.));
#3467 = ORIENTED_EDGE('',*,*,#3468,.F.);
#3468 = EDGE_CURVE('',#3445,#3461,#3469,.T.);
#3469 = LINE('',#3470,#3471);
#3470 = CARTESIAN_POINT('',(46.82,42.4,-9.27));
#3471 = VECTOR('',#3472,1.);
#3472 = DIRECTION('',(1.,0.,0.));
#3473 = PLANE('',#3474);
#3474 = AXIS2_PLACEMENT_3D('',#3475,#3476,#3477);
#3475 = CARTESIAN_POINT('',(53.5,46.555848118596,-9.27));
#3476 = DIRECTION('',(0.,0.,1.));
#3477 = DIRECTION('',(1.,0.,0.));
#3478 = ADVANCED_FACE('',(#3479),#3490,.F.);
#3479 = FACE_BOUND('',#3480,.F.);
#3480 = EDGE_LOOP('',(#3481,#3487,#3488,#3489));
#3481 = ORIENTED_EDGE('',*,*,#3482,.T.);
#3482 = EDGE_CURVE('',#3317,#3245,#3483,.T.);
#3483 = LINE('',#3484,#3485);
#3484 = CARTESIAN_POINT('',(60.646659876658,51.112322844714,-10.57));
#3485 = VECTOR('',#3486,1.);
#3486 = DIRECTION('',(-0.,-0.,-1.));
#3487 = ORIENTED_EDGE('',*,*,#3252,.T.);
#3488 = ORIENTED_EDGE('',*,*,#2246,.F.);
#3489 = ORIENTED_EDGE('',*,*,#3316,.F.);
#3490 = PLANE('',#3491);
#3491 = AXIS2_PLACEMENT_3D('',#3492,#3493,#3494);
#3492 = CARTESIAN_POINT('',(60.646659876658,51.112322844714,-10.57));
#3493 = DIRECTION('',(-0.164634146341,-0.986354701848,0.));
#3494 = DIRECTION('',(0.986354701848,-0.164634146341,0.));
#3495 = ADVANCED_FACE('',(#3496),#3510,.T.);
#3496 = FACE_BOUND('',#3497,.T.);
#3497 = EDGE_LOOP('',(#3498,#3499,#3504,#3505));
#3498 = ORIENTED_EDGE('',*,*,#3390,.T.);
#3499 = ORIENTED_EDGE('',*,*,#3500,.T.);
#3500 = EDGE_CURVE('',#3383,#2379,#3501,.T.);
#3501 = B_SPLINE_CURVE_WITH_KNOTS('',1,(#3502,#3503),.UNSPECIFIED.,.F.,
  .F.,(2,2),(0.,1.),.PIECEWISE_BEZIER_KNOTS.);
#3502 = CARTESIAN_POINT('',(51.309109769979,46.7,-10.57));
#3503 = CARTESIAN_POINT('',(51.304969521821,46.67730149983,-11.22));
#3504 = ORIENTED_EDGE('',*,*,#2376,.F.);
#3505 = ORIENTED_EDGE('',*,*,#3506,.F.);
#3506 = EDGE_CURVE('',#3342,#2377,#3507,.T.);
#3507 = B_SPLINE_CURVE_WITH_KNOTS('',1,(#3508,#3509),.UNSPECIFIED.,.F.,
  .F.,(2,2),(0.,1.),.PIECEWISE_BEZIER_KNOTS.);
#3508 = CARTESIAN_POINT('',(51.309109769979,58.3,-10.57));
#3509 = CARTESIAN_POINT('',(51.304969521821,58.32269850017,-11.22));
#3510 = B_SPLINE_SURFACE_WITH_KNOTS('',9,1,(
    (#3511,#3512)
    ,(#3513,#3514)
    ,(#3515,#3516)
    ,(#3517,#3518)
    ,(#3519,#3520)
    ,(#3521,#3522)
    ,(#3523,#3524)
    ,(#3525,#3526)
    ,(#3527,#3528)
    ,(#3529,#3530
    )),.UNSPECIFIED.,.F.,.F.,.F.,(10,10),(2,2),(1.931300192248,
    4.351885114932),(0.,1.),.PIECEWISE_BEZIER_KNOTS.);
#3511 = CARTESIAN_POINT('',(51.309109769979,58.3,-10.57));
#3512 = CARTESIAN_POINT('',(51.304969521821,58.32269850017,-11.22));
#3513 = CARTESIAN_POINT('',(49.750036389802,57.711076097152,-10.57));
#3514 = CARTESIAN_POINT('',(49.738932166393,57.73233653569,-11.22));
#3515 = CARTESIAN_POINT('',(48.369055716341,56.65067844346,-10.57));
#3516 = CARTESIAN_POINT('',(48.351520759659,56.668133904849,-11.22));
#3517 = CARTESIAN_POINT('',(47.329127100592,55.180356386227,-10.57));
#3518 = CARTESIAN_POINT('',(47.306603050586,55.191858258149,-11.22));
#3519 = CARTESIAN_POINT('',(46.768316581495,53.427369030497,
    -10.56999999999));
#3520 = CARTESIAN_POINT('',(46.743051033375,53.431389717645,-11.22));
#3521 = CARTESIAN_POINT('',(46.768316581494,51.572630969502,-10.57));
#3522 = CARTESIAN_POINT('',(46.743051033376,51.568610282355,
    -11.21999999999));
#3523 = CARTESIAN_POINT('',(47.329127100592,49.819643613775,-10.57));
#3524 = CARTESIAN_POINT('',(47.306603050586,49.808141741851,-11.22));
#3525 = CARTESIAN_POINT('',(48.369055716341,48.349321556539,-10.57));
#3526 = CARTESIAN_POINT('',(48.35152075966,48.33186609515,-11.22));
#3527 = CARTESIAN_POINT('',(49.750036389802,47.288923902848,-10.57));
#3528 = CARTESIAN_POINT('',(49.738932166393,47.26766346431,-11.22));
#3529 = CARTESIAN_POINT('',(51.309109769979,46.7,-10.57));
#3530 = CARTESIAN_POINT('',(51.304969521821,46.67730149983,-11.22));
#3531 = ADVANCED_FACE('',(#3532),#3542,.T.);
#3532 = FACE_BOUND('',#3533,.T.);
#3533 = EDGE_LOOP('',(#3534,#3535,#3536,#3537));
#3534 = ORIENTED_EDGE('',*,*,#3341,.T.);
#3535 = ORIENTED_EDGE('',*,*,#3506,.T.);
#3536 = ORIENTED_EDGE('',*,*,#2404,.T.);
#3537 = ORIENTED_EDGE('',*,*,#3538,.F.);
#3538 = EDGE_CURVE('',#3293,#2396,#3539,.T.);
#3539 = B_SPLINE_CURVE_WITH_KNOTS('',1,(#3540,#3541),.UNSPECIFIED.,.F.,
  .F.,(2,2),(0.,1.),.PIECEWISE_BEZIER_KNOTS.);
#3540 = CARTESIAN_POINT('',(55.690890230021,58.3,-10.57));
#3541 = CARTESIAN_POINT('',(55.695030478179,58.32269850017,-11.22));
#3542 = B_SPLINE_SURFACE_WITH_KNOTS('',1,1,(
    (#3543,#3544)
    ,(#3545,#3546
    )),.UNSPECIFIED.,.F.,.F.,.F.,(2,2),(2,2),(-4.3859207082,
    4.14024815854E-03),(0.,1.),.PIECEWISE_BEZIER_KNOTS.);
#3543 = CARTESIAN_POINT('',(55.690890230021,58.3,-10.57));
#3544 = CARTESIAN_POINT('',(55.695030478179,58.32269850017,-11.22));
#3545 = CARTESIAN_POINT('',(51.309109769979,58.3,-10.57));
#3546 = CARTESIAN_POINT('',(51.304969521821,58.32269850017,-11.22));
#3547 = ADVANCED_FACE('',(#3548),#3558,.T.);
#3548 = FACE_BOUND('',#3549,.T.);
#3549 = EDGE_LOOP('',(#3550,#3551,#3556,#3557));
#3550 = ORIENTED_EDGE('',*,*,#3407,.T.);
#3551 = ORIENTED_EDGE('',*,*,#3552,.T.);
#3552 = EDGE_CURVE('',#3301,#2388,#3553,.T.);
#3553 = B_SPLINE_CURVE_WITH_KNOTS('',1,(#3554,#3555),.UNSPECIFIED.,.F.,
  .F.,(2,2),(0.,1.),.PIECEWISE_BEZIER_KNOTS.);
#3554 = CARTESIAN_POINT('',(55.690890230021,46.7,-10.57));
#3555 = CARTESIAN_POINT('',(55.695030478179,46.67730149983,-11.22));
#3556 = ORIENTED_EDGE('',*,*,#2387,.F.);
#3557 = ORIENTED_EDGE('',*,*,#3500,.F.);
#3558 = B_SPLINE_SURFACE_WITH_KNOTS('',1,1,(
    (#3559,#3560)
    ,(#3561,#3562
    )),.UNSPECIFIED.,.F.,.F.,.F.,(2,2),(2,2),(-4.140248158546E-03,
    4.3859207082),(0.,1.),.PIECEWISE_BEZIER_KNOTS.);
#3559 = CARTESIAN_POINT('',(51.309109769979,46.7,-10.57));
#3560 = CARTESIAN_POINT('',(51.304969521821,46.67730149983,-11.22));
#3561 = CARTESIAN_POINT('',(55.690890230021,46.7,-10.57));
#3562 = CARTESIAN_POINT('',(55.695030478179,46.67730149983,-11.22));
#3563 = ADVANCED_FACE('',(#3564),#3570,.T.);
#3564 = FACE_BOUND('',#3565,.T.);
#3565 = EDGE_LOOP('',(#3566,#3567,#3568,#3569));
#3566 = ORIENTED_EDGE('',*,*,#3300,.T.);
#3567 = ORIENTED_EDGE('',*,*,#3538,.T.);
#3568 = ORIENTED_EDGE('',*,*,#2395,.F.);
#3569 = ORIENTED_EDGE('',*,*,#3552,.F.);
#3570 = B_SPLINE_SURFACE_WITH_KNOTS('',9,1,(
    (#3571,#3572)
    ,(#3573,#3574)
    ,(#3575,#3576)
    ,(#3577,#3578)
    ,(#3579,#3580)
    ,(#3581,#3582)
    ,(#3583,#3584)
    ,(#3585,#3586)
    ,(#3587,#3588)
    ,(#3589,#3590
    )),.UNSPECIFIED.,.F.,.F.,.F.,(10,10),(2,2),(5.072892845838,
    7.493477768522),(0.,1.),.PIECEWISE_BEZIER_KNOTS.);
#3571 = CARTESIAN_POINT('',(55.690890230021,46.7,-10.57));
#3572 = CARTESIAN_POINT('',(55.695030478179,46.67730149983,-11.22));
#3573 = CARTESIAN_POINT('',(57.249963610198,47.288923902847,-10.57));
#3574 = CARTESIAN_POINT('',(57.261067833606,47.267663464309,-11.22));
#3575 = CARTESIAN_POINT('',(58.630944283659,48.349321556541,-10.57));
#3576 = CARTESIAN_POINT('',(58.648479240342,48.331866095152,-11.22));
#3577 = CARTESIAN_POINT('',(59.670872899409,49.819643613771,-10.57));
#3578 = CARTESIAN_POINT('',(59.693396949411,49.808141741847,
    -11.21999999999));
#3579 = CARTESIAN_POINT('',(60.231683418504,51.572630969508,-10.57));
#3580 = CARTESIAN_POINT('',(60.256948966629,51.568610282363,-11.22));
#3581 = CARTESIAN_POINT('',(60.231683418507,53.42736903049,-10.57));
#3582 = CARTESIAN_POINT('',(60.256948966621,53.431389717637,
    -11.21999999999));
#3583 = CARTESIAN_POINT('',(59.670872899407,55.180356386232,-10.57));
#3584 = CARTESIAN_POINT('',(59.693396949417,55.191858258154,-11.22));
#3585 = CARTESIAN_POINT('',(58.630944283659,56.650678443457,-10.57));
#3586 = CARTESIAN_POINT('',(58.648479240339,56.668133904847,-11.22));
#3587 = CARTESIAN_POINT('',(57.249963610198,57.711076097153,-10.57));
#3588 = CARTESIAN_POINT('',(57.261067833607,57.732336535691,-11.22));
#3589 = CARTESIAN_POINT('',(55.690890230021,58.3,-10.57));
#3590 = CARTESIAN_POINT('',(55.695030478179,58.32269850017,-11.22));
#3591 = ADVANCED_FACE('',(#3592),#3598,.T.);
#3592 = FACE_BOUND('',#3593,.T.);
#3593 = EDGE_LOOP('',(#3594,#3595,#3596,#3597));
#3594 = ORIENTED_EDGE('',*,*,#2562,.T.);
#3595 = ORIENTED_EDGE('',*,*,#2610,.T.);
#3596 = ORIENTED_EDGE('',*,*,#2634,.T.);
#3597 = ORIENTED_EDGE('',*,*,#2593,.T.);
#3598 = PLANE('',#3599);
#3599 = AXIS2_PLACEMENT_3D('',#3600,#3601,#3602);
#3600 = CARTESIAN_POINT('',(53.51,70.25,-11.27));
#3601 = DIRECTION('',(0.,0.,1.));
#3602 = DIRECTION('',(1.,0.,0.));
#3603 = ADVANCED_FACE('',(#3604),#3640,.T.);
#3604 = FACE_BOUND('',#3605,.F.);
#3605 = EDGE_LOOP('',(#3606,#3612,#3613,#3614,#3622,#3630,#3636,#3637,
    #3638,#3639));
#3606 = ORIENTED_EDGE('',*,*,#3607,.T.);
#3607 = EDGE_CURVE('',#2967,#2791,#3608,.T.);
#3608 = LINE('',#3609,#3610);
#3609 = CARTESIAN_POINT('',(19.5,70.,-10.));
#3610 = VECTOR('',#3611,1.);
#3611 = DIRECTION('',(1.,0.,0.));
#3612 = ORIENTED_EDGE('',*,*,#2798,.T.);
#3613 = ORIENTED_EDGE('',*,*,#2767,.T.);
#3614 = ORIENTED_EDGE('',*,*,#3615,.T.);
#3615 = EDGE_CURVE('',#2768,#3616,#3618,.T.);
#3616 = VERTEX_POINT('',#3617);
#3617 = CARTESIAN_POINT('',(60.,2.,-10.));
#3618 = LINE('',#3619,#3620);
#3619 = CARTESIAN_POINT('',(60.,33.,-10.));
#3620 = VECTOR('',#3621,1.);
#3621 = DIRECTION('',(0.,-1.,0.));
#3622 = ORIENTED_EDGE('',*,*,#3623,.T.);
#3623 = EDGE_CURVE('',#3616,#3624,#3626,.T.);
#3624 = VERTEX_POINT('',#3625);
#3625 = CARTESIAN_POINT('',(3.,2.,-10.));
#3626 = LINE('',#3627,#3628);
#3627 = CARTESIAN_POINT('',(60.,2.,-10.));
#3628 = VECTOR('',#3629,1.);
#3629 = DIRECTION('',(-1.,0.,0.));
#3630 = ORIENTED_EDGE('',*,*,#3631,.T.);
#3631 = EDGE_CURVE('',#3624,#3038,#3632,.T.);
#3632 = LINE('',#3633,#3634);
#3633 = CARTESIAN_POINT('',(3.,2.,-10.));
#3634 = VECTOR('',#3635,1.);
#3635 = DIRECTION('',(0.,1.,0.));
#3636 = ORIENTED_EDGE('',*,*,#3045,.T.);
#3637 = ORIENTED_EDGE('',*,*,#3021,.T.);
#3638 = ORIENTED_EDGE('',*,*,#2997,.T.);
#3639 = ORIENTED_EDGE('',*,*,#2966,.T.);
#3640 = PLANE('',#3641);
#3641 = AXIS2_PLACEMENT_3D('',#3642,#3643,#3644);
#3642 = CARTESIAN_POINT('',(30.6456,31.9704,-10.));
#3643 = DIRECTION('',(0.,0.,1.));
#3644 = DIRECTION('',(1.,0.,0.));
#3645 = ADVANCED_FACE('',(#3646),#3652,.T.);
#3646 = FACE_BOUND('',#3647,.T.);
#3647 = EDGE_LOOP('',(#3648,#3649,#3650,#3651));
#3648 = ORIENTED_EDGE('',*,*,#2869,.T.);
#3649 = ORIENTED_EDGE('',*,*,#2917,.T.);
#3650 = ORIENTED_EDGE('',*,*,#2941,.T.);
#3651 = ORIENTED_EDGE('',*,*,#2900,.T.);
#3652 = PLANE('',#3653);
#3653 = AXIS2_PLACEMENT_3D('',#3654,#3655,#3656);
#3654 = CARTESIAN_POINT('',(9.51,70.25,-11.27));
#3655 = DIRECTION('',(0.,0.,1.));
#3656 = DIRECTION('',(1.,0.,0.));
#3657 = ADVANCED_FACE('',(#3658),#3664,.F.);
#3658 = FACE_BOUND('',#3659,.F.);
#3659 = EDGE_LOOP('',(#3660,#3661,#3662,#3663));
#3660 = ORIENTED_EDGE('',*,*,#3269,.T.);
#3661 = ORIENTED_EDGE('',*,*,#3244,.T.);
#3662 = ORIENTED_EDGE('',*,*,#3482,.F.);
#3663 = ORIENTED_EDGE('',*,*,#3324,.F.);
#3664 = PLANE('',#3665);
#3665 = AXIS2_PLACEMENT_3D('',#3666,#3667,#3668);
#3666 = CARTESIAN_POINT('',(60.646659876658,53.887677155286,-10.57));
#3667 = DIRECTION('',(-1.,0.,0.));
#3668 = DIRECTION('',(0.,-1.,0.));
#3669 = ADVANCED_FACE('',(#3670),#3695,.F.);
#3670 = FACE_BOUND('',#3671,.F.);
#3671 = EDGE_LOOP('',(#3672,#3680,#3688,#3694));
#3672 = ORIENTED_EDGE('',*,*,#3673,.T.);
#3673 = EDGE_CURVE('',#3443,#3674,#3676,.T.);
#3674 = VERTEX_POINT('',#3675);
#3675 = CARTESIAN_POINT('',(46.82,46.1,-11.27));
#3676 = LINE('',#3677,#3678);
#3677 = CARTESIAN_POINT('',(46.82,46.1,-9.27));
#3678 = VECTOR('',#3679,1.);
#3679 = DIRECTION('',(-0.,-0.,-1.));
#3680 = ORIENTED_EDGE('',*,*,#3681,.T.);
#3681 = EDGE_CURVE('',#3674,#3682,#3684,.T.);
#3682 = VERTEX_POINT('',#3683);
#3683 = CARTESIAN_POINT('',(46.82,42.4,-11.27));
#3684 = LINE('',#3685,#3686);
#3685 = CARTESIAN_POINT('',(46.82,46.1,-11.27));
#3686 = VECTOR('',#3687,1.);
#3687 = DIRECTION('',(0.,-1.,0.));
#3688 = ORIENTED_EDGE('',*,*,#3689,.F.);
#3689 = EDGE_CURVE('',#3445,#3682,#3690,.T.);
#3690 = LINE('',#3691,#3692);
#3691 = CARTESIAN_POINT('',(46.82,42.4,-9.27));
#3692 = VECTOR('',#3693,1.);
#3693 = DIRECTION('',(-0.,-0.,-1.));
#3694 = ORIENTED_EDGE('',*,*,#3442,.F.);
#3695 = PLANE('',#3696);
#3696 = AXIS2_PLACEMENT_3D('',#3697,#3698,#3699);
#3697 = CARTESIAN_POINT('',(46.82,46.1,-9.27));
#3698 = DIRECTION('',(-1.,0.,0.));
#3699 = DIRECTION('',(0.,-1.,0.));
#3700 = ADVANCED_FACE('',(#3701),#3719,.F.);
#3701 = FACE_BOUND('',#3702,.F.);
#3702 = EDGE_LOOP('',(#3703,#3711,#3717,#3718));
#3703 = ORIENTED_EDGE('',*,*,#3704,.T.);
#3704 = EDGE_CURVE('',#3453,#3705,#3707,.T.);
#3705 = VERTEX_POINT('',#3706);
#3706 = CARTESIAN_POINT('',(60.2,46.1,-11.27));
#3707 = LINE('',#3708,#3709);
#3708 = CARTESIAN_POINT('',(60.2,46.1,-9.27));
#3709 = VECTOR('',#3710,1.);
#3710 = DIRECTION('',(-0.,-0.,-1.));
#3711 = ORIENTED_EDGE('',*,*,#3712,.T.);
#3712 = EDGE_CURVE('',#3705,#3674,#3713,.T.);
#3713 = LINE('',#3714,#3715);
#3714 = CARTESIAN_POINT('',(60.2,46.1,-11.27));
#3715 = VECTOR('',#3716,1.);
#3716 = DIRECTION('',(-1.,0.,0.));
#3717 = ORIENTED_EDGE('',*,*,#3673,.F.);
#3718 = ORIENTED_EDGE('',*,*,#3452,.F.);
#3719 = PLANE('',#3720);
#3720 = AXIS2_PLACEMENT_3D('',#3721,#3722,#3723);
#3721 = CARTESIAN_POINT('',(60.2,46.1,-9.27));
#3722 = DIRECTION('',(0.,1.,0.));
#3723 = DIRECTION('',(-1.,0.,0.));
#3724 = ADVANCED_FACE('',(#3725),#3743,.F.);
#3725 = FACE_BOUND('',#3726,.F.);
#3726 = EDGE_LOOP('',(#3727,#3728,#3736,#3742));
#3727 = ORIENTED_EDGE('',*,*,#3689,.T.);
#3728 = ORIENTED_EDGE('',*,*,#3729,.T.);
#3729 = EDGE_CURVE('',#3682,#3730,#3732,.T.);
#3730 = VERTEX_POINT('',#3731);
#3731 = CARTESIAN_POINT('',(60.2,42.4,-11.27));
#3732 = LINE('',#3733,#3734);
#3733 = CARTESIAN_POINT('',(46.82,42.4,-11.27));
#3734 = VECTOR('',#3735,1.);
#3735 = DIRECTION('',(1.,0.,0.));
#3736 = ORIENTED_EDGE('',*,*,#3737,.F.);
#3737 = EDGE_CURVE('',#3461,#3730,#3738,.T.);
#3738 = LINE('',#3739,#3740);
#3739 = CARTESIAN_POINT('',(60.2,42.4,-9.27));
#3740 = VECTOR('',#3741,1.);
#3741 = DIRECTION('',(-0.,-0.,-1.));
#3742 = ORIENTED_EDGE('',*,*,#3468,.F.);
#3743 = PLANE('',#3744);
#3744 = AXIS2_PLACEMENT_3D('',#3745,#3746,#3747);
#3745 = CARTESIAN_POINT('',(46.82,42.4,-9.27));
#3746 = DIRECTION('',(0.,-1.,0.));
#3747 = DIRECTION('',(1.,0.,0.));
#3748 = ADVANCED_FACE('',(#3749),#3760,.F.);
#3749 = FACE_BOUND('',#3750,.F.);
#3750 = EDGE_LOOP('',(#3751,#3752,#3758,#3759));
#3751 = ORIENTED_EDGE('',*,*,#3737,.T.);
#3752 = ORIENTED_EDGE('',*,*,#3753,.T.);
#3753 = EDGE_CURVE('',#3730,#3705,#3754,.T.);
#3754 = LINE('',#3755,#3756);
#3755 = CARTESIAN_POINT('',(60.2,42.4,-11.27));
#3756 = VECTOR('',#3757,1.);
#3757 = DIRECTION('',(0.,1.,0.));
#3758 = ORIENTED_EDGE('',*,*,#3704,.F.);
#3759 = ORIENTED_EDGE('',*,*,#3460,.F.);
#3760 = PLANE('',#3761);
#3761 = AXIS2_PLACEMENT_3D('',#3762,#3763,#3764);
#3762 = CARTESIAN_POINT('',(60.2,42.4,-9.27));
#3763 = DIRECTION('',(1.,0.,0.));
#3764 = DIRECTION('',(0.,1.,0.));
#3765 = ADVANCED_FACE('',(#3766),#3772,.T.);
#3766 = FACE_BOUND('',#3767,.T.);
#3767 = EDGE_LOOP('',(#3768,#3769,#3770,#3771));
#3768 = ORIENTED_EDGE('',*,*,#3681,.T.);
#3769 = ORIENTED_EDGE('',*,*,#3729,.T.);
#3770 = ORIENTED_EDGE('',*,*,#3753,.T.);
#3771 = ORIENTED_EDGE('',*,*,#3712,.T.);
#3772 = PLANE('',#3773);
#3773 = AXIS2_PLACEMENT_3D('',#3774,#3775,#3776);
#3774 = CARTESIAN_POINT('',(53.51,44.25,-11.27));
#3775 = DIRECTION('',(0.,0.,1.));
#3776 = DIRECTION('',(1.,0.,0.));
#3777 = ADVANCED_FACE('',(#3778),#3788,.T.);
#3778 = FACE_BOUND('',#3779,.T.);
#3779 = EDGE_LOOP('',(#3780,#3781,#3782,#3783,#3784,#3785,#3786,#3787));
#3780 = ORIENTED_EDGE('',*,*,#1369,.F.);
#3781 = ORIENTED_EDGE('',*,*,#1444,.T.);
#3782 = ORIENTED_EDGE('',*,*,#1714,.F.);
#3783 = ORIENTED_EDGE('',*,*,#2287,.F.);
#3784 = ORIENTED_EDGE('',*,*,#1166,.T.);
#3785 = ORIENTED_EDGE('',*,*,#551,.T.);
#3786 = ORIENTED_EDGE('',*,*,#216,.F.);
#3787 = ORIENTED_EDGE('',*,*,#612,.F.);
#3788 = PLANE('',#3789);
#3789 = AXIS2_PLACEMENT_3D('',#3790,#3791,#3792);
#3790 = CARTESIAN_POINT('',(61.2,66.545462241788,-3.645653572638));
#3791 = DIRECTION('',(-1.,-0.,-0.));
#3792 = DIRECTION('',(0.,0.,-1.));
#3793 = ADVANCED_FACE('',(#3794),#3802,.T.);
#3794 = FACE_BOUND('',#3795,.T.);
#3795 = EDGE_LOOP('',(#3796,#3797,#3798,#3799,#3800,#3801));
#3796 = ORIENTED_EDGE('',*,*,#1183,.T.);
#3797 = ORIENTED_EDGE('',*,*,#2280,.F.);
#3798 = ORIENTED_EDGE('',*,*,#3429,.F.);
#3799 = ORIENTED_EDGE('',*,*,#2847,.T.);
#3800 = ORIENTED_EDGE('',*,*,#1681,.F.);
#3801 = ORIENTED_EDGE('',*,*,#2220,.F.);
#3802 = PLANE('',#3803);
#3803 = AXIS2_PLACEMENT_3D('',#3804,#3805,#3806);
#3804 = CARTESIAN_POINT('',(61.2,41.296603098927,-4.288396901073));
#3805 = DIRECTION('',(-1.,-0.,-0.));
#3806 = DIRECTION('',(0.,0.,-1.));
#3807 = ADVANCED_FACE('',(#3808),#3818,.T.);
#3808 = FACE_BOUND('',#3809,.T.);
#3809 = EDGE_LOOP('',(#3810,#3811,#3812,#3813,#3814,#3815,#3816,#3817));
#3810 = ORIENTED_EDGE('',*,*,#1808,.F.);
#3811 = ORIENTED_EDGE('',*,*,#1010,.T.);
#3812 = ORIENTED_EDGE('',*,*,#134,.F.);
#3813 = ORIENTED_EDGE('',*,*,#1109,.T.);
#3814 = ORIENTED_EDGE('',*,*,#1231,.T.);
#3815 = ORIENTED_EDGE('',*,*,#2191,.T.);
#3816 = ORIENTED_EDGE('',*,*,#1921,.F.);
#3817 = ORIENTED_EDGE('',*,*,#1970,.F.);
#3818 = PLANE('',#3819);
#3819 = AXIS2_PLACEMENT_3D('',#3820,#3821,#3822);
#3820 = CARTESIAN_POINT('',(1.8,61.725871313673,-2.904122593224));
#3821 = DIRECTION('',(1.,0.,0.));
#3822 = DIRECTION('',(0.,0.,1.));
#3823 = ADVANCED_FACE('',(#3824),#3834,.T.);
#3824 = FACE_BOUND('',#3825,.T.);
#3825 = EDGE_LOOP('',(#3826,#3827,#3828,#3829,#3830,#3831,#3832,#3833));
#3826 = ORIENTED_EDGE('',*,*,#1744,.T.);
#3827 = ORIENTED_EDGE('',*,*,#935,.T.);
#3828 = ORIENTED_EDGE('',*,*,#1906,.F.);
#3829 = ORIENTED_EDGE('',*,*,#2974,.T.);
#3830 = ORIENTED_EDGE('',*,*,#3607,.T.);
#3831 = ORIENTED_EDGE('',*,*,#2790,.F.);
#3832 = ORIENTED_EDGE('',*,*,#1722,.F.);
#3833 = ORIENTED_EDGE('',*,*,#727,.T.);
#3834 = PLANE('',#3835);
#3835 = AXIS2_PLACEMENT_3D('',#3836,#3837,#3838);
#3836 = CARTESIAN_POINT('',(31.5,70.,-4.523316062176));
#3837 = DIRECTION('',(-0.,-1.,-0.));
#3838 = DIRECTION('',(0.,0.,-1.));
#3839 = ADVANCED_FACE('',(#3840),#3852,.T.);
#3840 = FACE_BOUND('',#3841,.T.);
#3841 = EDGE_LOOP('',(#3842,#3843,#3849,#3850,#3851));
#3842 = ORIENTED_EDGE('',*,*,#1215,.F.);
#3843 = ORIENTED_EDGE('',*,*,#3844,.T.);
#3844 = EDGE_CURVE('',#1208,#3624,#3845,.T.);
#3845 = LINE('',#3846,#3847);
#3846 = CARTESIAN_POINT('',(3.,2.,0.));
#3847 = VECTOR('',#3848,1.);
#3848 = DIRECTION('',(-0.,-0.,-1.));
#3849 = ORIENTED_EDGE('',*,*,#3631,.T.);
#3850 = ORIENTED_EDGE('',*,*,#3037,.F.);
#3851 = ORIENTED_EDGE('',*,*,#2198,.F.);
#3852 = PLANE('',#3853);
#3853 = AXIS2_PLACEMENT_3D('',#3854,#3855,#3856);
#3854 = CARTESIAN_POINT('',(3.,23.3,-5.));
#3855 = DIRECTION('',(1.,0.,0.));
#3856 = DIRECTION('',(0.,0.,1.));
#3857 = ADVANCED_FACE('',(#3858),#3869,.T.);
#3858 = FACE_BOUND('',#3859,.T.);
#3859 = EDGE_LOOP('',(#3860,#3861,#3867,#3868));
#3860 = ORIENTED_EDGE('',*,*,#1207,.F.);
#3861 = ORIENTED_EDGE('',*,*,#3862,.T.);
#3862 = EDGE_CURVE('',#1200,#3616,#3863,.T.);
#3863 = LINE('',#3864,#3865);
#3864 = CARTESIAN_POINT('',(60.,2.,0.));
#3865 = VECTOR('',#3866,1.);
#3866 = DIRECTION('',(-0.,-0.,-1.));
#3867 = ORIENTED_EDGE('',*,*,#3623,.T.);
#3868 = ORIENTED_EDGE('',*,*,#3844,.F.);
#3869 = PLANE('',#3870);
#3870 = AXIS2_PLACEMENT_3D('',#3871,#3872,#3873);
#3871 = CARTESIAN_POINT('',(31.5,2.,-5.));
#3872 = DIRECTION('',(0.,1.,0.));
#3873 = DIRECTION('',(0.,0.,1.));
#3874 = ADVANCED_FACE('',(#3875),#3882,.T.);
#3875 = FACE_BOUND('',#3876,.T.);
#3876 = EDGE_LOOP('',(#3877,#3878,#3879,#3880,#3881));
#3877 = ORIENTED_EDGE('',*,*,#1199,.F.);
#3878 = ORIENTED_EDGE('',*,*,#2213,.T.);
#3879 = ORIENTED_EDGE('',*,*,#2775,.T.);
#3880 = ORIENTED_EDGE('',*,*,#3615,.T.);
#3881 = ORIENTED_EDGE('',*,*,#3862,.F.);
#3882 = PLANE('',#3883);
#3883 = AXIS2_PLACEMENT_3D('',#3884,#3885,#3886);
#3884 = CARTESIAN_POINT('',(60.,17.5,-5.));
#3885 = DIRECTION('',(-1.,-0.,-0.));
#3886 = DIRECTION('',(0.,0.,-1.));
#3887 = ( GEOMETRIC_REPRESENTATION_CONTEXT(3) 
GLOBAL_UNCERTAINTY_ASSIGNED_CONTEXT((#3891)) 
GLOBAL_UNIT_ASSIGNED_CONTEXT((#3888,#3889,#3890)) REPRESENTATION_CONTEXT
('Context #1','3D Context with UNIT and UNCERTAINTY') );
#3888 = ( LENGTH_UNIT() NAMED_UNIT(*) SI_UNIT(.MILLI.,.METRE.) );
#3889 = ( NAMED_UNIT(*) PLANE_ANGLE_UNIT() SI_UNIT($,.RADIAN.) );
#3890 = ( NAMED_UNIT(*) SI_UNIT($,.STERADIAN.) SOLID_ANGLE_UNIT() );
#3891 = UNCERTAINTY_MEASURE_WITH_UNIT(LENGTH_MEASURE(5.E-05),#3888,
  'distance_accuracy_value','confusion accuracy');
#3892 = PRODUCT_RELATED_PRODUCT_CATEGORY('part',$,(#7));
#3893 = MECHANICAL_DESIGN_GEOMETRIC_PRESENTATION_REPRESENTATION('',(
    #3894),#3887);
#3894 = STYLED_ITEM('color',(#3895),#15);
#3895 = PRESENTATION_STYLE_ASSIGNMENT((#3896,#3902));
#3896 = SURFACE_STYLE_USAGE(.BOTH.,#3897);
#3897 = SURFACE_SIDE_STYLE('',(#3898));
#3898 = SURFACE_STYLE_FILL_AREA(#3899);
#3899 = FILL_AREA_STYLE('',(#3900));
#3900 = FILL_AREA_STYLE_COLOUR('',#3901);
#3901 = COLOUR_RGB('',0.384313730969,0.447058818107,0.643137266454);
#3902 = CURVE_STYLE('',#3903,POSITIVE_LENGTH_MEASURE(0.1),#3904);
#3903 = DRAUGHTING_PRE_DEFINED_CURVE_FONT('continuous');
#3904 = COLOUR_RGB('',9.803921802644E-02,9.803921802644E-02,
  9.803921802644E-02);
ENDSEC;
END-ISO-10303-21;
